id,codigoBolsa,tipo,abo,rh,dataColeta,dataValidade,status,instituicaoId,requisicaoId
1,BL-000001,PLASMA,O,POSITIVO,2025-09-26,2026-09-26,DISPONIVEL,1,
2,BL-000002,PLASMA,A,POSITIVO,2025-09-26,2026-09-26,DISPONIVEL,1,
3,BL-000003,CRIOPRECIPITADO,A,POSITIVO,2025-09-27,2026-09-27,DISPONIVEL,1,
4,BL-000004,PLASMA,AB,POSITIVO,2025-09-28,2026-09-28,DISPONIVEL,1,
5,BL-000005,PLASMA,O,POSITIVO,2025-09-29,2026-09-29,DISPONIVEL,1,
6,BL-000006,PLASMA,A,POSITIVO,2025-09-29,2026-09-29,DISPONIVEL,1,
7,BL-000007,PLASMA,A,NEGATIVO,2025-09-29,2026-09-29,DISPONIVEL,1,
8,BL-000008,PLASMA,A,POSITIVO,2025-09-29,2026-09-29,DISPONIVEL,1,
9,BL-000009,HEMACIAS,A,POSITIVO,2026-06-02,2026-07-07,TRANSFUNDIDO,3,3
10,BL-000010,HEMACIAS,O,POSITIVO,2026-06-03,2026-07-08,TRANSFUNDIDO,4,8
11,BL-000011,PLASMA,O,NEGATIVO,2026-06-03,2027-06-03,DISPONIVEL,1,
12,BL-000012,PLASMA,A,POSITIVO,2026-06-03,2027-06-03,DISPONIVEL,1,
13,BL-000013,CRIOPRECIPITADO,O,POSITIVO,2026-06-03,2027-06-03,TRANSFUNDIDO,9,21
14,BL-000014,CRIOPRECIPITADO,A,POSITIVO,2026-06-03,2027-06-03,DISPONIVEL,2,
15,BL-000015,HEMACIAS,O,POSITIVO,2026-06-04,2026-07-09,TRANSFUNDIDO,8,15
16,BL-000016,HEMACIAS,A,POSITIVO,2026-06-04,2026-07-09,TRANSFUNDIDO,6,31
17,BL-000017,PLASMA,O,POSITIVO,2026-06-04,2027-06-04,TRANSFUNDIDO,3,29
18,BL-000018,HEMACIAS,A,POSITIVO,2026-06-05,2026-07-10,TRANSFUNDIDO,9,13
19,BL-000019,HEMACIAS,O,POSITIVO,2026-06-05,2026-07-10,TRANSFUNDIDO,8,15
20,BL-000020,CRIOPRECIPITADO,O,POSITIVO,2026-06-05,2027-06-05,TRANSFUNDIDO,9,21
21,BL-000021,CRIOPRECIPITADO,A,NEGATIVO,2026-06-05,2027-06-05,TRANSFUNDIDO,4,40
22,BL-000022,CRIOPRECIPITADO,O,POSITIVO,2026-06-05,2027-06-05,TRANSFUNDIDO,6,42
23,BL-000023,CRIOPRECIPITADO,A,POSITIVO,2026-06-05,2027-06-05,DISPONIVEL,1,
24,BL-000024,HEMACIAS,O,NEGATIVO,2026-06-06,2026-07-11,TRANSFUNDIDO,7,5
25,BL-000025,HEMACIAS,A,NEGATIVO,2026-06-06,2026-07-11,TRANSFUNDIDO,8,12
26,BL-000026,HEMACIAS,A,POSITIVO,2026-06-06,2026-07-11,TRANSFUNDIDO,3,28
27,BL-000027,HEMACIAS,O,POSITIVO,2026-06-06,2026-07-11,TRANSFUNDIDO,5,43
28,BL-000028,HEMACIAS,O,POSITIVO,2026-06-06,2026-07-11,TRANSFUNDIDO,5,57
29,BL-000029,CRIOPRECIPITADO,O,POSITIVO,2026-06-06,2027-06-06,TRANSFUNDIDO,9,54
30,BL-000030,CRIOPRECIPITADO,B,POSITIVO,2026-06-06,2027-06-06,TRANSFUNDIDO,6,60
31,BL-000031,CRIOPRECIPITADO,O,POSITIVO,2026-06-06,2027-06-06,TRANSFUNDIDO,6,72
32,BL-000032,HEMACIAS,A,POSITIVO,2026-06-07,2026-07-12,TRANSFUNDIDO,3,3
33,BL-000033,HEMACIAS,O,POSITIVO,2026-06-07,2026-07-12,TRANSFUNDIDO,4,8
34,BL-000034,HEMACIAS,A,POSITIVO,2026-06-07,2026-07-12,TRANSFUNDIDO,4,17
35,BL-000035,HEMACIAS,A,POSITIVO,2026-06-07,2026-07-12,TRANSFUNDIDO,6,31
36,BL-000036,HEMACIAS,O,NEGATIVO,2026-06-07,2026-07-12,TRANSFUNDIDO,7,32
37,BL-000037,HEMACIAS,A,POSITIVO,2026-06-07,2026-07-12,TRANSFUNDIDO,8,39
38,BL-000038,HEMACIAS,O,POSITIVO,2026-06-07,2026-07-12,TRANSFUNDIDO,4,46
39,BL-000039,HEMACIAS,B,POSITIVO,2026-06-07,2026-07-12,TRANSFUNDIDO,3,49
40,BL-000040,HEMACIAS,B,POSITIVO,2026-06-07,2026-07-12,TRANSFUNDIDO,4,68
41,BL-000041,PLASMA,O,POSITIVO,2026-06-07,2027-06-07,TRANSFUNDIDO,5,61
42,BL-000042,PLASMA,A,POSITIVO,2026-06-07,2027-06-07,DISPONIVEL,1,
43,BL-000043,CRIOPRECIPITADO,O,POSITIVO,2026-06-07,2027-06-07,TRANSFUNDIDO,9,54
44,BL-000044,CRIOPRECIPITADO,O,NEGATIVO,2026-06-07,2027-06-07,TRANSFUNDIDO,3,78
45,BL-000045,HEMACIAS,O,POSITIVO,2026-06-08,2026-07-13,TRANSFUNDIDO,4,36
46,BL-000046,HEMACIAS,A,POSITIVO,2026-06-08,2026-07-13,TRANSFUNDIDO,7,74
47,BL-000047,HEMACIAS,O,NEGATIVO,2026-06-08,2026-07-13,TRANSFUNDIDO,3,80
48,BL-000048,HEMACIAS,B,POSITIVO,2026-06-08,2026-07-13,TRANSFUNDIDO,4,94
49,BL-000049,PLASMA,O,POSITIVO,2026-06-08,2027-06-08,TRANSFUNDIDO,3,30
50,BL-000050,PLASMA,A,POSITIVO,2026-06-08,2027-06-08,TRANSFUNDIDO,3,33
51,BL-000051,CRIOPRECIPITADO,B,POSITIVO,2026-06-08,2027-06-08,TRANSFUNDIDO,3,45
52,BL-000052,CRIOPRECIPITADO,A,POSITIVO,2026-06-08,2027-06-08,TRANSFUNDIDO,4,51
53,BL-000053,CRIOPRECIPITADO,B,POSITIVO,2026-06-08,2027-06-08,TRANSFUNDIDO,6,60
54,BL-000054,CRIOPRECIPITADO,O,POSITIVO,2026-06-08,2027-06-08,TRANSFUNDIDO,7,63
55,BL-000055,CRIOPRECIPITADO,O,POSITIVO,2026-06-08,2027-06-08,TRANSFUNDIDO,5,67
56,BL-000056,HEMACIAS,A,POSITIVO,2026-06-09,2026-07-14,TRANSFUNDIDO,4,38
57,BL-000057,HEMACIAS,O,POSITIVO,2026-06-09,2026-07-14,TRANSFUNDIDO,5,88
58,BL-000058,HEMACIAS,A,NEGATIVO,2026-06-09,2026-07-14,TRANSFUNDIDO,4,114
59,BL-000059,PLASMA,A,POSITIVO,2026-06-09,2027-06-09,TRANSFUNDIDO,3,47
60,BL-000060,PLASMA,O,POSITIVO,2026-06-09,2027-06-09,TRANSFUNDIDO,5,61
61,BL-000061,CRIOPRECIPITADO,O,POSITIVO,2026-06-09,2027-06-09,TRANSFUNDIDO,9,21
62,BL-000062,CRIOPRECIPITADO,B,POSITIVO,2026-06-09,2027-06-09,DISPONIVEL,1,
63,BL-000063,CRIOPRECIPITADO,B,POSITIVO,2026-06-09,2027-06-09,DISPONIVEL,1,
64,BL-000064,HEMACIAS,O,POSITIVO,2026-06-10,2026-07-15,TRANSFUNDIDO,6,6
65,BL-000065,HEMACIAS,AB,POSITIVO,2026-06-10,2026-07-15,TRANSFUNDIDO,10,19
66,BL-000066,HEMACIAS,A,POSITIVO,2026-06-10,2026-07-15,TRANSFUNDIDO,3,28
67,BL-000067,HEMACIAS,O,POSITIVO,2026-06-10,2026-07-15,TRANSFUNDIDO,5,91
68,BL-000068,HEMACIAS,O,POSITIVO,2026-06-10,2026-07-15,TRANSFUNDIDO,5,91
69,BL-000069,HEMACIAS,A,NEGATIVO,2026-06-10,2026-07-15,TRANSFUNDIDO,4,124
70,BL-000070,PLASMA,A,POSITIVO,2026-06-10,2027-06-10,TRANSFUNDIDO,3,33
71,BL-000071,PLASMA,O,POSITIVO,2026-06-10,2027-06-10,DISPONIVEL,2,
72,BL-000072,CRIOPRECIPITADO,O,POSITIVO,2026-06-10,2027-06-10,TRANSFUNDIDO,9,21
73,BL-000073,CRIOPRECIPITADO,A,POSITIVO,2026-06-10,2027-06-10,DISPONIVEL,1,
74,BL-000074,HEMACIAS,O,NEGATIVO,2026-06-11,2026-07-16,TRANSFUNDIDO,3,3
75,BL-000075,HEMACIAS,A,POSITIVO,2026-06-11,2026-07-16,TRANSFUNDIDO,3,28
76,BL-000076,HEMACIAS,A,POSITIVO,2026-06-11,2026-07-16,TRANSFUNDIDO,6,31
77,BL-000077,HEMACIAS,A,POSITIVO,2026-06-11,2026-07-16,TRANSFUNDIDO,10,59
78,BL-000078,HEMACIAS,A,NEGATIVO,2026-06-11,2026-07-16,TRANSFUNDIDO,6,65
79,BL-000079,HEMACIAS,O,NEGATIVO,2026-06-11,2026-07-16,TRANSFUNDIDO,5,88
80,BL-000080,HEMACIAS,A,POSITIVO,2026-06-11,2026-07-16,TRANSFUNDIDO,7,90
81,BL-000081,HEMACIAS,O,POSITIVO,2026-06-11,2026-07-16,TRANSFUNDIDO,5,91
82,BL-000082,HEMACIAS,A,NEGATIVO,2026-06-11,2026-07-16,TRANSFUNDIDO,7,100
83,BL-000083,HEMACIAS,O,NEGATIVO,2026-06-11,2026-07-16,TRANSFUNDIDO,7,106
84,BL-000084,HEMACIAS,A,NEGATIVO,2026-06-11,2026-07-16,TRANSFUNDIDO,6,109
85,BL-000085,HEMACIAS,A,NEGATIVO,2026-06-11,2026-07-16,TRANSFUNDIDO,6,109
86,BL-000086,PLASMA,A,POSITIVO,2026-06-11,2027-06-11,TRANSFUNDIDO,3,47
87,BL-000087,CRIOPRECIPITADO,O,NEGATIVO,2026-06-11,2027-06-11,TRANSFUNDIDO,3,78
88,BL-000088,HEMACIAS,A,POSITIVO,2026-06-12,2026-07-17,TRANSFUNDIDO,9,13
89,BL-000089,HEMACIAS,O,POSITIVO,2026-06-12,2026-07-17,TRANSFUNDIDO,8,15
90,BL-000090,HEMACIAS,O,POSITIVO,2026-06-12,2026-07-17,TRANSFUNDIDO,4,46
91,BL-000091,HEMACIAS,A,POSITIVO,2026-06-12,2026-07-17,TRANSFUNDIDO,7,74
92,BL-000092,HEMACIAS,B,POSITIVO,2026-06-12,2026-07-17,TRANSFUNDIDO,4,125
93,BL-000093,HEMACIAS,B,NEGATIVO,2026-06-12,2026-07-17,TRANSFUNDIDO,8,126
94,BL-000094,HEMACIAS,O,POSITIVO,2026-06-12,2026-07-17,TRANSFUNDIDO,7,132
95,BL-000095,HEMACIAS,A,NEGATIVO,2026-06-12,2026-07-17,TRANSFUNDIDO,6,141
96,BL-000096,CRIOPRECIPITADO,B,POSITIVO,2026-06-12,2027-06-12,TRANSFUNDIDO,3,45
97,BL-000097,CRIOPRECIPITADO,O,POSITIVO,2026-06-12,2027-06-12,TRANSFUNDIDO,6,72
98,BL-000098,CRIOPRECIPITADO,O,NEGATIVO,2026-06-12,2027-06-12,TRANSFUNDIDO,3,78
99,BL-000099,HEMACIAS,A,NEGATIVO,2026-06-13,2026-07-18,TRANSFUNDIDO,4,10
100,BL-000100,HEMACIAS,A,POSITIVO,2026-06-13,2026-07-18,TRANSFUNDIDO,4,17
101,BL-000101,HEMACIAS,A,POSITIVO,2026-06-13,2026-07-18,TRANSFUNDIDO,8,39
102,BL-000102,HEMACIAS,A,POSITIVO,2026-06-13,2026-07-18,TRANSFUNDIDO,10,75
103,BL-000103,HEMACIAS,A,NEGATIVO,2026-06-13,2026-07-18,TRANSFUNDIDO,3,107
104,BL-000104,HEMACIAS,A,POSITIVO,2026-06-13,2026-07-18,TRANSFUNDIDO,9,113
105,BL-000105,HEMACIAS,O,POSITIVO,2026-06-13,2026-07-18,TRANSFUNDIDO,5,122
106,BL-000106,HEMACIAS,AB,POSITIVO,2026-06-13,2026-07-18,TRANSFUNDIDO,4,131
107,BL-000107,HEMACIAS,AB,POSITIVO,2026-06-13,2026-07-18,TRANSFUNDIDO,4,131
108,BL-000108,PLASMA,A,POSITIVO,2026-06-13,2027-06-13,TRANSFUNDIDO,7,53
109,BL-000109,PLASMA,O,NEGATIVO,2026-06-13,2027-06-13,DISPONIVEL,1,
110,BL-000110,CRIOPRECIPITADO,O,POSITIVO,2026-06-13,2027-06-13,TRANSFUNDIDO,9,21
111,BL-000111,CRIOPRECIPITADO,A,NEGATIVO,2026-06-13,2027-06-13,TRANSFUNDIDO,4,40
112,BL-000112,CRIOPRECIPITADO,O,POSITIVO,2026-06-13,2027-06-13,TRANSFUNDIDO,10,66
113,BL-000113,CRIOPRECIPITADO,O,POSITIVO,2026-06-13,2027-06-13,TRANSFUNDIDO,10,66
114,BL-000114,CRIOPRECIPITADO,O,NEGATIVO,2026-06-13,2027-06-13,TRANSFUNDIDO,6,69
115,BL-000115,CRIOPRECIPITADO,A,NEGATIVO,2026-06-13,2027-06-13,TRANSFUNDIDO,5,85
116,BL-000116,CRIOPRECIPITADO,A,POSITIVO,2026-06-13,2027-06-13,TRANSFUNDIDO,3,151
117,BL-000117,CRIOPRECIPITADO,B,POSITIVO,2026-06-13,2027-06-13,DISPONIVEL,2,
118,BL-000118,HEMACIAS,A,NEGATIVO,2026-06-14,2026-07-19,TRANSFUNDIDO,9,16
119,BL-000119,HEMACIAS,A,POSITIVO,2026-06-14,2026-07-19,TRANSFUNDIDO,9,41
120,BL-000120,HEMACIAS,O,POSITIVO,2026-06-14,2026-07-19,TRANSFUNDIDO,5,91
121,BL-000121,HEMACIAS,B,NEGATIVO,2026-06-14,2026-07-19,TRANSFUNDIDO,8,126
122,BL-000122,PLASMA,O,POSITIVO,2026-06-14,2027-06-14,TRANSFUNDIDO,9,169
123,BL-000123,PLASMA,A,POSITIVO,2026-06-14,2027-06-14,DISPONIVEL,2,
124,BL-000124,CRIOPRECIPITADO,A,POSITIVO,2026-06-14,2027-06-14,TRANSFUNDIDO,7,23
125,BL-000125,CRIOPRECIPITADO,O,POSITIVO,2026-06-14,2027-06-14,TRANSFUNDIDO,6,42
126,BL-000126,CRIOPRECIPITADO,O,POSITIVO,2026-06-14,2027-06-14,TRANSFUNDIDO,3,45
127,BL-000127,CRIOPRECIPITADO,O,NEGATIVO,2026-06-14,2027-06-14,TRANSFUNDIDO,6,69
128,BL-000128,CRIOPRECIPITADO,O,POSITIVO,2026-06-14,2027-06-14,TRANSFUNDIDO,6,72
129,BL-000129,CRIOPRECIPITADO,O,NEGATIVO,2026-06-14,2027-06-14,TRANSFUNDIDO,3,78
130,BL-000130,CRIOPRECIPITADO,O,POSITIVO,2026-06-14,2027-06-14,DISPONIVEL,1,
131,BL-000131,HEMACIAS,A,NEGATIVO,2026-06-15,2026-07-20,TRANSFUNDIDO,8,12
132,BL-000132,HEMACIAS,O,POSITIVO,2026-06-15,2026-07-20,TRANSFUNDIDO,5,91
133,BL-000133,HEMACIAS,O,NEGATIVO,2026-06-15,2026-07-20,TRANSFUNDIDO,6,160
134,BL-000134,HEMACIAS,B,POSITIVO,2026-06-15,2026-07-20,TRANSFUNDIDO,5,172
135,BL-000135,HEMACIAS,A,NEGATIVO,2026-06-15,2026-07-20,TRANSFUNDIDO,9,183
136,BL-000136,HEMACIAS,B,POSITIVO,2026-06-15,2026-07-20,TRANSFUNDIDO,4,186
137,BL-000137,CRIOPRECIPITADO,B,POSITIVO,2026-06-15,2027-06-15,TRANSFUNDIDO,3,45
138,BL-000138,CRIOPRECIPITADO,B,POSITIVO,2026-06-15,2027-06-15,TRANSFUNDIDO,3,45
139,BL-000139,CRIOPRECIPITADO,O,NEGATIVO,2026-06-15,2027-06-15,TRANSFUNDIDO,6,69
140,BL-000140,HEMACIAS,A,POSITIVO,2026-06-16,2026-07-21,TRANSFUNDIDO,9,41
141,BL-000141,HEMACIAS,O,POSITIVO,2026-06-16,2026-07-21,TRANSFUNDIDO,5,121
142,BL-000142,HEMACIAS,A,POSITIVO,2026-06-16,2026-07-21,TRANSFUNDIDO,9,150
143,BL-000143,PLASMA,A,POSITIVO,2026-06-16,2027-06-16,TRANSFUNDIDO,3,33
144,BL-000144,PLASMA,O,POSITIVO,2026-06-16,2027-06-16,TRANSFUNDIDO,3,110
145,BL-000145,PLASMA,A,NEGATIVO,2026-06-16,2027-06-16,TRANSFUNDIDO,10,208
146,BL-000146,CRIOPRECIPITADO,B,POSITIVO,2026-06-16,2027-06-16,TRANSFUNDIDO,3,45
147,BL-000147,CRIOPRECIPITADO,A,POSITIVO,2026-06-16,2027-06-16,TRANSFUNDIDO,3,194
148,BL-000148,HEMACIAS,A,NEGATIVO,2026-06-17,2026-07-22,TRANSFUNDIDO,8,39
149,BL-000149,HEMACIAS,O,POSITIVO,2026-06-17,2026-07-22,TRANSFUNDIDO,8,44
150,BL-000150,HEMACIAS,O,NEGATIVO,2026-06-17,2026-07-22,TRANSFUNDIDO,10,64
151,BL-000151,HEMACIAS,B,POSITIVO,2026-06-17,2026-07-22,TRANSFUNDIDO,4,68
152,BL-000152,HEMACIAS,O,POSITIVO,2026-06-17,2026-07-22,TRANSFUNDIDO,10,97
153,BL-000153,HEMACIAS,A,NEGATIVO,2026-06-17,2026-07-22,TRANSFUNDIDO,7,100
154,BL-000154,HEMACIAS,B,POSITIVO,2026-06-17,2026-07-22,TRANSFUNDIDO,9,112
155,BL-000155,HEMACIAS,O,POSITIVO,2026-06-17,2026-07-22,TRANSFUNDIDO,9,113
156,BL-000156,HEMACIAS,O,POSITIVO,2026-06-17,2026-07-22,TRANSFUNDIDO,5,122
157,BL-000157,HEMACIAS,O,POSITIVO,2026-06-17,2026-07-22,TRANSFUNDIDO,6,129
158,BL-000158,HEMACIAS,O,POSITIVO,2026-06-17,2026-07-22,TRANSFUNDIDO,7,132
159,BL-000159,HEMACIAS,A,POSITIVO,2026-06-17,2026-07-22,TRANSFUNDIDO,4,201
160,BL-000160,HEMACIAS,O,POSITIVO,2026-06-17,2026-07-22,TRANSFUNDIDO,4,226
161,BL-000161,PLASMA,O,POSITIVO,2026-06-17,2027-06-17,TRANSFUNDIDO,9,209
162,BL-000162,CRIOPRECIPITADO,O,POSITIVO,2026-06-17,2027-06-17,TRANSFUNDIDO,9,54
163,BL-000163,CRIOPRECIPITADO,O,POSITIVO,2026-06-17,2027-06-17,TRANSFUNDIDO,7,63
164,BL-000164,CRIOPRECIPITADO,A,POSITIVO,2026-06-17,2027-06-17,TRANSFUNDIDO,7,103
165,BL-000165,CRIOPRECIPITADO,A,POSITIVO,2026-06-17,2027-06-17,TRANSFUNDIDO,3,151
166,BL-000166,CRIOPRECIPITADO,A,POSITIVO,2026-06-17,2027-06-17,TRANSFUNDIDO,6,232
167,BL-000167,CRIOPRECIPITADO,A,POSITIVO,2026-06-17,2027-06-17,DISPONIVEL,2,
168,BL-000168,HEMACIAS,A,POSITIVO,2026-06-18,2026-07-23,TRANSFUNDIDO,4,38
169,BL-000169,HEMACIAS,A,POSITIVO,2026-06-18,2026-07-23,TRANSFUNDIDO,10,75
170,BL-000170,HEMACIAS,O,POSITIVO,2026-06-18,2026-07-23,TRANSFUNDIDO,4,84
171,BL-000171,HEMACIAS,B,POSITIVO,2026-06-18,2026-07-23,TRANSFUNDIDO,4,94
172,BL-000172,HEMACIAS,A,POSITIVO,2026-06-18,2026-07-23,TRANSFUNDIDO,9,159
173,BL-000173,HEMACIAS,AB,POSITIVO,2026-06-18,2026-07-23,TRANSFUNDIDO,4,173
174,BL-000174,HEMACIAS,B,NEGATIVO,2026-06-18,2026-07-23,TRANSFUNDIDO,6,195
175,BL-000175,PLASMA,O,POSITIVO,2026-06-18,2027-06-18,TRANSFUNDIDO,4,167
176,BL-000176,PLASMA,O,POSITIVO,2026-06-18,2027-06-18,TRANSFUNDIDO,9,169
177,BL-000177,CRIOPRECIPITADO,A,NEGATIVO,2026-06-18,2027-06-18,TRANSFUNDIDO,4,40
178,BL-000178,CRIOPRECIPITADO,O,NEGATIVO,2026-06-18,2027-06-18,TRANSFUNDIDO,3,78
179,BL-000179,CRIOPRECIPITADO,O,NEGATIVO,2026-06-18,2027-06-18,TRANSFUNDIDO,5,85
180,BL-000180,CRIOPRECIPITADO,A,POSITIVO,2026-06-18,2027-06-18,TRANSFUNDIDO,7,103
181,BL-000181,CRIOPRECIPITADO,A,POSITIVO,2026-06-18,2027-06-18,TRANSFUNDIDO,3,194
182,BL-000182,CRIOPRECIPITADO,O,POSITIVO,2026-06-18,2027-06-18,TRANSFUNDIDO,3,220
183,BL-000183,HEMACIAS,O,POSITIVO,2026-06-19,2026-07-24,TRANSFUNDIDO,4,7
184,BL-000184,HEMACIAS,A,POSITIVO,2026-06-19,2026-07-24,TRANSFUNDIDO,3,28
185,BL-000185,HEMACIAS,O,POSITIVO,2026-06-19,2026-07-24,TRANSFUNDIDO,5,57
186,BL-000186,HEMACIAS,O,POSITIVO,2026-06-19,2026-07-24,TRANSFUNDIDO,5,91
187,BL-000187,HEMACIAS,O,POSITIVO,2026-06-19,2026-07-24,TRANSFUNDIDO,3,157
188,BL-000188,HEMACIAS,B,POSITIVO,2026-06-19,2026-07-24,TRANSFUNDIDO,4,163
189,BL-000189,HEMACIAS,B,NEGATIVO,2026-06-19,2026-07-24,TRANSFUNDIDO,6,195
190,BL-000190,HEMACIAS,O,POSITIVO,2026-06-19,2026-07-24,TRANSFUNDIDO,6,238
191,BL-000191,PLASMA,O,POSITIVO,2026-06-19,2027-06-19,TRANSFUNDIDO,3,29
192,BL-000192,PLASMA,O,POSITIVO,2026-06-19,2027-06-19,TRANSFUNDIDO,5,61
193,BL-000193,PLASMA,O,POSITIVO,2026-06-19,2027-06-19,TRANSFUNDIDO,4,167
194,BL-000194,PLASMA,B,POSITIVO,2026-06-19,2027-06-19,TRANSFUNDIDO,7,234
195,BL-000195,PLASMA,B,POSITIVO,2026-06-19,2027-06-19,DISPONIVEL,1,
196,BL-000196,CRIOPRECIPITADO,O,POSITIVO,2026-06-19,2027-06-19,TRANSFUNDIDO,6,69
197,BL-000197,CRIOPRECIPITADO,O,POSITIVO,2026-06-19,2027-06-19,TRANSFUNDIDO,5,171
198,BL-000198,CRIOPRECIPITADO,A,POSITIVO,2026-06-19,2027-06-19,TRANSFUNDIDO,6,175
199,BL-000199,CRIOPRECIPITADO,A,POSITIVO,2026-06-19,2027-06-19,TRANSFUNDIDO,6,175
200,BL-000200,CRIOPRECIPITADO,O,POSITIVO,2026-06-19,2027-06-19,TRANSFUNDIDO,3,220
201,BL-000201,CRIOPRECIPITADO,A,POSITIVO,2026-06-19,2027-06-19,TRANSFUNDIDO,6,232
202,BL-000202,CRIOPRECIPITADO,A,POSITIVO,2026-06-19,2027-06-19,DISPONIVEL,1,
203,BL-000203,HEMACIAS,O,POSITIVO,2026-06-20,2026-07-25,TRANSFUNDIDO,7,2
204,BL-000204,HEMACIAS,A,POSITIVO,2026-06-20,2026-07-25,TRANSFUNDIDO,4,17
205,BL-000205,HEMACIAS,A,POSITIVO,2026-06-20,2026-07-25,TRANSFUNDIDO,4,99
206,BL-000206,HEMACIAS,A,POSITIVO,2026-06-20,2026-07-25,TRANSFUNDIDO,4,127
207,BL-000207,HEMACIAS,A,POSITIVO,2026-06-20,2026-07-25,TRANSFUNDIDO,3,214
208,BL-000208,HEMACIAS,A,POSITIVO,2026-06-20,2026-07-25,TRANSFUNDIDO,9,247
209,BL-000209,PLASMA,O,POSITIVO,2026-06-20,2027-06-20,TRANSFUNDIDO,3,110
210,BL-000210,PLASMA,A,NEGATIVO,2026-06-20,2027-06-20,DISPONIVEL,1,
211,BL-000211,CRIOPRECIPITADO,A,NEGATIVO,2026-06-20,2027-06-20,TRANSFUNDIDO,5,85
212,BL-000212,CRIOPRECIPITADO,A,POSITIVO,2026-06-20,2027-06-20,TRANSFUNDIDO,6,175
213,BL-000213,CRIOPRECIPITADO,O,POSITIVO,2026-06-20,2027-06-20,TRANSFUNDIDO,3,197
214,BL-000214,CRIOPRECIPITADO,O,POSITIVO,2026-06-20,2027-06-20,TRANSFUNDIDO,3,197
215,BL-000215,CRIOPRECIPITADO,A,POSITIVO,2026-06-20,2027-06-20,TRANSFUNDIDO,6,232
216,BL-000216,CRIOPRECIPITADO,A,POSITIVO,2026-06-20,2027-06-20,DISPONIVEL,1,
217,BL-000217,HEMACIAS,O,POSITIVO,2026-06-21,2026-07-26,TRANSFUNDIDO,4,7
218,BL-000218,HEMACIAS,O,NEGATIVO,2026-06-21,2026-07-26,TRANSFUNDIDO,3,14
219,BL-000219,HEMACIAS,A,POSITIVO,2026-06-21,2026-07-26,TRANSFUNDIDO,4,17
220,BL-000220,HEMACIAS,A,NEGATIVO,2026-06-21,2026-07-26,TRANSFUNDIDO,6,65
221,BL-000221,HEMACIAS,AB,NEGATIVO,2026-06-21,2026-07-26,TRANSFUNDIDO,7,73
222,BL-000222,HEMACIAS,O,NEGATIVO,2026-06-21,2026-07-26,TRANSFUNDIDO,7,77
223,BL-000223,HEMACIAS,O,NEGATIVO,2026-06-21,2026-07-26,TRANSFUNDIDO,7,77
224,BL-000224,HEMACIAS,O,POSITIVO,2026-06-21,2026-07-26,TRANSFUNDIDO,6,83
225,BL-000225,HEMACIAS,A,NEGATIVO,2026-06-21,2026-07-26,TRANSFUNDIDO,3,107
226,BL-000226,HEMACIAS,A,POSITIVO,2026-06-21,2026-07-26,TRANSFUNDIDO,4,111
227,BL-000227,HEMACIAS,O,POSITIVO,2026-06-21,2026-07-26,TRANSFUNDIDO,4,134
228,BL-000228,HEMACIAS,O,POSITIVO,2026-06-21,2026-07-26,TRANSFUNDIDO,5,149
229,BL-000229,HEMACIAS,B,POSITIVO,2026-06-21,2026-07-26,TRANSFUNDIDO,4,163
230,BL-000230,HEMACIAS,A,NEGATIVO,2026-06-21,2026-07-26,TRANSFUNDIDO,9,183
231,BL-000231,HEMACIAS,O,POSITIVO,2026-06-21,2026-07-26,TRANSFUNDIDO,4,190
232,BL-000232,HEMACIAS,O,NEGATIVO,2026-06-21,2026-07-26,TRANSFUNDIDO,4,217
233,BL-000233,HEMACIAS,O,POSITIVO,2026-06-21,2026-07-26,TRANSFUNDIDO,4,221
234,BL-000234,HEMACIAS,A,NEGATIVO,2026-06-21,2026-07-26,TRANSFUNDIDO,8,224
235,BL-000235,HEMACIAS,O,POSITIVO,2026-06-21,2026-07-26,TRANSFUNDIDO,4,226
236,BL-000236,HEMACIAS,A,NEGATIVO,2026-06-21,2026-07-26,TRANSFUNDIDO,6,258
237,BL-000237,HEMACIAS,AB,POSITIVO,2026-06-21,2026-07-26,TRANSFUNDIDO,5,260
238,BL-000238,HEMACIAS,AB,POSITIVO,2026-06-21,2026-07-26,TRANSFUNDIDO,8,263
239,BL-000239,PLASMA,A,POSITIVO,2026-06-21,2027-06-21,TRANSFUNDIDO,10,95
240,BL-000240,PLASMA,AB,POSITIVO,2026-06-21,2027-06-21,TRANSFUNDIDO,5,96
241,BL-000241,PLASMA,A,POSITIVO,2026-06-21,2027-06-21,TRANSFUNDIDO,7,174
242,BL-000242,PLASMA,O,POSITIVO,2026-06-21,2027-06-21,TRANSFUNDIDO,5,188
243,BL-000243,PLASMA,A,POSITIVO,2026-06-21,2027-06-21,DISPONIVEL,1,
244,BL-000244,PLASMA,A,POSITIVO,2026-06-21,2027-06-21,DISPONIVEL,1,
245,BL-000245,CRIOPRECIPITADO,B,POSITIVO,2026-06-21,2027-06-21,TRANSFUNDIDO,6,60
246,BL-000246,CRIOPRECIPITADO,B,NEGATIVO,2026-06-21,2027-06-21,TRANSFUNDIDO,6,60
247,BL-000247,CRIOPRECIPITADO,A,POSITIVO,2026-06-21,2027-06-21,TRANSFUNDIDO,7,103
248,BL-000248,CRIOPRECIPITADO,A,POSITIVO,2026-06-21,2027-06-21,TRANSFUNDIDO,3,194
249,BL-000249,CRIOPRECIPITADO,O,POSITIVO,2026-06-21,2027-06-21,TRANSFUNDIDO,3,197
250,BL-000250,HEMACIAS,O,NEGATIVO,2026-06-22,2026-07-27,TRANSFUNDIDO,3,14
251,BL-000251,HEMACIAS,A,POSITIVO,2026-06-22,2026-07-27,TRANSFUNDIDO,8,18
252,BL-000252,HEMACIAS,O,NEGATIVO,2026-06-22,2026-07-27,TRANSFUNDIDO,4,38
253,BL-000253,HEMACIAS,O,POSITIVO,2026-06-22,2026-07-27,TRANSFUNDIDO,6,83
254,BL-000254,HEMACIAS,O,POSITIVO,2026-06-22,2026-07-27,TRANSFUNDIDO,7,93
255,BL-000255,HEMACIAS,O,POSITIVO,2026-06-22,2026-07-27,TRANSFUNDIDO,3,157
256,BL-000256,HEMACIAS,B,POSITIVO,2026-06-22,2026-07-27,TRANSFUNDIDO,5,200
257,BL-000257,HEMACIAS,B,POSITIVO,2026-06-22,2026-07-27,TRANSFUNDIDO,5,200
258,BL-000258,HEMACIAS,B,NEGATIVO,2026-06-22,2026-07-27,TRANSFUNDIDO,3,204
259,BL-000259,HEMACIAS,O,POSITIVO,2026-06-22,2026-07-27,TRANSFUNDIDO,3,210
260,BL-000260,HEMACIAS,AB,POSITIVO,2026-06-22,2026-07-27,TRANSFUNDIDO,4,239
261,BL-000261,HEMACIAS,AB,POSITIVO,2026-06-22,2026-07-27,TRANSFUNDIDO,5,260
262,BL-000262,HEMACIAS,O,POSITIVO,2026-06-22,2026-07-27,TRANSFUNDIDO,4,266
263,BL-000263,HEMACIAS,O,POSITIVO,2026-06-22,2026-07-27,TRANSFUNDIDO,4,266
264,BL-000264,HEMACIAS,O,POSITIVO,2026-06-22,2026-07-27,TRANSFUNDIDO,3,278
265,BL-000265,HEMACIAS,O,POSITIVO,2026-06-22,2026-07-27,TRANSFUNDIDO,3,285
266,BL-000266,HEMACIAS,O,NEGATIVO,2026-06-22,2026-07-27,TRANSFUNDIDO,6,297
267,BL-000267,PLASMA,A,POSITIVO,2026-06-22,2027-06-22,TRANSFUNDIDO,3,25
268,BL-000268,PLASMA,A,POSITIVO,2026-06-22,2027-06-22,TRANSFUNDIDO,7,174
269,BL-000269,PLASMA,O,NEGATIVO,2026-06-22,2027-06-22,DISPONIVEL,1,
270,BL-000270,CRIOPRECIPITADO,A,POSITIVO,2026-06-22,2027-06-22,TRANSFUNDIDO,4,51
271,BL-000271,HEMACIAS,O,POSITIVO,2026-06-23,2026-07-28,TRANSFUNDIDO,7,74
272,BL-000272,HEMACIAS,O,POSITIVO,2026-06-23,2026-07-28,TRANSFUNDIDO,10,119
273,BL-000273,HEMACIAS,A,POSITIVO,2026-06-23,2026-07-28,TRANSFUNDIDO,3,191
274,BL-000274,HEMACIAS,O,POSITIVO,2026-06-23,2026-07-28,TRANSFUNDIDO,3,196
275,BL-000275,HEMACIAS,B,POSITIVO,2026-06-23,2026-07-28,TRANSFUNDIDO,3,204
276,BL-000276,HEMACIAS,A,POSITIVO,2026-06-23,2026-07-28,TRANSFUNDIDO,7,212
277,BL-000277,HEMACIAS,B,NEGATIVO,2026-06-23,2026-07-28,TRANSFUNDIDO,4,213
278,BL-000278,HEMACIAS,O,POSITIVO,2026-06-23,2026-07-28,TRANSFUNDIDO,10,231
279,BL-000279,HEMACIAS,A,POSITIVO,2026-06-23,2026-07-28,TRANSFUNDIDO,4,235
280,BL-000280,HEMACIAS,O,POSITIVO,2026-06-23,2026-07-28,TRANSFUNDIDO,3,252
281,BL-000281,HEMACIAS,O,NEGATIVO,2026-06-23,2026-07-28,TRANSFUNDIDO,6,270
282,BL-000282,HEMACIAS,O,NEGATIVO,2026-06-23,2026-07-28,TRANSFUNDIDO,6,305
283,BL-000283,HEMACIAS,A,POSITIVO,2026-06-23,2026-07-28,TRANSFUNDIDO,3,310
284,BL-000284,PLASMA,A,POSITIVO,2026-06-23,2027-06-23,TRANSFUNDIDO,3,25
285,BL-000285,PLASMA,A,POSITIVO,2026-06-23,2027-06-23,TRANSFUNDIDO,7,53
286,BL-000286,PLASMA,O,POSITIVO,2026-06-23,2027-06-23,TRANSFUNDIDO,5,61
287,BL-000287,PLASMA,O,NEGATIVO,2026-06-23,2027-06-23,TRANSFUNDIDO,5,86
288,BL-000288,PLASMA,O,POSITIVO,2026-06-23,2027-06-23,TRANSFUNDIDO,9,169
289,BL-000289,PLASMA,A,NEGATIVO,2026-06-23,2027-06-23,TRANSFUNDIDO,10,208
290,BL-000290,PLASMA,A,POSITIVO,2026-06-23,2027-06-23,DISPONIVEL,1,
291,BL-000291,CRIOPRECIPITADO,A,POSITIVO,2026-06-23,2027-06-23,TRANSFUNDIDO,4,51
292,BL-000292,CRIOPRECIPITADO,O,POSITIVO,2026-06-23,2027-06-23,TRANSFUNDIDO,5,67
293,BL-000293,CRIOPRECIPITADO,A,POSITIVO,2026-06-23,2027-06-23,TRANSFUNDIDO,6,175
294,BL-000294,CRIOPRECIPITADO,O,POSITIVO,2026-06-23,2027-06-23,TRANSFUNDIDO,3,281
295,BL-000295,CRIOPRECIPITADO,B,POSITIVO,2026-06-23,2027-06-23,TRANSFUNDIDO,4,290
296,BL-000296,CRIOPRECIPITADO,A,POSITIVO,2026-06-23,2027-06-23,TRANSFUNDIDO,8,301
297,BL-000297,CRIOPRECIPITADO,A,POSITIVO,2026-06-23,2027-06-23,TRANSFUNDIDO,8,301
298,BL-000298,CRIOPRECIPITADO,O,POSITIVO,2026-06-23,2027-06-23,TRANSFUNDIDO,4,323
299,BL-000299,HEMACIAS,O,POSITIVO,2026-06-24,2026-07-29,TRANSFUNDIDO,9,22
300,BL-000300,HEMACIAS,O,NEGATIVO,2026-06-24,2026-07-29,TRANSFUNDIDO,4,52
301,BL-000301,HEMACIAS,A,POSITIVO,2026-06-24,2026-07-29,TRANSFUNDIDO,7,55
302,BL-000302,HEMACIAS,O,NEGATIVO,2026-06-24,2026-07-29,TRANSFUNDIDO,5,121
303,BL-000303,HEMACIAS,B,NEGATIVO,2026-06-24,2026-07-29,TRANSFUNDIDO,4,163
304,BL-000304,HEMACIAS,A,POSITIVO,2026-06-24,2026-07-29,TRANSFUNDIDO,7,212
305,BL-000305,HEMACIAS,B,NEGATIVO,2026-06-24,2026-07-29,TRANSFUNDIDO,4,213
306,BL-000306,HEMACIAS,O,NEGATIVO,2026-06-24,2026-07-29,TRANSFUNDIDO,3,218
307,BL-000307,HEMACIAS,B,NEGATIVO,2026-06-24,2026-07-29,TRANSFUNDIDO,9,222
308,BL-000308,HEMACIAS,A,NEGATIVO,2026-06-24,2026-07-29,TRANSFUNDIDO,3,254
309,BL-000309,HEMACIAS,O,NEGATIVO,2026-06-24,2026-07-29,TRANSFUNDIDO,6,258
310,BL-000310,HEMACIAS,O,POSITIVO,2026-06-24,2026-07-29,TRANSFUNDIDO,10,284
311,BL-000311,HEMACIAS,O,POSITIVO,2026-06-24,2026-07-29,TRANSFUNDIDO,3,325
312,BL-000312,HEMACIAS,A,NEGATIVO,2026-06-24,2026-07-29,TRANSFUNDIDO,6,328
313,BL-000313,HEMACIAS,O,POSITIVO,2026-06-24,2026-07-29,TRANSFUNDIDO,9,336
314,BL-000314,HEMACIAS,O,POSITIVO,2026-06-24,2026-07-29,TRANSFUNDIDO,9,341
315,BL-000315,HEMACIAS,A,POSITIVO,2026-06-24,2026-07-29,TRANSFUNDIDO,10,344
316,BL-000316,PLASMA,B,POSITIVO,2026-06-24,2027-06-24,DISPONIVEL,1,
317,BL-000317,CRIOPRECIPITADO,A,POSITIVO,2026-06-24,2027-06-24,TRANSFUNDIDO,7,23
318,BL-000318,CRIOPRECIPITADO,B,POSITIVO,2026-06-24,2027-06-24,TRANSFUNDIDO,3,45
319,BL-000319,CRIOPRECIPITADO,A,POSITIVO,2026-06-24,2027-06-24,TRANSFUNDIDO,8,301
320,BL-000320,CRIOPRECIPITADO,O,NEGATIVO,2026-06-24,2027-06-24,TRANSFUNDIDO,5,313
321,BL-000321,CRIOPRECIPITADO,O,NEGATIVO,2026-06-24,2027-06-24,TRANSFUNDIDO,3,348
322,BL-000322,CRIOPRECIPITADO,O,NEGATIVO,2026-06-24,2027-06-24,DISPONIVEL,1,
323,BL-000323,HEMACIAS,O,POSITIVO,2026-06-25,2026-07-30,TRANSFUNDIDO,6,6
324,BL-000324,HEMACIAS,A,POSITIVO,2026-06-25,2026-07-30,TRANSFUNDIDO,5,108
325,BL-000325,HEMACIAS,A,NEGATIVO,2026-06-25,2026-07-30,TRANSFUNDIDO,6,128
326,BL-000326,HEMACIAS,O,NEGATIVO,2026-06-25,2026-07-30,TRANSFUNDIDO,4,138
327,BL-000327,HEMACIAS,B,NEGATIVO,2026-06-25,2026-07-30,TRANSFUNDIDO,6,152
328,BL-000328,HEMACIAS,O,NEGATIVO,2026-06-25,2026-07-30,TRANSFUNDIDO,10,154
329,BL-000329,HEMACIAS,A,POSITIVO,2026-06-25,2026-07-30,TRANSFUNDIDO,7,177
330,BL-000330,HEMACIAS,A,NEGATIVO,2026-06-25,2026-07-30,TRANSFUNDIDO,3,254
331,BL-000331,HEMACIAS,A,NEGATIVO,2026-06-25,2026-07-30,TRANSFUNDIDO,3,254
332,BL-000332,HEMACIAS,O,POSITIVO,2026-06-25,2026-07-30,TRANSFUNDIDO,9,255
333,BL-000333,HEMACIAS,O,NEGATIVO,2026-06-25,2026-07-30,TRANSFUNDIDO,6,302
334,BL-000334,HEMACIAS,O,POSITIVO,2026-06-25,2026-07-30,TRANSFUNDIDO,6,305
335,BL-000335,HEMACIAS,A,POSITIVO,2026-06-25,2026-07-30,TRANSFUNDIDO,3,321
336,BL-000336,HEMACIAS,A,POSITIVO,2026-06-25,2026-07-30,TRANSFUNDIDO,9,341
337,BL-000337,PLASMA,A,POSITIVO,2026-06-25,2027-06-25,TRANSFUNDIDO,3,47
338,BL-000338,PLASMA,A,POSITIVO,2026-06-25,2027-06-25,TRANSFUNDIDO,10,95
339,BL-000339,PLASMA,AB,POSITIVO,2026-06-25,2027-06-25,TRANSFUNDIDO,5,319
340,BL-000340,CRIOPRECIPITADO,A,POSITIVO,2026-06-25,2027-06-25,TRANSFUNDIDO,7,103
341,BL-000341,CRIOPRECIPITADO,O,POSITIVO,2026-06-25,2027-06-25,TRANSFUNDIDO,5,171
342,BL-000342,CRIOPRECIPITADO,A,POSITIVO,2026-06-25,2027-06-25,TRANSFUNDIDO,6,232
343,BL-000343,CRIOPRECIPITADO,O,NEGATIVO,2026-06-25,2027-06-25,TRANSFUNDIDO,5,313
344,BL-000344,CRIOPRECIPITADO,O,POSITIVO,2026-06-25,2027-06-25,TRANSFUNDIDO,5,353
345,BL-000345,HEMACIAS,AB,NEGATIVO,2026-06-26,2026-07-31,TRANSFUNDIDO,6,34
346,BL-000346,HEMACIAS,A,NEGATIVO,2026-06-26,2026-07-31,TRANSFUNDIDO,6,34
347,BL-000347,HEMACIAS,A,NEGATIVO,2026-06-26,2026-07-31,TRANSFUNDIDO,3,70
348,BL-000348,HEMACIAS,O,POSITIVO,2026-06-26,2026-07-31,TRANSFUNDIDO,9,89
349,BL-000349,HEMACIAS,O,NEGATIVO,2026-06-26,2026-07-31,TRANSFUNDIDO,4,138
350,BL-000350,HEMACIAS,B,POSITIVO,2026-06-26,2026-07-31,TRANSFUNDIDO,4,163
351,BL-000351,HEMACIAS,O,POSITIVO,2026-06-26,2026-07-31,TRANSFUNDIDO,5,184
352,BL-000352,HEMACIAS,B,NEGATIVO,2026-06-26,2026-07-31,TRANSFUNDIDO,6,195
353,BL-000353,HEMACIAS,O,POSITIVO,2026-06-26,2026-07-31,TRANSFUNDIDO,7,198
354,BL-000354,HEMACIAS,O,POSITIVO,2026-06-26,2026-07-31,TRANSFUNDIDO,3,204
355,BL-000355,HEMACIAS,A,NEGATIVO,2026-06-26,2026-07-31,TRANSFUNDIDO,8,262
356,BL-000356,HEMACIAS,B,POSITIVO,2026-06-26,2026-07-31,TRANSFUNDIDO,8,332
357,BL-000357,HEMACIAS,A,POSITIVO,2026-06-26,2026-07-31,TRANSFUNDIDO,5,333
358,BL-000358,HEMACIAS,O,NEGATIVO,2026-06-26,2026-07-31,TRANSFUNDIDO,5,342
359,BL-000359,HEMACIAS,O,POSITIVO,2026-06-26,2026-07-31,TRANSFUNDIDO,10,343
360,BL-000360,PLASMA,O,NEGATIVO,2026-06-26,2027-06-26,TRANSFUNDIDO,5,86
361,BL-000361,PLASMA,O,POSITIVO,2026-06-26,2027-06-26,TRANSFUNDIDO,4,167
362,BL-000362,PLASMA,A,POSITIVO,2026-06-26,2027-06-26,TRANSFUNDIDO,4,259
363,BL-000363,PLASMA,A,POSITIVO,2026-06-26,2027-06-26,TRANSFUNDIDO,7,312
364,BL-000364,PLASMA,A,NEGATIVO,2026-06-26,2027-06-26,DISPONIVEL,1,
365,BL-000365,CRIOPRECIPITADO,O,POSITIVO,2026-06-26,2027-06-26,TRANSFUNDIDO,9,54
366,BL-000366,CRIOPRECIPITADO,O,POSITIVO,2026-06-26,2027-06-26,TRANSFUNDIDO,6,69
367,BL-000367,CRIOPRECIPITADO,A,POSITIVO,2026-06-26,2027-06-26,TRANSFUNDIDO,7,103
368,BL-000368,CRIOPRECIPITADO,A,POSITIVO,2026-06-26,2027-06-26,TRANSFUNDIDO,3,151
369,BL-000369,CRIOPRECIPITADO,O,POSITIVO,2026-06-26,2027-06-26,TRANSFUNDIDO,5,171
370,BL-000370,HEMACIAS,O,POSITIVO,2026-06-27,2026-08-01,TRANSFUNDIDO,8,145
371,BL-000371,HEMACIAS,O,POSITIVO,2026-06-27,2026-08-01,TRANSFUNDIDO,8,145
372,BL-000372,HEMACIAS,AB,POSITIVO,2026-06-27,2026-08-01,TRANSFUNDIDO,4,173
373,BL-000373,HEMACIAS,A,POSITIVO,2026-06-27,2026-08-01,TRANSFUNDIDO,3,214
374,BL-000374,HEMACIAS,O,POSITIVO,2026-06-27,2026-08-01,TRANSFUNDIDO,4,221
375,BL-000375,HEMACIAS,A,NEGATIVO,2026-06-27,2026-08-01,TRANSFUNDIDO,6,258
376,BL-000376,HEMACIAS,O,POSITIVO,2026-06-27,2026-08-01,TRANSFUNDIDO,10,343
377,BL-000377,PLASMA,O,POSITIVO,2026-06-27,2027-06-27,TRANSFUNDIDO,5,9
378,BL-000378,PLASMA,O,POSITIVO,2026-06-27,2027-06-27,TRANSFUNDIDO,5,61
379,BL-000379,CRIOPRECIPITADO,A,POSITIVO,2026-06-27,2027-06-27,TRANSFUNDIDO,7,23
380,BL-000380,CRIOPRECIPITADO,O,POSITIVO,2026-06-27,2027-06-27,TRANSFUNDIDO,6,42
381,BL-000381,CRIOPRECIPITADO,O,POSITIVO,2026-06-27,2027-06-27,TRANSFUNDIDO,7,63
382,BL-000382,CRIOPRECIPITADO,O,POSITIVO,2026-06-27,2027-06-27,TRANSFUNDIDO,7,63
383,BL-000383,CRIOPRECIPITADO,O,POSITIVO,2026-06-27,2027-06-27,TRANSFUNDIDO,10,66
384,BL-000384,CRIOPRECIPITADO,O,POSITIVO,2026-06-27,2027-06-27,TRANSFUNDIDO,5,67
385,BL-000385,CRIOPRECIPITADO,O,POSITIVO,2026-06-27,2027-06-27,TRANSFUNDIDO,5,67
386,BL-000386,CRIOPRECIPITADO,O,NEGATIVO,2026-06-27,2027-06-27,TRANSFUNDIDO,3,366
387,BL-000387,HEMACIAS,A,NEGATIVO,2026-06-28,2026-08-02,TRANSFUNDIDO,4,10
388,BL-000388,HEMACIAS,A,POSITIVO,2026-06-28,2026-08-02,TRANSFUNDIDO,7,55
389,BL-000389,HEMACIAS,O,POSITIVO,2026-06-28,2026-08-02,TRANSFUNDIDO,3,71
390,BL-000390,HEMACIAS,O,POSITIVO,2026-06-28,2026-08-02,TRANSFUNDIDO,9,136
391,BL-000391,HEMACIAS,AB,POSITIVO,2026-06-28,2026-08-02,TRANSFUNDIDO,4,173
392,BL-000392,HEMACIAS,A,NEGATIVO,2026-06-28,2026-08-02,TRANSFUNDIDO,3,254
393,BL-000393,HEMACIAS,O,POSITIVO,2026-06-28,2026-08-02,TRANSFUNDIDO,4,266
394,BL-000394,HEMACIAS,O,NEGATIVO,2026-06-28,2026-08-02,TRANSFUNDIDO,6,270
395,BL-000395,HEMACIAS,A,POSITIVO,2026-06-28,2026-08-02,TRANSFUNDIDO,6,292
396,BL-000396,HEMACIAS,A,NEGATIVO,2026-06-28,2026-08-02,TRANSFUNDIDO,4,304
397,BL-000397,HEMACIAS,A,POSITIVO,2026-06-28,2026-08-02,TRANSFUNDIDO,10,308
398,BL-000398,HEMACIAS,O,POSITIVO,2026-06-28,2026-08-02,TRANSFUNDIDO,3,374
399,BL-000399,HEMACIAS,A,POSITIVO,2026-06-28,2026-08-02,TRANSFUNDIDO,8,397
400,BL-000400,HEMACIAS,A,NEGATIVO,2026-06-28,2026-08-02,DESCARTADO,2,
401,BL-000401,HEMACIAS,B,POSITIVO,2026-06-28,2026-08-02,DESCARTADO,1,
402,BL-000402,PLASMA,A,POSITIVO,2026-06-28,2027-06-28,TRANSFUNDIDO,3,47
403,BL-000403,PLASMA,AB,POSITIVO,2026-06-28,2027-06-28,TRANSFUNDIDO,5,96
404,BL-000404,PLASMA,O,POSITIVO,2026-06-28,2027-06-28,TRANSFUNDIDO,3,101
405,BL-000405,PLASMA,O,POSITIVO,2026-06-28,2027-06-28,TRANSFUNDIDO,9,133
406,BL-000406,PLASMA,O,POSITIVO,2026-06-28,2027-06-28,TRANSFUNDIDO,10,180
407,BL-000407,PLASMA,B,POSITIVO,2026-06-28,2027-06-28,TRANSFUNDIDO,10,199
408,BL-000408,PLASMA,O,POSITIVO,2026-06-28,2027-06-28,TRANSFUNDIDO,4,347
409,BL-000409,CRIOPRECIPITADO,O,POSITIVO,2026-06-28,2027-06-28,TRANSFUNDIDO,9,21
410,BL-000410,CRIOPRECIPITADO,O,POSITIVO,2026-06-28,2027-06-28,TRANSFUNDIDO,10,66
411,BL-000411,CRIOPRECIPITADO,O,POSITIVO,2026-06-28,2027-06-28,TRANSFUNDIDO,5,67
412,BL-000412,CRIOPRECIPITADO,A,POSITIVO,2026-06-28,2027-06-28,TRANSFUNDIDO,6,232
413,BL-000413,CRIOPRECIPITADO,O,NEGATIVO,2026-06-28,2027-06-28,TRANSFUNDIDO,5,313
414,BL-000414,CRIOPRECIPITADO,O,POSITIVO,2026-06-28,2027-06-28,DISPONIVEL,1,
415,BL-000415,HEMACIAS,A,POSITIVO,2026-06-29,2026-08-03,TRANSFUNDIDO,4,17
416,BL-000416,HEMACIAS,A,NEGATIVO,2026-06-29,2026-08-03,TRANSFUNDIDO,7,32
417,BL-000417,HEMACIAS,B,POSITIVO,2026-06-29,2026-08-03,TRANSFUNDIDO,3,49
418,BL-000418,HEMACIAS,O,POSITIVO,2026-06-29,2026-08-03,TRANSFUNDIDO,3,71
419,BL-000419,HEMACIAS,O,POSITIVO,2026-06-29,2026-08-03,TRANSFUNDIDO,3,87
420,BL-000420,HEMACIAS,O,POSITIVO,2026-06-29,2026-08-03,TRANSFUNDIDO,3,104
421,BL-000421,HEMACIAS,A,POSITIVO,2026-06-29,2026-08-03,TRANSFUNDIDO,5,229
422,BL-000422,HEMACIAS,A,POSITIVO,2026-06-29,2026-08-03,TRANSFUNDIDO,6,267
423,BL-000423,HEMACIAS,O,POSITIVO,2026-06-29,2026-08-03,TRANSFUNDIDO,6,272
424,BL-000424,HEMACIAS,B,NEGATIVO,2026-06-29,2026-08-03,TRANSFUNDIDO,3,300
425,BL-000425,HEMACIAS,O,POSITIVO,2026-06-29,2026-08-03,TRANSFUNDIDO,10,355
426,BL-000426,HEMACIAS,A,POSITIVO,2026-06-29,2026-08-03,TRANSFUNDIDO,10,370
427,BL-000427,HEMACIAS,A,POSITIVO,2026-06-29,2026-08-03,TRANSFUNDIDO,10,380
428,BL-000428,HEMACIAS,O,POSITIVO,2026-06-29,2026-08-03,TRANSFUNDIDO,5,384
429,BL-000429,HEMACIAS,A,POSITIVO,2026-06-29,2026-08-03,DESCARTADO,1,
430,BL-000430,HEMACIAS,O,POSITIVO,2026-06-29,2026-08-03,DESCARTADO,1,
431,BL-000431,CRIOPRECIPITADO,A,POSITIVO,2026-06-29,2027-06-29,TRANSFUNDIDO,7,23
432,BL-000432,CRIOPRECIPITADO,A,NEGATIVO,2026-06-29,2027-06-29,TRANSFUNDIDO,4,40
433,BL-000433,CRIOPRECIPITADO,A,NEGATIVO,2026-06-29,2027-06-29,TRANSFUNDIDO,3,287
434,BL-000434,CRIOPRECIPITADO,A,POSITIVO,2026-06-29,2027-06-29,TRANSFUNDIDO,3,307
435,BL-000435,CRIOPRECIPITADO,O,NEGATIVO,2026-06-29,2027-06-29,TRANSFUNDIDO,3,348
436,BL-000436,CRIOPRECIPITADO,O,POSITIVO,2026-06-29,2027-06-29,TRANSFUNDIDO,5,353
437,BL-000437,HEMACIAS,O,POSITIVO,2026-06-30,2026-08-04,TRANSFUNDIDO,3,1
438,BL-000438,HEMACIAS,O,NEGATIVO,2026-06-30,2026-08-04,TRANSFUNDIDO,7,5
439,BL-000439,HEMACIAS,O,POSITIVO,2026-06-30,2026-08-04,TRANSFUNDIDO,4,8
440,BL-000440,HEMACIAS,O,POSITIVO,2026-06-30,2026-08-04,TRANSFUNDIDO,8,18
441,BL-000441,HEMACIAS,A,POSITIVO,2026-06-30,2026-08-04,TRANSFUNDIDO,4,26
442,BL-000442,HEMACIAS,A,POSITIVO,2026-06-30,2026-08-04,TRANSFUNDIDO,4,26
443,BL-000443,HEMACIAS,A,POSITIVO,2026-06-30,2026-08-04,TRANSFUNDIDO,3,28
444,BL-000444,HEMACIAS,O,POSITIVO,2026-06-30,2026-08-04,TRANSFUNDIDO,5,88
445,BL-000445,HEMACIAS,A,NEGATIVO,2026-06-30,2026-08-04,TRANSFUNDIDO,6,109
446,BL-000446,HEMACIAS,B,POSITIVO,2026-06-30,2026-08-04,TRANSFUNDIDO,4,125
447,BL-000447,HEMACIAS,AB,POSITIVO,2026-06-30,2026-08-04,TRANSFUNDIDO,4,131
448,BL-000448,HEMACIAS,O,POSITIVO,2026-06-30,2026-08-04,TRANSFUNDIDO,4,241
449,BL-000449,HEMACIAS,A,POSITIVO,2026-06-30,2026-08-04,TRANSFUNDIDO,6,267
450,BL-000450,HEMACIAS,O,POSITIVO,2026-06-30,2026-08-04,TRANSFUNDIDO,3,293
451,BL-000451,HEMACIAS,A,POSITIVO,2026-06-30,2026-08-04,TRANSFUNDIDO,3,310
452,BL-000452,HEMACIAS,AB,POSITIVO,2026-06-30,2026-08-04,TRANSFUNDIDO,6,345
453,BL-000453,HEMACIAS,A,NEGATIVO,2026-06-30,2026-08-04,TRANSFUNDIDO,4,357
454,BL-000454,HEMACIAS,A,NEGATIVO,2026-06-30,2026-08-04,TRANSFUNDIDO,9,413
455,BL-000455,HEMACIAS,O,POSITIVO,2026-06-30,2026-08-04,DESCARTADO,2,
456,BL-000456,HEMACIAS,A,POSITIVO,2026-06-30,2026-08-04,DESCARTADO,1,
457,BL-000457,HEMACIAS,O,POSITIVO,2026-06-30,2026-08-04,DESCARTADO,1,
458,BL-000458,PLASMA,O,POSITIVO,2026-06-30,2027-06-30,TRANSFUNDIDO,3,29
459,BL-000459,PLASMA,A,POSITIVO,2026-06-30,2027-06-30,TRANSFUNDIDO,3,33
460,BL-000460,PLASMA,O,POSITIVO,2026-06-30,2027-06-30,TRANSFUNDIDO,10,116
461,BL-000461,PLASMA,B,POSITIVO,2026-06-30,2027-06-30,TRANSFUNDIDO,6,164
462,BL-000462,PLASMA,A,POSITIVO,2026-06-30,2027-06-30,TRANSFUNDIDO,5,318
463,BL-000463,PLASMA,A,POSITIVO,2026-06-30,2027-06-30,TRANSFUNDIDO,5,318
464,BL-000464,PLASMA,O,POSITIVO,2026-06-30,2027-06-30,DISPONIVEL,2,
465,BL-000465,CRIOPRECIPITADO,O,POSITIVO,2026-06-30,2027-06-30,TRANSFUNDIDO,7,63
466,BL-000466,CRIOPRECIPITADO,O,POSITIVO,2026-06-30,2027-06-30,TRANSFUNDIDO,5,67
467,BL-000467,HEMACIAS,A,POSITIVO,2026-07-01,2026-08-05,TRANSFUNDIDO,3,28
468,BL-000468,HEMACIAS,A,POSITIVO,2026-07-01,2026-08-05,TRANSFUNDIDO,6,31
469,BL-000469,HEMACIAS,O,POSITIVO,2026-07-01,2026-08-05,TRANSFUNDIDO,4,84
470,BL-000470,HEMACIAS,A,NEGATIVO,2026-07-01,2026-08-05,TRANSFUNDIDO,7,100
471,BL-000471,HEMACIAS,A,NEGATIVO,2026-07-01,2026-08-05,TRANSFUNDIDO,6,141
472,BL-000472,HEMACIAS,AB,POSITIVO,2026-07-01,2026-08-05,TRANSFUNDIDO,6,144
473,BL-000473,HEMACIAS,A,POSITIVO,2026-07-01,2026-08-05,TRANSFUNDIDO,6,153
474,BL-000474,HEMACIAS,A,POSITIVO,2026-07-01,2026-08-05,TRANSFUNDIDO,5,179
475,BL-000475,HEMACIAS,A,NEGATIVO,2026-07-01,2026-08-05,TRANSFUNDIDO,3,191
476,BL-000476,HEMACIAS,O,POSITIVO,2026-07-01,2026-08-05,TRANSFUNDIDO,3,196
477,BL-000477,HEMACIAS,B,POSITIVO,2026-07-01,2026-08-05,TRANSFUNDIDO,5,200
478,BL-000478,HEMACIAS,A,POSITIVO,2026-07-01,2026-08-05,TRANSFUNDIDO,6,257
479,BL-000479,HEMACIAS,AB,POSITIVO,2026-07-01,2026-08-05,TRANSFUNDIDO,8,263
480,BL-000480,HEMACIAS,A,POSITIVO,2026-07-01,2026-08-05,TRANSFUNDIDO,5,288
481,BL-000481,HEMACIAS,O,POSITIVO,2026-07-01,2026-08-05,TRANSFUNDIDO,6,297
482,BL-000482,HEMACIAS,O,POSITIVO,2026-07-01,2026-08-05,TRANSFUNDIDO,3,322
483,BL-000483,HEMACIAS,B,POSITIVO,2026-07-01,2026-08-05,TRANSFUNDIDO,8,324
484,BL-000484,HEMACIAS,AB,POSITIVO,2026-07-01,2026-08-05,TRANSFUNDIDO,6,345
485,BL-000485,HEMACIAS,O,POSITIVO,2026-07-01,2026-08-05,TRANSFUNDIDO,7,349
486,BL-000486,HEMACIAS,A,POSITIVO,2026-07-01,2026-08-05,TRANSFUNDIDO,10,380
487,BL-000487,HEMACIAS,O,POSITIVO,2026-07-01,2026-08-05,TRANSFUNDIDO,6,388
488,BL-000488,HEMACIAS,A,POSITIVO,2026-07-01,2026-08-05,TRANSFUNDIDO,8,397
489,BL-000489,HEMACIAS,A,POSITIVO,2026-07-01,2026-08-05,TRANSFUNDIDO,9,408
490,BL-000490,HEMACIAS,A,POSITIVO,2026-07-01,2026-08-05,TRANSFUNDIDO,6,440
491,BL-000491,HEMACIAS,O,POSITIVO,2026-07-01,2026-08-05,DESCARTADO,2,
492,BL-000492,PLASMA,A,POSITIVO,2026-07-01,2027-07-01,TRANSFUNDIDO,7,53
493,BL-000493,PLASMA,O,POSITIVO,2026-07-01,2027-07-01,TRANSFUNDIDO,10,116
494,BL-000494,PLASMA,O,POSITIVO,2026-07-01,2027-07-01,TRANSFUNDIDO,7,234
495,BL-000495,PLAQUETAS,B,POSITIVO,2026-07-01,2026-07-06,TRANSFUNDIDO,9,24
496,BL-000496,PLAQUETAS,A,POSITIVO,2026-07-01,2026-07-06,TRANSFUNDIDO,6,37
497,BL-000497,PLAQUETAS,A,NEGATIVO,2026-07-01,2026-07-06,TRANSFUNDIDO,8,50
498,BL-000498,PLAQUETAS,A,NEGATIVO,2026-07-01,2026-07-06,TRANSFUNDIDO,9,58
499,BL-000499,CRIOPRECIPITADO,A,NEGATIVO,2026-07-01,2027-07-01,TRANSFUNDIDO,4,40
500,BL-000500,CRIOPRECIPITADO,O,POSITIVO,2026-07-01,2027-07-01,TRANSFUNDIDO,9,54
501,BL-000501,CRIOPRECIPITADO,O,POSITIVO,2026-07-01,2027-07-01,TRANSFUNDIDO,7,63
502,BL-000502,CRIOPRECIPITADO,O,POSITIVO,2026-07-01,2027-07-01,TRANSFUNDIDO,7,63
503,BL-000503,CRIOPRECIPITADO,O,POSITIVO,2026-07-01,2027-07-01,TRANSFUNDIDO,6,69
504,BL-000504,CRIOPRECIPITADO,O,POSITIVO,2026-07-01,2027-07-01,TRANSFUNDIDO,6,69
505,BL-000505,CRIOPRECIPITADO,A,NEGATIVO,2026-07-01,2027-07-01,TRANSFUNDIDO,5,85
506,BL-000506,CRIOPRECIPITADO,A,POSITIVO,2026-07-01,2027-07-01,TRANSFUNDIDO,7,103
507,BL-000507,CRIOPRECIPITADO,A,POSITIVO,2026-07-01,2027-07-01,TRANSFUNDIDO,3,151
508,BL-000508,CRIOPRECIPITADO,A,POSITIVO,2026-07-01,2027-07-01,TRANSFUNDIDO,3,194
509,BL-000509,CRIOPRECIPITADO,A,POSITIVO,2026-07-01,2027-07-01,TRANSFUNDIDO,6,232
510,BL-000510,CRIOPRECIPITADO,O,POSITIVO,2026-07-01,2027-07-01,TRANSFUNDIDO,3,281
511,BL-000511,CRIOPRECIPITADO,O,POSITIVO,2026-07-01,2027-07-01,TRANSFUNDIDO,4,323
512,BL-000512,CRIOPRECIPITADO,O,NEGATIVO,2026-07-01,2027-07-01,TRANSFUNDIDO,3,348
513,BL-000513,HEMACIAS,O,POSITIVO,2026-07-02,2026-08-06,TRANSFUNDIDO,4,7
514,BL-000514,HEMACIAS,AB,NEGATIVO,2026-07-02,2026-08-06,TRANSFUNDIDO,10,19
515,BL-000515,HEMACIAS,O,POSITIVO,2026-07-02,2026-08-06,TRANSFUNDIDO,5,43
516,BL-000516,HEMACIAS,O,NEGATIVO,2026-07-02,2026-08-06,TRANSFUNDIDO,4,52
517,BL-000517,HEMACIAS,A,NEGATIVO,2026-07-02,2026-08-06,TRANSFUNDIDO,3,107
518,BL-000518,HEMACIAS,A,NEGATIVO,2026-07-02,2026-08-06,TRANSFUNDIDO,6,128
519,BL-000519,HEMACIAS,A,POSITIVO,2026-07-02,2026-08-06,TRANSFUNDIDO,7,177
520,BL-000520,HEMACIAS,O,POSITIVO,2026-07-02,2026-08-06,TRANSFUNDIDO,4,241
521,BL-000521,HEMACIAS,O,NEGATIVO,2026-07-02,2026-08-06,TRANSFUNDIDO,10,275
522,BL-000522,HEMACIAS,AB,POSITIVO,2026-07-02,2026-08-06,TRANSFUNDIDO,3,320
523,BL-000523,HEMACIAS,B,POSITIVO,2026-07-02,2026-08-06,TRANSFUNDIDO,7,327
524,BL-000524,HEMACIAS,B,POSITIVO,2026-07-02,2026-08-06,TRANSFUNDIDO,8,332
525,BL-000525,HEMACIAS,O,POSITIVO,2026-07-02,2026-08-06,TRANSFUNDIDO,9,336
526,BL-000526,HEMACIAS,A,NEGATIVO,2026-07-02,2026-08-06,TRANSFUNDIDO,8,386
527,BL-000527,HEMACIAS,O,POSITIVO,2026-07-02,2026-08-06,TRANSFUNDIDO,6,388
528,BL-000528,HEMACIAS,O,POSITIVO,2026-07-02,2026-08-06,TRANSFUNDIDO,4,393
529,BL-000529,HEMACIAS,O,POSITIVO,2026-07-02,2026-08-06,TRANSFUNDIDO,5,415
530,BL-000530,HEMACIAS,A,POSITIVO,2026-07-02,2026-08-06,TRANSFUNDIDO,6,440
531,BL-000531,HEMACIAS,O,POSITIVO,2026-07-02,2026-08-06,DESCARTADO,1,
532,BL-000532,HEMACIAS,O,POSITIVO,2026-07-02,2026-08-06,DESCARTADO,1,
533,BL-000533,PLASMA,O,POSITIVO,2026-07-02,2027-07-02,TRANSFUNDIDO,5,9
534,BL-000534,PLASMA,A,POSITIVO,2026-07-02,2027-07-02,TRANSFUNDIDO,3,25
535,BL-000535,PLASMA,A,POSITIVO,2026-07-02,2027-07-02,TRANSFUNDIDO,5,82
536,BL-000536,PLASMA,O,POSITIVO,2026-07-02,2027-07-02,TRANSFUNDIDO,10,116
537,BL-000537,PLASMA,B,POSITIVO,2026-07-02,2027-07-02,TRANSFUNDIDO,10,199
538,BL-000538,PLASMA,O,POSITIVO,2026-07-02,2027-07-02,TRANSFUNDIDO,6,205
539,BL-000539,PLASMA,O,POSITIVO,2026-07-02,2027-07-02,TRANSFUNDIDO,3,253
540,BL-000540,PLASMA,B,POSITIVO,2026-07-02,2027-07-02,TRANSFUNDIDO,6,395
541,BL-000541,PLASMA,B,POSITIVO,2026-07-02,2027-07-02,TRANSFUNDIDO,4,403
542,BL-000542,PLASMA,B,POSITIVO,2026-07-02,2027-07-02,TRANSFUNDIDO,9,406
543,BL-000543,PLAQUETAS,A,POSITIVO,2026-07-02,2026-07-07,TRANSFUNDIDO,6,37
544,BL-000544,PLAQUETAS,A,NEGATIVO,2026-07-02,2026-07-07,TRANSFUNDIDO,8,50
545,BL-000545,CRIOPRECIPITADO,O,POSITIVO,2026-07-02,2027-07-02,TRANSFUNDIDO,6,42
546,BL-000546,CRIOPRECIPITADO,B,POSITIVO,2026-07-02,2027-07-02,TRANSFUNDIDO,6,60
547,BL-000547,CRIOPRECIPITADO,O,POSITIVO,2026-07-02,2027-07-02,TRANSFUNDIDO,6,72
548,BL-000548,CRIOPRECIPITADO,O,POSITIVO,2026-07-02,2027-07-02,TRANSFUNDIDO,3,197
549,BL-000549,CRIOPRECIPITADO,O,POSITIVO,2026-07-02,2027-07-02,TRANSFUNDIDO,10,409
550,BL-000550,CRIOPRECIPITADO,O,POSITIVO,2026-07-02,2027-07-02,DISPONIVEL,1,
551,BL-000551,HEMACIAS,O,NEGATIVO,2026-07-03,2026-08-07,TRANSFUNDIDO,3,14
552,BL-000552,HEMACIAS,O,POSITIVO,2026-07-03,2026-08-07,TRANSFUNDIDO,9,22
553,BL-000553,HEMACIAS,O,POSITIVO,2026-07-03,2026-08-07,TRANSFUNDIDO,5,57
554,BL-000554,HEMACIAS,AB,NEGATIVO,2026-07-03,2026-08-07,TRANSFUNDIDO,7,73
555,BL-000555,HEMACIAS,O,POSITIVO,2026-07-03,2026-08-07,TRANSFUNDIDO,8,145
556,BL-000556,HEMACIAS,O,NEGATIVO,2026-07-03,2026-08-07,TRANSFUNDIDO,4,176
557,BL-000557,HEMACIAS,O,POSITIVO,2026-07-03,2026-08-07,TRANSFUNDIDO,4,192
558,BL-000558,HEMACIAS,O,POSITIVO,2026-07-03,2026-08-07,TRANSFUNDIDO,10,231
559,BL-000559,HEMACIAS,A,POSITIVO,2026-07-03,2026-08-07,TRANSFUNDIDO,8,237
560,BL-000560,HEMACIAS,O,POSITIVO,2026-07-03,2026-08-07,TRANSFUNDIDO,4,246
561,BL-000561,HEMACIAS,A,NEGATIVO,2026-07-03,2026-08-07,TRANSFUNDIDO,8,262
562,BL-000562,HEMACIAS,O,POSITIVO,2026-07-03,2026-08-07,TRANSFUNDIDO,4,266
563,BL-000563,HEMACIAS,B,POSITIVO,2026-07-03,2026-08-07,TRANSFUNDIDO,5,279
564,BL-000564,HEMACIAS,A,POSITIVO,2026-07-03,2026-08-07,TRANSFUNDIDO,9,331
565,BL-000565,HEMACIAS,A,POSITIVO,2026-07-03,2026-08-07,TRANSFUNDIDO,4,422
566,BL-000566,HEMACIAS,O,NEGATIVO,2026-07-03,2026-08-07,TRANSFUNDIDO,6,425
567,BL-000567,PLASMA,O,NEGATIVO,2026-07-03,2027-07-03,TRANSFUNDIDO,5,86
568,BL-000568,PLASMA,A,POSITIVO,2026-07-03,2027-07-03,TRANSFUNDIDO,7,174
569,BL-000569,PLASMA,O,POSITIVO,2026-07-03,2027-07-03,TRANSFUNDIDO,10,432
570,BL-000570,PLASMA,A,POSITIVO,2026-07-03,2027-07-03,TRANSFUNDIDO,4,451
571,BL-000571,PLAQUETAS,A,POSITIVO,2026-07-03,2026-07-08,TRANSFUNDIDO,10,20
572,BL-000572,PLAQUETAS,A,POSITIVO,2026-07-03,2026-07-08,TRANSFUNDIDO,6,37
573,BL-000573,PLAQUETAS,A,POSITIVO,2026-07-03,2026-07-08,TRANSFUNDIDO,6,37
574,BL-000574,PLAQUETAS,A,NEGATIVO,2026-07-03,2026-07-08,TRANSFUNDIDO,8,50
575,BL-000575,PLAQUETAS,A,POSITIVO,2026-07-03,2026-07-08,TRANSFUNDIDO,5,62
576,BL-000576,PLAQUETAS,O,NEGATIVO,2026-07-03,2026-07-08,TRANSFUNDIDO,5,81
577,BL-000577,CRIOPRECIPITADO,O,POSITIVO,2026-07-03,2027-07-03,TRANSFUNDIDO,9,54
578,BL-000578,CRIOPRECIPITADO,O,NEGATIVO,2026-07-03,2027-07-03,TRANSFUNDIDO,3,78
579,BL-000579,CRIOPRECIPITADO,A,POSITIVO,2026-07-03,2027-07-03,TRANSFUNDIDO,3,151
580,BL-000580,CRIOPRECIPITADO,A,POSITIVO,2026-07-03,2027-07-03,TRANSFUNDIDO,6,289
581,BL-000581,CRIOPRECIPITADO,B,NEGATIVO,2026-07-03,2027-07-03,TRANSFUNDIDO,4,290
582,BL-000582,CRIOPRECIPITADO,O,POSITIVO,2026-07-03,2027-07-03,TRANSFUNDIDO,10,367
583,BL-000583,CRIOPRECIPITADO,A,NEGATIVO,2026-07-03,2027-07-03,TRANSFUNDIDO,3,373
584,BL-000584,CRIOPRECIPITADO,O,POSITIVO,2026-07-03,2027-07-03,TRANSFUNDIDO,10,455
585,BL-000585,HEMACIAS,O,NEGATIVO,2026-07-04,2026-08-08,TRANSFUNDIDO,4,38
586,BL-000586,HEMACIAS,O,POSITIVO,2026-07-04,2026-08-08,TRANSFUNDIDO,8,44
587,BL-000587,HEMACIAS,O,POSITIVO,2026-07-04,2026-08-08,TRANSFUNDIDO,5,79
588,BL-000588,HEMACIAS,B,POSITIVO,2026-07-04,2026-08-08,TRANSFUNDIDO,4,94
589,BL-000589,HEMACIAS,A,NEGATIVO,2026-07-04,2026-08-08,TRANSFUNDIDO,3,107
590,BL-000590,HEMACIAS,A,NEGATIVO,2026-07-04,2026-08-08,TRANSFUNDIDO,5,118
591,BL-000591,HEMACIAS,O,POSITIVO,2026-07-04,2026-08-08,TRANSFUNDIDO,6,130
592,BL-000592,HEMACIAS,O,POSITIVO,2026-07-04,2026-08-08,TRANSFUNDIDO,7,132
593,BL-000593,HEMACIAS,B,NEGATIVO,2026-07-04,2026-08-08,TRANSFUNDIDO,6,152
594,BL-000594,HEMACIAS,A,POSITIVO,2026-07-04,2026-08-08,TRANSFUNDIDO,8,168
595,BL-000595,HEMACIAS,O,POSITIVO,2026-07-04,2026-08-08,TRANSFUNDIDO,4,202
596,BL-000596,HEMACIAS,A,POSITIVO,2026-07-04,2026-08-08,TRANSFUNDIDO,6,211
597,BL-000597,HEMACIAS,A,POSITIVO,2026-07-04,2026-08-08,TRANSFUNDIDO,4,250
598,BL-000598,HEMACIAS,O,POSITIVO,2026-07-04,2026-08-08,TRANSFUNDIDO,6,257
599,BL-000599,HEMACIAS,A,NEGATIVO,2026-07-04,2026-08-08,TRANSFUNDIDO,6,258
600,BL-000600,HEMACIAS,O,POSITIVO,2026-07-04,2026-08-08,TRANSFUNDIDO,4,294
601,BL-000601,HEMACIAS,A,POSITIVO,2026-07-04,2026-08-08,TRANSFUNDIDO,8,397
602,BL-000602,HEMACIAS,A,NEGATIVO,2026-07-04,2026-08-08,TRANSFUNDIDO,3,465
603,BL-000603,HEMACIAS,O,POSITIVO,2026-07-04,2026-08-08,TRANSFUNDIDO,3,477
604,BL-000604,HEMACIAS,O,POSITIVO,2026-07-04,2026-08-08,TRANSFUNDIDO,7,478
605,BL-000605,HEMACIAS,O,NEGATIVO,2026-07-04,2026-08-08,DESCARTADO,2,
606,BL-000606,PLASMA,O,POSITIVO,2026-07-04,2027-07-04,TRANSFUNDIDO,4,76
607,BL-000607,PLASMA,O,POSITIVO,2026-07-04,2027-07-04,TRANSFUNDIDO,10,116
608,BL-000608,PLASMA,O,POSITIVO,2026-07-04,2027-07-04,TRANSFUNDIDO,9,169
609,BL-000609,PLASMA,A,NEGATIVO,2026-07-04,2027-07-04,TRANSFUNDIDO,10,208
610,BL-000610,PLASMA,B,POSITIVO,2026-07-04,2027-07-04,TRANSFUNDIDO,7,234
611,BL-000611,PLASMA,A,POSITIVO,2026-07-04,2027-07-04,TRANSFUNDIDO,9,405
612,BL-000612,PLASMA,A,POSITIVO,2026-07-04,2027-07-04,TRANSFUNDIDO,3,474
613,BL-000613,PLASMA,O,POSITIVO,2026-07-04,2027-07-04,DISPONIVEL,1,
614,BL-000614,PLAQUETAS,A,NEGATIVO,2026-07-04,2026-07-09,TRANSFUNDIDO,8,50
615,BL-000615,PLAQUETAS,A,POSITIVO,2026-07-04,2026-07-09,TRANSFUNDIDO,5,62
616,BL-000616,PLAQUETAS,O,POSITIVO,2026-07-04,2026-07-09,TRANSFUNDIDO,6,102
617,BL-000617,PLAQUETAS,O,POSITIVO,2026-07-04,2026-07-09,DESCARTADO,1,
618,BL-000618,PLAQUETAS,B,NEGATIVO,2026-07-04,2026-07-09,DESCARTADO,1,
619,BL-000619,CRIOPRECIPITADO,O,POSITIVO,2026-07-04,2027-07-04,TRANSFUNDIDO,6,69
620,BL-000620,CRIOPRECIPITADO,A,POSITIVO,2026-07-04,2027-07-04,TRANSFUNDIDO,3,194
621,BL-000621,CRIOPRECIPITADO,A,POSITIVO,2026-07-04,2027-07-04,TRANSFUNDIDO,9,368
622,BL-000622,CRIOPRECIPITADO,A,NEGATIVO,2026-07-04,2027-07-04,TRANSFUNDIDO,3,373
623,BL-000623,CRIOPRECIPITADO,O,NEGATIVO,2026-07-04,2027-07-04,TRANSFUNDIDO,3,376
624,BL-000624,CRIOPRECIPITADO,A,POSITIVO,2026-07-04,2027-07-04,TRANSFUNDIDO,6,419
625,BL-000625,CRIOPRECIPITADO,A,POSITIVO,2026-07-04,2027-07-04,TRANSFUNDIDO,3,482
626,BL-000626,HEMACIAS,O,POSITIVO,2026-07-05,2026-08-09,TRANSFUNDIDO,5,57
627,BL-000627,HEMACIAS,O,POSITIVO,2026-07-05,2026-08-09,TRANSFUNDIDO,5,88
628,BL-000628,HEMACIAS,B,POSITIVO,2026-07-05,2026-08-09,TRANSFUNDIDO,4,125
629,BL-000629,HEMACIAS,O,NEGATIVO,2026-07-05,2026-08-09,TRANSFUNDIDO,4,138
630,BL-000630,HEMACIAS,O,POSITIVO,2026-07-05,2026-08-09,TRANSFUNDIDO,4,202
631,BL-000631,HEMACIAS,B,POSITIVO,2026-07-05,2026-08-09,TRANSFUNDIDO,3,204
632,BL-000632,HEMACIAS,B,NEGATIVO,2026-07-05,2026-08-09,TRANSFUNDIDO,4,213
633,BL-000633,HEMACIAS,O,POSITIVO,2026-07-05,2026-08-09,TRANSFUNDIDO,9,215
634,BL-000634,HEMACIAS,A,POSITIVO,2026-07-05,2026-08-09,TRANSFUNDIDO,9,326
635,BL-000635,HEMACIAS,A,NEGATIVO,2026-07-05,2026-08-09,TRANSFUNDIDO,3,330
636,BL-000636,HEMACIAS,O,POSITIVO,2026-07-05,2026-08-09,TRANSFUNDIDO,3,436
637,BL-000637,HEMACIAS,O,POSITIVO,2026-07-05,2026-08-09,TRANSFUNDIDO,10,441
638,BL-000638,HEMACIAS,O,POSITIVO,2026-07-05,2026-08-09,TRANSFUNDIDO,7,489
639,BL-000639,HEMACIAS,A,POSITIVO,2026-07-05,2026-08-09,DESCARTADO,2,
640,BL-000640,HEMACIAS,A,POSITIVO,2026-07-05,2026-08-09,DESCARTADO,1,
641,BL-000641,PLASMA,O,POSITIVO,2026-07-05,2027-07-05,TRANSFUNDIDO,8,431
642,BL-000642,PLASMA,A,POSITIVO,2026-07-05,2027-07-05,TRANSFUNDIDO,3,435
643,BL-000643,PLASMA,B,POSITIVO,2026-07-05,2027-07-05,DESCARTADO,1,
644,BL-000644,PLAQUETAS,A,NEGATIVO,2026-07-05,2026-07-10,TRANSFUNDIDO,9,58
645,BL-000645,PLAQUETAS,A,NEGATIVO,2026-07-05,2026-07-10,TRANSFUNDIDO,9,58
646,BL-000646,PLAQUETAS,A,POSITIVO,2026-07-05,2026-07-10,TRANSFUNDIDO,5,62
647,BL-000647,PLAQUETAS,A,POSITIVO,2026-07-05,2026-07-10,TRANSFUNDIDO,10,117
648,BL-000648,CRIOPRECIPITADO,A,POSITIVO,2026-07-05,2027-07-05,TRANSFUNDIDO,4,51
649,BL-000649,CRIOPRECIPITADO,O,POSITIVO,2026-07-05,2027-07-05,TRANSFUNDIDO,9,54
650,BL-000650,CRIOPRECIPITADO,O,POSITIVO,2026-07-05,2027-07-05,TRANSFUNDIDO,5,67
651,BL-000651,CRIOPRECIPITADO,A,POSITIVO,2026-07-05,2027-07-05,TRANSFUNDIDO,8,301
652,BL-000652,CRIOPRECIPITADO,A,POSITIVO,2026-07-05,2027-07-05,TRANSFUNDIDO,3,307
653,BL-000653,CRIOPRECIPITADO,O,POSITIVO,2026-07-05,2027-07-05,TRANSFUNDIDO,5,353
654,BL-000654,CRIOPRECIPITADO,A,NEGATIVO,2026-07-05,2027-07-05,TRANSFUNDIDO,3,373
655,BL-000655,CRIOPRECIPITADO,O,POSITIVO,2026-07-05,2027-07-05,TRANSFUNDIDO,3,458
656,BL-000656,CRIOPRECIPITADO,O,POSITIVO,2026-07-05,2027-07-05,TRANSFUNDIDO,3,458
657,BL-000657,CRIOPRECIPITADO,A,POSITIVO,2026-07-05,2027-07-05,DISPONIVEL,1,
658,BL-000658,HEMACIAS,O,POSITIVO,2026-07-06,2026-08-10,TRANSFUNDIDO,9,136
659,BL-000659,HEMACIAS,O,NEGATIVO,2026-07-06,2026-08-10,TRANSFUNDIDO,4,138
660,BL-000660,HEMACIAS,O,NEGATIVO,2026-07-06,2026-08-10,TRANSFUNDIDO,4,176
661,BL-000661,HEMACIAS,O,POSITIVO,2026-07-06,2026-08-10,TRANSFUNDIDO,3,210
662,BL-000662,HEMACIAS,A,POSITIVO,2026-07-06,2026-08-10,TRANSFUNDIDO,3,214
663,BL-000663,HEMACIAS,O,POSITIVO,2026-07-06,2026-08-10,TRANSFUNDIDO,4,221
664,BL-000664,HEMACIAS,A,POSITIVO,2026-07-06,2026-08-10,TRANSFUNDIDO,4,227
665,BL-000665,HEMACIAS,O,POSITIVO,2026-07-06,2026-08-10,TRANSFUNDIDO,4,266
666,BL-000666,HEMACIAS,A,POSITIVO,2026-07-06,2026-08-10,TRANSFUNDIDO,6,292
667,BL-000667,HEMACIAS,O,NEGATIVO,2026-07-06,2026-08-10,TRANSFUNDIDO,9,336
668,BL-000668,HEMACIAS,A,POSITIVO,2026-07-06,2026-08-10,TRANSFUNDIDO,7,346
669,BL-000669,HEMACIAS,O,POSITIVO,2026-07-06,2026-08-10,TRANSFUNDIDO,3,429
670,BL-000670,HEMACIAS,A,POSITIVO,2026-07-06,2026-08-10,TRANSFUNDIDO,3,443
671,BL-000671,HEMACIAS,O,NEGATIVO,2026-07-06,2026-08-10,TRANSFUNDIDO,4,515
672,BL-000672,HEMACIAS,AB,POSITIVO,2026-07-06,2026-08-10,TRANSFUNDIDO,7,521
673,BL-000673,HEMACIAS,O,POSITIVO,2026-07-06,2026-08-10,DESCARTADO,1,
674,BL-000674,PLASMA,A,POSITIVO,2026-07-06,2027-07-06,TRANSFUNDIDO,10,432
675,BL-000675,PLASMA,A,POSITIVO,2026-07-06,2027-07-06,TRANSFUNDIDO,9,525
676,BL-000676,PLAQUETAS,O,POSITIVO,2026-07-06,2026-07-11,TRANSFUNDIDO,6,102
677,BL-000677,PLAQUETAS,O,POSITIVO,2026-07-06,2026-07-11,TRANSFUNDIDO,7,105
678,BL-000678,PLAQUETAS,A,POSITIVO,2026-07-06,2026-07-11,DESCARTADO,1,
679,BL-000679,PLAQUETAS,A,POSITIVO,2026-07-06,2026-07-11,DESCARTADO,1,
680,BL-000680,PLAQUETAS,O,NEGATIVO,2026-07-06,2026-07-11,DESCARTADO,2,
681,BL-000681,CRIOPRECIPITADO,O,POSITIVO,2026-07-06,2027-07-06,TRANSFUNDIDO,10,66
682,BL-000682,CRIOPRECIPITADO,O,NEGATIVO,2026-07-06,2027-07-06,TRANSFUNDIDO,5,313
683,BL-000683,CRIOPRECIPITADO,B,NEGATIVO,2026-07-06,2027-07-06,TRANSFUNDIDO,3,366
684,BL-000684,CRIOPRECIPITADO,A,NEGATIVO,2026-07-06,2027-07-06,TRANSFUNDIDO,3,373
685,BL-000685,CRIOPRECIPITADO,A,NEGATIVO,2026-07-06,2027-07-06,TRANSFUNDIDO,3,376
686,BL-000686,CRIOPRECIPITADO,A,POSITIVO,2026-07-06,2027-07-06,TRANSFUNDIDO,5,410
687,BL-000687,CRIOPRECIPITADO,O,POSITIVO,2026-07-06,2027-07-06,TRANSFUNDIDO,9,524
688,BL-000688,CRIOPRECIPITADO,A,POSITIVO,2026-07-06,2027-07-06,DISPONIVEL,1,
689,BL-000689,CRIOPRECIPITADO,A,POSITIVO,2026-07-06,2027-07-06,DESCARTADO,2,
690,BL-000690,HEMACIAS,O,NEGATIVO,2026-07-07,2026-08-11,TRANSFUNDIDO,7,77
691,BL-000691,HEMACIAS,O,POSITIVO,2026-07-07,2026-08-11,TRANSFUNDIDO,6,130
692,BL-000692,HEMACIAS,AB,POSITIVO,2026-07-07,2026-08-11,TRANSFUNDIDO,6,144
693,BL-000693,HEMACIAS,O,POSITIVO,2026-07-07,2026-08-11,TRANSFUNDIDO,5,240
694,BL-000694,HEMACIAS,A,POSITIVO,2026-07-07,2026-08-11,TRANSFUNDIDO,6,256
695,BL-000695,HEMACIAS,B,NEGATIVO,2026-07-07,2026-08-11,TRANSFUNDIDO,8,263
696,BL-000696,HEMACIAS,O,POSITIVO,2026-07-07,2026-08-11,TRANSFUNDIDO,4,294
697,BL-000697,HEMACIAS,A,POSITIVO,2026-07-07,2026-08-11,TRANSFUNDIDO,3,309
698,BL-000698,HEMACIAS,O,NEGATIVO,2026-07-07,2026-08-11,TRANSFUNDIDO,6,339
699,BL-000699,HEMACIAS,A,POSITIVO,2026-07-07,2026-08-11,TRANSFUNDIDO,7,361
700,BL-000700,HEMACIAS,A,POSITIVO,2026-07-07,2026-08-11,TRANSFUNDIDO,7,361
701,BL-000701,HEMACIAS,O,POSITIVO,2026-07-07,2026-08-11,TRANSFUNDIDO,6,369
702,BL-000702,HEMACIAS,O,POSITIVO,2026-07-07,2026-08-11,TRANSFUNDIDO,3,428
703,BL-000703,HEMACIAS,A,NEGATIVO,2026-07-07,2026-08-11,TRANSFUNDIDO,3,465
704,BL-000704,HEMACIAS,O,POSITIVO,2026-07-07,2026-08-11,TRANSFUNDIDO,3,468
705,BL-000705,HEMACIAS,A,POSITIVO,2026-07-07,2026-08-11,TRANSFUNDIDO,4,469
706,BL-000706,HEMACIAS,O,POSITIVO,2026-07-07,2026-08-11,TRANSFUNDIDO,3,517
707,BL-000707,HEMACIAS,O,POSITIVO,2026-07-07,2026-08-11,DESCARTADO,1,
708,BL-000708,HEMACIAS,AB,NEGATIVO,2026-07-07,2026-08-11,DESCARTADO,1,
709,BL-000709,HEMACIAS,B,POSITIVO,2026-07-07,2026-08-11,DESCARTADO,2,
710,BL-000710,PLASMA,O,NEGATIVO,2026-07-07,2027-07-07,TRANSFUNDIDO,4,115
711,BL-000711,PLASMA,AB,NEGATIVO,2026-07-07,2027-07-07,TRANSFUNDIDO,6,165
712,BL-000712,PLASMA,O,POSITIVO,2026-07-07,2027-07-07,TRANSFUNDIDO,7,371
713,BL-000713,PLASMA,A,POSITIVO,2026-07-07,2027-07-07,TRANSFUNDIDO,6,391
714,BL-000714,PLASMA,A,POSITIVO,2026-07-07,2027-07-07,TRANSFUNDIDO,9,518
715,BL-000715,PLAQUETAS,O,POSITIVO,2026-07-07,2026-07-12,TRANSFUNDIDO,6,102
716,BL-000716,PLAQUETAS,A,POSITIVO,2026-07-07,2026-07-12,TRANSFUNDIDO,10,117
717,BL-000717,PLAQUETAS,O,POSITIVO,2026-07-07,2026-07-12,TRANSFUNDIDO,4,123
718,BL-000718,CRIOPRECIPITADO,O,POSITIVO,2026-07-07,2027-07-07,TRANSFUNDIDO,3,220
719,BL-000719,CRIOPRECIPITADO,A,NEGATIVO,2026-07-07,2027-07-07,TRANSFUNDIDO,3,287
720,BL-000720,CRIOPRECIPITADO,O,POSITIVO,2026-07-07,2027-07-07,TRANSFUNDIDO,5,353
721,BL-000721,CRIOPRECIPITADO,A,POSITIVO,2026-07-07,2027-07-07,TRANSFUNDIDO,5,410
722,BL-000722,CRIOPRECIPITADO,O,POSITIVO,2026-07-07,2027-07-07,TRANSFUNDIDO,10,455
723,BL-000723,CRIOPRECIPITADO,A,POSITIVO,2026-07-07,2027-07-07,DISPONIVEL,1,
724,BL-000724,HEMACIAS,O,POSITIVO,2026-07-08,2026-08-12,TRANSFUNDIDO,10,97
725,BL-000725,HEMACIAS,B,NEGATIVO,2026-07-08,2026-08-12,TRANSFUNDIDO,4,213
726,BL-000726,HEMACIAS,O,NEGATIVO,2026-07-08,2026-08-12,TRANSFUNDIDO,4,216
727,BL-000727,HEMACIAS,O,NEGATIVO,2026-07-08,2026-08-12,TRANSFUNDIDO,3,218
728,BL-000728,HEMACIAS,A,POSITIVO,2026-07-08,2026-08-12,TRANSFUNDIDO,4,223
729,BL-000729,HEMACIAS,O,POSITIVO,2026-07-08,2026-08-12,TRANSFUNDIDO,4,246
730,BL-000730,HEMACIAS,O,POSITIVO,2026-07-08,2026-08-12,TRANSFUNDIDO,4,251
731,BL-000731,HEMACIAS,A,POSITIVO,2026-07-08,2026-08-12,TRANSFUNDIDO,3,337
732,BL-000732,HEMACIAS,O,NEGATIVO,2026-07-08,2026-08-12,TRANSFUNDIDO,8,338
733,BL-000733,HEMACIAS,A,POSITIVO,2026-07-08,2026-08-12,TRANSFUNDIDO,10,380
734,BL-000734,HEMACIAS,A,POSITIVO,2026-07-08,2026-08-12,TRANSFUNDIDO,8,446
735,BL-000735,HEMACIAS,A,POSITIVO,2026-07-08,2026-08-12,TRANSFUNDIDO,8,446
736,BL-000736,HEMACIAS,O,POSITIVO,2026-07-08,2026-08-12,TRANSFUNDIDO,6,463
737,BL-000737,HEMACIAS,O,POSITIVO,2026-07-08,2026-08-12,TRANSFUNDIDO,7,494
738,BL-000738,HEMACIAS,O,POSITIVO,2026-07-08,2026-08-12,TRANSFUNDIDO,10,504
739,BL-000739,HEMACIAS,A,POSITIVO,2026-07-08,2026-08-12,TRANSFUNDIDO,3,516
740,BL-000740,HEMACIAS,A,NEGATIVO,2026-07-08,2026-08-12,DESCARTADO,1,
741,BL-000741,HEMACIAS,A,POSITIVO,2026-07-08,2026-08-12,DESCARTADO,1,
742,BL-000742,PLASMA,O,POSITIVO,2026-07-08,2027-07-08,TRANSFUNDIDO,5,283
743,BL-000743,PLASMA,A,POSITIVO,2026-07-08,2027-07-08,TRANSFUNDIDO,6,391
744,BL-000744,PLASMA,B,POSITIVO,2026-07-08,2027-07-08,TRANSFUNDIDO,10,542
745,BL-000745,PLAQUETAS,A,POSITIVO,2026-07-08,2026-07-13,TRANSFUNDIDO,10,117
746,BL-000746,CRIOPRECIPITADO,A,POSITIVO,2026-07-08,2027-07-08,TRANSFUNDIDO,3,151
747,BL-000747,CRIOPRECIPITADO,O,POSITIVO,2026-07-08,2027-07-08,TRANSFUNDIDO,3,220
748,BL-000748,CRIOPRECIPITADO,A,NEGATIVO,2026-07-08,2027-07-08,TRANSFUNDIDO,3,373
749,BL-000749,CRIOPRECIPITADO,O,POSITIVO,2026-07-08,2027-07-08,TRANSFUNDIDO,10,455
750,BL-000750,CRIOPRECIPITADO,O,POSITIVO,2026-07-08,2027-07-08,TRANSFUNDIDO,10,455
751,BL-000751,CRIOPRECIPITADO,A,POSITIVO,2026-07-08,2027-07-08,TRANSFUNDIDO,4,488
752,BL-000752,CRIOPRECIPITADO,B,POSITIVO,2026-07-08,2027-07-08,DISPONIVEL,1,
753,BL-000753,CRIOPRECIPITADO,A,POSITIVO,2026-07-08,2027-07-08,DISPONIVEL,2,
754,BL-000754,CRIOPRECIPITADO,B,NEGATIVO,2026-07-08,2027-07-08,DISPONIVEL,2,
755,BL-000755,HEMACIAS,B,POSITIVO,2026-07-09,2026-08-13,TRANSFUNDIDO,9,112
756,BL-000756,HEMACIAS,A,POSITIVO,2026-07-09,2026-08-13,TRANSFUNDIDO,9,113
757,BL-000757,HEMACIAS,O,POSITIVO,2026-07-09,2026-08-13,TRANSFUNDIDO,9,136
758,BL-000758,HEMACIAS,O,NEGATIVO,2026-07-09,2026-08-13,TRANSFUNDIDO,4,176
759,BL-000759,HEMACIAS,A,POSITIVO,2026-07-09,2026-08-13,TRANSFUNDIDO,3,191
760,BL-000760,HEMACIAS,O,POSITIVO,2026-07-09,2026-08-13,TRANSFUNDIDO,4,202
761,BL-000761,HEMACIAS,A,POSITIVO,2026-07-09,2026-08-13,TRANSFUNDIDO,4,223
762,BL-000762,HEMACIAS,O,POSITIVO,2026-07-09,2026-08-13,TRANSFUNDIDO,4,246
763,BL-000763,HEMACIAS,O,POSITIVO,2026-07-09,2026-08-13,TRANSFUNDIDO,6,297
764,BL-000764,HEMACIAS,O,POSITIVO,2026-07-09,2026-08-13,TRANSFUNDIDO,3,322
765,BL-000765,HEMACIAS,A,POSITIVO,2026-07-09,2026-08-13,TRANSFUNDIDO,9,326
766,BL-000766,HEMACIAS,O,NEGATIVO,2026-07-09,2026-08-13,TRANSFUNDIDO,8,338
767,BL-000767,HEMACIAS,A,POSITIVO,2026-07-09,2026-08-13,TRANSFUNDIDO,4,401
768,BL-000768,HEMACIAS,A,POSITIVO,2026-07-09,2026-08-13,TRANSFUNDIDO,9,408
769,BL-000769,HEMACIAS,A,NEGATIVO,2026-07-09,2026-08-13,TRANSFUNDIDO,9,413
770,BL-000770,HEMACIAS,O,POSITIVO,2026-07-09,2026-08-13,TRANSFUNDIDO,8,438
771,BL-000771,HEMACIAS,A,POSITIVO,2026-07-09,2026-08-13,TRANSFUNDIDO,10,452
772,BL-000772,HEMACIAS,O,POSITIVO,2026-07-09,2026-08-13,TRANSFUNDIDO,4,466
773,BL-000773,HEMACIAS,A,POSITIVO,2026-07-09,2026-08-13,TRANSFUNDIDO,7,472
774,BL-000774,HEMACIAS,A,POSITIVO,2026-07-09,2026-08-13,TRANSFUNDIDO,4,487
775,BL-000775,HEMACIAS,B,POSITIVO,2026-07-09,2026-08-13,TRANSFUNDIDO,3,507
776,BL-000776,HEMACIAS,O,POSITIVO,2026-07-09,2026-08-13,TRANSFUNDIDO,5,537
777,BL-000777,HEMACIAS,A,POSITIVO,2026-07-09,2026-08-13,TRANSFUNDIDO,3,543
778,BL-000778,HEMACIAS,O,POSITIVO,2026-07-09,2026-08-13,TRANSFUNDIDO,6,557
779,BL-000779,HEMACIAS,O,POSITIVO,2026-07-09,2026-08-13,DESCARTADO,1,
780,BL-000780,HEMACIAS,O,POSITIVO,2026-07-09,2026-08-13,DESCARTADO,2,
781,BL-000781,PLASMA,A,POSITIVO,2026-07-09,2027-07-09,TRANSFUNDIDO,4,259
782,BL-000782,PLASMA,O,POSITIVO,2026-07-09,2027-07-09,TRANSFUNDIDO,4,351
783,BL-000783,PLAQUETAS,A,POSITIVO,2026-07-09,2026-07-14,TRANSFUNDIDO,10,117
784,BL-000784,PLAQUETAS,O,POSITIVO,2026-07-09,2026-07-14,TRANSFUNDIDO,3,155
785,BL-000785,PLAQUETAS,O,POSITIVO,2026-07-09,2026-07-14,TRANSFUNDIDO,9,156
786,BL-000786,PLAQUETAS,O,POSITIVO,2026-07-09,2026-07-14,TRANSFUNDIDO,9,156
787,BL-000787,CRIOPRECIPITADO,A,POSITIVO,2026-07-09,2027-07-09,TRANSFUNDIDO,3,151
788,BL-000788,CRIOPRECIPITADO,A,NEGATIVO,2026-07-09,2027-07-09,TRANSFUNDIDO,3,373
789,BL-000789,CRIOPRECIPITADO,A,POSITIVO,2026-07-09,2027-07-09,TRANSFUNDIDO,3,470
790,BL-000790,CRIOPRECIPITADO,O,POSITIVO,2026-07-09,2027-07-09,TRANSFUNDIDO,6,498
791,BL-000791,CRIOPRECIPITADO,O,NEGATIVO,2026-07-09,2027-07-09,TRANSFUNDIDO,6,529
792,BL-000792,HEMACIAS,A,NEGATIVO,2026-07-10,2026-08-14,TRANSFUNDIDO,4,142
793,BL-000793,HEMACIAS,AB,POSITIVO,2026-07-10,2026-08-14,TRANSFUNDIDO,6,144
794,BL-000794,HEMACIAS,O,POSITIVO,2026-07-10,2026-08-14,TRANSFUNDIDO,3,157
795,BL-000795,HEMACIAS,A,POSITIVO,2026-07-10,2026-08-14,TRANSFUNDIDO,9,158
796,BL-000796,HEMACIAS,O,POSITIVO,2026-07-10,2026-08-14,TRANSFUNDIDO,4,192
797,BL-000797,HEMACIAS,A,POSITIVO,2026-07-10,2026-08-14,TRANSFUNDIDO,4,201
798,BL-000798,HEMACIAS,A,POSITIVO,2026-07-10,2026-08-14,TRANSFUNDIDO,6,211
799,BL-000799,HEMACIAS,A,POSITIVO,2026-07-10,2026-08-14,TRANSFUNDIDO,5,229
800,BL-000800,HEMACIAS,A,POSITIVO,2026-07-10,2026-08-14,TRANSFUNDIDO,4,235
801,BL-000801,HEMACIAS,A,POSITIVO,2026-07-10,2026-08-14,TRANSFUNDIDO,8,237
802,BL-000802,HEMACIAS,O,POSITIVO,2026-07-10,2026-08-14,TRANSFUNDIDO,9,261
803,BL-000803,HEMACIAS,O,POSITIVO,2026-07-10,2026-08-14,TRANSFUNDIDO,3,325
804,BL-000804,HEMACIAS,O,NEGATIVO,2026-07-10,2026-08-14,TRANSFUNDIDO,3,337
805,BL-000805,HEMACIAS,O,NEGATIVO,2026-07-10,2026-08-14,TRANSFUNDIDO,8,338
806,BL-000806,HEMACIAS,O,POSITIVO,2026-07-10,2026-08-14,TRANSFUNDIDO,6,340
807,BL-000807,HEMACIAS,A,POSITIVO,2026-07-10,2026-08-14,TRANSFUNDIDO,9,341
808,BL-000808,HEMACIAS,B,NEGATIVO,2026-07-10,2026-08-14,TRANSFUNDIDO,5,360
809,BL-000809,HEMACIAS,A,POSITIVO,2026-07-10,2026-08-14,TRANSFUNDIDO,9,385
810,BL-000810,HEMACIAS,O,POSITIVO,2026-07-10,2026-08-14,TRANSFUNDIDO,6,388
811,BL-000811,HEMACIAS,A,POSITIVO,2026-07-10,2026-08-14,TRANSFUNDIDO,8,397
812,BL-000812,HEMACIAS,O,POSITIVO,2026-07-10,2026-08-14,TRANSFUNDIDO,3,436
813,BL-000813,HEMACIAS,A,POSITIVO,2026-07-10,2026-08-14,TRANSFUNDIDO,3,443
814,BL-000814,HEMACIAS,O,POSITIVO,2026-07-10,2026-08-14,TRANSFUNDIDO,7,501
815,BL-000815,HEMACIAS,B,POSITIVO,2026-07-10,2026-08-14,TRANSFUNDIDO,5,528
816,BL-000816,HEMACIAS,O,NEGATIVO,2026-07-10,2026-08-14,TRANSFUNDIDO,4,535
817,BL-000817,HEMACIAS,O,POSITIVO,2026-07-10,2026-08-14,TRANSFUNDIDO,5,537
818,BL-000818,HEMACIAS,O,POSITIVO,2026-07-10,2026-08-14,TRANSFUNDIDO,6,539
819,BL-000819,HEMACIAS,O,NEGATIVO,2026-07-10,2026-08-14,TRANSFUNDIDO,9,544
820,BL-000820,HEMACIAS,O,POSITIVO,2026-07-10,2026-08-14,DESCARTADO,1,
821,BL-000821,HEMACIAS,O,POSITIVO,2026-07-10,2026-08-14,DESCARTADO,1,
822,BL-000822,HEMACIAS,A,POSITIVO,2026-07-10,2026-08-14,DESCARTADO,2,
823,BL-000823,PLASMA,O,POSITIVO,2026-07-10,2027-07-10,TRANSFUNDIDO,5,283
824,BL-000824,PLASMA,O,POSITIVO,2026-07-10,2027-07-10,TRANSFUNDIDO,4,316
825,BL-000825,PLASMA,O,POSITIVO,2026-07-10,2027-07-10,TRANSFUNDIDO,8,416
826,BL-000826,PLASMA,A,POSITIVO,2026-07-10,2027-07-10,DISPONIVEL,1,
827,BL-000827,PLASMA,B,POSITIVO,2026-07-10,2027-07-10,DISPONIVEL,1,
828,BL-000828,PLASMA,A,POSITIVO,2026-07-10,2027-07-10,DISPONIVEL,2,
829,BL-000829,PLAQUETAS,O,POSITIVO,2026-07-10,2026-07-15,TRANSFUNDIDO,5,161
830,BL-000830,PLAQUETAS,A,POSITIVO,2026-07-10,2026-07-15,TRANSFUNDIDO,4,166
831,BL-000831,PLAQUETAS,O,POSITIVO,2026-07-10,2026-07-15,TRANSFUNDIDO,4,170
832,BL-000832,CRIOPRECIPITADO,O,POSITIVO,2026-07-10,2027-07-10,TRANSFUNDIDO,5,171
833,BL-000833,CRIOPRECIPITADO,A,POSITIVO,2026-07-10,2027-07-10,TRANSFUNDIDO,6,175
834,BL-000834,CRIOPRECIPITADO,O,NEGATIVO,2026-07-10,2027-07-10,TRANSFUNDIDO,5,313
835,BL-000835,CRIOPRECIPITADO,O,POSITIVO,2026-07-10,2027-07-10,TRANSFUNDIDO,5,353
836,BL-000836,CRIOPRECIPITADO,A,NEGATIVO,2026-07-10,2027-07-10,TRANSFUNDIDO,3,373
837,BL-000837,CRIOPRECIPITADO,A,POSITIVO,2026-07-10,2027-07-10,TRANSFUNDIDO,5,410
838,BL-000838,CRIOPRECIPITADO,O,POSITIVO,2026-07-10,2027-07-10,TRANSFUNDIDO,3,511
839,BL-000839,CRIOPRECIPITADO,O,NEGATIVO,2026-07-10,2027-07-10,DISPONIVEL,1,
840,BL-000840,HEMACIAS,O,POSITIVO,2026-07-11,2026-08-15,TRANSFUNDIDO,7,132
841,BL-000841,HEMACIAS,O,POSITIVO,2026-07-11,2026-08-15,TRANSFUNDIDO,3,157
842,BL-000842,HEMACIAS,B,POSITIVO,2026-07-11,2026-08-15,TRANSFUNDIDO,4,186
843,BL-000843,HEMACIAS,A,POSITIVO,2026-07-11,2026-08-15,TRANSFUNDIDO,3,191
844,BL-000844,HEMACIAS,O,POSITIVO,2026-07-11,2026-08-15,TRANSFUNDIDO,4,192
845,BL-000845,HEMACIAS,A,POSITIVO,2026-07-11,2026-08-15,TRANSFUNDIDO,8,237
846,BL-000846,HEMACIAS,O,POSITIVO,2026-07-11,2026-08-15,TRANSFUNDIDO,6,272
847,BL-000847,HEMACIAS,O,POSITIVO,2026-07-11,2026-08-15,TRANSFUNDIDO,5,335
848,BL-000848,HEMACIAS,A,POSITIVO,2026-07-11,2026-08-15,TRANSFUNDIDO,6,440
849,BL-000849,HEMACIAS,O,POSITIVO,2026-07-11,2026-08-15,TRANSFUNDIDO,3,477
850,BL-000850,HEMACIAS,A,POSITIVO,2026-07-11,2026-08-15,TRANSFUNDIDO,6,526
851,BL-000851,HEMACIAS,O,POSITIVO,2026-07-11,2026-08-15,DESCARTADO,1,
852,BL-000852,PLASMA,O,POSITIVO,2026-07-11,2027-07-11,TRANSFUNDIDO,5,390
853,BL-000853,PLASMA,A,POSITIVO,2026-07-11,2027-07-11,TRANSFUNDIDO,4,451
854,BL-000854,PLASMA,A,POSITIVO,2026-07-11,2027-07-11,TRANSFUNDIDO,5,471
855,BL-000855,PLASMA,O,POSITIVO,2026-07-11,2027-07-11,DISPONIVEL,1,
856,BL-000856,PLASMA,O,POSITIVO,2026-07-11,2027-07-11,DESCARTADO,2,
857,BL-000857,PLAQUETAS,O,POSITIVO,2026-07-11,2026-07-16,TRANSFUNDIDO,9,156
858,BL-000858,PLAQUETAS,O,NEGATIVO,2026-07-11,2026-07-16,TRANSFUNDIDO,9,156
859,BL-000859,PLAQUETAS,A,POSITIVO,2026-07-11,2026-07-16,TRANSFUNDIDO,10,185
860,BL-000860,CRIOPRECIPITADO,A,POSITIVO,2026-07-11,2027-07-11,TRANSFUNDIDO,6,232
861,BL-000861,CRIOPRECIPITADO,B,POSITIVO,2026-07-11,2027-07-11,TRANSFUNDIDO,4,290
862,BL-000862,CRIOPRECIPITADO,A,POSITIVO,2026-07-11,2027-07-11,TRANSFUNDIDO,5,410
863,BL-000863,CRIOPRECIPITADO,O,POSITIVO,2026-07-11,2027-07-11,TRANSFUNDIDO,3,511
864,BL-000864,CRIOPRECIPITADO,A,POSITIVO,2026-07-11,2027-07-11,DISPONIVEL,1,
865,BL-000865,HEMACIAS,A,POSITIVO,2026-07-12,2026-08-16,TRANSFUNDIDO,9,159
866,BL-000866,HEMACIAS,A,POSITIVO,2026-07-12,2026-08-16,TRANSFUNDIDO,7,198
867,BL-000867,HEMACIAS,A,POSITIVO,2026-07-12,2026-08-16,TRANSFUNDIDO,7,212
868,BL-000868,HEMACIAS,A,NEGATIVO,2026-07-12,2026-08-16,TRANSFUNDIDO,8,224
869,BL-000869,HEMACIAS,O,POSITIVO,2026-07-12,2026-08-16,TRANSFUNDIDO,5,240
870,BL-000870,HEMACIAS,A,POSITIVO,2026-07-12,2026-08-16,TRANSFUNDIDO,3,310
871,BL-000871,HEMACIAS,B,POSITIVO,2026-07-12,2026-08-16,TRANSFUNDIDO,8,324
872,BL-000872,HEMACIAS,B,POSITIVO,2026-07-12,2026-08-16,TRANSFUNDIDO,4,402
873,BL-000873,HEMACIAS,A,POSITIVO,2026-07-12,2026-08-16,TRANSFUNDIDO,10,452
874,BL-000874,HEMACIAS,O,POSITIVO,2026-07-12,2026-08-16,TRANSFUNDIDO,7,478
875,BL-000875,HEMACIAS,A,POSITIVO,2026-07-12,2026-08-16,TRANSFUNDIDO,5,508
876,BL-000876,HEMACIAS,A,POSITIVO,2026-07-12,2026-08-16,TRANSFUNDIDO,3,516
877,BL-000877,HEMACIAS,A,NEGATIVO,2026-07-12,2026-08-16,TRANSFUNDIDO,6,530
878,BL-000878,HEMACIAS,O,NEGATIVO,2026-07-12,2026-08-16,TRANSFUNDIDO,9,534
879,BL-000879,HEMACIAS,O,POSITIVO,2026-07-12,2026-08-16,TRANSFUNDIDO,4,552
880,BL-000880,HEMACIAS,A,NEGATIVO,2026-07-12,2026-08-16,TRANSFUNDIDO,6,577
881,BL-000881,HEMACIAS,O,POSITIVO,2026-07-12,2026-08-16,TRANSFUNDIDO,10,582
882,BL-000882,HEMACIAS,O,POSITIVO,2026-07-12,2026-08-16,DESCARTADO,2,
883,BL-000883,HEMACIAS,A,POSITIVO,2026-07-12,2026-08-16,DESCARTADO,1,
884,BL-000884,PLASMA,B,POSITIVO,2026-07-12,2027-07-12,TRANSFUNDIDO,6,164
885,BL-000885,PLASMA,A,POSITIVO,2026-07-12,2027-07-12,TRANSFUNDIDO,7,174
886,BL-000886,PLASMA,B,POSITIVO,2026-07-12,2027-07-12,TRANSFUNDIDO,4,291
887,BL-000887,PLASMA,B,POSITIVO,2026-07-12,2027-07-12,TRANSFUNDIDO,4,291
888,BL-000888,PLASMA,O,NEGATIVO,2026-07-12,2027-07-12,TRANSFUNDIDO,7,362
889,BL-000889,PLASMA,O,NEGATIVO,2026-07-12,2027-07-12,TRANSFUNDIDO,3,548
890,BL-000890,PLASMA,A,POSITIVO,2026-07-12,2027-07-12,TRANSFUNDIDO,3,561
891,BL-000891,PLAQUETAS,O,POSITIVO,2026-07-12,2026-07-17,TRANSFUNDIDO,4,170
892,BL-000892,PLAQUETAS,O,POSITIVO,2026-07-12,2026-07-17,TRANSFUNDIDO,4,170
893,BL-000893,PLAQUETAS,O,POSITIVO,2026-07-12,2026-07-17,TRANSFUNDIDO,4,170
894,BL-000894,PLAQUETAS,A,POSITIVO,2026-07-12,2026-07-17,TRANSFUNDIDO,4,181
895,BL-000895,PLAQUETAS,AB,POSITIVO,2026-07-12,2026-07-17,TRANSFUNDIDO,5,187
896,BL-000896,PLAQUETAS,O,NEGATIVO,2026-07-12,2026-07-17,TRANSFUNDIDO,3,193
897,BL-000897,PLAQUETAS,A,POSITIVO,2026-07-12,2026-07-17,TRANSFUNDIDO,4,206
898,BL-000898,PLAQUETAS,A,POSITIVO,2026-07-12,2026-07-17,TRANSFUNDIDO,6,207
899,BL-000899,CRIOPRECIPITADO,A,POSITIVO,2026-07-12,2027-07-12,TRANSFUNDIDO,6,175
900,BL-000900,CRIOPRECIPITADO,O,POSITIVO,2026-07-12,2027-07-12,TRANSFUNDIDO,3,197
901,BL-000901,CRIOPRECIPITADO,B,POSITIVO,2026-07-12,2027-07-12,TRANSFUNDIDO,4,290
902,BL-000902,CRIOPRECIPITADO,O,POSITIVO,2026-07-12,2027-07-12,TRANSFUNDIDO,4,323
903,BL-000903,CRIOPRECIPITADO,O,POSITIVO,2026-07-12,2027-07-12,TRANSFUNDIDO,5,353
904,BL-000904,CRIOPRECIPITADO,B,NEGATIVO,2026-07-12,2027-07-12,TRANSFUNDIDO,3,366
905,BL-000905,CRIOPRECIPITADO,A,POSITIVO,2026-07-12,2027-07-12,TRANSFUNDIDO,9,368
906,BL-000906,CRIOPRECIPITADO,A,NEGATIVO,2026-07-12,2027-07-12,TRANSFUNDIDO,3,376
907,BL-000907,CRIOPRECIPITADO,O,POSITIVO,2026-07-12,2027-07-12,TRANSFUNDIDO,6,498
908,BL-000908,CRIOPRECIPITADO,O,NEGATIVO,2026-07-12,2027-07-12,TRANSFUNDIDO,6,529
909,BL-000909,CRIOPRECIPITADO,O,NEGATIVO,2026-07-12,2027-07-12,TRANSFUNDIDO,6,529
910,BL-000910,HEMACIAS,A,POSITIVO,2026-07-13,2026-08-17,TRANSFUNDIDO,9,150
911,BL-000911,HEMACIAS,A,POSITIVO,2026-07-13,2026-08-17,TRANSFUNDIDO,9,150
912,BL-000912,HEMACIAS,O,POSITIVO,2026-07-13,2026-08-17,TRANSFUNDIDO,4,251
913,BL-000913,HEMACIAS,AB,POSITIVO,2026-07-13,2026-08-17,TRANSFUNDIDO,8,263
914,BL-000914,HEMACIAS,O,POSITIVO,2026-07-13,2026-08-17,TRANSFUNDIDO,6,272
915,BL-000915,HEMACIAS,O,NEGATIVO,2026-07-13,2026-08-17,TRANSFUNDIDO,6,302
916,BL-000916,HEMACIAS,O,POSITIVO,2026-07-13,2026-08-17,TRANSFUNDIDO,7,349
917,BL-000917,HEMACIAS,A,POSITIVO,2026-07-13,2026-08-17,TRANSFUNDIDO,4,359
918,BL-000918,HEMACIAS,O,POSITIVO,2026-07-13,2026-08-17,TRANSFUNDIDO,6,369
919,BL-000919,HEMACIAS,O,POSITIVO,2026-07-13,2026-08-17,TRANSFUNDIDO,5,427
920,BL-000920,HEMACIAS,O,POSITIVO,2026-07-13,2026-08-17,TRANSFUNDIDO,3,429
921,BL-000921,HEMACIAS,O,POSITIVO,2026-07-13,2026-08-17,TRANSFUNDIDO,6,463
922,BL-000922,HEMACIAS,A,POSITIVO,2026-07-13,2026-08-17,TRANSFUNDIDO,7,472
923,BL-000923,HEMACIAS,O,POSITIVO,2026-07-13,2026-08-17,TRANSFUNDIDO,7,494
924,BL-000924,HEMACIAS,A,NEGATIVO,2026-07-13,2026-08-17,TRANSFUNDIDO,6,530
925,BL-000925,HEMACIAS,A,NEGATIVO,2026-07-13,2026-08-17,DESCARTADO,1,
926,BL-000926,HEMACIAS,A,POSITIVO,2026-07-13,2026-08-17,DESCARTADO,1,
927,BL-000927,PLASMA,A,POSITIVO,2026-07-13,2027-07-13,TRANSFUNDIDO,3,474
928,BL-000928,PLASMA,O,POSITIVO,2026-07-13,2027-07-13,DESCARTADO,1,
929,BL-000929,PLAQUETAS,O,POSITIVO,2026-07-13,2026-07-18,TRANSFUNDIDO,5,148
930,BL-000930,PLAQUETAS,O,POSITIVO,2026-07-13,2026-07-18,TRANSFUNDIDO,5,161
931,BL-000931,PLAQUETAS,A,POSITIVO,2026-07-13,2026-07-18,TRANSFUNDIDO,4,181
932,BL-000932,PLAQUETAS,A,POSITIVO,2026-07-13,2026-07-18,TRANSFUNDIDO,4,181
933,BL-000933,PLAQUETAS,O,NEGATIVO,2026-07-13,2026-07-18,TRANSFUNDIDO,4,182
934,BL-000934,PLAQUETAS,A,POSITIVO,2026-07-13,2026-07-18,TRANSFUNDIDO,6,189
935,BL-000935,PLAQUETAS,O,NEGATIVO,2026-07-13,2026-07-18,TRANSFUNDIDO,3,193
936,BL-000936,PLAQUETAS,A,POSITIVO,2026-07-13,2026-07-18,TRANSFUNDIDO,4,206
937,BL-000937,PLAQUETAS,A,POSITIVO,2026-07-13,2026-07-18,TRANSFUNDIDO,6,207
938,BL-000938,PLAQUETAS,O,POSITIVO,2026-07-13,2026-07-18,TRANSFUNDIDO,9,228
939,BL-000939,CRIOPRECIPITADO,A,POSITIVO,2026-07-13,2027-07-13,TRANSFUNDIDO,3,194
940,BL-000940,CRIOPRECIPITADO,A,NEGATIVO,2026-07-13,2027-07-13,TRANSFUNDIDO,3,287
941,BL-000941,CRIOPRECIPITADO,A,POSITIVO,2026-07-13,2027-07-13,TRANSFUNDIDO,6,289
942,BL-000942,CRIOPRECIPITADO,O,POSITIVO,2026-07-13,2027-07-13,TRANSFUNDIDO,4,323
943,BL-000943,CRIOPRECIPITADO,B,NEGATIVO,2026-07-13,2027-07-13,TRANSFUNDIDO,3,366
944,BL-000944,CRIOPRECIPITADO,O,POSITIVO,2026-07-13,2027-07-13,TRANSFUNDIDO,10,367
945,BL-000945,CRIOPRECIPITADO,A,NEGATIVO,2026-07-13,2027-07-13,TRANSFUNDIDO,3,376
946,BL-000946,CRIOPRECIPITADO,O,POSITIVO,2026-07-13,2027-07-13,TRANSFUNDIDO,9,598
947,BL-000947,CRIOPRECIPITADO,A,POSITIVO,2026-07-13,2027-07-13,TRANSFUNDIDO,9,600
948,BL-000948,HEMACIAS,O,NEGATIVO,2026-07-14,2026-08-18,TRANSFUNDIDO,3,218
949,BL-000949,HEMACIAS,O,POSITIVO,2026-07-14,2026-08-18,TRANSFUNDIDO,4,251
950,BL-000950,HEMACIAS,O,POSITIVO,2026-07-14,2026-08-18,TRANSFUNDIDO,9,261
951,BL-000951,HEMACIAS,B,NEGATIVO,2026-07-14,2026-08-18,TRANSFUNDIDO,10,275
952,BL-000952,HEMACIAS,A,POSITIVO,2026-07-14,2026-08-18,TRANSFUNDIDO,3,321
953,BL-000953,HEMACIAS,A,POSITIVO,2026-07-14,2026-08-18,TRANSFUNDIDO,9,331
954,BL-000954,HEMACIAS,AB,POSITIVO,2026-07-14,2026-08-18,TRANSFUNDIDO,6,345
955,BL-000955,HEMACIAS,AB,POSITIVO,2026-07-14,2026-08-18,TRANSFUNDIDO,6,345
956,BL-000956,HEMACIAS,O,POSITIVO,2026-07-14,2026-08-18,TRANSFUNDIDO,7,372
957,BL-000957,HEMACIAS,A,POSITIVO,2026-07-14,2026-08-18,TRANSFUNDIDO,9,385
958,BL-000958,HEMACIAS,B,POSITIVO,2026-07-14,2026-08-18,TRANSFUNDIDO,4,402
959,BL-000959,HEMACIAS,B,POSITIVO,2026-07-14,2026-08-18,TRANSFUNDIDO,9,426
960,BL-000960,HEMACIAS,O,POSITIVO,2026-07-14,2026-08-18,TRANSFUNDIDO,3,428
961,BL-000961,HEMACIAS,B,NEGATIVO,2026-07-14,2026-08-18,TRANSFUNDIDO,9,467
962,BL-000962,HEMACIAS,O,POSITIVO,2026-07-14,2026-08-18,TRANSFUNDIDO,3,477
963,BL-000963,HEMACIAS,O,POSITIVO,2026-07-14,2026-08-18,TRANSFUNDIDO,7,501
964,BL-000964,HEMACIAS,B,POSITIVO,2026-07-14,2026-08-18,TRANSFUNDIDO,3,507
965,BL-000965,HEMACIAS,A,POSITIVO,2026-07-14,2026-08-18,TRANSFUNDIDO,3,516
966,BL-000966,HEMACIAS,O,NEGATIVO,2026-07-14,2026-08-18,TRANSFUNDIDO,9,534
967,BL-000967,HEMACIAS,O,POSITIVO,2026-07-14,2026-08-18,TRANSFUNDIDO,4,552
968,BL-000968,HEMACIAS,O,POSITIVO,2026-07-14,2026-08-18,TRANSFUNDIDO,3,573
969,BL-000969,HEMACIAS,A,POSITIVO,2026-07-14,2026-08-18,TRANSFUNDIDO,3,596
970,BL-000970,HEMACIAS,O,POSITIVO,2026-07-14,2026-08-18,TRANSFUNDIDO,4,610
971,BL-000971,PLASMA,B,POSITIVO,2026-07-14,2027-07-14,TRANSFUNDIDO,3,437
972,BL-000972,PLASMA,AB,POSITIVO,2026-07-14,2027-07-14,TRANSFUNDIDO,3,549
973,BL-000973,PLASMA,O,NEGATIVO,2026-07-14,2027-07-14,DISPONIVEL,2,
974,BL-000974,PLAQUETAS,O,POSITIVO,2026-07-14,2026-07-19,TRANSFUNDIDO,4,166
975,BL-000975,PLAQUETAS,A,POSITIVO,2026-07-14,2026-07-19,TRANSFUNDIDO,4,166
976,BL-000976,PLAQUETAS,O,NEGATIVO,2026-07-14,2026-07-19,TRANSFUNDIDO,4,182
977,BL-000977,PLAQUETAS,O,NEGATIVO,2026-07-14,2026-07-19,TRANSFUNDIDO,3,193
978,BL-000978,PLAQUETAS,O,NEGATIVO,2026-07-14,2026-07-19,TRANSFUNDIDO,6,207
979,BL-000979,PLAQUETAS,O,POSITIVO,2026-07-14,2026-07-19,TRANSFUNDIDO,9,228
980,BL-000980,CRIOPRECIPITADO,A,POSITIVO,2026-07-14,2027-07-14,TRANSFUNDIDO,3,194
981,BL-000981,CRIOPRECIPITADO,B,POSITIVO,2026-07-14,2027-07-14,TRANSFUNDIDO,4,290
982,BL-000982,CRIOPRECIPITADO,O,POSITIVO,2026-07-14,2027-07-14,TRANSFUNDIDO,10,367
983,BL-000983,CRIOPRECIPITADO,A,POSITIVO,2026-07-14,2027-07-14,TRANSFUNDIDO,9,368
984,BL-000984,CRIOPRECIPITADO,A,POSITIVO,2026-07-14,2027-07-14,TRANSFUNDIDO,3,482
985,BL-000985,CRIOPRECIPITADO,A,POSITIVO,2026-07-14,2027-07-14,TRANSFUNDIDO,4,602
986,BL-000986,HEMACIAS,O,POSITIVO,2026-07-15,2026-08-19,TRANSFUNDIDO,5,184
987,BL-000987,HEMACIAS,O,POSITIVO,2026-07-15,2026-08-19,TRANSFUNDIDO,3,196
988,BL-000988,HEMACIAS,B,POSITIVO,2026-07-15,2026-08-19,TRANSFUNDIDO,5,200
989,BL-000989,HEMACIAS,B,POSITIVO,2026-07-15,2026-08-19,TRANSFUNDIDO,3,204
990,BL-000990,HEMACIAS,AB,POSITIVO,2026-07-15,2026-08-19,TRANSFUNDIDO,4,239
991,BL-000991,HEMACIAS,O,POSITIVO,2026-07-15,2026-08-19,TRANSFUNDIDO,9,274
992,BL-000992,HEMACIAS,O,POSITIVO,2026-07-15,2026-08-19,TRANSFUNDIDO,3,278
993,BL-000993,HEMACIAS,A,POSITIVO,2026-07-15,2026-08-19,TRANSFUNDIDO,4,311
994,BL-000994,HEMACIAS,A,NEGATIVO,2026-07-15,2026-08-19,TRANSFUNDIDO,5,352
995,BL-000995,HEMACIAS,O,POSITIVO,2026-07-15,2026-08-19,TRANSFUNDIDO,5,354
996,BL-000996,HEMACIAS,A,POSITIVO,2026-07-15,2026-08-19,TRANSFUNDIDO,4,359
997,BL-000997,HEMACIAS,O,NEGATIVO,2026-07-15,2026-08-19,TRANSFUNDIDO,5,360
998,BL-000998,HEMACIAS,A,POSITIVO,2026-07-15,2026-08-19,TRANSFUNDIDO,7,361
999,BL-000999,HEMACIAS,O,POSITIVO,2026-07-15,2026-08-19,TRANSFUNDIDO,6,369
1000,BL-001000,HEMACIAS,A,POSITIVO,2026-07-15,2026-08-19,TRANSFUNDIDO,4,401
1001,BL-001001,HEMACIAS,B,POSITIVO,2026-07-15,2026-08-19,TRANSFUNDIDO,9,426
1002,BL-001002,HEMACIAS,A,POSITIVO,2026-07-15,2026-08-19,TRANSFUNDIDO,10,457
1003,BL-001003,HEMACIAS,O,POSITIVO,2026-07-15,2026-08-19,TRANSFUNDIDO,3,477
1004,BL-001004,HEMACIAS,A,POSITIVO,2026-07-15,2026-08-19,TRANSFUNDIDO,9,479
1005,BL-001005,HEMACIAS,AB,POSITIVO,2026-07-15,2026-08-19,TRANSFUNDIDO,7,521
1006,BL-001006,HEMACIAS,A,POSITIVO,2026-07-15,2026-08-19,TRANSFUNDIDO,6,526
1007,BL-001007,HEMACIAS,O,POSITIVO,2026-07-15,2026-08-19,TRANSFUNDIDO,4,545
1008,BL-001008,HEMACIAS,AB,POSITIVO,2026-07-15,2026-08-19,TRANSFUNDIDO,3,554
1009,BL-001009,HEMACIAS,O,NEGATIVO,2026-07-15,2026-08-19,TRANSFUNDIDO,3,605
1010,BL-001010,HEMACIAS,O,NEGATIVO,2026-07-15,2026-08-19,TRANSFUNDIDO,10,617
1011,BL-001011,PLASMA,A,POSITIVO,2026-07-15,2027-07-15,TRANSFUNDIDO,4,381
1012,BL-001012,PLASMA,B,POSITIVO,2026-07-15,2027-07-15,TRANSFUNDIDO,4,403
1013,BL-001013,PLASMA,O,POSITIVO,2026-07-15,2027-07-15,TRANSFUNDIDO,8,416
1014,BL-001014,PLASMA,A,NEGATIVO,2026-07-15,2027-07-15,DESCARTADO,1,
1015,BL-001015,PLAQUETAS,A,POSITIVO,2026-07-15,2026-07-20,TRANSFUNDIDO,6,207
1016,BL-001016,PLAQUETAS,O,POSITIVO,2026-07-15,2026-07-20,TRANSFUNDIDO,5,248
1017,BL-001017,CRIOPRECIPITADO,A,POSITIVO,2026-07-15,2027-07-15,TRANSFUNDIDO,8,301
1018,BL-001018,CRIOPRECIPITADO,O,NEGATIVO,2026-07-15,2027-07-15,TRANSFUNDIDO,3,307
1019,BL-001019,CRIOPRECIPITADO,O,NEGATIVO,2026-07-15,2027-07-15,TRANSFUNDIDO,3,348
1020,BL-001020,CRIOPRECIPITADO,B,NEGATIVO,2026-07-15,2027-07-15,TRANSFUNDIDO,3,366
1021,BL-001021,CRIOPRECIPITADO,A,POSITIVO,2026-07-15,2027-07-15,TRANSFUNDIDO,9,368
1022,BL-001022,CRIOPRECIPITADO,A,POSITIVO,2026-07-15,2027-07-15,TRANSFUNDIDO,6,419
1023,BL-001023,CRIOPRECIPITADO,O,POSITIVO,2026-07-15,2027-07-15,TRANSFUNDIDO,6,498
1024,BL-001024,CRIOPRECIPITADO,O,POSITIVO,2026-07-15,2027-07-15,TRANSFUNDIDO,9,524
1025,BL-001025,CRIOPRECIPITADO,O,POSITIVO,2026-07-15,2027-07-15,TRANSFUNDIDO,9,524
1026,BL-001026,CRIOPRECIPITADO,A,POSITIVO,2026-07-15,2027-07-15,TRANSFUNDIDO,6,555
1027,BL-001027,CRIOPRECIPITADO,A,POSITIVO,2026-07-15,2027-07-15,DESCARTADO,2,
1028,BL-001028,HEMACIAS,O,POSITIVO,2026-07-16,2026-08-20,TRANSFUNDIDO,4,202
1029,BL-001029,HEMACIAS,A,POSITIVO,2026-07-16,2026-08-20,TRANSFUNDIDO,3,214
1030,BL-001030,HEMACIAS,A,POSITIVO,2026-07-16,2026-08-20,TRANSFUNDIDO,4,227
1031,BL-001031,HEMACIAS,A,POSITIVO,2026-07-16,2026-08-20,TRANSFUNDIDO,6,256
1032,BL-001032,HEMACIAS,A,POSITIVO,2026-07-16,2026-08-20,TRANSFUNDIDO,6,257
1033,BL-001033,HEMACIAS,O,NEGATIVO,2026-07-16,2026-08-20,TRANSFUNDIDO,6,270
1034,BL-001034,HEMACIAS,O,POSITIVO,2026-07-16,2026-08-20,TRANSFUNDIDO,6,272
1035,BL-001035,HEMACIAS,A,POSITIVO,2026-07-16,2026-08-20,TRANSFUNDIDO,10,308
1036,BL-001036,HEMACIAS,O,POSITIVO,2026-07-16,2026-08-20,TRANSFUNDIDO,4,314
1037,BL-001037,HEMACIAS,O,POSITIVO,2026-07-16,2026-08-20,TRANSFUNDIDO,8,324
1038,BL-001038,HEMACIAS,B,NEGATIVO,2026-07-16,2026-08-20,TRANSFUNDIDO,8,324
1039,BL-001039,HEMACIAS,A,NEGATIVO,2026-07-16,2026-08-20,TRANSFUNDIDO,5,352
1040,BL-001040,HEMACIAS,B,NEGATIVO,2026-07-16,2026-08-20,TRANSFUNDIDO,5,360
1041,BL-001041,HEMACIAS,B,POSITIVO,2026-07-16,2026-08-20,TRANSFUNDIDO,4,364
1042,BL-001042,HEMACIAS,O,NEGATIVO,2026-07-16,2026-08-20,TRANSFUNDIDO,4,402
1043,BL-001043,HEMACIAS,O,NEGATIVO,2026-07-16,2026-08-20,TRANSFUNDIDO,9,408
1044,BL-001044,HEMACIAS,O,POSITIVO,2026-07-16,2026-08-20,TRANSFUNDIDO,5,427
1045,BL-001045,HEMACIAS,O,POSITIVO,2026-07-16,2026-08-20,TRANSFUNDIDO,3,449
1046,BL-001046,HEMACIAS,O,POSITIVO,2026-07-16,2026-08-20,TRANSFUNDIDO,9,491
1047,BL-001047,HEMACIAS,A,NEGATIVO,2026-07-16,2026-08-20,TRANSFUNDIDO,5,508
1048,BL-001048,HEMACIAS,O,NEGATIVO,2026-07-16,2026-08-20,TRANSFUNDIDO,3,513
1049,BL-001049,HEMACIAS,A,NEGATIVO,2026-07-16,2026-08-20,TRANSFUNDIDO,6,577
1050,BL-001050,HEMACIAS,O,POSITIVO,2026-07-16,2026-08-20,DESCARTADO,1,
1051,BL-001051,PLASMA,A,POSITIVO,2026-07-16,2027-07-16,TRANSFUNDIDO,4,451
1052,BL-001052,PLASMA,A,POSITIVO,2026-07-16,2027-07-16,TRANSFUNDIDO,3,474
1053,BL-001053,PLAQUETAS,O,POSITIVO,2026-07-16,2026-07-21,TRANSFUNDIDO,10,233
1054,BL-001054,PLAQUETAS,O,POSITIVO,2026-07-16,2026-07-21,TRANSFUNDIDO,10,233
1055,BL-001055,PLAQUETAS,A,POSITIVO,2026-07-16,2026-07-21,TRANSFUNDIDO,4,236
1056,BL-001056,PLAQUETAS,O,POSITIVO,2026-07-16,2026-07-21,TRANSFUNDIDO,10,242
1057,BL-001057,PLAQUETAS,O,POSITIVO,2026-07-16,2026-07-21,TRANSFUNDIDO,9,243
1058,BL-001058,CRIOPRECIPITADO,O,POSITIVO,2026-07-16,2027-07-16,TRANSFUNDIDO,3,281
1059,BL-001059,CRIOPRECIPITADO,A,POSITIVO,2026-07-16,2027-07-16,TRANSFUNDIDO,6,289
1060,BL-001060,CRIOPRECIPITADO,O,NEGATIVO,2026-07-16,2027-07-16,TRANSFUNDIDO,6,289
1061,BL-001061,CRIOPRECIPITADO,A,POSITIVO,2026-07-16,2027-07-16,TRANSFUNDIDO,6,289
1062,BL-001062,CRIOPRECIPITADO,B,POSITIVO,2026-07-16,2027-07-16,TRANSFUNDIDO,4,290
1063,BL-001063,CRIOPRECIPITADO,O,NEGATIVO,2026-07-16,2027-07-16,TRANSFUNDIDO,3,348
1064,BL-001064,CRIOPRECIPITADO,O,NEGATIVO,2026-07-16,2027-07-16,TRANSFUNDIDO,3,348
1065,BL-001065,CRIOPRECIPITADO,A,POSITIVO,2026-07-16,2027-07-16,TRANSFUNDIDO,6,419
1066,BL-001066,CRIOPRECIPITADO,O,NEGATIVO,2026-07-16,2027-07-16,TRANSFUNDIDO,3,458
1067,BL-001067,CRIOPRECIPITADO,O,NEGATIVO,2026-07-16,2027-07-16,TRANSFUNDIDO,3,458
1068,BL-001068,CRIOPRECIPITADO,A,POSITIVO,2026-07-16,2027-07-16,TRANSFUNDIDO,4,488
1069,BL-001069,CRIOPRECIPITADO,O,POSITIVO,2026-07-16,2027-07-16,TRANSFUNDIDO,3,511
1070,BL-001070,CRIOPRECIPITADO,O,POSITIVO,2026-07-16,2027-07-16,TRANSFUNDIDO,8,629
1071,BL-001071,CRIOPRECIPITADO,A,POSITIVO,2026-07-16,2027-07-16,DISPONIVEL,1,
1072,BL-001072,HEMACIAS,O,POSITIVO,2026-07-17,2026-08-21,TRANSFUNDIDO,4,216
1073,BL-001073,HEMACIAS,O,NEGATIVO,2026-07-17,2026-08-21,TRANSFUNDIDO,3,218
1074,BL-001074,HEMACIAS,O,POSITIVO,2026-07-17,2026-08-21,TRANSFUNDIDO,4,246
1075,BL-001075,HEMACIAS,O,NEGATIVO,2026-07-17,2026-08-21,TRANSFUNDIDO,3,282
1076,BL-001076,HEMACIAS,O,POSITIVO,2026-07-17,2026-08-21,TRANSFUNDIDO,9,299
1077,BL-001077,HEMACIAS,B,NEGATIVO,2026-07-17,2026-08-21,TRANSFUNDIDO,3,300
1078,BL-001078,HEMACIAS,A,POSITIVO,2026-07-17,2026-08-21,TRANSFUNDIDO,4,311
1079,BL-001079,HEMACIAS,B,POSITIVO,2026-07-17,2026-08-21,TRANSFUNDIDO,8,324
1080,BL-001080,HEMACIAS,A,POSITIVO,2026-07-17,2026-08-21,TRANSFUNDIDO,9,326
1081,BL-001081,HEMACIAS,B,POSITIVO,2026-07-17,2026-08-21,TRANSFUNDIDO,7,327
1082,BL-001082,HEMACIAS,O,NEGATIVO,2026-07-17,2026-08-21,TRANSFUNDIDO,6,339
1083,BL-001083,HEMACIAS,A,POSITIVO,2026-07-17,2026-08-21,TRANSFUNDIDO,10,344
1084,BL-001084,HEMACIAS,O,NEGATIVO,2026-07-17,2026-08-21,TRANSFUNDIDO,7,346
1085,BL-001085,HEMACIAS,O,POSITIVO,2026-07-17,2026-08-21,TRANSFUNDIDO,6,369
1086,BL-001086,HEMACIAS,A,POSITIVO,2026-07-17,2026-08-21,TRANSFUNDIDO,10,370
1087,BL-001087,HEMACIAS,A,POSITIVO,2026-07-17,2026-08-21,TRANSFUNDIDO,9,385
1088,BL-001088,HEMACIAS,B,POSITIVO,2026-07-17,2026-08-21,TRANSFUNDIDO,4,402
1089,BL-001089,HEMACIAS,O,NEGATIVO,2026-07-17,2026-08-21,TRANSFUNDIDO,5,427
1090,BL-001090,HEMACIAS,A,NEGATIVO,2026-07-17,2026-08-21,TRANSFUNDIDO,9,444
1091,BL-001091,HEMACIAS,O,NEGATIVO,2026-07-17,2026-08-21,TRANSFUNDIDO,6,486
1092,BL-001092,HEMACIAS,O,POSITIVO,2026-07-17,2026-08-21,TRANSFUNDIDO,7,489
1093,BL-001093,HEMACIAS,O,POSITIVO,2026-07-17,2026-08-21,TRANSFUNDIDO,3,513
1094,BL-001094,HEMACIAS,O,POSITIVO,2026-07-17,2026-08-21,TRANSFUNDIDO,7,514
1095,BL-001095,HEMACIAS,A,NEGATIVO,2026-07-17,2026-08-21,TRANSFUNDIDO,6,530
1096,BL-001096,HEMACIAS,A,NEGATIVO,2026-07-17,2026-08-21,TRANSFUNDIDO,3,564
1097,BL-001097,HEMACIAS,A,POSITIVO,2026-07-17,2026-08-21,TRANSFUNDIDO,5,569
1098,BL-001098,HEMACIAS,A,POSITIVO,2026-07-17,2026-08-21,TRANSFUNDIDO,8,585
1099,BL-001099,HEMACIAS,O,POSITIVO,2026-07-17,2026-08-21,TRANSFUNDIDO,10,593
1100,BL-001100,HEMACIAS,O,POSITIVO,2026-07-17,2026-08-21,TRANSFUNDIDO,9,594
1101,BL-001101,HEMACIAS,O,POSITIVO,2026-07-17,2026-08-21,TRANSFUNDIDO,4,604
1102,BL-001102,HEMACIAS,O,NEGATIVO,2026-07-17,2026-08-21,TRANSFUNDIDO,3,605
1103,BL-001103,HEMACIAS,O,POSITIVO,2026-07-17,2026-08-21,DESCARTADO,1,
1104,BL-001104,PLASMA,O,POSITIVO,2026-07-17,2027-07-17,TRANSFUNDIDO,5,283
1105,BL-001105,PLASMA,O,POSITIVO,2026-07-17,2027-07-17,TRANSFUNDIDO,4,351
1106,BL-001106,PLASMA,A,POSITIVO,2026-07-17,2027-07-17,TRANSFUNDIDO,9,518
1107,BL-001107,PLASMA,O,POSITIVO,2026-07-17,2027-07-17,TRANSFUNDIDO,9,525
1108,BL-001108,PLASMA,A,POSITIVO,2026-07-17,2027-07-17,TRANSFUNDIDO,3,561
1109,BL-001109,PLASMA,O,POSITIVO,2026-07-17,2027-07-17,TRANSFUNDIDO,9,579
1110,BL-001110,PLASMA,A,POSITIVO,2026-07-17,2027-07-17,DISPONIVEL,1,
1111,BL-001111,PLAQUETAS,A,POSITIVO,2026-07-17,2026-07-22,TRANSFUNDIDO,4,236
1112,BL-001112,PLAQUETAS,O,NEGATIVO,2026-07-17,2026-07-22,TRANSFUNDIDO,5,248
1113,BL-001113,CRIOPRECIPITADO,A,NEGATIVO,2026-07-17,2027-07-17,TRANSFUNDIDO,3,287
1114,BL-001114,CRIOPRECIPITADO,A,POSITIVO,2026-07-17,2027-07-17,TRANSFUNDIDO,3,482
1115,BL-001115,CRIOPRECIPITADO,A,POSITIVO,2026-07-17,2027-07-17,TRANSFUNDIDO,4,587
1116,BL-001116,CRIOPRECIPITADO,A,POSITIVO,2026-07-17,2027-07-17,DESCARTADO,2,
1117,BL-001117,HEMACIAS,O,POSITIVO,2026-07-18,2026-08-22,TRANSFUNDIDO,9,255
1118,BL-001118,HEMACIAS,O,NEGATIVO,2026-07-18,2026-08-22,TRANSFUNDIDO,9,261
1119,BL-001119,HEMACIAS,A,POSITIVO,2026-07-18,2026-08-22,TRANSFUNDIDO,3,280
1120,BL-001120,HEMACIAS,O,POSITIVO,2026-07-18,2026-08-22,TRANSFUNDIDO,4,329
1121,BL-001121,HEMACIAS,A,POSITIVO,2026-07-18,2026-08-22,TRANSFUNDIDO,5,333
1122,BL-001122,HEMACIAS,O,POSITIVO,2026-07-18,2026-08-22,TRANSFUNDIDO,4,364
1123,BL-001123,HEMACIAS,O,POSITIVO,2026-07-18,2026-08-22,TRANSFUNDIDO,4,393
1124,BL-001124,HEMACIAS,A,NEGATIVO,2026-07-18,2026-08-22,TRANSFUNDIDO,4,401
1125,BL-001125,HEMACIAS,O,POSITIVO,2026-07-18,2026-08-22,TRANSFUNDIDO,3,433
1126,BL-001126,HEMACIAS,A,POSITIVO,2026-07-18,2026-08-22,TRANSFUNDIDO,3,443
1127,BL-001127,HEMACIAS,O,POSITIVO,2026-07-18,2026-08-22,TRANSFUNDIDO,6,445
1128,BL-001128,HEMACIAS,O,POSITIVO,2026-07-18,2026-08-22,TRANSFUNDIDO,3,483
1129,BL-001129,HEMACIAS,O,POSITIVO,2026-07-18,2026-08-22,TRANSFUNDIDO,9,491
1130,BL-001130,HEMACIAS,O,NEGATIVO,2026-07-18,2026-08-22,TRANSFUNDIDO,10,493
1131,BL-001131,HEMACIAS,A,POSITIVO,2026-07-18,2026-08-22,TRANSFUNDIDO,5,497
1132,BL-001132,HEMACIAS,B,POSITIVO,2026-07-18,2026-08-22,TRANSFUNDIDO,3,507
1133,BL-001133,HEMACIAS,A,POSITIVO,2026-07-18,2026-08-22,TRANSFUNDIDO,3,516
1134,BL-001134,HEMACIAS,A,NEGATIVO,2026-07-18,2026-08-22,TRANSFUNDIDO,6,530
1135,BL-001135,HEMACIAS,A,POSITIVO,2026-07-18,2026-08-22,TRANSFUNDIDO,10,551
1136,BL-001136,HEMACIAS,A,POSITIVO,2026-07-18,2026-08-22,TRANSFUNDIDO,10,559
1137,BL-001137,HEMACIAS,O,POSITIVO,2026-07-18,2026-08-22,TRANSFUNDIDO,8,560
1138,BL-001138,HEMACIAS,B,POSITIVO,2026-07-18,2026-08-22,TRANSFUNDIDO,3,583
1139,BL-001139,HEMACIAS,A,POSITIVO,2026-07-18,2026-08-22,TRANSFUNDIDO,3,596
1140,BL-001140,HEMACIAS,O,POSITIVO,2026-07-18,2026-08-22,TRANSFUNDIDO,4,610
1141,BL-001141,HEMACIAS,O,NEGATIVO,2026-07-18,2026-08-22,TRANSFUNDIDO,8,619
1142,BL-001142,HEMACIAS,O,POSITIVO,2026-07-18,2026-08-22,TRANSFUNDIDO,4,633
1143,BL-001143,HEMACIAS,A,NEGATIVO,2026-07-18,2026-08-22,TRANSFUNDIDO,8,637
1144,BL-001144,HEMACIAS,B,POSITIVO,2026-07-18,2026-08-22,TRANSFUNDIDO,3,640
1145,BL-001145,HEMACIAS,AB,POSITIVO,2026-07-18,2026-08-22,TRANSFUNDIDO,5,666
1146,BL-001146,HEMACIAS,A,POSITIVO,2026-07-18,2026-08-22,DESCARTADO,1,
1147,BL-001147,HEMACIAS,O,NEGATIVO,2026-07-18,2026-08-22,DESCARTADO,1,
1148,BL-001148,HEMACIAS,A,POSITIVO,2026-07-18,2026-08-22,DESCARTADO,2,
1149,BL-001149,PLASMA,O,POSITIVO,2026-07-18,2027-07-18,TRANSFUNDIDO,4,351
1150,BL-001150,PLASMA,O,POSITIVO,2026-07-18,2027-07-18,TRANSFUNDIDO,5,390
1151,BL-001151,PLASMA,A,POSITIVO,2026-07-18,2027-07-18,TRANSFUNDIDO,7,447
1152,BL-001152,PLASMA,O,POSITIVO,2026-07-18,2027-07-18,DESCARTADO,2,
1153,BL-001153,PLAQUETAS,O,POSITIVO,2026-07-18,2026-07-23,TRANSFUNDIDO,10,242
1154,BL-001154,PLAQUETAS,O,POSITIVO,2026-07-18,2026-07-23,TRANSFUNDIDO,3,268
1155,BL-001155,PLAQUETAS,B,POSITIVO,2026-07-18,2026-07-23,TRANSFUNDIDO,5,276
1156,BL-001156,PLAQUETAS,O,POSITIVO,2026-07-18,2026-07-23,TRANSFUNDIDO,4,277
1157,BL-001157,PLAQUETAS,A,POSITIVO,2026-07-18,2026-07-23,TRANSFUNDIDO,9,303
1158,BL-001158,PLAQUETAS,A,POSITIVO,2026-07-18,2026-07-23,DESCARTADO,1,
1159,BL-001159,CRIOPRECIPITADO,A,POSITIVO,2026-07-18,2027-07-18,TRANSFUNDIDO,3,307
1160,BL-001160,CRIOPRECIPITADO,A,POSITIVO,2026-07-18,2027-07-18,TRANSFUNDIDO,9,368
1161,BL-001161,CRIOPRECIPITADO,A,POSITIVO,2026-07-18,2027-07-18,TRANSFUNDIDO,5,410
1162,BL-001162,CRIOPRECIPITADO,O,POSITIVO,2026-07-18,2027-07-18,TRANSFUNDIDO,10,455
1163,BL-001163,CRIOPRECIPITADO,A,POSITIVO,2026-07-18,2027-07-18,TRANSFUNDIDO,6,555
1164,BL-001164,CRIOPRECIPITADO,O,POSITIVO,2026-07-18,2027-07-18,TRANSFUNDIDO,8,629
1165,BL-001165,CRIOPRECIPITADO,A,POSITIVO,2026-07-18,2027-07-18,DISPONIVEL,1,
1166,BL-001166,CRIOPRECIPITADO,B,NEGATIVO,2026-07-18,2027-07-18,DESCARTADO,1,
1167,BL-001167,HEMACIAS,O,POSITIVO,2026-07-19,2026-08-23,TRANSFUNDIDO,9,299
1168,BL-001168,HEMACIAS,O,POSITIVO,2026-07-19,2026-08-23,TRANSFUNDIDO,3,322
1169,BL-001169,HEMACIAS,A,POSITIVO,2026-07-19,2026-08-23,TRANSFUNDIDO,9,331
1170,BL-001170,HEMACIAS,O,NEGATIVO,2026-07-19,2026-08-23,TRANSFUNDIDO,5,335
1171,BL-001171,HEMACIAS,O,POSITIVO,2026-07-19,2026-08-23,TRANSFUNDIDO,10,343
1172,BL-001172,HEMACIAS,A,POSITIVO,2026-07-19,2026-08-23,TRANSFUNDIDO,10,344
1173,BL-001173,HEMACIAS,O,POSITIVO,2026-07-19,2026-08-23,TRANSFUNDIDO,10,355
1174,BL-001174,HEMACIAS,B,NEGATIVO,2026-07-19,2026-08-23,TRANSFUNDIDO,5,360
1175,BL-001175,HEMACIAS,O,POSITIVO,2026-07-19,2026-08-23,TRANSFUNDIDO,3,429
1176,BL-001176,HEMACIAS,A,POSITIVO,2026-07-19,2026-08-23,TRANSFUNDIDO,6,440
1177,BL-001177,HEMACIAS,O,POSITIVO,2026-07-19,2026-08-23,TRANSFUNDIDO,9,442
1178,BL-001178,HEMACIAS,B,POSITIVO,2026-07-19,2026-08-23,TRANSFUNDIDO,3,450
1179,BL-001179,HEMACIAS,A,POSITIVO,2026-07-19,2026-08-23,TRANSFUNDIDO,10,452
1180,BL-001180,HEMACIAS,O,POSITIVO,2026-07-19,2026-08-23,TRANSFUNDIDO,10,504
1181,BL-001181,HEMACIAS,O,POSITIVO,2026-07-19,2026-08-23,TRANSFUNDIDO,7,514
1182,BL-001182,HEMACIAS,O,NEGATIVO,2026-07-19,2026-08-23,TRANSFUNDIDO,4,515
1183,BL-001183,HEMACIAS,B,POSITIVO,2026-07-19,2026-08-23,TRANSFUNDIDO,5,528
1184,BL-001184,HEMACIAS,O,POSITIVO,2026-07-19,2026-08-23,TRANSFUNDIDO,4,552
1185,BL-001185,HEMACIAS,A,POSITIVO,2026-07-19,2026-08-23,TRANSFUNDIDO,5,569
1186,BL-001186,HEMACIAS,A,POSITIVO,2026-07-19,2026-08-23,TRANSFUNDIDO,5,569
1187,BL-001187,HEMACIAS,O,POSITIVO,2026-07-19,2026-08-23,DESCARTADO,1,
1188,BL-001188,HEMACIAS,A,POSITIVO,2026-07-19,2026-08-23,DESCARTADO,2,
1189,BL-001189,HEMACIAS,O,POSITIVO,2026-07-19,2026-08-23,DESCARTADO,2,
1190,BL-001190,PLASMA,A,POSITIVO,2026-07-19,2027-07-19,TRANSFUNDIDO,9,525
1191,BL-001191,PLASMA,A,POSITIVO,2026-07-19,2027-07-19,DESCARTADO,2,
1192,BL-001192,PLAQUETAS,O,POSITIVO,2026-07-19,2026-07-24,TRANSFUNDIDO,4,264
1193,BL-001193,PLAQUETAS,A,POSITIVO,2026-07-19,2026-07-24,TRANSFUNDIDO,3,317
1194,BL-001194,PLAQUETAS,O,POSITIVO,2026-07-19,2026-07-24,DESCARTADO,1,
1195,BL-001195,CRIOPRECIPITADO,O,POSITIVO,2026-07-19,2027-07-19,TRANSFUNDIDO,3,281
1196,BL-001196,CRIOPRECIPITADO,O,POSITIVO,2026-07-19,2027-07-19,TRANSFUNDIDO,5,353
1197,BL-001197,CRIOPRECIPITADO,A,POSITIVO,2026-07-19,2027-07-19,TRANSFUNDIDO,3,470
1198,BL-001198,CRIOPRECIPITADO,A,POSITIVO,2026-07-19,2027-07-19,TRANSFUNDIDO,4,488
1199,BL-001199,CRIOPRECIPITADO,O,POSITIVO,2026-07-19,2027-07-19,TRANSFUNDIDO,9,524
1200,BL-001200,CRIOPRECIPITADO,O,NEGATIVO,2026-07-19,2027-07-19,TRANSFUNDIDO,6,529
1201,BL-001201,CRIOPRECIPITADO,A,POSITIVO,2026-07-19,2027-07-19,DESCARTADO,1,
1202,BL-001202,HEMACIAS,A,POSITIVO,2026-07-20,2026-08-24,TRANSFUNDIDO,5,288
1203,BL-001203,HEMACIAS,O,POSITIVO,2026-07-20,2026-08-24,TRANSFUNDIDO,9,336
1204,BL-001204,HEMACIAS,O,POSITIVO,2026-07-20,2026-08-24,TRANSFUNDIDO,7,349
1205,BL-001205,HEMACIAS,O,POSITIVO,2026-07-20,2026-08-24,TRANSFUNDIDO,6,388
1206,BL-001206,HEMACIAS,B,POSITIVO,2026-07-20,2026-08-24,TRANSFUNDIDO,4,414
1207,BL-001207,HEMACIAS,B,POSITIVO,2026-07-20,2026-08-24,TRANSFUNDIDO,3,417
1208,BL-001208,HEMACIAS,O,NEGATIVO,2026-07-20,2026-08-24,TRANSFUNDIDO,8,446
1209,BL-001209,HEMACIAS,O,POSITIVO,2026-07-20,2026-08-24,TRANSFUNDIDO,3,477
1210,BL-001210,HEMACIAS,A,POSITIVO,2026-07-20,2026-08-24,TRANSFUNDIDO,10,484
1211,BL-001211,HEMACIAS,O,POSITIVO,2026-07-20,2026-08-24,TRANSFUNDIDO,7,494
1212,BL-001212,HEMACIAS,O,NEGATIVO,2026-07-20,2026-08-24,TRANSFUNDIDO,4,515
1213,BL-001213,HEMACIAS,A,POSITIVO,2026-07-20,2026-08-24,TRANSFUNDIDO,3,565
1214,BL-001214,HEMACIAS,O,POSITIVO,2026-07-20,2026-08-24,TRANSFUNDIDO,5,571
1215,BL-001215,HEMACIAS,O,POSITIVO,2026-07-20,2026-08-24,TRANSFUNDIDO,9,594
1216,BL-001216,HEMACIAS,O,POSITIVO,2026-07-20,2026-08-24,TRANSFUNDIDO,4,633
1217,BL-001217,HEMACIAS,A,POSITIVO,2026-07-20,2026-08-24,TRANSFUNDIDO,3,650
1218,BL-001218,HEMACIAS,O,POSITIVO,2026-07-20,2026-08-24,TRANSFUNDIDO,4,668
1219,BL-001219,HEMACIAS,A,POSITIVO,2026-07-20,2026-08-24,DESCARTADO,1,
1220,BL-001220,HEMACIAS,O,POSITIVO,2026-07-20,2026-08-24,DESCARTADO,1,
1221,BL-001221,HEMACIAS,O,POSITIVO,2026-07-20,2026-08-24,DESCARTADO,1,
1222,BL-001222,HEMACIAS,O,POSITIVO,2026-07-20,2026-08-24,DESCARTADO,1,
1223,BL-001223,PLASMA,A,POSITIVO,2026-07-20,2027-07-20,TRANSFUNDIDO,9,525
1224,BL-001224,PLASMA,O,NEGATIVO,2026-07-20,2027-07-20,TRANSFUNDIDO,10,615
1225,BL-001225,PLASMA,O,POSITIVO,2026-07-20,2027-07-20,DISPONIVEL,2,
1226,BL-001226,PLASMA,O,POSITIVO,2026-07-20,2027-07-20,DESCARTADO,1,
1227,BL-001227,PLASMA,O,POSITIVO,2026-07-20,2027-07-20,DESCARTADO,1,
1228,BL-001228,PLAQUETAS,O,POSITIVO,2026-07-20,2026-07-25,TRANSFUNDIDO,3,268
1229,BL-001229,PLAQUETAS,O,POSITIVO,2026-07-20,2026-07-25,TRANSFUNDIDO,4,295
1230,BL-001230,PLAQUETAS,O,NEGATIVO,2026-07-20,2026-07-25,TRANSFUNDIDO,9,296
1231,BL-001231,PLAQUETAS,A,POSITIVO,2026-07-20,2026-07-25,TRANSFUNDIDO,9,296
1232,BL-001232,PLAQUETAS,O,NEGATIVO,2026-07-20,2026-07-25,TRANSFUNDIDO,3,317
1233,BL-001233,CRIOPRECIPITADO,A,NEGATIVO,2026-07-20,2027-07-20,TRANSFUNDIDO,3,287
1234,BL-001234,CRIOPRECIPITADO,O,POSITIVO,2026-07-20,2027-07-20,TRANSFUNDIDO,4,323
1235,BL-001235,CRIOPRECIPITADO,O,POSITIVO,2026-07-20,2027-07-20,TRANSFUNDIDO,3,458
1236,BL-001236,CRIOPRECIPITADO,A,POSITIVO,2026-07-20,2027-07-20,TRANSFUNDIDO,6,555
1237,BL-001237,CRIOPRECIPITADO,O,POSITIVO,2026-07-20,2027-07-20,TRANSFUNDIDO,8,629
1238,BL-001238,CRIOPRECIPITADO,A,NEGATIVO,2026-07-20,2027-07-20,DISPONIVEL,1,
1239,BL-001239,HEMACIAS,B,POSITIVO,2026-07-21,2026-08-25,TRANSFUNDIDO,5,279
1240,BL-001240,HEMACIAS,O,POSITIVO,2026-07-21,2026-08-25,TRANSFUNDIDO,3,325
1241,BL-001241,HEMACIAS,O,POSITIVO,2026-07-21,2026-08-25,TRANSFUNDIDO,7,372
1242,BL-001242,HEMACIAS,A,POSITIVO,2026-07-21,2026-08-25,TRANSFUNDIDO,9,408
1243,BL-001243,HEMACIAS,A,NEGATIVO,2026-07-21,2026-08-25,TRANSFUNDIDO,9,413
1244,BL-001244,HEMACIAS,A,POSITIVO,2026-07-21,2026-08-25,TRANSFUNDIDO,10,457
1245,BL-001245,HEMACIAS,A,POSITIVO,2026-07-21,2026-08-25,TRANSFUNDIDO,5,497
1246,BL-001246,HEMACIAS,A,POSITIVO,2026-07-21,2026-08-25,TRANSFUNDIDO,5,508
1247,BL-001247,HEMACIAS,O,POSITIVO,2026-07-21,2026-08-25,TRANSFUNDIDO,3,573
1248,BL-001248,HEMACIAS,A,POSITIVO,2026-07-21,2026-08-25,TRANSFUNDIDO,7,611
1249,BL-001249,HEMACIAS,O,POSITIVO,2026-07-21,2026-08-25,TRANSFUNDIDO,6,626
1250,BL-001250,HEMACIAS,A,POSITIVO,2026-07-21,2026-08-25,TRANSFUNDIDO,10,649
1251,BL-001251,HEMACIAS,O,POSITIVO,2026-07-21,2026-08-25,TRANSFUNDIDO,6,682
1252,BL-001252,HEMACIAS,O,NEGATIVO,2026-07-21,2026-08-25,TRANSFUNDIDO,9,693
1253,BL-001253,HEMACIAS,A,POSITIVO,2026-07-21,2026-08-25,TRANSFUNDIDO,4,715
1254,BL-001254,HEMACIAS,AB,POSITIVO,2026-07-21,2026-08-25,DESCARTADO,2,
1255,BL-001255,HEMACIAS,O,POSITIVO,2026-07-21,2026-08-25,DESCARTADO,1,
1256,BL-001256,HEMACIAS,O,NEGATIVO,2026-07-21,2026-08-25,DESCARTADO,1,
1257,BL-001257,PLAQUETAS,O,POSITIVO,2026-07-21,2026-07-26,TRANSFUNDIDO,3,268
1258,BL-001258,PLAQUETAS,O,POSITIVO,2026-07-21,2026-07-26,TRANSFUNDIDO,10,271
1259,BL-001259,PLAQUETAS,A,NEGATIVO,2026-07-21,2026-07-26,TRANSFUNDIDO,6,273
1260,BL-001260,PLAQUETAS,A,POSITIVO,2026-07-21,2026-07-26,TRANSFUNDIDO,9,296
1261,BL-001261,PLAQUETAS,O,NEGATIVO,2026-07-21,2026-07-26,TRANSFUNDIDO,4,306
1262,BL-001262,PLAQUETAS,O,NEGATIVO,2026-07-21,2026-07-26,TRANSFUNDIDO,4,306
1263,BL-001263,CRIOPRECIPITADO,A,POSITIVO,2026-07-21,2027-07-21,TRANSFUNDIDO,8,301
1264,BL-001264,CRIOPRECIPITADO,O,POSITIVO,2026-07-21,2027-07-21,TRANSFUNDIDO,10,409
1265,BL-001265,CRIOPRECIPITADO,A,POSITIVO,2026-07-21,2027-07-21,TRANSFUNDIDO,5,410
1266,BL-001266,CRIOPRECIPITADO,O,POSITIVO,2026-07-21,2027-07-21,TRANSFUNDIDO,9,524
1267,BL-001267,CRIOPRECIPITADO,O,NEGATIVO,2026-07-21,2027-07-21,TRANSFUNDIDO,6,529
1268,BL-001268,CRIOPRECIPITADO,O,NEGATIVO,2026-07-21,2027-07-21,TRANSFUNDIDO,6,529
1269,BL-001269,CRIOPRECIPITADO,O,POSITIVO,2026-07-21,2027-07-21,TRANSFUNDIDO,3,667
1270,BL-001270,CRIOPRECIPITADO,O,POSITIVO,2026-07-21,2027-07-21,DISPONIVEL,2,
1271,BL-001271,HEMACIAS,A,POSITIVO,2026-07-22,2026-08-26,TRANSFUNDIDO,9,298
1272,BL-001272,HEMACIAS,A,NEGATIVO,2026-07-22,2026-08-26,TRANSFUNDIDO,4,304
1273,BL-001273,HEMACIAS,A,POSITIVO,2026-07-22,2026-08-26,TRANSFUNDIDO,4,350
1274,BL-001274,HEMACIAS,B,POSITIVO,2026-07-22,2026-08-26,TRANSFUNDIDO,4,414
1275,BL-001275,HEMACIAS,O,POSITIVO,2026-07-22,2026-08-26,TRANSFUNDIDO,3,449
1276,BL-001276,HEMACIAS,O,NEGATIVO,2026-07-22,2026-08-26,TRANSFUNDIDO,6,486
1277,BL-001277,HEMACIAS,O,POSITIVO,2026-07-22,2026-08-26,TRANSFUNDIDO,9,491
1278,BL-001278,HEMACIAS,O,POSITIVO,2026-07-22,2026-08-26,TRANSFUNDIDO,3,519
1279,BL-001279,HEMACIAS,A,POSITIVO,2026-07-22,2026-08-26,TRANSFUNDIDO,3,565
1280,BL-001280,HEMACIAS,O,POSITIVO,2026-07-22,2026-08-26,TRANSFUNDIDO,10,593
1281,BL-001281,HEMACIAS,A,POSITIVO,2026-07-22,2026-08-26,TRANSFUNDIDO,7,611
1282,BL-001282,HEMACIAS,O,POSITIVO,2026-07-22,2026-08-26,TRANSFUNDIDO,4,633
1283,BL-001283,HEMACIAS,A,NEGATIVO,2026-07-22,2026-08-26,TRANSFUNDIDO,5,655
1284,BL-001284,HEMACIAS,O,POSITIVO,2026-07-22,2026-08-26,TRANSFUNDIDO,9,661
1285,BL-001285,HEMACIAS,A,POSITIVO,2026-07-22,2026-08-26,TRANSFUNDIDO,6,685
1286,BL-001286,HEMACIAS,O,POSITIVO,2026-07-22,2026-08-26,TRANSFUNDIDO,7,701
1287,BL-001287,HEMACIAS,O,NEGATIVO,2026-07-22,2026-08-26,TRANSFUNDIDO,7,703
1288,BL-001288,HEMACIAS,A,POSITIVO,2026-07-22,2026-08-26,TRANSFUNDIDO,4,715
1289,BL-001289,HEMACIAS,O,POSITIVO,2026-07-22,2026-08-26,TRANSFUNDIDO,7,723
1290,BL-001290,HEMACIAS,A,POSITIVO,2026-07-22,2026-08-26,TRANSFUNDIDO,7,731
1291,BL-001291,HEMACIAS,O,POSITIVO,2026-07-22,2026-08-26,DESCARTADO,1,
1292,BL-001292,HEMACIAS,B,NEGATIVO,2026-07-22,2026-08-26,DESCARTADO,2,
1293,BL-001293,HEMACIAS,O,POSITIVO,2026-07-22,2026-08-26,DESCARTADO,1,
1294,BL-001294,PLASMA,B,POSITIVO,2026-07-22,2027-07-22,TRANSFUNDIDO,4,291
1295,BL-001295,PLASMA,A,POSITIVO,2026-07-22,2027-07-22,TRANSFUNDIDO,3,612
1296,BL-001296,PLASMA,A,POSITIVO,2026-07-22,2027-07-22,TRANSFUNDIDO,6,694
1297,BL-001297,PLASMA,A,POSITIVO,2026-07-22,2027-07-22,TRANSFUNDIDO,4,707
1298,BL-001298,PLASMA,O,POSITIVO,2026-07-22,2027-07-22,DISPONIVEL,2,
1299,BL-001299,PLASMA,O,POSITIVO,2026-07-22,2027-07-22,DESCARTADO,1,
1300,BL-001300,PLAQUETAS,A,POSITIVO,2026-07-22,2026-07-27,TRANSFUNDIDO,3,317
1301,BL-001301,PLAQUETAS,A,POSITIVO,2026-07-22,2026-07-27,DESCARTADO,1,
1302,BL-001302,PLAQUETAS,A,NEGATIVO,2026-07-22,2026-07-27,DESCARTADO,1,
1303,BL-001303,CRIOPRECIPITADO,A,POSITIVO,2026-07-22,2027-07-22,TRANSFUNDIDO,8,301
1304,BL-001304,CRIOPRECIPITADO,O,NEGATIVO,2026-07-22,2027-07-22,TRANSFUNDIDO,5,313
1305,BL-001305,CRIOPRECIPITADO,B,NEGATIVO,2026-07-22,2027-07-22,TRANSFUNDIDO,3,366
1306,BL-001306,CRIOPRECIPITADO,O,POSITIVO,2026-07-22,2027-07-22,TRANSFUNDIDO,10,409
1307,BL-001307,CRIOPRECIPITADO,A,POSITIVO,2026-07-22,2027-07-22,TRANSFUNDIDO,6,419
1308,BL-001308,CRIOPRECIPITADO,O,POSITIVO,2026-07-22,2027-07-22,TRANSFUNDIDO,3,511
1309,BL-001309,CRIOPRECIPITADO,O,NEGATIVO,2026-07-22,2027-07-22,TRANSFUNDIDO,6,529
1310,BL-001310,CRIOPRECIPITADO,A,POSITIVO,2026-07-22,2027-07-22,TRANSFUNDIDO,4,587
1311,BL-001311,CRIOPRECIPITADO,A,POSITIVO,2026-07-22,2027-07-22,TRANSFUNDIDO,4,587
1312,BL-001312,CRIOPRECIPITADO,O,POSITIVO,2026-07-22,2027-07-22,TRANSFUNDIDO,9,598
1313,BL-001313,CRIOPRECIPITADO,A,POSITIVO,2026-07-22,2027-07-22,TRANSFUNDIDO,9,600
1314,BL-001314,CRIOPRECIPITADO,A,POSITIVO,2026-07-22,2027-07-22,TRANSFUNDIDO,10,714
1315,BL-001315,CRIOPRECIPITADO,A,POSITIVO,2026-07-22,2027-07-22,TRANSFUNDIDO,3,725
1316,BL-001316,HEMACIAS,O,POSITIVO,2026-07-23,2026-08-27,TRANSFUNDIDO,3,325
1317,BL-001317,HEMACIAS,O,POSITIVO,2026-07-23,2026-08-27,TRANSFUNDIDO,7,349
1318,BL-001318,HEMACIAS,B,POSITIVO,2026-07-23,2026-08-27,TRANSFUNDIDO,4,414
1319,BL-001319,HEMACIAS,O,POSITIVO,2026-07-23,2026-08-27,TRANSFUNDIDO,6,423
1320,BL-001320,HEMACIAS,O,POSITIVO,2026-07-23,2026-08-27,TRANSFUNDIDO,6,445
1321,BL-001321,HEMACIAS,O,POSITIVO,2026-07-23,2026-08-27,TRANSFUNDIDO,10,493
1322,BL-001322,HEMACIAS,O,POSITIVO,2026-07-23,2026-08-27,TRANSFUNDIDO,4,552
1323,BL-001323,HEMACIAS,O,POSITIVO,2026-07-23,2026-08-27,TRANSFUNDIDO,6,557
1324,BL-001324,HEMACIAS,O,POSITIVO,2026-07-23,2026-08-27,TRANSFUNDIDO,4,578
1325,BL-001325,HEMACIAS,A,NEGATIVO,2026-07-23,2026-08-27,TRANSFUNDIDO,6,586
1326,BL-001326,HEMACIAS,A,POSITIVO,2026-07-23,2026-08-27,TRANSFUNDIDO,7,611
1327,BL-001327,HEMACIAS,B,POSITIVO,2026-07-23,2026-08-27,TRANSFUNDIDO,9,618
1328,BL-001328,HEMACIAS,O,POSITIVO,2026-07-23,2026-08-27,TRANSFUNDIDO,6,647
1329,BL-001329,HEMACIAS,A,POSITIVO,2026-07-23,2026-08-27,TRANSFUNDIDO,6,648
1330,BL-001330,HEMACIAS,A,POSITIVO,2026-07-23,2026-08-27,TRANSFUNDIDO,4,657
1331,BL-001331,HEMACIAS,O,POSITIVO,2026-07-23,2026-08-27,TRANSFUNDIDO,4,668
1332,BL-001332,HEMACIAS,O,POSITIVO,2026-07-23,2026-08-27,TRANSFUNDIDO,3,710
1333,BL-001333,HEMACIAS,A,POSITIVO,2026-07-23,2026-08-27,TRANSFUNDIDO,4,715
1334,BL-001334,HEMACIAS,A,POSITIVO,2026-07-23,2026-08-27,TRANSFUNDIDO,7,731
1335,BL-001335,HEMACIAS,A,POSITIVO,2026-07-23,2026-08-27,TRANSFUNDIDO,7,731
1336,BL-001336,HEMACIAS,O,POSITIVO,2026-07-23,2026-08-27,TRANSFUNDIDO,3,749
1337,BL-001337,HEMACIAS,O,POSITIVO,2026-07-23,2026-08-27,DESCARTADO,1,
1338,BL-001338,HEMACIAS,A,POSITIVO,2026-07-23,2026-08-27,DESCARTADO,2,
1339,BL-001339,HEMACIAS,A,POSITIVO,2026-07-23,2026-08-27,DESCARTADO,1,
1340,BL-001340,PLASMA,O,POSITIVO,2026-07-23,2027-07-23,TRANSFUNDIDO,7,371
1341,BL-001341,PLASMA,B,POSITIVO,2026-07-23,2027-07-23,TRANSFUNDIDO,3,437
1342,BL-001342,PLASMA,A,POSITIVO,2026-07-23,2027-07-23,TRANSFUNDIDO,5,471
1343,BL-001343,PLASMA,B,POSITIVO,2026-07-23,2027-07-23,TRANSFUNDIDO,10,542
1344,BL-001344,PLASMA,A,POSITIVO,2026-07-23,2027-07-23,TRANSFUNDIDO,9,607
1345,BL-001345,PLASMA,A,POSITIVO,2026-07-23,2027-07-23,TRANSFUNDIDO,9,607
1346,BL-001346,PLASMA,A,POSITIVO,2026-07-23,2027-07-23,TRANSFUNDIDO,5,620
1347,BL-001347,PLASMA,O,POSITIVO,2026-07-23,2027-07-23,TRANSFUNDIDO,8,688
1348,BL-001348,PLASMA,A,POSITIVO,2026-07-23,2027-07-23,TRANSFUNDIDO,4,707
1349,BL-001349,PLASMA,AB,POSITIVO,2026-07-23,2027-07-23,TRANSFUNDIDO,4,718
1350,BL-001350,PLASMA,A,POSITIVO,2026-07-23,2027-07-23,TRANSFUNDIDO,6,743
1351,BL-001351,PLASMA,A,POSITIVO,2026-07-23,2027-07-23,DISPONIVEL,1,
1352,BL-001352,PLASMA,A,POSITIVO,2026-07-23,2027-07-23,DISPONIVEL,1,
1353,BL-001353,PLASMA,AB,POSITIVO,2026-07-23,2027-07-23,DESCARTADO,2,
1354,BL-001354,PLASMA,A,POSITIVO,2026-07-23,2027-07-23,DESCARTADO,1,
1355,BL-001355,PLAQUETAS,A,POSITIVO,2026-07-23,2026-07-28,TRANSFUNDIDO,3,365
1356,BL-001356,PLAQUETAS,A,POSITIVO,2026-07-23,2026-07-28,DESCARTADO,1,
1357,BL-001357,CRIOPRECIPITADO,O,POSITIVO,2026-07-23,2027-07-23,TRANSFUNDIDO,10,367
1358,BL-001358,CRIOPRECIPITADO,A,POSITIVO,2026-07-23,2027-07-23,TRANSFUNDIDO,3,470
1359,BL-001359,CRIOPRECIPITADO,A,POSITIVO,2026-07-23,2027-07-23,TRANSFUNDIDO,3,482
1360,BL-001360,CRIOPRECIPITADO,O,POSITIVO,2026-07-23,2027-07-23,TRANSFUNDIDO,4,488
1361,BL-001361,CRIOPRECIPITADO,O,POSITIVO,2026-07-23,2027-07-23,TRANSFUNDIDO,6,498
1362,BL-001362,HEMACIAS,O,NEGATIVO,2026-07-24,2026-08-28,TRANSFUNDIDO,6,339
1363,BL-001363,HEMACIAS,A,POSITIVO,2026-07-24,2026-08-28,TRANSFUNDIDO,7,346
1364,BL-001364,HEMACIAS,A,NEGATIVO,2026-07-24,2026-08-28,TRANSFUNDIDO,4,357
1365,BL-001365,HEMACIAS,A,POSITIVO,2026-07-24,2026-08-28,TRANSFUNDIDO,10,380
1366,BL-001366,HEMACIAS,A,POSITIVO,2026-07-24,2026-08-28,TRANSFUNDIDO,9,408
1367,BL-001367,HEMACIAS,O,POSITIVO,2026-07-24,2026-08-28,TRANSFUNDIDO,5,427
1368,BL-001368,HEMACIAS,O,POSITIVO,2026-07-24,2026-08-28,TRANSFUNDIDO,3,436
1369,BL-001369,HEMACIAS,O,POSITIVO,2026-07-24,2026-08-28,TRANSFUNDIDO,9,442
1370,BL-001370,HEMACIAS,O,POSITIVO,2026-07-24,2026-08-28,TRANSFUNDIDO,7,489
1371,BL-001371,HEMACIAS,A,POSITIVO,2026-07-24,2026-08-28,TRANSFUNDIDO,9,502
1372,BL-001372,HEMACIAS,O,POSITIVO,2026-07-24,2026-08-28,TRANSFUNDIDO,3,519
1373,BL-001373,HEMACIAS,O,NEGATIVO,2026-07-24,2026-08-28,TRANSFUNDIDO,10,567
1374,BL-001374,HEMACIAS,B,POSITIVO,2026-07-24,2026-08-28,TRANSFUNDIDO,3,583
1375,BL-001375,HEMACIAS,A,NEGATIVO,2026-07-24,2026-08-28,TRANSFUNDIDO,3,606
1376,BL-001376,HEMACIAS,O,NEGATIVO,2026-07-24,2026-08-28,TRANSFUNDIDO,8,619
1377,BL-001377,HEMACIAS,O,POSITIVO,2026-07-24,2026-08-28,TRANSFUNDIDO,5,652
1378,BL-001378,HEMACIAS,A,POSITIVO,2026-07-24,2026-08-28,TRANSFUNDIDO,4,674
1379,BL-001379,HEMACIAS,A,POSITIVO,2026-07-24,2026-08-28,TRANSFUNDIDO,5,678
1380,BL-001380,HEMACIAS,O,POSITIVO,2026-07-24,2026-08-28,TRANSFUNDIDO,5,679
1381,BL-001381,HEMACIAS,A,POSITIVO,2026-07-24,2026-08-28,TRANSFUNDIDO,5,692
1382,BL-001382,HEMACIAS,B,POSITIVO,2026-07-24,2026-08-28,TRANSFUNDIDO,8,729
1383,BL-001383,HEMACIAS,A,POSITIVO,2026-07-24,2026-08-28,DESCARTADO,2,
1384,BL-001384,HEMACIAS,O,NEGATIVO,2026-07-24,2026-08-28,DESCARTADO,2,
1385,BL-001385,HEMACIAS,B,POSITIVO,2026-07-24,2026-08-28,DESCARTADO,1,
1386,BL-001386,HEMACIAS,O,POSITIVO,2026-07-24,2026-08-28,DESCARTADO,2,
1387,BL-001387,PLASMA,O,POSITIVO,2026-07-24,2027-07-24,TRANSFUNDIDO,3,437
1388,BL-001388,PLASMA,A,POSITIVO,2026-07-24,2027-07-24,TRANSFUNDIDO,8,527
1389,BL-001389,PLASMA,B,POSITIVO,2026-07-24,2027-07-24,TRANSFUNDIDO,5,635
1390,BL-001390,PLASMA,B,POSITIVO,2026-07-24,2027-07-24,TRANSFUNDIDO,3,673
1391,BL-001391,PLASMA,O,POSITIVO,2026-07-24,2027-07-24,TRANSFUNDIDO,8,688
1392,BL-001392,PLASMA,A,POSITIVO,2026-07-24,2027-07-24,TRANSFUNDIDO,4,698
1393,BL-001393,PLASMA,A,POSITIVO,2026-07-24,2027-07-24,DISPONIVEL,1,
1394,BL-001394,PLASMA,A,POSITIVO,2026-07-24,2027-07-24,DISPONIVEL,2,
1395,BL-001395,PLAQUETAS,O,POSITIVO,2026-07-24,2026-07-29,TRANSFUNDIDO,4,356
1396,BL-001396,PLAQUETAS,O,NEGATIVO,2026-07-24,2026-07-29,TRANSFUNDIDO,4,358
1397,BL-001397,PLAQUETAS,A,POSITIVO,2026-07-24,2026-07-29,TRANSFUNDIDO,3,365
1398,BL-001398,PLAQUETAS,B,NEGATIVO,2026-07-24,2026-07-29,TRANSFUNDIDO,5,375
1399,BL-001399,PLAQUETAS,O,NEGATIVO,2026-07-24,2026-07-29,TRANSFUNDIDO,9,378
1400,BL-001400,PLAQUETAS,O,POSITIVO,2026-07-24,2026-07-29,TRANSFUNDIDO,3,382
1401,BL-001401,PLAQUETAS,O,POSITIVO,2026-07-24,2026-07-29,TRANSFUNDIDO,3,382
1402,BL-001402,PLAQUETAS,O,POSITIVO,2026-07-24,2026-07-29,TRANSFUNDIDO,4,383
1403,BL-001403,PLAQUETAS,A,POSITIVO,2026-07-24,2026-07-29,DESCARTADO,1,
1404,BL-001404,CRIOPRECIPITADO,B,NEGATIVO,2026-07-24,2027-07-24,TRANSFUNDIDO,3,366
1405,BL-001405,CRIOPRECIPITADO,A,POSITIVO,2026-07-24,2027-07-24,TRANSFUNDIDO,9,368
1406,BL-001406,CRIOPRECIPITADO,O,NEGATIVO,2026-07-24,2027-07-24,TRANSFUNDIDO,3,376
1407,BL-001407,CRIOPRECIPITADO,O,POSITIVO,2026-07-24,2027-07-24,TRANSFUNDIDO,6,498
1408,BL-001408,CRIOPRECIPITADO,B,POSITIVO,2026-07-24,2027-07-24,TRANSFUNDIDO,9,613
1409,BL-001409,CRIOPRECIPITADO,O,POSITIVO,2026-07-24,2027-07-24,TRANSFUNDIDO,8,629
1410,BL-001410,CRIOPRECIPITADO,A,POSITIVO,2026-07-24,2027-07-24,TRANSFUNDIDO,10,714
1411,BL-001411,CRIOPRECIPITADO,A,POSITIVO,2026-07-24,2027-07-24,TRANSFUNDIDO,6,752
1412,BL-001412,HEMACIAS,O,POSITIVO,2026-07-25,2026-08-29,TRANSFUNDIDO,6,369
1413,BL-001413,HEMACIAS,O,NEGATIVO,2026-07-25,2026-08-29,TRANSFUNDIDO,3,430
1414,BL-001414,HEMACIAS,A,POSITIVO,2026-07-25,2026-08-29,TRANSFUNDIDO,3,430
1415,BL-001415,HEMACIAS,O,POSITIVO,2026-07-25,2026-08-29,TRANSFUNDIDO,8,438
1416,BL-001416,HEMACIAS,B,POSITIVO,2026-07-25,2026-08-29,TRANSFUNDIDO,9,459
1417,BL-001417,HEMACIAS,A,POSITIVO,2026-07-25,2026-08-29,TRANSFUNDIDO,4,480
1418,BL-001418,HEMACIAS,O,POSITIVO,2026-07-25,2026-08-29,TRANSFUNDIDO,10,504
1419,BL-001419,HEMACIAS,B,POSITIVO,2026-07-25,2026-08-29,TRANSFUNDIDO,4,505
1420,BL-001420,HEMACIAS,O,POSITIVO,2026-07-25,2026-08-29,TRANSFUNDIDO,3,517
1421,BL-001421,HEMACIAS,O,NEGATIVO,2026-07-25,2026-08-29,TRANSFUNDIDO,9,544
1422,BL-001422,HEMACIAS,A,POSITIVO,2026-07-25,2026-08-29,TRANSFUNDIDO,10,551
1423,BL-001423,HEMACIAS,O,POSITIVO,2026-07-25,2026-08-29,TRANSFUNDIDO,4,552
1424,BL-001424,HEMACIAS,O,POSITIVO,2026-07-25,2026-08-29,TRANSFUNDIDO,3,573
1425,BL-001425,HEMACIAS,AB,POSITIVO,2026-07-25,2026-08-29,TRANSFUNDIDO,6,634
1426,BL-001426,HEMACIAS,O,POSITIVO,2026-07-25,2026-08-29,TRANSFUNDIDO,6,636
1427,BL-001427,HEMACIAS,A,POSITIVO,2026-07-25,2026-08-29,TRANSFUNDIDO,6,648
1428,BL-001428,HEMACIAS,A,NEGATIVO,2026-07-25,2026-08-29,TRANSFUNDIDO,8,656
1429,BL-001429,HEMACIAS,A,POSITIVO,2026-07-25,2026-08-29,TRANSFUNDIDO,4,657
1430,BL-001430,HEMACIAS,A,POSITIVO,2026-07-25,2026-08-29,TRANSFUNDIDO,3,687
1431,BL-001431,HEMACIAS,O,NEGATIVO,2026-07-25,2026-08-29,TRANSFUNDIDO,9,693
1432,BL-001432,HEMACIAS,A,POSITIVO,2026-07-25,2026-08-29,TRANSFUNDIDO,7,695
1433,BL-001433,HEMACIAS,A,POSITIVO,2026-07-25,2026-08-29,TRANSFUNDIDO,8,700
1434,BL-001434,HEMACIAS,O,NEGATIVO,2026-07-25,2026-08-29,TRANSFUNDIDO,3,706
1435,BL-001435,HEMACIAS,O,POSITIVO,2026-07-25,2026-08-29,DESCARTADO,1,
1436,BL-001436,HEMACIAS,A,POSITIVO,2026-07-25,2026-08-29,DESCARTADO,1,
1437,BL-001437,PLASMA,B,POSITIVO,2026-07-25,2027-07-25,TRANSFUNDIDO,4,403
1438,BL-001438,PLASMA,O,POSITIVO,2026-07-25,2027-07-25,TRANSFUNDIDO,8,431
1439,BL-001439,PLASMA,AB,POSITIVO,2026-07-25,2027-07-25,TRANSFUNDIDO,3,549
1440,BL-001440,PLASMA,B,POSITIVO,2026-07-25,2027-07-25,TRANSFUNDIDO,3,673
1441,BL-001441,PLASMA,A,POSITIVO,2026-07-25,2027-07-25,TRANSFUNDIDO,4,707
1442,BL-001442,PLASMA,AB,POSITIVO,2026-07-25,2027-07-25,TRANSFUNDIDO,4,718
1443,BL-001443,PLASMA,O,NEGATIVO,2026-07-25,2027-07-25,DISPONIVEL,2,
1444,BL-001444,PLAQUETAS,O,POSITIVO,2026-07-25,2026-07-30,TRANSFUNDIDO,4,356
1445,BL-001445,PLAQUETAS,O,NEGATIVO,2026-07-25,2026-07-30,TRANSFUNDIDO,9,378
1446,BL-001446,PLAQUETAS,O,POSITIVO,2026-07-25,2026-07-30,TRANSFUNDIDO,4,383
1447,BL-001447,PLAQUETAS,O,POSITIVO,2026-07-25,2026-07-30,TRANSFUNDIDO,4,383
1448,BL-001448,PLAQUETAS,O,POSITIVO,2026-07-25,2026-07-30,TRANSFUNDIDO,5,398
1449,BL-001449,PLAQUETAS,O,POSITIVO,2026-07-25,2026-07-30,TRANSFUNDIDO,9,404
1450,BL-001450,PLAQUETAS,O,POSITIVO,2026-07-25,2026-07-30,DESCARTADO,1,
1451,BL-001451,CRIOPRECIPITADO,O,POSITIVO,2026-07-25,2027-07-25,TRANSFUNDIDO,10,367
1452,BL-001452,CRIOPRECIPITADO,O,NEGATIVO,2026-07-25,2027-07-25,TRANSFUNDIDO,6,529
1453,BL-001453,CRIOPRECIPITADO,A,POSITIVO,2026-07-25,2027-07-25,TRANSFUNDIDO,4,587
1454,BL-001454,CRIOPRECIPITADO,A,POSITIVO,2026-07-25,2027-07-25,TRANSFUNDIDO,9,600
1455,BL-001455,CRIOPRECIPITADO,O,POSITIVO,2026-07-25,2027-07-25,TRANSFUNDIDO,8,629
1456,BL-001456,CRIOPRECIPITADO,O,POSITIVO,2026-07-25,2027-07-25,TRANSFUNDIDO,3,667
1457,BL-001457,CRIOPRECIPITADO,A,NEGATIVO,2026-07-25,2027-07-25,DISPONIVEL,1,
1458,BL-001458,HEMACIAS,A,POSITIVO,2026-07-26,2026-08-30,TRANSFUNDIDO,3,420
1459,BL-001459,HEMACIAS,O,POSITIVO,2026-07-26,2026-08-30,TRANSFUNDIDO,3,436
1460,BL-001460,HEMACIAS,A,NEGATIVO,2026-07-26,2026-08-30,TRANSFUNDIDO,3,465
1461,BL-001461,HEMACIAS,A,POSITIVO,2026-07-26,2026-08-30,TRANSFUNDIDO,9,479
1462,BL-001462,HEMACIAS,A,POSITIVO,2026-07-26,2026-08-30,TRANSFUNDIDO,9,479
1463,BL-001463,HEMACIAS,O,POSITIVO,2026-07-26,2026-08-30,TRANSFUNDIDO,5,580
1464,BL-001464,HEMACIAS,O,NEGATIVO,2026-07-26,2026-08-30,TRANSFUNDIDO,3,605
1465,BL-001465,HEMACIAS,A,POSITIVO,2026-07-26,2026-08-30,TRANSFUNDIDO,6,621
1466,BL-001466,HEMACIAS,A,POSITIVO,2026-07-26,2026-08-30,TRANSFUNDIDO,4,674
1467,BL-001467,HEMACIAS,O,POSITIVO,2026-07-26,2026-08-30,TRANSFUNDIDO,5,711
1468,BL-001468,HEMACIAS,O,NEGATIVO,2026-07-26,2026-08-30,TRANSFUNDIDO,3,720
1469,BL-001469,HEMACIAS,O,POSITIVO,2026-07-26,2026-08-30,TRANSFUNDIDO,5,728
1470,BL-001470,HEMACIAS,B,POSITIVO,2026-07-26,2026-08-30,TRANSFUNDIDO,10,750
1471,BL-001471,HEMACIAS,A,POSITIVO,2026-07-26,2026-08-30,TRANSFUNDIDO,7,768
1472,BL-001472,HEMACIAS,A,POSITIVO,2026-07-26,2026-08-30,TRANSFUNDIDO,6,775
1473,BL-001473,HEMACIAS,O,NEGATIVO,2026-07-26,2026-08-30,TRANSFUNDIDO,3,778
1474,BL-001474,HEMACIAS,A,POSITIVO,2026-07-26,2026-08-30,TRANSFUNDIDO,7,793
1475,BL-001475,HEMACIAS,A,POSITIVO,2026-07-26,2026-08-30,DESCARTADO,1,
1476,BL-001476,PLASMA,O,NEGATIVO,2026-07-26,2027-07-26,TRANSFUNDIDO,7,371
1477,BL-001477,PLASMA,A,NEGATIVO,2026-07-26,2027-07-26,TRANSFUNDIDO,4,591
1478,BL-001478,PLASMA,O,NEGATIVO,2026-07-26,2027-07-26,TRANSFUNDIDO,4,591
1479,BL-001479,PLASMA,O,POSITIVO,2026-07-26,2027-07-26,TRANSFUNDIDO,6,743
1480,BL-001480,PLASMA,A,NEGATIVO,2026-07-26,2027-07-26,DISPONIVEL,1,
1481,BL-001481,PLAQUETAS,O,POSITIVO,2026-07-26,2026-07-31,TRANSFUNDIDO,3,377
1482,BL-001482,PLAQUETAS,O,POSITIVO,2026-07-26,2026-07-31,TRANSFUNDIDO,3,377
1483,BL-001483,PLAQUETAS,A,NEGATIVO,2026-07-26,2026-07-31,TRANSFUNDIDO,3,392
1484,BL-001484,PLAQUETAS,A,NEGATIVO,2026-07-26,2026-07-31,TRANSFUNDIDO,3,392
1485,BL-001485,PLAQUETAS,O,POSITIVO,2026-07-26,2026-07-31,TRANSFUNDIDO,10,394
1486,BL-001486,PLAQUETAS,O,NEGATIVO,2026-07-26,2026-07-31,TRANSFUNDIDO,5,418
1487,BL-001487,CRIOPRECIPITADO,O,POSITIVO,2026-07-26,2027-07-26,TRANSFUNDIDO,10,409
1488,BL-001488,CRIOPRECIPITADO,O,POSITIVO,2026-07-26,2027-07-26,TRANSFUNDIDO,10,455
1489,BL-001489,CRIOPRECIPITADO,O,POSITIVO,2026-07-26,2027-07-26,TRANSFUNDIDO,9,524
1490,BL-001490,CRIOPRECIPITADO,A,POSITIVO,2026-07-26,2027-07-26,TRANSFUNDIDO,10,714
1491,BL-001491,CRIOPRECIPITADO,A,POSITIVO,2026-07-26,2027-07-26,TRANSFUNDIDO,6,752
1492,BL-001492,CRIOPRECIPITADO,O,NEGATIVO,2026-07-26,2027-07-26,TRANSFUNDIDO,3,754
1493,BL-001493,HEMACIAS,A,POSITIVO,2026-07-27,2026-08-31,TRANSFUNDIDO,4,411
1494,BL-001494,HEMACIAS,A,POSITIVO,2026-07-27,2026-08-31,TRANSFUNDIDO,9,479
1495,BL-001495,HEMACIAS,A,POSITIVO,2026-07-27,2026-08-31,TRANSFUNDIDO,5,497
1496,BL-001496,HEMACIAS,O,POSITIVO,2026-07-27,2026-08-31,TRANSFUNDIDO,7,501
1497,BL-001497,HEMACIAS,O,POSITIVO,2026-07-27,2026-08-31,TRANSFUNDIDO,7,501
1498,BL-001498,HEMACIAS,AB,POSITIVO,2026-07-27,2026-08-31,TRANSFUNDIDO,7,521
1499,BL-001499,HEMACIAS,A,POSITIVO,2026-07-27,2026-08-31,TRANSFUNDIDO,10,576
1500,BL-001500,HEMACIAS,A,POSITIVO,2026-07-27,2026-08-31,TRANSFUNDIDO,4,595
1501,BL-001501,HEMACIAS,A,POSITIVO,2026-07-27,2026-08-31,TRANSFUNDIDO,7,630
1502,BL-001502,HEMACIAS,A,POSITIVO,2026-07-27,2026-08-31,TRANSFUNDIDO,3,639
1503,BL-001503,HEMACIAS,A,POSITIVO,2026-07-27,2026-08-31,TRANSFUNDIDO,6,648
1504,BL-001504,HEMACIAS,O,NEGATIVO,2026-07-27,2026-08-31,TRANSFUNDIDO,5,655
1505,BL-001505,HEMACIAS,A,POSITIVO,2026-07-27,2026-08-31,TRANSFUNDIDO,6,685
1506,BL-001506,HEMACIAS,O,POSITIVO,2026-07-27,2026-08-31,TRANSFUNDIDO,7,695
1507,BL-001507,HEMACIAS,A,POSITIVO,2026-07-27,2026-08-31,TRANSFUNDIDO,6,721
1508,BL-001508,HEMACIAS,A,NEGATIVO,2026-07-27,2026-08-31,TRANSFUNDIDO,3,732
1509,BL-001509,HEMACIAS,B,POSITIVO,2026-07-27,2026-08-31,DESCARTADO,1,
1510,BL-001510,HEMACIAS,B,POSITIVO,2026-07-27,2026-08-31,DESCARTADO,2,
1511,BL-001511,HEMACIAS,O,POSITIVO,2026-07-27,2026-08-31,DESCARTADO,1,
1512,BL-001512,PLASMA,A,NEGATIVO,2026-07-27,2027-07-27,TRANSFUNDIDO,6,391
1513,BL-001513,PLASMA,O,NEGATIVO,2026-07-27,2027-07-27,TRANSFUNDIDO,3,548
1514,BL-001514,PLASMA,AB,POSITIVO,2026-07-27,2027-07-27,TRANSFUNDIDO,3,549
1515,BL-001515,PLASMA,O,NEGATIVO,2026-07-27,2027-07-27,TRANSFUNDIDO,9,684
1516,BL-001516,PLASMA,A,NEGATIVO,2026-07-27,2027-07-27,DISPONIVEL,1,
1517,BL-001517,PLASMA,O,POSITIVO,2026-07-27,2027-07-27,DISPONIVEL,1,
1518,BL-001518,PLASMA,A,POSITIVO,2026-07-27,2027-07-27,DISPONIVEL,2,
1519,BL-001519,PLAQUETAS,A,POSITIVO,2026-07-27,2026-08-01,TRANSFUNDIDO,5,379
1520,BL-001520,PLAQUETAS,A,POSITIVO,2026-07-27,2026-08-01,TRANSFUNDIDO,5,379
1521,BL-001521,PLAQUETAS,O,POSITIVO,2026-07-27,2026-08-01,TRANSFUNDIDO,4,383
1522,BL-001522,PLAQUETAS,O,POSITIVO,2026-07-27,2026-08-01,TRANSFUNDIDO,5,398
1523,BL-001523,PLAQUETAS,A,NEGATIVO,2026-07-27,2026-08-01,TRANSFUNDIDO,7,412
1524,BL-001524,CRIOPRECIPITADO,O,POSITIVO,2026-07-27,2027-07-27,TRANSFUNDIDO,10,367
1525,BL-001525,CRIOPRECIPITADO,O,POSITIVO,2026-07-27,2027-07-27,TRANSFUNDIDO,3,511
1526,BL-001526,CRIOPRECIPITADO,O,POSITIVO,2026-07-27,2027-07-27,TRANSFUNDIDO,3,511
1527,BL-001527,CRIOPRECIPITADO,A,POSITIVO,2026-07-27,2027-07-27,TRANSFUNDIDO,4,602
1528,BL-001528,CRIOPRECIPITADO,O,POSITIVO,2026-07-27,2027-07-27,TRANSFUNDIDO,3,667
1529,BL-001529,CRIOPRECIPITADO,A,POSITIVO,2026-07-27,2027-07-27,TRANSFUNDIDO,6,752
1530,BL-001530,CRIOPRECIPITADO,O,NEGATIVO,2026-07-27,2027-07-27,TRANSFUNDIDO,3,754
1531,BL-001531,CRIOPRECIPITADO,A,NEGATIVO,2026-07-27,2027-07-27,TRANSFUNDIDO,6,804
1532,BL-001532,CRIOPRECIPITADO,A,POSITIVO,2026-07-27,2027-07-27,DISPONIVEL,2,
1533,BL-001533,HEMACIAS,B,POSITIVO,2026-07-28,2026-09-01,TRANSFUNDIDO,6,396
1534,BL-001534,HEMACIAS,O,POSITIVO,2026-07-28,2026-09-01,TRANSFUNDIDO,3,400
1535,BL-001535,HEMACIAS,B,POSITIVO,2026-07-28,2026-09-01,TRANSFUNDIDO,9,426
1536,BL-001536,HEMACIAS,A,POSITIVO,2026-07-28,2026-09-01,TRANSFUNDIDO,3,430
1537,BL-001537,HEMACIAS,O,POSITIVO,2026-07-28,2026-09-01,TRANSFUNDIDO,10,441
1538,BL-001538,HEMACIAS,A,POSITIVO,2026-07-28,2026-09-01,TRANSFUNDIDO,7,495
1539,BL-001539,HEMACIAS,O,NEGATIVO,2026-07-28,2026-09-01,TRANSFUNDIDO,9,544
1540,BL-001540,HEMACIAS,O,POSITIVO,2026-07-28,2026-09-01,TRANSFUNDIDO,6,557
1541,BL-001541,HEMACIAS,A,POSITIVO,2026-07-28,2026-09-01,TRANSFUNDIDO,3,568
1542,BL-001542,HEMACIAS,O,POSITIVO,2026-07-28,2026-09-01,TRANSFUNDIDO,5,571
1543,BL-001543,HEMACIAS,O,POSITIVO,2026-07-28,2026-09-01,TRANSFUNDIDO,4,578
1544,BL-001544,HEMACIAS,A,NEGATIVO,2026-07-28,2026-09-01,TRANSFUNDIDO,4,625
1545,BL-001545,HEMACIAS,A,POSITIVO,2026-07-28,2026-09-01,TRANSFUNDIDO,3,659
1546,BL-001546,HEMACIAS,A,POSITIVO,2026-07-28,2026-09-01,TRANSFUNDIDO,6,660
1547,BL-001547,HEMACIAS,O,NEGATIVO,2026-07-28,2026-09-01,TRANSFUNDIDO,6,685
1548,BL-001548,HEMACIAS,A,POSITIVO,2026-07-28,2026-09-01,TRANSFUNDIDO,3,687
1549,BL-001549,HEMACIAS,O,POSITIVO,2026-07-28,2026-09-01,TRANSFUNDIDO,3,706
1550,BL-001550,HEMACIAS,O,POSITIVO,2026-07-28,2026-09-01,TRANSFUNDIDO,10,738
1551,BL-001551,HEMACIAS,O,NEGATIVO,2026-07-28,2026-09-01,TRANSFUNDIDO,3,762
1552,BL-001552,HEMACIAS,A,POSITIVO,2026-07-28,2026-09-01,TRANSFUNDIDO,3,765
1553,BL-001553,HEMACIAS,A,NEGATIVO,2026-07-28,2026-09-01,TRANSFUNDIDO,8,818
1554,BL-001554,PLASMA,B,POSITIVO,2026-07-28,2027-07-28,TRANSFUNDIDO,6,395
1555,BL-001555,PLASMA,O,POSITIVO,2026-07-28,2027-07-28,TRANSFUNDIDO,8,416
1556,BL-001556,PLASMA,A,POSITIVO,2026-07-28,2027-07-28,TRANSFUNDIDO,3,474
1557,BL-001557,PLASMA,O,POSITIVO,2026-07-28,2027-07-28,TRANSFUNDIDO,3,509
1558,BL-001558,PLASMA,O,NEGATIVO,2026-07-28,2027-07-28,TRANSFUNDIDO,5,553
1559,BL-001559,PLASMA,A,POSITIVO,2026-07-28,2027-07-28,TRANSFUNDIDO,6,776
1560,BL-001560,PLASMA,A,POSITIVO,2026-07-28,2027-07-28,TRANSFUNDIDO,5,807
1561,BL-001561,PLASMA,A,POSITIVO,2026-07-28,2027-07-28,TRANSFUNDIDO,5,807
1562,BL-001562,PLAQUETAS,O,POSITIVO,2026-07-28,2026-08-02,TRANSFUNDIDO,4,383
1563,BL-001563,PLAQUETAS,O,POSITIVO,2026-07-28,2026-08-02,TRANSFUNDIDO,9,399
1564,BL-001564,PLAQUETAS,O,POSITIVO,2026-07-28,2026-08-02,TRANSFUNDIDO,9,399
1565,BL-001565,PLAQUETAS,O,NEGATIVO,2026-07-28,2026-08-02,TRANSFUNDIDO,5,418
1566,BL-001566,PLAQUETAS,A,POSITIVO,2026-07-28,2026-08-02,TRANSFUNDIDO,3,454
1567,BL-001567,CRIOPRECIPITADO,O,POSITIVO,2026-07-28,2027-07-28,TRANSFUNDIDO,10,409
1568,BL-001568,CRIOPRECIPITADO,O,POSITIVO,2026-07-28,2027-07-28,TRANSFUNDIDO,10,455
1569,BL-001569,CRIOPRECIPITADO,O,POSITIVO,2026-07-28,2027-07-28,TRANSFUNDIDO,3,511
1570,BL-001570,CRIOPRECIPITADO,O,POSITIVO,2026-07-28,2027-07-28,TRANSFUNDIDO,9,598
1571,BL-001571,CRIOPRECIPITADO,A,NEGATIVO,2026-07-28,2027-07-28,TRANSFUNDIDO,4,602
1572,BL-001572,CRIOPRECIPITADO,O,POSITIVO,2026-07-28,2027-07-28,TRANSFUNDIDO,8,629
1573,BL-001573,CRIOPRECIPITADO,O,POSITIVO,2026-07-28,2027-07-28,TRANSFUNDIDO,3,667
1574,BL-001574,CRIOPRECIPITADO,A,POSITIVO,2026-07-28,2027-07-28,TRANSFUNDIDO,6,752
1575,BL-001575,HEMACIAS,A,NEGATIVO,2026-07-29,2026-09-02,TRANSFUNDIDO,9,413
1576,BL-001576,HEMACIAS,O,POSITIVO,2026-07-29,2026-09-02,TRANSFUNDIDO,3,433
1577,BL-001577,HEMACIAS,O,NEGATIVO,2026-07-29,2026-09-02,TRANSFUNDIDO,6,486
1578,BL-001578,HEMACIAS,A,POSITIVO,2026-07-29,2026-09-02,TRANSFUNDIDO,7,495
1579,BL-001579,HEMACIAS,A,NEGATIVO,2026-07-29,2026-09-02,TRANSFUNDIDO,9,500
1580,BL-001580,HEMACIAS,A,NEGATIVO,2026-07-29,2026-09-02,TRANSFUNDIDO,6,530
1581,BL-001581,HEMACIAS,A,NEGATIVO,2026-07-29,2026-09-02,TRANSFUNDIDO,3,606
1582,BL-001582,HEMACIAS,A,NEGATIVO,2026-07-29,2026-09-02,TRANSFUNDIDO,5,678
1583,BL-001583,HEMACIAS,A,POSITIVO,2026-07-29,2026-09-02,TRANSFUNDIDO,9,691
1584,BL-001584,HEMACIAS,O,NEGATIVO,2026-07-29,2026-09-02,TRANSFUNDIDO,7,703
1585,BL-001585,HEMACIAS,B,POSITIVO,2026-07-29,2026-09-02,TRANSFUNDIDO,3,713
1586,BL-001586,HEMACIAS,A,POSITIVO,2026-07-29,2026-09-02,TRANSFUNDIDO,6,721
1587,BL-001587,HEMACIAS,O,POSITIVO,2026-07-29,2026-09-02,TRANSFUNDIDO,3,745
1588,BL-001588,HEMACIAS,B,POSITIVO,2026-07-29,2026-09-02,TRANSFUNDIDO,10,750
1589,BL-001589,HEMACIAS,A,POSITIVO,2026-07-29,2026-09-02,TRANSFUNDIDO,5,781
1590,BL-001590,HEMACIAS,O,POSITIVO,2026-07-29,2026-09-02,TRANSFUNDIDO,4,782
1591,BL-001591,HEMACIAS,O,POSITIVO,2026-07-29,2026-09-02,TRANSFUNDIDO,3,825
1592,BL-001592,HEMACIAS,B,POSITIVO,2026-07-29,2026-09-02,DESCARTADO,1,
1593,BL-001593,HEMACIAS,A,POSITIVO,2026-07-29,2026-09-02,DESCARTADO,1,
1594,BL-001594,HEMACIAS,O,POSITIVO,2026-07-29,2026-09-02,DESCARTADO,2,
1595,BL-001595,PLASMA,A,POSITIVO,2026-07-29,2027-07-29,TRANSFUNDIDO,7,447
1596,BL-001596,PLASMA,O,POSITIVO,2026-07-29,2027-07-29,DISPONIVEL,1,
1597,BL-001597,PLASMA,A,POSITIVO,2026-07-29,2027-07-29,DESCARTADO,1,
1598,BL-001598,PLAQUETAS,O,POSITIVO,2026-07-29,2026-08-03,TRANSFUNDIDO,9,399
1599,BL-001599,PLAQUETAS,A,NEGATIVO,2026-07-29,2026-08-03,TRANSFUNDIDO,7,412
1600,BL-001600,PLAQUETAS,A,NEGATIVO,2026-07-29,2026-08-03,TRANSFUNDIDO,7,412
1601,BL-001601,PLAQUETAS,A,POSITIVO,2026-07-29,2026-08-03,TRANSFUNDIDO,3,454
1602,BL-001602,PLAQUETAS,A,POSITIVO,2026-07-29,2026-08-03,TRANSFUNDIDO,3,454
1603,BL-001603,CRIOPRECIPITADO,O,NEGATIVO,2026-07-29,2027-07-29,TRANSFUNDIDO,3,754
1604,BL-001604,CRIOPRECIPITADO,A,NEGATIVO,2026-07-29,2027-07-29,DISPONIVEL,2,
1605,BL-001605,HEMACIAS,A,POSITIVO,2026-07-30,2026-09-03,TRANSFUNDIDO,7,448
1606,BL-001606,HEMACIAS,O,POSITIVO,2026-07-30,2026-09-03,TRANSFUNDIDO,6,463
1607,BL-001607,HEMACIAS,O,POSITIVO,2026-07-30,2026-09-03,TRANSFUNDIDO,3,517
1608,BL-001608,HEMACIAS,A,POSITIVO,2026-07-30,2026-09-03,TRANSFUNDIDO,6,526
1609,BL-001609,HEMACIAS,AB,POSITIVO,2026-07-30,2026-09-03,TRANSFUNDIDO,4,546
1610,BL-001610,HEMACIAS,O,POSITIVO,2026-07-30,2026-09-03,TRANSFUNDIDO,5,563
1611,BL-001611,HEMACIAS,O,POSITIVO,2026-07-30,2026-09-03,TRANSFUNDIDO,4,604
1612,BL-001612,HEMACIAS,O,NEGATIVO,2026-07-30,2026-09-03,TRANSFUNDIDO,4,604
1613,BL-001613,HEMACIAS,O,POSITIVO,2026-07-30,2026-09-03,TRANSFUNDIDO,6,626
1614,BL-001614,HEMACIAS,O,POSITIVO,2026-07-30,2026-09-03,TRANSFUNDIDO,6,647
1615,BL-001615,HEMACIAS,A,POSITIVO,2026-07-30,2026-09-03,TRANSFUNDIDO,3,662
1616,BL-001616,HEMACIAS,A,POSITIVO,2026-07-30,2026-09-03,TRANSFUNDIDO,7,683
1617,BL-001617,HEMACIAS,A,POSITIVO,2026-07-30,2026-09-03,TRANSFUNDIDO,9,691
1618,BL-001618,HEMACIAS,O,POSITIVO,2026-07-30,2026-09-03,TRANSFUNDIDO,3,710
1619,BL-001619,HEMACIAS,O,POSITIVO,2026-07-30,2026-09-03,TRANSFUNDIDO,5,728
1620,BL-001620,HEMACIAS,B,NEGATIVO,2026-07-30,2026-09-03,TRANSFUNDIDO,5,733
1621,BL-001621,HEMACIAS,O,POSITIVO,2026-07-30,2026-09-03,TRANSFUNDIDO,4,782
1622,BL-001622,HEMACIAS,O,NEGATIVO,2026-07-30,2026-09-03,TRANSFUNDIDO,9,789
1623,BL-001623,HEMACIAS,O,POSITIVO,2026-07-30,2026-09-03,TRANSFUNDIDO,6,810
1624,BL-001624,HEMACIAS,O,POSITIVO,2026-07-30,2026-09-03,TRANSFUNDIDO,9,812
1625,BL-001625,HEMACIAS,O,POSITIVO,2026-07-30,2026-09-03,TRANSFUNDIDO,9,845
1626,BL-001626,PLASMA,A,POSITIVO,2026-07-30,2027-07-30,TRANSFUNDIDO,4,675
1627,BL-001627,PLASMA,O,NEGATIVO,2026-07-30,2027-07-30,TRANSFUNDIDO,9,684
1628,BL-001628,PLASMA,O,POSITIVO,2026-07-30,2027-07-30,DISPONIVEL,2,
1629,BL-001629,PLAQUETAS,O,POSITIVO,2026-07-30,2026-08-04,TRANSFUNDIDO,9,456
1630,BL-001630,PLAQUETAS,A,POSITIVO,2026-07-30,2026-08-04,TRANSFUNDIDO,3,475
1631,BL-001631,CRIOPRECIPITADO,O,POSITIVO,2026-07-30,2027-07-30,TRANSFUNDIDO,10,455
1632,BL-001632,CRIOPRECIPITADO,O,POSITIVO,2026-07-30,2027-07-30,TRANSFUNDIDO,3,458
1633,BL-001633,CRIOPRECIPITADO,A,POSITIVO,2026-07-30,2027-07-30,TRANSFUNDIDO,3,482
1634,BL-001634,CRIOPRECIPITADO,O,POSITIVO,2026-07-30,2027-07-30,TRANSFUNDIDO,9,598
1635,BL-001635,CRIOPRECIPITADO,A,NEGATIVO,2026-07-30,2027-07-30,TRANSFUNDIDO,6,804
1636,BL-001636,HEMACIAS,O,POSITIVO,2026-07-31,2026-09-04,TRANSFUNDIDO,3,428
1637,BL-001637,HEMACIAS,O,POSITIVO,2026-07-31,2026-09-04,TRANSFUNDIDO,3,436
1638,BL-001638,HEMACIAS,O,POSITIVO,2026-07-31,2026-09-04,TRANSFUNDIDO,9,442
1639,BL-001639,HEMACIAS,O,POSITIVO,2026-07-31,2026-09-04,TRANSFUNDIDO,10,493
1640,BL-001640,HEMACIAS,O,POSITIVO,2026-07-31,2026-09-04,TRANSFUNDIDO,6,499
1641,BL-001641,HEMACIAS,A,POSITIVO,2026-07-31,2026-09-04,TRANSFUNDIDO,10,551
1642,BL-001642,HEMACIAS,A,POSITIVO,2026-07-31,2026-09-04,TRANSFUNDIDO,10,559
1643,BL-001643,HEMACIAS,A,POSITIVO,2026-07-31,2026-09-04,TRANSFUNDIDO,3,565
1644,BL-001644,HEMACIAS,O,POSITIVO,2026-07-31,2026-09-04,TRANSFUNDIDO,10,582
1645,BL-001645,HEMACIAS,A,POSITIVO,2026-07-31,2026-09-04,TRANSFUNDIDO,7,611
1646,BL-001646,HEMACIAS,A,POSITIVO,2026-07-31,2026-09-04,TRANSFUNDIDO,7,611
1647,BL-001647,HEMACIAS,A,POSITIVO,2026-07-31,2026-09-04,TRANSFUNDIDO,7,630
1648,BL-001648,HEMACIAS,A,POSITIVO,2026-07-31,2026-09-04,TRANSFUNDIDO,3,639
1649,BL-001649,HEMACIAS,A,NEGATIVO,2026-07-31,2026-09-04,TRANSFUNDIDO,3,650
1650,BL-001650,HEMACIAS,O,NEGATIVO,2026-07-31,2026-09-04,TRANSFUNDIDO,9,671
1651,BL-001651,HEMACIAS,O,POSITIVO,2026-07-31,2026-09-04,TRANSFUNDIDO,3,677
1652,BL-001652,HEMACIAS,O,POSITIVO,2026-07-31,2026-09-04,TRANSFUNDIDO,6,682
1653,BL-001653,HEMACIAS,O,POSITIVO,2026-07-31,2026-09-04,TRANSFUNDIDO,9,835
1654,BL-001654,HEMACIAS,O,POSITIVO,2026-07-31,2026-09-04,TRANSFUNDIDO,9,845
1655,BL-001655,HEMACIAS,B,NEGATIVO,2026-07-31,2026-09-04,TRANSFUNDIDO,3,859
1656,BL-001656,HEMACIAS,A,POSITIVO,2026-07-31,2026-09-04,TRANSFUNDIDO,4,860
1657,BL-001657,HEMACIAS,O,POSITIVO,2026-07-31,2026-09-04,DESCARTADO,2,
1658,BL-001658,HEMACIAS,A,POSITIVO,2026-07-31,2026-09-04,DESCARTADO,1,
1659,BL-001659,HEMACIAS,A,POSITIVO,2026-07-31,2026-09-04,DESCARTADO,2,
1660,BL-001660,HEMACIAS,A,POSITIVO,2026-07-31,2026-09-04,DESCARTADO,1,
1661,BL-001661,HEMACIAS,O,POSITIVO,2026-07-31,2026-09-04,DESCARTADO,2,
1662,BL-001662,HEMACIAS,A,POSITIVO,2026-07-31,2026-09-04,DESCARTADO,2,
1663,BL-001663,PLASMA,AB,POSITIVO,2026-07-31,2027-07-31,TRANSFUNDIDO,4,718
1664,BL-001664,PLASMA,O,POSITIVO,2026-07-31,2027-07-31,DESCARTADO,1,
1665,BL-001665,PLAQUETAS,A,NEGATIVO,2026-07-31,2026-08-05,TRANSFUNDIDO,7,461
1666,BL-001666,PLAQUETAS,O,POSITIVO,2026-07-31,2026-08-05,TRANSFUNDIDO,9,473
1667,BL-001667,PLAQUETAS,A,POSITIVO,2026-07-31,2026-08-05,TRANSFUNDIDO,5,492
1668,BL-001668,CRIOPRECIPITADO,A,POSITIVO,2026-07-31,2027-07-31,TRANSFUNDIDO,6,555
1669,BL-001669,CRIOPRECIPITADO,O,NEGATIVO,2026-07-31,2027-07-31,TRANSFUNDIDO,9,613
1670,BL-001670,CRIOPRECIPITADO,O,POSITIVO,2026-07-31,2027-07-31,TRANSFUNDIDO,8,629
1671,BL-001671,CRIOPRECIPITADO,A,NEGATIVO,2026-07-31,2027-07-31,DISPONIVEL,1,
1672,BL-001672,HEMACIAS,B,POSITIVO,2026-08-01,2026-09-05,TRANSFUNDIDO,9,459
1673,BL-001673,HEMACIAS,B,POSITIVO,2026-08-01,2026-09-05,TRANSFUNDIDO,4,485
1674,BL-001674,HEMACIAS,O,NEGATIVO,2026-08-01,2026-09-05,TRANSFUNDIDO,7,489
1675,BL-001675,HEMACIAS,O,POSITIVO,2026-08-01,2026-09-05,TRANSFUNDIDO,7,501
1676,BL-001676,HEMACIAS,O,POSITIVO,2026-08-01,2026-09-05,TRANSFUNDIDO,3,573
1677,BL-001677,HEMACIAS,B,POSITIVO,2026-08-01,2026-09-05,TRANSFUNDIDO,3,583
1678,BL-001678,HEMACIAS,O,POSITIVO,2026-08-01,2026-09-05,TRANSFUNDIDO,5,609
1679,BL-001679,HEMACIAS,O,POSITIVO,2026-08-01,2026-09-05,TRANSFUNDIDO,3,642
1680,BL-001680,HEMACIAS,O,NEGATIVO,2026-08-01,2026-09-05,TRANSFUNDIDO,7,696
1681,BL-001681,HEMACIAS,A,POSITIVO,2026-08-01,2026-09-05,TRANSFUNDIDO,7,731
1682,BL-001682,HEMACIAS,O,POSITIVO,2026-08-01,2026-09-05,TRANSFUNDIDO,10,738
1683,BL-001683,HEMACIAS,O,POSITIVO,2026-08-01,2026-09-05,TRANSFUNDIDO,6,755
1684,BL-001684,HEMACIAS,A,POSITIVO,2026-08-01,2026-09-05,TRANSFUNDIDO,3,758
1685,BL-001685,HEMACIAS,A,POSITIVO,2026-08-01,2026-09-05,TRANSFUNDIDO,6,766
1686,BL-001686,HEMACIAS,O,POSITIVO,2026-08-01,2026-09-05,TRANSFUNDIDO,3,767
1687,BL-001687,HEMACIAS,O,POSITIVO,2026-08-01,2026-09-05,TRANSFUNDIDO,9,771
1688,BL-001688,HEMACIAS,O,POSITIVO,2026-08-01,2026-09-05,TRANSFUNDIDO,10,786
1689,BL-001689,HEMACIAS,A,POSITIVO,2026-08-01,2026-09-05,TRANSFUNDIDO,10,802
1690,BL-001690,HEMACIAS,O,POSITIVO,2026-08-01,2026-09-05,TRANSFUNDIDO,4,805
1691,BL-001691,HEMACIAS,O,POSITIVO,2026-08-01,2026-09-05,TRANSFUNDIDO,3,876
1692,BL-001692,PLASMA,A,POSITIVO,2026-08-01,2027-08-01,TRANSFUNDIDO,3,556
1693,BL-001693,PLASMA,A,POSITIVO,2026-08-01,2027-08-01,TRANSFUNDIDO,3,561
1694,BL-001694,PLASMA,A,POSITIVO,2026-08-01,2027-08-01,TRANSFUNDIDO,9,869
1695,BL-001695,PLASMA,A,POSITIVO,2026-08-01,2027-08-01,DESCARTADO,1,
1696,BL-001696,PLAQUETAS,A,POSITIVO,2026-08-01,2026-08-06,TRANSFUNDIDO,3,454
1697,BL-001697,PLAQUETAS,O,POSITIVO,2026-08-01,2026-08-06,TRANSFUNDIDO,3,462
1698,BL-001698,PLAQUETAS,A,POSITIVO,2026-08-01,2026-08-06,TRANSFUNDIDO,3,475
1699,BL-001699,PLAQUETAS,A,POSITIVO,2026-08-01,2026-08-06,TRANSFUNDIDO,5,476
1700,BL-001700,PLAQUETAS,O,POSITIVO,2026-08-01,2026-08-06,DESCARTADO,2,
1701,BL-001701,CRIOPRECIPITADO,A,POSITIVO,2026-08-01,2027-08-01,TRANSFUNDIDO,3,470
1702,BL-001702,CRIOPRECIPITADO,O,POSITIVO,2026-08-01,2027-08-01,TRANSFUNDIDO,3,667
1703,BL-001703,CRIOPRECIPITADO,A,NEGATIVO,2026-08-01,2027-08-01,TRANSFUNDIDO,3,832
1704,BL-001704,CRIOPRECIPITADO,A,POSITIVO,2026-08-01,2027-08-01,DESCARTADO,2,
1705,BL-001705,CRIOPRECIPITADO,B,NEGATIVO,2026-08-01,2027-08-01,DESCARTADO,2,
1706,BL-001706,HEMACIAS,A,NEGATIVO,2026-08-02,2026-09-06,TRANSFUNDIDO,7,472
1707,BL-001707,HEMACIAS,A,POSITIVO,2026-08-02,2026-09-06,TRANSFUNDIDO,4,487
1708,BL-001708,HEMACIAS,O,POSITIVO,2026-08-02,2026-09-06,TRANSFUNDIDO,7,494
1709,BL-001709,HEMACIAS,B,NEGATIVO,2026-08-02,2026-09-06,TRANSFUNDIDO,10,496
1710,BL-001710,HEMACIAS,O,NEGATIVO,2026-08-02,2026-09-06,TRANSFUNDIDO,4,515
1711,BL-001711,HEMACIAS,O,POSITIVO,2026-08-02,2026-09-06,TRANSFUNDIDO,6,536
1712,BL-001712,HEMACIAS,A,POSITIVO,2026-08-02,2026-09-06,TRANSFUNDIDO,8,601
1713,BL-001713,HEMACIAS,O,POSITIVO,2026-08-02,2026-09-06,TRANSFUNDIDO,5,609
1714,BL-001714,HEMACIAS,B,POSITIVO,2026-08-02,2026-09-06,TRANSFUNDIDO,3,640
1715,BL-001715,HEMACIAS,A,POSITIVO,2026-08-02,2026-09-06,TRANSFUNDIDO,9,646
1716,BL-001716,HEMACIAS,A,POSITIVO,2026-08-02,2026-09-06,TRANSFUNDIDO,3,650
1717,BL-001717,HEMACIAS,A,POSITIVO,2026-08-02,2026-09-06,TRANSFUNDIDO,3,650
1718,BL-001718,HEMACIAS,O,POSITIVO,2026-08-02,2026-09-06,TRANSFUNDIDO,6,681
1719,BL-001719,HEMACIAS,O,POSITIVO,2026-08-02,2026-09-06,TRANSFUNDIDO,3,710
1720,BL-001720,HEMACIAS,A,POSITIVO,2026-08-02,2026-09-06,TRANSFUNDIDO,3,719
1721,BL-001721,HEMACIAS,A,NEGATIVO,2026-08-02,2026-09-06,TRANSFUNDIDO,3,732
1722,BL-001722,HEMACIAS,O,POSITIVO,2026-08-02,2026-09-06,TRANSFUNDIDO,7,761
1723,BL-001723,HEMACIAS,O,POSITIVO,2026-08-02,2026-09-06,TRANSFUNDIDO,3,767
1724,BL-001724,HEMACIAS,O,NEGATIVO,2026-08-02,2026-09-06,TRANSFUNDIDO,9,780
1725,BL-001725,HEMACIAS,O,POSITIVO,2026-08-02,2026-09-06,TRANSFUNDIDO,10,786
1726,BL-001726,HEMACIAS,O,NEGATIVO,2026-08-02,2026-09-06,TRANSFUNDIDO,4,805
1727,BL-001727,HEMACIAS,O,POSITIVO,2026-08-02,2026-09-06,TRANSFUNDIDO,6,810
1728,BL-001728,HEMACIAS,A,POSITIVO,2026-08-02,2026-09-06,TRANSFUNDIDO,6,822
1729,BL-001729,HEMACIAS,O,POSITIVO,2026-08-02,2026-09-06,TRANSFUNDIDO,9,848
1730,BL-001730,HEMACIAS,A,POSITIVO,2026-08-02,2026-09-06,TRANSFUNDIDO,6,858
1731,BL-001731,HEMACIAS,O,POSITIVO,2026-08-02,2026-09-06,TRANSFUNDIDO,10,870
1732,BL-001732,HEMACIAS,A,POSITIVO,2026-08-02,2026-09-06,TRANSFUNDIDO,3,888
1733,BL-001733,PLASMA,A,POSITIVO,2026-08-02,2027-08-02,TRANSFUNDIDO,9,607
1734,BL-001734,PLASMA,O,POSITIVO,2026-08-02,2027-08-02,TRANSFUNDIDO,8,688
1735,BL-001735,PLASMA,A,POSITIVO,2026-08-02,2027-08-02,TRANSFUNDIDO,4,698
1736,BL-001736,PLASMA,A,POSITIVO,2026-08-02,2027-08-02,TRANSFUNDIDO,5,704
1737,BL-001737,PLASMA,O,POSITIVO,2026-08-02,2027-08-02,TRANSFUNDIDO,9,759
1738,BL-001738,PLASMA,A,POSITIVO,2026-08-02,2027-08-02,TRANSFUNDIDO,6,864
1739,BL-001739,PLAQUETAS,O,POSITIVO,2026-08-02,2026-08-07,TRANSFUNDIDO,3,462
1740,BL-001740,PLAQUETAS,O,POSITIVO,2026-08-02,2026-08-07,TRANSFUNDIDO,9,473
1741,BL-001741,PLAQUETAS,A,POSITIVO,2026-08-02,2026-08-07,TRANSFUNDIDO,3,475
1742,BL-001742,PLAQUETAS,A,POSITIVO,2026-08-02,2026-08-07,TRANSFUNDIDO,3,475
1743,BL-001743,PLAQUETAS,A,POSITIVO,2026-08-02,2026-08-07,TRANSFUNDIDO,5,476
1744,BL-001744,PLAQUETAS,A,POSITIVO,2026-08-02,2026-08-07,TRANSFUNDIDO,9,520
1745,BL-001745,PLAQUETAS,A,POSITIVO,2026-08-02,2026-08-07,TRANSFUNDIDO,8,531
1746,BL-001746,CRIOPRECIPITADO,O,POSITIVO,2026-08-02,2027-08-02,TRANSFUNDIDO,6,498
1747,BL-001747,CRIOPRECIPITADO,O,POSITIVO,2026-08-02,2027-08-02,TRANSFUNDIDO,3,511
1748,BL-001748,CRIOPRECIPITADO,A,POSITIVO,2026-08-02,2027-08-02,DISPONIVEL,1,
1749,BL-001749,HEMACIAS,A,POSITIVO,2026-08-03,2026-09-07,TRANSFUNDIDO,4,469
1750,BL-001750,HEMACIAS,A,POSITIVO,2026-08-03,2026-09-07,TRANSFUNDIDO,4,480
1751,BL-001751,HEMACIAS,O,POSITIVO,2026-08-03,2026-09-07,TRANSFUNDIDO,7,501
1752,BL-001752,HEMACIAS,A,POSITIVO,2026-08-03,2026-09-07,TRANSFUNDIDO,9,502
1753,BL-001753,HEMACIAS,B,POSITIVO,2026-08-03,2026-09-07,TRANSFUNDIDO,5,528
1754,BL-001754,HEMACIAS,O,POSITIVO,2026-08-03,2026-09-07,TRANSFUNDIDO,4,545
1755,BL-001755,HEMACIAS,A,NEGATIVO,2026-08-03,2026-09-07,TRANSFUNDIDO,3,606
1756,BL-001756,HEMACIAS,A,POSITIVO,2026-08-03,2026-09-07,TRANSFUNDIDO,7,611
1757,BL-001757,HEMACIAS,A,POSITIVO,2026-08-03,2026-09-07,TRANSFUNDIDO,6,621
1758,BL-001758,HEMACIAS,A,POSITIVO,2026-08-03,2026-09-07,TRANSFUNDIDO,3,639
1759,BL-001759,HEMACIAS,O,POSITIVO,2026-08-03,2026-09-07,TRANSFUNDIDO,5,679
1760,BL-001760,HEMACIAS,A,POSITIVO,2026-08-03,2026-09-07,TRANSFUNDIDO,8,680
1761,BL-001761,HEMACIAS,B,POSITIVO,2026-08-03,2026-09-07,TRANSFUNDIDO,10,741
1762,BL-001762,HEMACIAS,O,POSITIVO,2026-08-03,2026-09-07,TRANSFUNDIDO,4,742
1763,BL-001763,HEMACIAS,A,NEGATIVO,2026-08-03,2026-09-07,TRANSFUNDIDO,9,800
1764,BL-001764,HEMACIAS,O,POSITIVO,2026-08-03,2026-09-07,TRANSFUNDIDO,7,801
1765,BL-001765,HEMACIAS,O,POSITIVO,2026-08-03,2026-09-07,TRANSFUNDIDO,9,812
1766,BL-001766,HEMACIAS,O,POSITIVO,2026-08-03,2026-09-07,TRANSFUNDIDO,9,812
1767,BL-001767,HEMACIAS,O,POSITIVO,2026-08-03,2026-09-07,TRANSFUNDIDO,3,876
1768,BL-001768,HEMACIAS,O,POSITIVO,2026-08-03,2026-09-07,TRANSFUNDIDO,4,879
1769,BL-001769,HEMACIAS,A,POSITIVO,2026-08-03,2026-09-07,TRANSFUNDIDO,4,880
1770,BL-001770,HEMACIAS,A,POSITIVO,2026-08-03,2026-09-07,DESCARTADO,1,
1771,BL-001771,HEMACIAS,A,POSITIVO,2026-08-03,2026-09-07,DESCARTADO,1,
1772,BL-001772,HEMACIAS,A,POSITIVO,2026-08-03,2026-09-07,DESCARTADO,1,
1773,BL-001773,PLASMA,A,POSITIVO,2026-08-03,2027-08-03,TRANSFUNDIDO,3,541
1774,BL-001774,PLASMA,O,NEGATIVO,2026-08-03,2027-08-03,TRANSFUNDIDO,10,615
1775,BL-001775,PLASMA,O,NEGATIVO,2026-08-03,2027-08-03,TRANSFUNDIDO,9,684
1776,BL-001776,PLASMA,A,POSITIVO,2026-08-03,2027-08-03,TRANSFUNDIDO,6,694
1777,BL-001777,PLASMA,A,POSITIVO,2026-08-03,2027-08-03,TRANSFUNDIDO,6,864
1778,BL-001778,PLASMA,O,POSITIVO,2026-08-03,2027-08-03,DISPONIVEL,2,
1779,BL-001779,PLAQUETAS,A,POSITIVO,2026-08-03,2026-08-08,TRANSFUNDIDO,3,506
1780,BL-001780,PLAQUETAS,A,POSITIVO,2026-08-03,2026-08-08,TRANSFUNDIDO,3,512
1781,BL-001781,PLAQUETAS,O,POSITIVO,2026-08-03,2026-08-08,TRANSFUNDIDO,7,523
1782,BL-001782,PLAQUETAS,A,NEGATIVO,2026-08-03,2026-08-08,TRANSFUNDIDO,8,531
1783,BL-001783,PLAQUETAS,A,POSITIVO,2026-08-03,2026-08-08,TRANSFUNDIDO,8,531
1784,BL-001784,PLAQUETAS,O,POSITIVO,2026-08-03,2026-08-08,TRANSFUNDIDO,3,538
1785,BL-001785,PLAQUETAS,O,POSITIVO,2026-08-03,2026-08-08,TRANSFUNDIDO,9,540
1786,BL-001786,PLAQUETAS,O,POSITIVO,2026-08-03,2026-08-08,DESCARTADO,2,
1787,BL-001787,PLAQUETAS,O,POSITIVO,2026-08-03,2026-08-08,DESCARTADO,2,
1788,BL-001788,CRIOPRECIPITADO,A,POSITIVO,2026-08-03,2027-08-03,TRANSFUNDIDO,3,470
1789,BL-001789,CRIOPRECIPITADO,O,POSITIVO,2026-08-03,2027-08-03,TRANSFUNDIDO,9,598
1790,BL-001790,CRIOPRECIPITADO,O,POSITIVO,2026-08-03,2027-08-03,TRANSFUNDIDO,3,667
1791,BL-001791,CRIOPRECIPITADO,A,NEGATIVO,2026-08-03,2027-08-03,DESCARTADO,1,
1792,BL-001792,CRIOPRECIPITADO,O,POSITIVO,2026-08-03,2027-08-03,DESCARTADO,1,
1793,BL-001793,HEMACIAS,B,NEGATIVO,2026-08-04,2026-09-08,TRANSFUNDIDO,10,496
1794,BL-001794,HEMACIAS,O,POSITIVO,2026-08-04,2026-09-08,TRANSFUNDIDO,3,513
1795,BL-001795,HEMACIAS,O,POSITIVO,2026-08-04,2026-09-08,TRANSFUNDIDO,7,514
1796,BL-001796,HEMACIAS,B,POSITIVO,2026-08-04,2026-09-08,TRANSFUNDIDO,3,583
1797,BL-001797,HEMACIAS,A,NEGATIVO,2026-08-04,2026-09-08,TRANSFUNDIDO,6,586
1798,BL-001798,HEMACIAS,O,POSITIVO,2026-08-04,2026-09-08,TRANSFUNDIDO,4,604
1799,BL-001799,HEMACIAS,B,POSITIVO,2026-08-04,2026-09-08,TRANSFUNDIDO,9,618
1800,BL-001800,HEMACIAS,A,POSITIVO,2026-08-04,2026-09-08,TRANSFUNDIDO,6,621
1801,BL-001801,HEMACIAS,A,NEGATIVO,2026-08-04,2026-09-08,TRANSFUNDIDO,4,625
1802,BL-001802,HEMACIAS,A,POSITIVO,2026-08-04,2026-09-08,TRANSFUNDIDO,6,648
1803,BL-001803,HEMACIAS,O,POSITIVO,2026-08-04,2026-09-08,TRANSFUNDIDO,4,670
1804,BL-001804,HEMACIAS,A,POSITIVO,2026-08-04,2026-09-08,TRANSFUNDIDO,7,695
1805,BL-001805,HEMACIAS,A,POSITIVO,2026-08-04,2026-09-08,TRANSFUNDIDO,3,719
1806,BL-001806,HEMACIAS,A,POSITIVO,2026-08-04,2026-09-08,TRANSFUNDIDO,5,781
1807,BL-001807,HEMACIAS,A,POSITIVO,2026-08-04,2026-09-08,TRANSFUNDIDO,6,828
1808,BL-001808,HEMACIAS,A,POSITIVO,2026-08-04,2026-09-08,TRANSFUNDIDO,6,828
1809,BL-001809,HEMACIAS,A,NEGATIVO,2026-08-04,2026-09-08,TRANSFUNDIDO,3,851
1810,BL-001810,HEMACIAS,A,NEGATIVO,2026-08-04,2026-09-08,TRANSFUNDIDO,9,889
1811,BL-001811,HEMACIAS,A,POSITIVO,2026-08-04,2026-09-08,TRANSFUNDIDO,3,897
1812,BL-001812,HEMACIAS,O,POSITIVO,2026-08-04,2026-09-08,TRANSFUNDIDO,4,908
1813,BL-001813,HEMACIAS,A,POSITIVO,2026-08-04,2026-09-08,DESCARTADO,1,
1814,BL-001814,PLASMA,O,NEGATIVO,2026-08-04,2027-08-04,TRANSFUNDIDO,8,532
1815,BL-001815,PLASMA,A,POSITIVO,2026-08-04,2027-08-04,TRANSFUNDIDO,3,541
1816,BL-001816,PLASMA,O,NEGATIVO,2026-08-04,2027-08-04,TRANSFUNDIDO,9,547
1817,BL-001817,PLASMA,O,POSITIVO,2026-08-04,2027-08-04,TRANSFUNDIDO,5,550
1818,BL-001818,PLASMA,A,POSITIVO,2026-08-04,2027-08-04,TRANSFUNDIDO,3,561
1819,BL-001819,PLASMA,A,POSITIVO,2026-08-04,2027-08-04,TRANSFUNDIDO,3,612
1820,BL-001820,PLASMA,O,POSITIVO,2026-08-04,2027-08-04,TRANSFUNDIDO,3,665
1821,BL-001821,PLASMA,O,POSITIVO,2026-08-04,2027-08-04,TRANSFUNDIDO,7,697
1822,BL-001822,PLASMA,O,NEGATIVO,2026-08-04,2027-08-04,TRANSFUNDIDO,7,730
1823,BL-001823,PLASMA,O,POSITIVO,2026-08-04,2027-08-04,TRANSFUNDIDO,5,797
1824,BL-001824,PLAQUETAS,O,POSITIVO,2026-08-04,2026-08-09,TRANSFUNDIDO,5,492
1825,BL-001825,PLAQUETAS,A,POSITIVO,2026-08-04,2026-08-09,TRANSFUNDIDO,9,520
1826,BL-001826,PLAQUETAS,O,POSITIVO,2026-08-04,2026-08-09,TRANSFUNDIDO,7,523
1827,BL-001827,PLAQUETAS,A,POSITIVO,2026-08-04,2026-08-09,TRANSFUNDIDO,8,531
1828,BL-001828,CRIOPRECIPITADO,A,POSITIVO,2026-08-04,2027-08-04,TRANSFUNDIDO,4,488
1829,BL-001829,CRIOPRECIPITADO,O,POSITIVO,2026-08-04,2027-08-04,TRANSFUNDIDO,6,498
1830,BL-001830,CRIOPRECIPITADO,A,POSITIVO,2026-08-04,2027-08-04,TRANSFUNDIDO,6,555
1831,BL-001831,CRIOPRECIPITADO,A,POSITIVO,2026-08-04,2027-08-04,TRANSFUNDIDO,4,602
1832,BL-001832,CRIOPRECIPITADO,O,NEGATIVO,2026-08-04,2027-08-04,TRANSFUNDIDO,3,754
1833,BL-001833,CRIOPRECIPITADO,A,NEGATIVO,2026-08-04,2027-08-04,TRANSFUNDIDO,6,804
1834,BL-001834,CRIOPRECIPITADO,O,NEGATIVO,2026-08-04,2027-08-04,TRANSFUNDIDO,9,904
1835,BL-001835,CRIOPRECIPITADO,A,POSITIVO,2026-08-04,2027-08-04,TRANSFUNDIDO,5,911
1836,BL-001836,HEMACIAS,O,POSITIVO,2026-08-05,2026-09-09,TRANSFUNDIDO,10,504
1837,BL-001837,HEMACIAS,O,POSITIVO,2026-08-05,2026-09-09,TRANSFUNDIDO,3,522
1838,BL-001838,HEMACIAS,B,POSITIVO,2026-08-05,2026-09-09,TRANSFUNDIDO,5,528
1839,BL-001839,HEMACIAS,A,POSITIVO,2026-08-05,2026-09-09,TRANSFUNDIDO,3,543
1840,BL-001840,HEMACIAS,A,POSITIVO,2026-08-05,2026-09-09,TRANSFUNDIDO,3,543
1841,BL-001841,HEMACIAS,B,POSITIVO,2026-08-05,2026-09-09,TRANSFUNDIDO,9,618
1842,BL-001842,HEMACIAS,A,POSITIVO,2026-08-05,2026-09-09,TRANSFUNDIDO,9,646
1843,BL-001843,HEMACIAS,A,POSITIVO,2026-08-05,2026-09-09,TRANSFUNDIDO,3,662
1844,BL-001844,HEMACIAS,O,POSITIVO,2026-08-05,2026-09-09,TRANSFUNDIDO,4,668
1845,BL-001845,HEMACIAS,O,NEGATIVO,2026-08-05,2026-09-09,TRANSFUNDIDO,4,669
1846,BL-001846,HEMACIAS,A,POSITIVO,2026-08-05,2026-09-09,TRANSFUNDIDO,8,700
1847,BL-001847,HEMACIAS,B,POSITIVO,2026-08-05,2026-09-09,TRANSFUNDIDO,3,744
1848,BL-001848,HEMACIAS,A,POSITIVO,2026-08-05,2026-09-09,TRANSFUNDIDO,7,768
1849,BL-001849,HEMACIAS,A,POSITIVO,2026-08-05,2026-09-09,TRANSFUNDIDO,8,816
1850,BL-001850,HEMACIAS,A,POSITIVO,2026-08-05,2026-09-09,TRANSFUNDIDO,9,823
1851,BL-001851,HEMACIAS,A,POSITIVO,2026-08-05,2026-09-09,TRANSFUNDIDO,6,828
1852,BL-001852,HEMACIAS,O,NEGATIVO,2026-08-05,2026-09-09,TRANSFUNDIDO,5,905
1853,BL-001853,HEMACIAS,A,POSITIVO,2026-08-05,2026-09-09,TRANSFUNDIDO,4,915
1854,BL-001854,HEMACIAS,A,POSITIVO,2026-08-05,2026-09-09,TRANSFUNDIDO,3,920
1855,BL-001855,HEMACIAS,A,POSITIVO,2026-08-05,2026-09-09,TRANSFUNDIDO,4,922
1856,BL-001856,HEMACIAS,O,POSITIVO,2026-08-05,2026-09-09,DESCARTADO,1,
1857,BL-001857,HEMACIAS,A,POSITIVO,2026-08-05,2026-09-09,DESCARTADO,1,
1858,BL-001858,HEMACIAS,AB,POSITIVO,2026-08-05,2026-09-09,DESCARTADO,2,
1859,BL-001859,PLASMA,O,NEGATIVO,2026-08-05,2027-08-05,TRANSFUNDIDO,3,548
1860,BL-001860,PLASMA,O,NEGATIVO,2026-08-05,2027-08-05,TRANSFUNDIDO,5,553
1861,BL-001861,PLASMA,A,POSITIVO,2026-08-05,2027-08-05,TRANSFUNDIDO,5,620
1862,BL-001862,PLASMA,B,POSITIVO,2026-08-05,2027-08-05,TRANSFUNDIDO,3,673
1863,BL-001863,PLASMA,A,POSITIVO,2026-08-05,2027-08-05,TRANSFUNDIDO,6,776
1864,BL-001864,PLASMA,A,POSITIVO,2026-08-05,2027-08-05,TRANSFUNDIDO,6,776
1865,BL-001865,PLASMA,O,POSITIVO,2026-08-05,2027-08-05,TRANSFUNDIDO,4,863
1866,BL-001866,PLASMA,A,POSITIVO,2026-08-05,2027-08-05,DISPONIVEL,1,
1867,BL-001867,PLAQUETAS,O,NEGATIVO,2026-08-05,2026-08-10,TRANSFUNDIDO,3,506
1868,BL-001868,PLAQUETAS,A,POSITIVO,2026-08-05,2026-08-10,TRANSFUNDIDO,3,506
1869,BL-001869,PLAQUETAS,A,POSITIVO,2026-08-05,2026-08-10,TRANSFUNDIDO,3,512
1870,BL-001870,PLAQUETAS,O,POSITIVO,2026-08-05,2026-08-10,TRANSFUNDIDO,3,538
1871,BL-001871,CRIOPRECIPITADO,A,POSITIVO,2026-08-05,2027-08-05,TRANSFUNDIDO,6,555
1872,BL-001872,CRIOPRECIPITADO,A,POSITIVO,2026-08-05,2027-08-05,TRANSFUNDIDO,3,725
1873,BL-001873,CRIOPRECIPITADO,A,POSITIVO,2026-08-05,2027-08-05,TRANSFUNDIDO,6,752
1874,BL-001874,CRIOPRECIPITADO,O,NEGATIVO,2026-08-05,2027-08-05,TRANSFUNDIDO,3,887
1875,BL-001875,CRIOPRECIPITADO,A,POSITIVO,2026-08-05,2027-08-05,DISPONIVEL,1,
1876,BL-001876,HEMACIAS,A,POSITIVO,2026-08-06,2026-09-10,TRANSFUNDIDO,6,526
1877,BL-001877,HEMACIAS,O,POSITIVO,2026-08-06,2026-09-10,TRANSFUNDIDO,6,557
1878,BL-001878,HEMACIAS,AB,POSITIVO,2026-08-06,2026-09-10,TRANSFUNDIDO,6,634
1879,BL-001879,HEMACIAS,O,POSITIVO,2026-08-06,2026-09-10,TRANSFUNDIDO,3,642
1880,BL-001880,HEMACIAS,A,POSITIVO,2026-08-06,2026-09-10,TRANSFUNDIDO,5,666
1881,BL-001881,HEMACIAS,A,POSITIVO,2026-08-06,2026-09-10,TRANSFUNDIDO,8,700
1882,BL-001882,HEMACIAS,O,POSITIVO,2026-08-06,2026-09-10,TRANSFUNDIDO,7,701
1883,BL-001883,HEMACIAS,O,NEGATIVO,2026-08-06,2026-09-10,TRANSFUNDIDO,5,712
1884,BL-001884,HEMACIAS,B,POSITIVO,2026-08-06,2026-09-10,TRANSFUNDIDO,6,716
1885,BL-001885,HEMACIAS,O,NEGATIVO,2026-08-06,2026-09-10,TRANSFUNDIDO,3,722
1886,BL-001886,HEMACIAS,O,POSITIVO,2026-08-06,2026-09-10,TRANSFUNDIDO,6,727
1887,BL-001887,HEMACIAS,O,POSITIVO,2026-08-06,2026-09-10,TRANSFUNDIDO,6,727
1888,BL-001888,HEMACIAS,A,POSITIVO,2026-08-06,2026-09-10,TRANSFUNDIDO,3,736
1889,BL-001889,HEMACIAS,A,POSITIVO,2026-08-06,2026-09-10,TRANSFUNDIDO,6,775
1890,BL-001890,HEMACIAS,A,POSITIVO,2026-08-06,2026-09-10,TRANSFUNDIDO,4,787
1891,BL-001891,HEMACIAS,A,POSITIVO,2026-08-06,2026-09-10,TRANSFUNDIDO,3,795
1892,BL-001892,HEMACIAS,O,POSITIVO,2026-08-06,2026-09-10,TRANSFUNDIDO,4,805
1893,BL-001893,HEMACIAS,A,POSITIVO,2026-08-06,2026-09-10,TRANSFUNDIDO,3,850
1894,BL-001894,HEMACIAS,A,POSITIVO,2026-08-06,2026-09-10,TRANSFUNDIDO,3,901
1895,BL-001895,HEMACIAS,B,NEGATIVO,2026-08-06,2026-09-10,TRANSFUNDIDO,10,923
1896,BL-001896,HEMACIAS,B,POSITIVO,2026-08-06,2026-09-10,DESCARTADO,1,
1897,BL-001897,HEMACIAS,O,NEGATIVO,2026-08-06,2026-09-10,DESCARTADO,2,
1898,BL-001898,PLASMA,O,NEGATIVO,2026-08-06,2027-08-06,TRANSFUNDIDO,8,532
1899,BL-001899,PLASMA,O,POSITIVO,2026-08-06,2027-08-06,DESCARTADO,2,
1900,BL-001900,PLASMA,O,POSITIVO,2026-08-06,2027-08-06,DESCARTADO,2,
1901,BL-001901,PLAQUETAS,O,NEGATIVO,2026-08-06,2026-08-11,TRANSFUNDIDO,8,574
1902,BL-001902,PLAQUETAS,A,NEGATIVO,2026-08-06,2026-08-11,TRANSFUNDIDO,10,575
1903,BL-001903,CRIOPRECIPITADO,A,POSITIVO,2026-08-06,2027-08-06,TRANSFUNDIDO,6,555
1904,BL-001904,CRIOPRECIPITADO,A,NEGATIVO,2026-08-06,2027-08-06,TRANSFUNDIDO,3,832
1905,BL-001905,CRIOPRECIPITADO,A,POSITIVO,2026-08-06,2027-08-06,TRANSFUNDIDO,3,861
1906,BL-001906,CRIOPRECIPITADO,O,NEGATIVO,2026-08-06,2027-08-06,TRANSFUNDIDO,3,887
1907,BL-001907,CRIOPRECIPITADO,A,POSITIVO,2026-08-06,2027-08-06,TRANSFUNDIDO,5,911
1908,BL-001908,CRIOPRECIPITADO,O,POSITIVO,2026-08-06,2027-08-06,DESCARTADO,1,
1909,BL-001909,HEMACIAS,O,POSITIVO,2026-08-07,2026-09-11,TRANSFUNDIDO,6,539
1910,BL-001910,HEMACIAS,O,POSITIVO,2026-08-07,2026-09-11,TRANSFUNDIDO,4,562
1911,BL-001911,HEMACIAS,O,POSITIVO,2026-08-07,2026-09-11,TRANSFUNDIDO,5,563
1912,BL-001912,HEMACIAS,A,POSITIVO,2026-08-07,2026-09-11,TRANSFUNDIDO,10,576
1913,BL-001913,HEMACIAS,A,NEGATIVO,2026-08-07,2026-09-11,TRANSFUNDIDO,6,577
1914,BL-001914,HEMACIAS,A,POSITIVO,2026-08-07,2026-09-11,TRANSFUNDIDO,3,596
1915,BL-001915,HEMACIAS,A,POSITIVO,2026-08-07,2026-09-11,TRANSFUNDIDO,4,699
1916,BL-001916,HEMACIAS,A,POSITIVO,2026-08-07,2026-09-11,TRANSFUNDIDO,4,715
1917,BL-001917,HEMACIAS,O,POSITIVO,2026-08-07,2026-09-11,TRANSFUNDIDO,7,723
1918,BL-001918,HEMACIAS,B,POSITIVO,2026-08-07,2026-09-11,TRANSFUNDIDO,8,729
1919,BL-001919,HEMACIAS,B,POSITIVO,2026-08-07,2026-09-11,TRANSFUNDIDO,10,741
1920,BL-001920,HEMACIAS,O,POSITIVO,2026-08-07,2026-09-11,TRANSFUNDIDO,3,767
1921,BL-001921,HEMACIAS,B,POSITIVO,2026-08-07,2026-09-11,TRANSFUNDIDO,5,826
1922,BL-001922,HEMACIAS,O,POSITIVO,2026-08-07,2026-09-11,TRANSFUNDIDO,7,831
1923,BL-001923,HEMACIAS,O,POSITIVO,2026-08-07,2026-09-11,TRANSFUNDIDO,7,831
1924,BL-001924,HEMACIAS,B,NEGATIVO,2026-08-07,2026-09-11,TRANSFUNDIDO,3,859
1925,BL-001925,HEMACIAS,A,POSITIVO,2026-08-07,2026-09-11,TRANSFUNDIDO,10,893
1926,BL-001926,HEMACIAS,B,NEGATIVO,2026-08-07,2026-09-11,TRANSFUNDIDO,9,914
1927,BL-001927,HEMACIAS,A,POSITIVO,2026-08-07,2026-09-11,TRANSFUNDIDO,4,915
1928,BL-001928,HEMACIAS,A,POSITIVO,2026-08-07,2026-09-11,TRANSFUNDIDO,8,938
1929,BL-001929,HEMACIAS,O,POSITIVO,2026-08-07,2026-09-11,DESCARTADO,2,
1930,BL-001930,HEMACIAS,B,POSITIVO,2026-08-07,2026-09-11,DESCARTADO,1,
1931,BL-001931,PLASMA,A,POSITIVO,2026-08-07,2027-08-07,TRANSFUNDIDO,5,620
1932,BL-001932,PLASMA,O,NEGATIVO,2026-08-07,2027-08-07,TRANSFUNDIDO,7,730
1933,BL-001933,PLASMA,A,POSITIVO,2026-08-07,2027-08-07,TRANSFUNDIDO,6,743
1934,BL-001934,PLASMA,B,POSITIVO,2026-08-07,2027-08-07,TRANSFUNDIDO,8,868
1935,BL-001935,PLASMA,O,POSITIVO,2026-08-07,2027-08-07,DISPONIVEL,1,
1936,BL-001936,PLAQUETAS,O,POSITIVO,2026-08-07,2026-08-12,TRANSFUNDIDO,3,538
1937,BL-001937,PLAQUETAS,A,POSITIVO,2026-08-07,2026-08-12,TRANSFUNDIDO,5,570
1938,BL-001938,PLAQUETAS,A,NEGATIVO,2026-08-07,2026-08-12,TRANSFUNDIDO,9,590
1939,BL-001939,CRIOPRECIPITADO,A,POSITIVO,2026-08-07,2027-08-07,TRANSFUNDIDO,6,555
1940,BL-001940,CRIOPRECIPITADO,A,POSITIVO,2026-08-07,2027-08-07,TRANSFUNDIDO,9,600
1941,BL-001941,CRIOPRECIPITADO,A,POSITIVO,2026-08-07,2027-08-07,DESCARTADO,2,
1942,BL-001942,HEMACIAS,A,NEGATIVO,2026-08-08,2026-09-12,TRANSFUNDIDO,3,564
1943,BL-001943,HEMACIAS,O,POSITIVO,2026-08-08,2026-09-12,TRANSFUNDIDO,3,584
1944,BL-001944,HEMACIAS,B,POSITIVO,2026-08-08,2026-09-12,TRANSFUNDIDO,9,618
1945,BL-001945,HEMACIAS,O,POSITIVO,2026-08-08,2026-09-12,TRANSFUNDIDO,6,647
1946,BL-001946,HEMACIAS,O,POSITIVO,2026-08-08,2026-09-12,TRANSFUNDIDO,6,647
1947,BL-001947,HEMACIAS,A,POSITIVO,2026-08-08,2026-09-12,TRANSFUNDIDO,5,678
1948,BL-001948,HEMACIAS,O,POSITIVO,2026-08-08,2026-09-12,TRANSFUNDIDO,6,727
1949,BL-001949,HEMACIAS,O,POSITIVO,2026-08-08,2026-09-12,TRANSFUNDIDO,3,745
1950,BL-001950,HEMACIAS,O,NEGATIVO,2026-08-08,2026-09-12,TRANSFUNDIDO,4,790
1951,BL-001951,HEMACIAS,A,POSITIVO,2026-08-08,2026-09-12,TRANSFUNDIDO,10,820
1952,BL-001952,HEMACIAS,O,POSITIVO,2026-08-08,2026-09-12,TRANSFUNDIDO,5,821
1953,BL-001953,HEMACIAS,O,POSITIVO,2026-08-08,2026-09-12,TRANSFUNDIDO,9,830
1954,BL-001954,HEMACIAS,O,POSITIVO,2026-08-08,2026-09-12,TRANSFUNDIDO,4,833
1955,BL-001955,HEMACIAS,B,POSITIVO,2026-08-08,2026-09-12,TRANSFUNDIDO,9,848
1956,BL-001956,HEMACIAS,B,NEGATIVO,2026-08-08,2026-09-12,TRANSFUNDIDO,3,859
1957,BL-001957,HEMACIAS,A,POSITIVO,2026-08-08,2026-09-12,TRANSFUNDIDO,4,915
1958,BL-001958,HEMACIAS,O,NEGATIVO,2026-08-08,2026-09-12,TRANSFUNDIDO,3,918
1959,BL-001959,HEMACIAS,A,POSITIVO,2026-08-08,2026-09-12,TRANSFUNDIDO,4,922
1960,BL-001960,HEMACIAS,A,POSITIVO,2026-08-08,2026-09-12,TRANSFUNDIDO,8,938
1961,BL-001961,HEMACIAS,A,POSITIVO,2026-08-08,2026-09-12,DESCARTADO,1,
1962,BL-001962,HEMACIAS,O,POSITIVO,2026-08-08,2026-09-12,DESCARTADO,1,
1963,BL-001963,HEMACIAS,A,NEGATIVO,2026-08-08,2026-09-12,DESCARTADO,1,
1964,BL-001964,PLASMA,AB,POSITIVO,2026-08-08,2027-08-08,TRANSFUNDIDO,4,718
1965,BL-001965,PLASMA,O,POSITIVO,2026-08-08,2027-08-08,TRANSFUNDIDO,9,759
1966,BL-001966,PLASMA,A,NEGATIVO,2026-08-08,2027-08-08,DESCARTADO,1,
1967,BL-001967,PLAQUETAS,A,POSITIVO,2026-08-08,2026-08-13,TRANSFUNDIDO,3,566
1968,BL-001968,PLAQUETAS,A,POSITIVO,2026-08-08,2026-08-13,TRANSFUNDIDO,5,570
1969,BL-001969,PLAQUETAS,O,NEGATIVO,2026-08-08,2026-08-13,TRANSFUNDIDO,8,574
1970,BL-001970,PLAQUETAS,O,POSITIVO,2026-08-08,2026-08-13,TRANSFUNDIDO,3,588
1971,BL-001971,PLAQUETAS,O,POSITIVO,2026-08-08,2026-08-13,TRANSFUNDIDO,3,589
1972,BL-001972,PLAQUETAS,A,NEGATIVO,2026-08-08,2026-08-13,TRANSFUNDIDO,9,590
1973,BL-001973,CRIOPRECIPITADO,O,POSITIVO,2026-08-08,2027-08-08,TRANSFUNDIDO,9,598
1974,BL-001974,CRIOPRECIPITADO,A,POSITIVO,2026-08-08,2027-08-08,TRANSFUNDIDO,10,714
1975,BL-001975,CRIOPRECIPITADO,A,POSITIVO,2026-08-08,2027-08-08,TRANSFUNDIDO,3,725
1976,BL-001976,CRIOPRECIPITADO,O,NEGATIVO,2026-08-08,2027-08-08,TRANSFUNDIDO,3,754
1977,BL-001977,CRIOPRECIPITADO,A,POSITIVO,2026-08-08,2027-08-08,TRANSFUNDIDO,5,881
1978,BL-001978,CRIOPRECIPITADO,O,NEGATIVO,2026-08-08,2027-08-08,TRANSFUNDIDO,3,887
1979,BL-001979,HEMACIAS,A,NEGATIVO,2026-08-09,2026-09-13,TRANSFUNDIDO,3,564
1980,BL-001980,HEMACIAS,A,POSITIVO,2026-08-09,2026-09-13,TRANSFUNDIDO,3,568
1981,BL-001981,HEMACIAS,O,POSITIVO,2026-08-09,2026-09-13,TRANSFUNDIDO,3,584
1982,BL-001982,HEMACIAS,A,POSITIVO,2026-08-09,2026-09-13,TRANSFUNDIDO,8,601
1983,BL-001983,HEMACIAS,B,POSITIVO,2026-08-09,2026-09-13,TRANSFUNDIDO,9,618
1984,BL-001984,HEMACIAS,O,NEGATIVO,2026-08-09,2026-09-13,TRANSFUNDIDO,9,644
1985,BL-001985,HEMACIAS,O,POSITIVO,2026-08-09,2026-09-13,TRANSFUNDIDO,5,664
1986,BL-001986,HEMACIAS,A,POSITIVO,2026-08-09,2026-09-13,TRANSFUNDIDO,9,671
1987,BL-001987,HEMACIAS,A,POSITIVO,2026-08-09,2026-09-13,TRANSFUNDIDO,4,699
1988,BL-001988,HEMACIAS,B,POSITIVO,2026-08-09,2026-09-13,TRANSFUNDIDO,6,716
1989,BL-001989,HEMACIAS,O,NEGATIVO,2026-08-09,2026-09-13,TRANSFUNDIDO,9,789
1990,BL-001990,HEMACIAS,O,POSITIVO,2026-08-09,2026-09-13,TRANSFUNDIDO,7,801
1991,BL-001991,HEMACIAS,B,POSITIVO,2026-08-09,2026-09-13,TRANSFUNDIDO,4,803
1992,BL-001992,HEMACIAS,A,POSITIVO,2026-08-09,2026-09-13,TRANSFUNDIDO,8,815
1993,BL-001993,HEMACIAS,O,POSITIVO,2026-08-09,2026-09-13,TRANSFUNDIDO,9,835
1994,BL-001994,HEMACIAS,O,POSITIVO,2026-08-09,2026-09-13,TRANSFUNDIDO,5,840
1995,BL-001995,HEMACIAS,A,POSITIVO,2026-08-09,2026-09-13,TRANSFUNDIDO,6,858
1996,BL-001996,HEMACIAS,O,POSITIVO,2026-08-09,2026-09-13,TRANSFUNDIDO,4,879
1997,BL-001997,HEMACIAS,A,POSITIVO,2026-08-09,2026-09-13,TRANSFUNDIDO,5,886
1998,BL-001998,HEMACIAS,A,NEGATIVO,2026-08-09,2026-09-13,TRANSFUNDIDO,9,889
1999,BL-001999,HEMACIAS,A,NEGATIVO,2026-08-09,2026-09-13,TRANSFUNDIDO,3,890
2000,BL-002000,HEMACIAS,A,POSITIVO,2026-08-09,2026-09-13,TRANSFUNDIDO,9,894
2001,BL-002001,HEMACIAS,A,POSITIVO,2026-08-09,2026-09-13,TRANSFUNDIDO,3,896
2002,BL-002002,HEMACIAS,A,POSITIVO,2026-08-09,2026-09-13,TRANSFUNDIDO,8,929
2003,BL-002003,HEMACIAS,A,POSITIVO,2026-08-09,2026-09-13,TRANSFUNDIDO,8,929
2004,BL-002004,HEMACIAS,A,POSITIVO,2026-08-09,2026-09-13,TRANSFUNDIDO,9,974
2005,BL-002005,HEMACIAS,O,POSITIVO,2026-08-09,2026-09-13,DESCARTADO,1,
2006,BL-002006,HEMACIAS,O,POSITIVO,2026-08-09,2026-09-13,DESCARTADO,2,
2007,BL-002007,HEMACIAS,A,POSITIVO,2026-08-09,2026-09-13,DESCARTADO,2,
2008,BL-002008,PLASMA,O,POSITIVO,2026-08-09,2027-08-09,TRANSFUNDIDO,3,665
2009,BL-002009,PLASMA,A,POSITIVO,2026-08-09,2027-08-09,TRANSFUNDIDO,4,686
2010,BL-002010,PLASMA,O,POSITIVO,2026-08-09,2027-08-09,TRANSFUNDIDO,5,797
2011,BL-002011,PLASMA,O,POSITIVO,2026-08-09,2027-08-09,TRANSFUNDIDO,9,940
2012,BL-002012,PLASMA,A,NEGATIVO,2026-08-09,2027-08-09,DESCARTADO,1,
2013,BL-002013,PLAQUETAS,A,POSITIVO,2026-08-09,2026-08-14,TRANSFUNDIDO,3,566
2014,BL-002014,PLAQUETAS,A,POSITIVO,2026-08-09,2026-08-14,TRANSFUNDIDO,5,570
2015,BL-002015,PLAQUETAS,A,POSITIVO,2026-08-09,2026-08-14,TRANSFUNDIDO,3,572
2016,BL-002016,PLAQUETAS,A,NEGATIVO,2026-08-09,2026-08-14,TRANSFUNDIDO,10,575
2017,BL-002017,PLAQUETAS,A,NEGATIVO,2026-08-09,2026-08-14,TRANSFUNDIDO,9,590
2018,BL-002018,PLAQUETAS,O,POSITIVO,2026-08-09,2026-08-14,TRANSFUNDIDO,4,597
2019,BL-002019,PLAQUETAS,B,POSITIVO,2026-08-09,2026-08-14,DESCARTADO,2,
2020,BL-002020,CRIOPRECIPITADO,A,NEGATIVO,2026-08-09,2027-08-09,TRANSFUNDIDO,3,832
2021,BL-002021,CRIOPRECIPITADO,A,NEGATIVO,2026-08-09,2027-08-09,TRANSFUNDIDO,5,911
2022,BL-002022,HEMACIAS,O,NEGATIVO,2026-08-10,2026-09-14,TRANSFUNDIDO,10,567
2023,BL-002023,HEMACIAS,O,POSITIVO,2026-08-10,2026-09-14,TRANSFUNDIDO,9,594
2024,BL-002024,HEMACIAS,AB,NEGATIVO,2026-08-10,2026-09-14,TRANSFUNDIDO,4,631
2025,BL-002025,HEMACIAS,O,NEGATIVO,2026-08-10,2026-09-14,TRANSFUNDIDO,9,644
2026,BL-002026,HEMACIAS,A,POSITIVO,2026-08-10,2026-09-14,TRANSFUNDIDO,3,659
2027,BL-002027,HEMACIAS,A,POSITIVO,2026-08-10,2026-09-14,TRANSFUNDIDO,4,699
2028,BL-002028,HEMACIAS,O,NEGATIVO,2026-08-10,2026-09-14,TRANSFUNDIDO,5,712
2029,BL-002029,HEMACIAS,O,POSITIVO,2026-08-10,2026-09-14,TRANSFUNDIDO,7,723
2030,BL-002030,HEMACIAS,O,NEGATIVO,2026-08-10,2026-09-14,TRANSFUNDIDO,9,780
2031,BL-002031,HEMACIAS,A,POSITIVO,2026-08-10,2026-09-14,TRANSFUNDIDO,5,781
2032,BL-002032,HEMACIAS,O,POSITIVO,2026-08-10,2026-09-14,TRANSFUNDIDO,4,782
2033,BL-002033,HEMACIAS,O,POSITIVO,2026-08-10,2026-09-14,TRANSFUNDIDO,6,784
2034,BL-002034,HEMACIAS,A,POSITIVO,2026-08-10,2026-09-14,TRANSFUNDIDO,3,795
2035,BL-002035,HEMACIAS,O,POSITIVO,2026-08-10,2026-09-14,TRANSFUNDIDO,5,821
2036,BL-002036,HEMACIAS,O,POSITIVO,2026-08-10,2026-09-14,TRANSFUNDIDO,7,831
2037,BL-002037,HEMACIAS,B,POSITIVO,2026-08-10,2026-09-14,TRANSFUNDIDO,4,843
2038,BL-002038,HEMACIAS,A,POSITIVO,2026-08-10,2026-09-14,TRANSFUNDIDO,10,857
2039,BL-002039,HEMACIAS,O,POSITIVO,2026-08-10,2026-09-14,TRANSFUNDIDO,3,876
2040,BL-002040,HEMACIAS,A,POSITIVO,2026-08-10,2026-09-14,TRANSFUNDIDO,3,877
2041,BL-002041,HEMACIAS,O,NEGATIVO,2026-08-10,2026-09-14,TRANSFUNDIDO,9,910
2042,BL-002042,HEMACIAS,O,POSITIVO,2026-08-10,2026-09-14,TRANSFUNDIDO,3,912
2043,BL-002043,HEMACIAS,B,NEGATIVO,2026-08-10,2026-09-14,TRANSFUNDIDO,9,914
2044,BL-002044,HEMACIAS,B,NEGATIVO,2026-08-10,2026-09-14,TRANSFUNDIDO,3,921
2045,BL-002045,HEMACIAS,O,NEGATIVO,2026-08-10,2026-09-14,TRANSFUNDIDO,3,947
2046,BL-002046,HEMACIAS,B,POSITIVO,2026-08-10,2026-09-14,TRANSFUNDIDO,4,960
2047,BL-002047,HEMACIAS,O,POSITIVO,2026-08-10,2026-09-14,TRANSFUNDIDO,6,961
2048,BL-002048,HEMACIAS,B,POSITIVO,2026-08-10,2026-09-14,TRANSFUNDIDO,7,962
2049,BL-002049,HEMACIAS,B,POSITIVO,2026-08-10,2026-09-14,TRANSFUNDIDO,3,985
2050,BL-002050,HEMACIAS,O,POSITIVO,2026-08-10,2026-09-14,TRANSFUNDIDO,4,995
2051,BL-002051,HEMACIAS,A,NEGATIVO,2026-08-10,2026-09-14,DESCARTADO,1,
2052,BL-002052,HEMACIAS,B,POSITIVO,2026-08-10,2026-09-14,DESCARTADO,1,
2053,BL-002053,PLASMA,B,POSITIVO,2026-08-10,2027-08-10,TRANSFUNDIDO,4,702
2054,BL-002054,PLASMA,A,POSITIVO,2026-08-10,2027-08-10,TRANSFUNDIDO,6,743
2055,BL-002055,PLASMA,O,POSITIVO,2026-08-10,2027-08-10,TRANSFUNDIDO,9,759
2056,BL-002056,PLASMA,A,POSITIVO,2026-08-10,2027-08-10,TRANSFUNDIDO,3,924
2057,BL-002057,PLASMA,O,POSITIVO,2026-08-10,2027-08-10,DESCARTADO,1,
2058,BL-002058,PLASMA,O,POSITIVO,2026-08-10,2027-08-10,DESCARTADO,1,
2059,BL-002059,PLASMA,O,POSITIVO,2026-08-10,2027-08-10,DESCARTADO,1,
2060,BL-002060,PLAQUETAS,A,POSITIVO,2026-08-10,2026-08-15,TRANSFUNDIDO,3,566
2061,BL-002061,PLAQUETAS,A,POSITIVO,2026-08-10,2026-08-15,TRANSFUNDIDO,5,570
2062,BL-002062,PLAQUETAS,A,POSITIVO,2026-08-10,2026-08-15,TRANSFUNDIDO,5,570
2063,BL-002063,PLAQUETAS,A,POSITIVO,2026-08-10,2026-08-15,TRANSFUNDIDO,3,572
2064,BL-002064,PLAQUETAS,O,NEGATIVO,2026-08-10,2026-08-15,TRANSFUNDIDO,8,574
2065,BL-002065,PLAQUETAS,O,NEGATIVO,2026-08-10,2026-08-15,TRANSFUNDIDO,8,574
2066,BL-002066,PLAQUETAS,A,NEGATIVO,2026-08-10,2026-08-15,TRANSFUNDIDO,10,575
2067,BL-002067,PLAQUETAS,A,NEGATIVO,2026-08-10,2026-08-15,TRANSFUNDIDO,10,575
2068,BL-002068,PLAQUETAS,A,NEGATIVO,2026-08-10,2026-08-15,TRANSFUNDIDO,10,575
2069,BL-002069,PLAQUETAS,A,POSITIVO,2026-08-10,2026-08-15,TRANSFUNDIDO,4,581
2070,BL-002070,PLAQUETAS,A,NEGATIVO,2026-08-10,2026-08-15,TRANSFUNDIDO,4,581
2071,BL-002071,PLAQUETAS,O,POSITIVO,2026-08-10,2026-08-15,TRANSFUNDIDO,3,592
2072,BL-002072,PLAQUETAS,AB,POSITIVO,2026-08-10,2026-08-15,TRANSFUNDIDO,4,616
2073,BL-002073,PLAQUETAS,A,POSITIVO,2026-08-10,2026-08-15,TRANSFUNDIDO,8,623
2074,BL-002074,PLAQUETAS,O,POSITIVO,2026-08-10,2026-08-15,DESCARTADO,1,
2075,BL-002075,CRIOPRECIPITADO,A,POSITIVO,2026-08-10,2027-08-10,TRANSFUNDIDO,3,861
2076,BL-002076,CRIOPRECIPITADO,O,NEGATIVO,2026-08-10,2027-08-10,TRANSFUNDIDO,3,887
2077,BL-002077,CRIOPRECIPITADO,A,NEGATIVO,2026-08-10,2027-08-10,DISPONIVEL,1,
2078,BL-002078,HEMACIAS,A,POSITIVO,2026-08-11,2026-09-15,TRANSFUNDIDO,8,601
2079,BL-002079,HEMACIAS,A,NEGATIVO,2026-08-11,2026-09-15,TRANSFUNDIDO,4,625
2080,BL-002080,HEMACIAS,O,POSITIVO,2026-08-11,2026-09-15,TRANSFUNDIDO,3,677
2081,BL-002081,HEMACIAS,O,POSITIVO,2026-08-11,2026-09-15,TRANSFUNDIDO,6,681
2082,BL-002082,HEMACIAS,A,POSITIVO,2026-08-11,2026-09-15,TRANSFUNDIDO,4,715
2083,BL-002083,HEMACIAS,O,NEGATIVO,2026-08-11,2026-09-15,TRANSFUNDIDO,3,720
2084,BL-002084,HEMACIAS,A,POSITIVO,2026-08-11,2026-09-15,TRANSFUNDIDO,5,739
2085,BL-002085,HEMACIAS,A,POSITIVO,2026-08-11,2026-09-15,TRANSFUNDIDO,9,756
2086,BL-002086,HEMACIAS,O,POSITIVO,2026-08-11,2026-09-15,TRANSFUNDIDO,4,790
2087,BL-002087,HEMACIAS,A,POSITIVO,2026-08-11,2026-09-15,TRANSFUNDIDO,6,822
2088,BL-002088,HEMACIAS,A,POSITIVO,2026-08-11,2026-09-15,TRANSFUNDIDO,10,836
2089,BL-002089,HEMACIAS,O,POSITIVO,2026-08-11,2026-09-15,TRANSFUNDIDO,6,837
2090,BL-002090,HEMACIAS,O,POSITIVO,2026-08-11,2026-09-15,TRANSFUNDIDO,9,853
2091,BL-002091,HEMACIAS,O,POSITIVO,2026-08-11,2026-09-15,TRANSFUNDIDO,3,854
2092,BL-002092,HEMACIAS,O,POSITIVO,2026-08-11,2026-09-15,TRANSFUNDIDO,7,903
2093,BL-002093,HEMACIAS,O,POSITIVO,2026-08-11,2026-09-15,TRANSFUNDIDO,10,934
2094,BL-002094,HEMACIAS,A,POSITIVO,2026-08-11,2026-09-15,TRANSFUNDIDO,9,970
2095,BL-002095,HEMACIAS,O,POSITIVO,2026-08-11,2026-09-15,TRANSFUNDIDO,9,974
2096,BL-002096,HEMACIAS,A,NEGATIVO,2026-08-11,2026-09-15,TRANSFUNDIDO,6,982
2097,BL-002097,HEMACIAS,O,NEGATIVO,2026-08-11,2026-09-15,TRANSFUNDIDO,4,1007
2098,BL-002098,HEMACIAS,AB,POSITIVO,2026-08-11,2026-09-15,TRANSFUNDIDO,7,1016
2099,BL-002099,HEMACIAS,A,POSITIVO,2026-08-11,2026-09-15,DESCARTADO,2,
2100,BL-002100,HEMACIAS,O,POSITIVO,2026-08-11,2026-09-15,DESCARTADO,1,
2101,BL-002101,PLASMA,A,POSITIVO,2026-08-11,2027-08-11,TRANSFUNDIDO,5,620
2102,BL-002102,PLASMA,O,POSITIVO,2026-08-11,2027-08-11,TRANSFUNDIDO,3,665
2103,BL-002103,PLASMA,O,POSITIVO,2026-08-11,2027-08-11,TRANSFUNDIDO,3,855
2104,BL-002104,PLASMA,A,POSITIVO,2026-08-11,2027-08-11,TRANSFUNDIDO,6,864
2105,BL-002105,PLASMA,O,POSITIVO,2026-08-11,2027-08-11,DISPONIVEL,1,
2106,BL-002106,PLAQUETAS,O,POSITIVO,2026-08-11,2026-08-16,TRANSFUNDIDO,3,608
2107,BL-002107,PLAQUETAS,O,POSITIVO,2026-08-11,2026-08-16,TRANSFUNDIDO,3,608
2108,BL-002108,PLAQUETAS,O,POSITIVO,2026-08-11,2026-08-16,TRANSFUNDIDO,3,608
2109,BL-002109,PLAQUETAS,AB,POSITIVO,2026-08-11,2026-08-16,TRANSFUNDIDO,4,616
2110,BL-002110,PLAQUETAS,A,POSITIVO,2026-08-11,2026-08-16,TRANSFUNDIDO,8,623
2111,BL-002111,PLAQUETAS,A,POSITIVO,2026-08-11,2026-08-16,TRANSFUNDIDO,10,627
2112,BL-002112,PLAQUETAS,A,POSITIVO,2026-08-11,2026-08-16,TRANSFUNDIDO,10,627
2113,BL-002113,CRIOPRECIPITADO,O,POSITIVO,2026-08-11,2027-08-11,TRANSFUNDIDO,10,714
2114,BL-002114,CRIOPRECIPITADO,A,POSITIVO,2026-08-11,2027-08-11,TRANSFUNDIDO,6,752
2115,BL-002115,CRIOPRECIPITADO,O,POSITIVO,2026-08-11,2027-08-11,TRANSFUNDIDO,10,909
2116,BL-002116,CRIOPRECIPITADO,A,POSITIVO,2026-08-11,2027-08-11,TRANSFUNDIDO,4,986
2117,BL-002117,CRIOPRECIPITADO,A,POSITIVO,2026-08-11,2027-08-11,TRANSFUNDIDO,3,1009
2118,BL-002118,CRIOPRECIPITADO,A,NEGATIVO,2026-08-11,2027-08-11,DISPONIVEL,1,
2119,BL-002119,CRIOPRECIPITADO,O,POSITIVO,2026-08-11,2027-08-11,DISPONIVEL,1,
2120,BL-002120,HEMACIAS,A,NEGATIVO,2026-08-12,2026-09-16,TRANSFUNDIDO,3,606
2121,BL-002121,HEMACIAS,O,POSITIVO,2026-08-12,2026-09-16,TRANSFUNDIDO,5,664
2122,BL-002122,HEMACIAS,A,POSITIVO,2026-08-12,2026-09-16,TRANSFUNDIDO,4,715
2123,BL-002123,HEMACIAS,A,NEGATIVO,2026-08-12,2026-09-16,TRANSFUNDIDO,3,732
2124,BL-002124,HEMACIAS,B,POSITIVO,2026-08-12,2026-09-16,TRANSFUNDIDO,10,750
2125,BL-002125,HEMACIAS,O,POSITIVO,2026-08-12,2026-09-16,TRANSFUNDIDO,6,766
2126,BL-002126,HEMACIAS,A,POSITIVO,2026-08-12,2026-09-16,TRANSFUNDIDO,7,768
2127,BL-002127,HEMACIAS,A,NEGATIVO,2026-08-12,2026-09-16,TRANSFUNDIDO,8,818
2128,BL-002128,HEMACIAS,O,NEGATIVO,2026-08-12,2026-09-16,TRANSFUNDIDO,3,834
2129,BL-002129,HEMACIAS,O,POSITIVO,2026-08-12,2026-09-16,TRANSFUNDIDO,9,841
2130,BL-002130,HEMACIAS,B,POSITIVO,2026-08-12,2026-09-16,TRANSFUNDIDO,5,892
2131,BL-002131,HEMACIAS,A,POSITIVO,2026-08-12,2026-09-16,TRANSFUNDIDO,3,920
2132,BL-002132,HEMACIAS,B,NEGATIVO,2026-08-12,2026-09-16,TRANSFUNDIDO,3,921
2133,BL-002133,HEMACIAS,A,POSITIVO,2026-08-12,2026-09-16,TRANSFUNDIDO,9,959
2134,BL-002134,HEMACIAS,A,POSITIVO,2026-08-12,2026-09-16,TRANSFUNDIDO,3,977
2135,BL-002135,HEMACIAS,O,NEGATIVO,2026-08-12,2026-09-16,TRANSFUNDIDO,8,983
2136,BL-002136,HEMACIAS,A,POSITIVO,2026-08-12,2026-09-16,TRANSFUNDIDO,3,1024
2137,BL-002137,HEMACIAS,A,POSITIVO,2026-08-12,2026-09-16,TRANSFUNDIDO,3,1026
2138,BL-002138,HEMACIAS,O,POSITIVO,2026-08-12,2026-09-16,TRANSFUNDIDO,5,1031
2139,BL-002139,HEMACIAS,A,NEGATIVO,2026-08-12,2026-09-16,DESCARTADO,1,
2140,BL-002140,PLASMA,O,POSITIVO,2026-08-12,2027-08-12,TRANSFUNDIDO,9,817
2141,BL-002141,PLASMA,O,NEGATIVO,2026-08-12,2027-08-12,TRANSFUNDIDO,6,996
2142,BL-002142,PLASMA,O,POSITIVO,2026-08-12,2027-08-12,DISPONIVEL,1,
2143,BL-002143,PLAQUETAS,B,NEGATIVO,2026-08-12,2026-08-17,TRANSFUNDIDO,8,603
2144,BL-002144,PLAQUETAS,B,NEGATIVO,2026-08-12,2026-08-17,TRANSFUNDIDO,8,603
2145,BL-002145,PLAQUETAS,O,POSITIVO,2026-08-12,2026-08-17,TRANSFUNDIDO,3,608
2146,BL-002146,PLAQUETAS,A,POSITIVO,2026-08-12,2026-08-17,TRANSFUNDIDO,8,623
2147,BL-002147,PLAQUETAS,A,NEGATIVO,2026-08-12,2026-08-17,TRANSFUNDIDO,3,624
2148,BL-002148,PLAQUETAS,A,POSITIVO,2026-08-12,2026-08-17,TRANSFUNDIDO,10,627
2149,BL-002149,PLAQUETAS,O,POSITIVO,2026-08-12,2026-08-17,TRANSFUNDIDO,5,643
2150,BL-002150,CRIOPRECIPITADO,A,POSITIVO,2026-08-12,2027-08-12,TRANSFUNDIDO,5,911
2151,BL-002151,CRIOPRECIPITADO,A,POSITIVO,2026-08-12,2027-08-12,TRANSFUNDIDO,4,943
2152,BL-002152,HEMACIAS,O,NEGATIVO,2026-08-13,2026-09-17,TRANSFUNDIDO,10,617
2153,BL-002153,HEMACIAS,O,NEGATIVO,2026-08-13,2026-09-17,TRANSFUNDIDO,9,644
2154,BL-002154,HEMACIAS,O,POSITIVO,2026-08-13,2026-09-17,TRANSFUNDIDO,7,723
2155,BL-002155,HEMACIAS,O,POSITIVO,2026-08-13,2026-09-17,TRANSFUNDIDO,3,745
2156,BL-002156,HEMACIAS,O,POSITIVO,2026-08-13,2026-09-17,TRANSFUNDIDO,9,845
2157,BL-002157,HEMACIAS,B,POSITIVO,2026-08-13,2026-09-17,TRANSFUNDIDO,7,867
2158,BL-002158,HEMACIAS,B,POSITIVO,2026-08-13,2026-09-17,TRANSFUNDIDO,5,892
2159,BL-002159,HEMACIAS,A,NEGATIVO,2026-08-13,2026-09-17,TRANSFUNDIDO,9,894
2160,BL-002160,HEMACIAS,O,NEGATIVO,2026-08-13,2026-09-17,TRANSFUNDIDO,5,905
2161,BL-002161,HEMACIAS,AB,POSITIVO,2026-08-13,2026-09-17,TRANSFUNDIDO,7,913
2162,BL-002162,HEMACIAS,O,POSITIVO,2026-08-13,2026-09-17,TRANSFUNDIDO,10,934
2163,BL-002163,HEMACIAS,O,NEGATIVO,2026-08-13,2026-09-17,TRANSFUNDIDO,3,945
2164,BL-002164,HEMACIAS,A,POSITIVO,2026-08-13,2026-09-17,TRANSFUNDIDO,5,1021
2165,BL-002165,HEMACIAS,A,POSITIVO,2026-08-13,2026-09-17,TRANSFUNDIDO,6,1041
2166,BL-002166,HEMACIAS,A,POSITIVO,2026-08-13,2026-09-17,TRANSFUNDIDO,6,1041
2167,BL-002167,HEMACIAS,B,POSITIVO,2026-08-13,2026-09-17,DESCARTADO,1,
2168,BL-002168,PLASMA,O,POSITIVO,2026-08-13,2027-08-13,TRANSFUNDIDO,9,759
2169,BL-002169,PLASMA,O,POSITIVO,2026-08-13,2027-08-13,TRANSFUNDIDO,3,844
2170,BL-002170,PLASMA,B,NEGATIVO,2026-08-13,2027-08-13,TRANSFUNDIDO,6,965
2171,BL-002171,PLASMA,O,POSITIVO,2026-08-13,2027-08-13,TRANSFUNDIDO,3,997
2172,BL-002172,PLASMA,O,POSITIVO,2026-08-13,2027-08-13,TRANSFUNDIDO,9,1013
2173,BL-002173,PLASMA,A,POSITIVO,2026-08-13,2027-08-13,DISPONIVEL,1,
2174,BL-002174,PLASMA,O,POSITIVO,2026-08-13,2027-08-13,DISPONIVEL,2,
2175,BL-002175,PLASMA,A,POSITIVO,2026-08-13,2027-08-13,DESCARTADO,1,
2176,BL-002176,PLAQUETAS,O,POSITIVO,2026-08-13,2026-08-18,TRANSFUNDIDO,10,628
2177,BL-002177,PLAQUETAS,A,NEGATIVO,2026-08-13,2026-08-18,TRANSFUNDIDO,3,632
2178,BL-002178,PLAQUETAS,A,POSITIVO,2026-08-13,2026-08-18,TRANSFUNDIDO,5,643
2179,BL-002179,PLAQUETAS,A,POSITIVO,2026-08-13,2026-08-18,TRANSFUNDIDO,5,643
2180,BL-002180,CRIOPRECIPITADO,O,POSITIVO,2026-08-13,2027-08-13,TRANSFUNDIDO,8,629
2181,BL-002181,CRIOPRECIPITADO,A,POSITIVO,2026-08-13,2027-08-13,TRANSFUNDIDO,3,861
2182,BL-002182,CRIOPRECIPITADO,A,POSITIVO,2026-08-13,2027-08-13,TRANSFUNDIDO,4,943
2183,BL-002183,CRIOPRECIPITADO,A,POSITIVO,2026-08-13,2027-08-13,TRANSFUNDIDO,3,1009
2184,BL-002184,CRIOPRECIPITADO,A,POSITIVO,2026-08-13,2027-08-13,TRANSFUNDIDO,5,1035
2185,BL-002185,HEMACIAS,O,POSITIVO,2026-08-14,2026-09-18,TRANSFUNDIDO,6,626
2186,BL-002186,HEMACIAS,A,NEGATIVO,2026-08-14,2026-09-18,TRANSFUNDIDO,8,637
2187,BL-002187,HEMACIAS,O,POSITIVO,2026-08-14,2026-09-18,TRANSFUNDIDO,5,652
2188,BL-002188,HEMACIAS,O,POSITIVO,2026-08-14,2026-09-18,TRANSFUNDIDO,4,668
2189,BL-002189,HEMACIAS,A,POSITIVO,2026-08-14,2026-09-18,TRANSFUNDIDO,9,671
2190,BL-002190,HEMACIAS,O,POSITIVO,2026-08-14,2026-09-18,TRANSFUNDIDO,6,682
2191,BL-002191,HEMACIAS,A,POSITIVO,2026-08-14,2026-09-18,TRANSFUNDIDO,5,692
2192,BL-002192,HEMACIAS,B,POSITIVO,2026-08-14,2026-09-18,TRANSFUNDIDO,10,741
2193,BL-002193,HEMACIAS,O,NEGATIVO,2026-08-14,2026-09-18,TRANSFUNDIDO,9,771
2194,BL-002194,HEMACIAS,A,POSITIVO,2026-08-14,2026-09-18,TRANSFUNDIDO,9,788
2195,BL-002195,HEMACIAS,A,POSITIVO,2026-08-14,2026-09-18,TRANSFUNDIDO,8,815
2196,BL-002196,HEMACIAS,O,POSITIVO,2026-08-14,2026-09-18,TRANSFUNDIDO,9,830
2197,BL-002197,HEMACIAS,O,NEGATIVO,2026-08-14,2026-09-18,TRANSFUNDIDO,9,845
2198,BL-002198,HEMACIAS,A,POSITIVO,2026-08-14,2026-09-18,TRANSFUNDIDO,4,952
2199,BL-002199,HEMACIAS,O,NEGATIVO,2026-08-14,2026-09-18,TRANSFUNDIDO,7,953
2200,BL-002200,HEMACIAS,O,POSITIVO,2026-08-14,2026-09-18,TRANSFUNDIDO,7,953
2201,BL-002201,HEMACIAS,O,POSITIVO,2026-08-14,2026-09-18,TRANSFUNDIDO,4,995
2202,BL-002202,HEMACIAS,A,POSITIVO,2026-08-14,2026-09-18,TRANSFUNDIDO,9,1002
2203,BL-002203,HEMACIAS,A,POSITIVO,2026-08-14,2026-09-18,TRANSFUNDIDO,9,1011
2204,BL-002204,HEMACIAS,A,POSITIVO,2026-08-14,2026-09-18,TRANSFUNDIDO,3,1029
2205,BL-002205,HEMACIAS,A,POSITIVO,2026-08-14,2026-09-18,TRANSFUNDIDO,3,1029
2206,BL-002206,HEMACIAS,O,POSITIVO,2026-08-14,2026-09-18,TRANSFUNDIDO,7,1033
2207,BL-002207,HEMACIAS,O,NEGATIVO,2026-08-14,2026-09-18,TRANSFUNDIDO,10,1036
2208,BL-002208,HEMACIAS,A,POSITIVO,2026-08-14,2026-09-18,TRANSFUNDIDO,10,1050
2209,BL-002209,HEMACIAS,A,POSITIVO,2026-08-14,2026-09-18,DESCARTADO,1,
2210,BL-002210,PLASMA,A,POSITIVO,2026-08-14,2027-08-14,TRANSFUNDIDO,5,704
2211,BL-002211,PLASMA,O,POSITIVO,2026-08-14,2027-08-14,TRANSFUNDIDO,9,847
2212,BL-002212,PLASMA,A,POSITIVO,2026-08-14,2027-08-14,TRANSFUNDIDO,7,1003
2213,BL-002213,PLASMA,A,POSITIVO,2026-08-14,2027-08-14,TRANSFUNDIDO,4,1043
2214,BL-002214,PLASMA,A,POSITIVO,2026-08-14,2027-08-14,DISPONIVEL,1,
2215,BL-002215,PLASMA,O,POSITIVO,2026-08-14,2027-08-14,DISPONIVEL,1,
2216,BL-002216,PLAQUETAS,A,NEGATIVO,2026-08-14,2026-08-19,TRANSFUNDIDO,3,632
2217,BL-002217,PLAQUETAS,A,NEGATIVO,2026-08-14,2026-08-19,TRANSFUNDIDO,3,632
2218,BL-002218,PLAQUETAS,A,POSITIVO,2026-08-14,2026-08-19,TRANSFUNDIDO,4,658
2219,BL-002219,CRIOPRECIPITADO,B,POSITIVO,2026-08-14,2027-08-14,TRANSFUNDIDO,9,613
2220,BL-002220,CRIOPRECIPITADO,B,POSITIVO,2026-08-14,2027-08-14,TRANSFUNDIDO,9,613
2221,BL-002221,CRIOPRECIPITADO,A,POSITIVO,2026-08-14,2027-08-14,TRANSFUNDIDO,6,752
2222,BL-002222,CRIOPRECIPITADO,A,NEGATIVO,2026-08-14,2027-08-14,TRANSFUNDIDO,6,804
2223,BL-002223,CRIOPRECIPITADO,O,NEGATIVO,2026-08-14,2027-08-14,TRANSFUNDIDO,3,832
2224,BL-002224,CRIOPRECIPITADO,A,POSITIVO,2026-08-14,2027-08-14,TRANSFUNDIDO,5,911
2225,BL-002225,CRIOPRECIPITADO,AB,POSITIVO,2026-08-14,2027-08-14,DESCARTADO,1,
2226,BL-002226,HEMACIAS,O,NEGATIVO,2026-08-15,2026-09-19,TRANSFUNDIDO,5,712
2227,BL-002227,HEMACIAS,O,NEGATIVO,2026-08-15,2026-09-19,TRANSFUNDIDO,3,720
2228,BL-002228,HEMACIAS,O,POSITIVO,2026-08-15,2026-09-19,TRANSFUNDIDO,4,735
2229,BL-002229,HEMACIAS,A,POSITIVO,2026-08-15,2026-09-19,TRANSFUNDIDO,4,787
2230,BL-002230,HEMACIAS,A,NEGATIVO,2026-08-15,2026-09-19,TRANSFUNDIDO,3,798
2231,BL-002231,HEMACIAS,O,NEGATIVO,2026-08-15,2026-09-19,TRANSFUNDIDO,3,854
2232,BL-002232,HEMACIAS,A,POSITIVO,2026-08-15,2026-09-19,TRANSFUNDIDO,10,893
2233,BL-002233,HEMACIAS,A,POSITIVO,2026-08-15,2026-09-19,TRANSFUNDIDO,7,932
2234,BL-002234,HEMACIAS,A,POSITIVO,2026-08-15,2026-09-19,TRANSFUNDIDO,5,1021
2235,BL-002235,HEMACIAS,A,POSITIVO,2026-08-15,2026-09-19,TRANSFUNDIDO,3,1024
2236,BL-002236,HEMACIAS,O,POSITIVO,2026-08-15,2026-09-19,TRANSFUNDIDO,9,1032
2237,BL-002237,HEMACIAS,O,POSITIVO,2026-08-15,2026-09-19,TRANSFUNDIDO,5,1059
2238,BL-002238,HEMACIAS,O,POSITIVO,2026-08-15,2026-09-19,DESCARTADO,1,
2239,BL-002239,HEMACIAS,A,POSITIVO,2026-08-15,2026-09-19,DESCARTADO,1,
2240,BL-002240,HEMACIAS,A,POSITIVO,2026-08-15,2026-09-19,DESCARTADO,1,
2241,BL-002241,PLASMA,O,POSITIVO,2026-08-15,2027-08-15,TRANSFUNDIDO,8,688
2242,BL-002242,PLASMA,A,POSITIVO,2026-08-15,2027-08-15,TRANSFUNDIDO,6,743
2243,BL-002243,PLASMA,O,POSITIVO,2026-08-15,2027-08-15,TRANSFUNDIDO,3,844
2244,BL-002244,PLASMA,A,NEGATIVO,2026-08-15,2027-08-15,TRANSFUNDIDO,3,935
2245,BL-002245,PLASMA,A,POSITIVO,2026-08-15,2027-08-15,DESCARTADO,1,
2246,BL-002246,PLAQUETAS,A,POSITIVO,2026-08-15,2026-08-20,TRANSFUNDIDO,5,643
2247,BL-002247,PLAQUETAS,O,NEGATIVO,2026-08-15,2026-08-20,TRANSFUNDIDO,3,651
2248,BL-002248,PLAQUETAS,AB,POSITIVO,2026-08-15,2026-08-20,TRANSFUNDIDO,10,672
2249,BL-002249,PLAQUETAS,A,POSITIVO,2026-08-15,2026-08-20,TRANSFUNDIDO,7,689
2250,BL-002250,CRIOPRECIPITADO,A,POSITIVO,2026-08-15,2027-08-15,TRANSFUNDIDO,3,725
2251,BL-002251,CRIOPRECIPITADO,O,NEGATIVO,2026-08-15,2027-08-15,TRANSFUNDIDO,3,754
2252,BL-002252,CRIOPRECIPITADO,O,NEGATIVO,2026-08-15,2027-08-15,TRANSFUNDIDO,3,754
2253,BL-002253,CRIOPRECIPITADO,O,NEGATIVO,2026-08-15,2027-08-15,TRANSFUNDIDO,3,832
2254,BL-002254,CRIOPRECIPITADO,O,NEGATIVO,2026-08-15,2027-08-15,TRANSFUNDIDO,9,904
2255,BL-002255,CRIOPRECIPITADO,O,POSITIVO,2026-08-15,2027-08-15,TRANSFUNDIDO,9,1048
2256,BL-002256,CRIOPRECIPITADO,O,POSITIVO,2026-08-15,2027-08-15,DISPONIVEL,1,
2257,BL-002257,HEMACIAS,B,POSITIVO,2026-08-16,2026-09-20,TRANSFUNDIDO,3,640
2258,BL-002258,HEMACIAS,A,POSITIVO,2026-08-16,2026-09-20,TRANSFUNDIDO,10,649
2259,BL-002259,HEMACIAS,A,POSITIVO,2026-08-16,2026-09-20,TRANSFUNDIDO,6,660
2260,BL-002260,HEMACIAS,O,POSITIVO,2026-08-16,2026-09-20,TRANSFUNDIDO,3,710
2261,BL-002261,HEMACIAS,A,POSITIVO,2026-08-16,2026-09-20,TRANSFUNDIDO,5,739
2262,BL-002262,HEMACIAS,O,POSITIVO,2026-08-16,2026-09-20,TRANSFUNDIDO,7,761
2263,BL-002263,HEMACIAS,A,POSITIVO,2026-08-16,2026-09-20,TRANSFUNDIDO,5,781
2264,BL-002264,HEMACIAS,A,POSITIVO,2026-08-16,2026-09-20,TRANSFUNDIDO,10,802
2265,BL-002265,HEMACIAS,O,POSITIVO,2026-08-16,2026-09-20,TRANSFUNDIDO,9,812
2266,BL-002266,HEMACIAS,A,POSITIVO,2026-08-16,2026-09-20,TRANSFUNDIDO,8,816
2267,BL-002267,HEMACIAS,B,POSITIVO,2026-08-16,2026-09-20,TRANSFUNDIDO,6,819
2268,BL-002268,HEMACIAS,B,POSITIVO,2026-08-16,2026-09-20,TRANSFUNDIDO,6,856
2269,BL-002269,HEMACIAS,O,POSITIVO,2026-08-16,2026-09-20,TRANSFUNDIDO,3,876
2270,BL-002270,HEMACIAS,O,NEGATIVO,2026-08-16,2026-09-20,TRANSFUNDIDO,3,901
2271,BL-002271,HEMACIAS,A,POSITIVO,2026-08-16,2026-09-20,TRANSFUNDIDO,3,920
2272,BL-002272,HEMACIAS,O,POSITIVO,2026-08-16,2026-09-20,TRANSFUNDIDO,3,931
2273,BL-002273,HEMACIAS,O,NEGATIVO,2026-08-16,2026-09-20,TRANSFUNDIDO,6,987
2274,BL-002274,HEMACIAS,O,POSITIVO,2026-08-16,2026-09-20,TRANSFUNDIDO,6,990
2275,BL-002275,HEMACIAS,A,POSITIVO,2026-08-16,2026-09-20,TRANSFUNDIDO,3,1008
2276,BL-002276,HEMACIAS,A,POSITIVO,2026-08-16,2026-09-20,TRANSFUNDIDO,8,1010
2277,BL-002277,HEMACIAS,O,POSITIVO,2026-08-16,2026-09-20,TRANSFUNDIDO,6,1037
2278,BL-002278,HEMACIAS,O,POSITIVO,2026-08-16,2026-09-20,TRANSFUNDIDO,10,1054
2279,BL-002279,HEMACIAS,O,NEGATIVO,2026-08-16,2026-09-20,TRANSFUNDIDO,5,1066
2280,BL-002280,HEMACIAS,O,POSITIVO,2026-08-16,2026-09-20,DESCARTADO,2,
2281,BL-002281,PLASMA,A,POSITIVO,2026-08-16,2027-08-16,TRANSFUNDIDO,4,1043
2282,BL-002282,PLASMA,O,POSITIVO,2026-08-16,2027-08-16,DISPONIVEL,1,
2283,BL-002283,PLAQUETAS,AB,POSITIVO,2026-08-16,2026-08-21,TRANSFUNDIDO,10,672
2284,BL-002284,PLAQUETAS,O,POSITIVO,2026-08-16,2026-08-21,TRANSFUNDIDO,3,690
2285,BL-002285,CRIOPRECIPITADO,A,POSITIVO,2026-08-16,2027-08-16,TRANSFUNDIDO,10,714
2286,BL-002286,CRIOPRECIPITADO,A,POSITIVO,2026-08-16,2027-08-16,TRANSFUNDIDO,6,752
2287,BL-002287,CRIOPRECIPITADO,O,POSITIVO,2026-08-16,2027-08-16,TRANSFUNDIDO,9,1015
2288,BL-002288,CRIOPRECIPITADO,A,POSITIVO,2026-08-16,2027-08-16,DESCARTADO,1,
2289,BL-002289,CRIOPRECIPITADO,A,POSITIVO,2026-08-16,2027-08-16,DESCARTADO,1,
2290,BL-002290,HEMACIAS,AB,POSITIVO,2026-08-17,2026-09-21,TRANSFUNDIDO,5,666
2291,BL-002291,HEMACIAS,A,POSITIVO,2026-08-17,2026-09-21,TRANSFUNDIDO,5,692
2292,BL-002292,HEMACIAS,A,POSITIVO,2026-08-17,2026-09-21,TRANSFUNDIDO,7,695
2293,BL-002293,HEMACIAS,A,POSITIVO,2026-08-17,2026-09-21,TRANSFUNDIDO,7,695
2294,BL-002294,HEMACIAS,A,POSITIVO,2026-08-17,2026-09-21,TRANSFUNDIDO,7,731
2295,BL-002295,HEMACIAS,O,POSITIVO,2026-08-17,2026-09-21,TRANSFUNDIDO,4,735
2296,BL-002296,HEMACIAS,A,NEGATIVO,2026-08-17,2026-09-21,TRANSFUNDIDO,3,736
2297,BL-002297,HEMACIAS,O,POSITIVO,2026-08-17,2026-09-21,TRANSFUNDIDO,3,749
2298,BL-002298,HEMACIAS,O,POSITIVO,2026-08-17,2026-09-21,TRANSFUNDIDO,6,755
2299,BL-002299,HEMACIAS,O,POSITIVO,2026-08-17,2026-09-21,TRANSFUNDIDO,6,755
2300,BL-002300,HEMACIAS,O,POSITIVO,2026-08-17,2026-09-21,TRANSFUNDIDO,6,755
2301,BL-002301,HEMACIAS,A,POSITIVO,2026-08-17,2026-09-21,TRANSFUNDIDO,6,766
2302,BL-002302,HEMACIAS,A,POSITIVO,2026-08-17,2026-09-21,TRANSFUNDIDO,6,775
2303,BL-002303,HEMACIAS,O,POSITIVO,2026-08-17,2026-09-21,TRANSFUNDIDO,5,821
2304,BL-002304,HEMACIAS,O,POSITIVO,2026-08-17,2026-09-21,TRANSFUNDIDO,4,833
2305,BL-002305,HEMACIAS,O,POSITIVO,2026-08-17,2026-09-21,TRANSFUNDIDO,5,840
2306,BL-002306,HEMACIAS,A,NEGATIVO,2026-08-17,2026-09-21,TRANSFUNDIDO,3,882
2307,BL-002307,HEMACIAS,A,POSITIVO,2026-08-17,2026-09-21,TRANSFUNDIDO,3,888
2308,BL-002308,HEMACIAS,A,NEGATIVO,2026-08-17,2026-09-21,TRANSFUNDIDO,9,889
2309,BL-002309,HEMACIAS,B,NEGATIVO,2026-08-17,2026-09-21,TRANSFUNDIDO,9,914
2310,BL-002310,HEMACIAS,B,NEGATIVO,2026-08-17,2026-09-21,TRANSFUNDIDO,10,923
2311,BL-002311,HEMACIAS,O,NEGATIVO,2026-08-17,2026-09-21,TRANSFUNDIDO,3,947
2312,BL-002312,HEMACIAS,A,POSITIVO,2026-08-17,2026-09-21,TRANSFUNDIDO,9,970
2313,BL-002313,HEMACIAS,O,POSITIVO,2026-08-17,2026-09-21,TRANSFUNDIDO,10,971
2314,BL-002314,HEMACIAS,A,POSITIVO,2026-08-17,2026-09-21,TRANSFUNDIDO,3,977
2315,BL-002315,HEMACIAS,A,POSITIVO,2026-08-17,2026-09-21,TRANSFUNDIDO,3,1029
2316,BL-002316,HEMACIAS,O,POSITIVO,2026-08-17,2026-09-21,TRANSFUNDIDO,5,1031
2317,BL-002317,HEMACIAS,O,POSITIVO,2026-08-17,2026-09-21,DESCARTADO,2,
2318,BL-002318,HEMACIAS,B,POSITIVO,2026-08-17,2026-09-21,DESCARTADO,2,
2319,BL-002319,HEMACIAS,B,POSITIVO,2026-08-17,2026-09-21,DESCARTADO,1,
2320,BL-002320,HEMACIAS,A,POSITIVO,2026-08-17,2026-09-21,DESCARTADO,1,
2321,BL-002321,PLASMA,O,POSITIVO,2026-08-17,2027-08-17,TRANSFUNDIDO,4,707
2322,BL-002322,PLASMA,O,POSITIVO,2026-08-17,2027-08-17,TRANSFUNDIDO,6,751
2323,BL-002323,PLASMA,B,NEGATIVO,2026-08-17,2027-08-17,TRANSFUNDIDO,6,965
2324,BL-002324,PLASMA,O,POSITIVO,2026-08-17,2027-08-17,TRANSFUNDIDO,4,1012
2325,BL-002325,PLAQUETAS,A,POSITIVO,2026-08-17,2026-08-22,TRANSFUNDIDO,4,653
2326,BL-002326,PLAQUETAS,AB,POSITIVO,2026-08-17,2026-08-22,TRANSFUNDIDO,10,672
2327,BL-002327,PLAQUETAS,A,POSITIVO,2026-08-17,2026-08-22,TRANSFUNDIDO,7,689
2328,BL-002328,PLAQUETAS,O,POSITIVO,2026-08-17,2026-08-22,TRANSFUNDIDO,6,708
2329,BL-002329,PLAQUETAS,O,POSITIVO,2026-08-17,2026-08-22,TRANSFUNDIDO,6,708
2330,BL-002330,PLAQUETAS,O,POSITIVO,2026-08-17,2026-08-22,TRANSFUNDIDO,5,726
2331,BL-002331,PLAQUETAS,O,POSITIVO,2026-08-17,2026-08-22,TRANSFUNDIDO,5,726
2332,BL-002332,CRIOPRECIPITADO,A,POSITIVO,2026-08-17,2027-08-17,TRANSFUNDIDO,10,714
2333,BL-002333,CRIOPRECIPITADO,A,POSITIVO,2026-08-17,2027-08-17,TRANSFUNDIDO,3,725
2334,BL-002334,CRIOPRECIPITADO,O,NEGATIVO,2026-08-17,2027-08-17,TRANSFUNDIDO,3,887
2335,BL-002335,CRIOPRECIPITADO,O,POSITIVO,2026-08-17,2027-08-17,TRANSFUNDIDO,9,1015
2336,BL-002336,HEMACIAS,A,POSITIVO,2026-08-18,2026-09-22,TRANSFUNDIDO,6,660
2337,BL-002337,HEMACIAS,A,NEGATIVO,2026-08-18,2026-09-22,TRANSFUNDIDO,4,674
2338,BL-002338,HEMACIAS,A,POSITIVO,2026-08-18,2026-09-22,TRANSFUNDIDO,5,678
2339,BL-002339,HEMACIAS,A,POSITIVO,2026-08-18,2026-09-22,TRANSFUNDIDO,6,721
2340,BL-002340,HEMACIAS,O,POSITIVO,2026-08-18,2026-09-22,TRANSFUNDIDO,3,745
2341,BL-002341,HEMACIAS,O,POSITIVO,2026-08-18,2026-09-22,TRANSFUNDIDO,3,767
2342,BL-002342,HEMACIAS,A,POSITIVO,2026-08-18,2026-09-22,TRANSFUNDIDO,3,795
2343,BL-002343,HEMACIAS,A,POSITIVO,2026-08-18,2026-09-22,TRANSFUNDIDO,4,796
2344,BL-002344,HEMACIAS,A,POSITIVO,2026-08-18,2026-09-22,TRANSFUNDIDO,6,822
2345,BL-002345,HEMACIAS,AB,POSITIVO,2026-08-18,2026-09-22,TRANSFUNDIDO,7,913
2346,BL-002346,HEMACIAS,A,POSITIVO,2026-08-18,2026-09-22,TRANSFUNDIDO,9,970
2347,BL-002347,HEMACIAS,A,NEGATIVO,2026-08-18,2026-09-22,TRANSFUNDIDO,6,982
2348,BL-002348,HEMACIAS,A,POSITIVO,2026-08-18,2026-09-22,TRANSFUNDIDO,4,1007
2349,BL-002349,HEMACIAS,AB,POSITIVO,2026-08-18,2026-09-22,TRANSFUNDIDO,4,1018
2350,BL-002350,HEMACIAS,B,NEGATIVO,2026-08-18,2026-09-22,TRANSFUNDIDO,4,1058
2351,BL-002351,HEMACIAS,O,POSITIVO,2026-08-18,2026-09-22,DESCARTADO,1,
2352,BL-002352,HEMACIAS,A,POSITIVO,2026-08-18,2026-09-22,DESCARTADO,1,
2353,BL-002353,HEMACIAS,O,NEGATIVO,2026-08-18,2026-09-22,DESCARTADO,1,
2354,BL-002354,HEMACIAS,O,POSITIVO,2026-08-18,2026-09-22,DESCARTADO,1,
2355,BL-002355,PLASMA,O,POSITIVO,2026-08-18,2027-08-18,TRANSFUNDIDO,5,797
2356,BL-002356,PLASMA,O,POSITIVO,2026-08-18,2027-08-18,TRANSFUNDIDO,9,847
2357,BL-002357,PLASMA,A,POSITIVO,2026-08-18,2027-08-18,TRANSFUNDIDO,9,869
2358,BL-002358,PLASMA,A,POSITIVO,2026-08-18,2027-08-18,TRANSFUNDIDO,4,1051
2359,BL-002359,PLASMA,O,POSITIVO,2026-08-18,2027-08-18,DESCARTADO,1,
2360,BL-002360,PLASMA,O,NEGATIVO,2026-08-18,2027-08-18,DESCARTADO,2,
2361,BL-002361,PLASMA,A,POSITIVO,2026-08-18,2027-08-18,DESCARTADO,1,
2362,BL-002362,PLAQUETAS,AB,POSITIVO,2026-08-18,2026-08-23,TRANSFUNDIDO,10,672
2363,BL-002363,PLAQUETAS,O,NEGATIVO,2026-08-18,2026-08-23,TRANSFUNDIDO,7,676
2364,BL-002364,PLAQUETAS,A,POSITIVO,2026-08-18,2026-08-23,TRANSFUNDIDO,7,689
2365,BL-002365,PLAQUETAS,O,POSITIVO,2026-08-18,2026-08-23,TRANSFUNDIDO,3,690
2366,BL-002366,PLAQUETAS,O,POSITIVO,2026-08-18,2026-08-23,TRANSFUNDIDO,3,690
2367,BL-002367,PLAQUETAS,O,NEGATIVO,2026-08-18,2026-08-23,TRANSFUNDIDO,5,705
2368,BL-002368,PLAQUETAS,O,POSITIVO,2026-08-18,2026-08-23,TRANSFUNDIDO,5,726
2369,BL-002369,PLAQUETAS,A,POSITIVO,2026-08-18,2026-08-23,TRANSFUNDIDO,4,734
2370,BL-002370,PLAQUETAS,A,POSITIVO,2026-08-18,2026-08-23,TRANSFUNDIDO,4,734
2371,BL-002371,PLAQUETAS,O,POSITIVO,2026-08-18,2026-08-23,TRANSFUNDIDO,10,746
2372,BL-002372,CRIOPRECIPITADO,O,POSITIVO,2026-08-18,2027-08-18,TRANSFUNDIDO,3,667
2373,BL-002373,CRIOPRECIPITADO,O,POSITIVO,2026-08-18,2027-08-18,TRANSFUNDIDO,3,667
2374,BL-002374,CRIOPRECIPITADO,A,NEGATIVO,2026-08-18,2027-08-18,TRANSFUNDIDO,6,804
2375,BL-002375,CRIOPRECIPITADO,A,POSITIVO,2026-08-18,2027-08-18,TRANSFUNDIDO,3,861
2376,BL-002376,CRIOPRECIPITADO,A,POSITIVO,2026-08-18,2027-08-18,TRANSFUNDIDO,3,861
2377,BL-002377,CRIOPRECIPITADO,O,NEGATIVO,2026-08-18,2027-08-18,TRANSFUNDIDO,3,887
2378,BL-002378,CRIOPRECIPITADO,O,NEGATIVO,2026-08-18,2027-08-18,TRANSFUNDIDO,3,887
2379,BL-002379,CRIOPRECIPITADO,A,POSITIVO,2026-08-18,2027-08-18,TRANSFUNDIDO,5,1079
2380,BL-002380,CRIOPRECIPITADO,O,POSITIVO,2026-08-18,2027-08-18,DISPONIVEL,2,
2381,BL-002381,CRIOPRECIPITADO,O,POSITIVO,2026-08-18,2027-08-18,DESCARTADO,1,
2382,BL-002382,HEMACIAS,A,POSITIVO,2026-08-19,2026-09-23,TRANSFUNDIDO,6,685
2383,BL-002383,HEMACIAS,B,POSITIVO,2026-08-19,2026-09-23,TRANSFUNDIDO,3,713
2384,BL-002384,HEMACIAS,O,NEGATIVO,2026-08-19,2026-09-23,TRANSFUNDIDO,9,724
2385,BL-002385,HEMACIAS,O,POSITIVO,2026-08-19,2026-09-23,TRANSFUNDIDO,5,728
2386,BL-002386,HEMACIAS,B,NEGATIVO,2026-08-19,2026-09-23,TRANSFUNDIDO,5,733
2387,BL-002387,HEMACIAS,O,POSITIVO,2026-08-19,2026-09-23,TRANSFUNDIDO,5,739
2388,BL-002388,HEMACIAS,B,NEGATIVO,2026-08-19,2026-09-23,TRANSFUNDIDO,3,762
2389,BL-002389,HEMACIAS,B,POSITIVO,2026-08-19,2026-09-23,TRANSFUNDIDO,4,843
2390,BL-002390,HEMACIAS,B,NEGATIVO,2026-08-19,2026-09-23,TRANSFUNDIDO,7,862
2391,BL-002391,HEMACIAS,A,POSITIVO,2026-08-19,2026-09-23,TRANSFUNDIDO,5,883
2392,BL-002392,HEMACIAS,A,POSITIVO,2026-08-19,2026-09-23,TRANSFUNDIDO,5,886
2393,BL-002393,HEMACIAS,B,POSITIVO,2026-08-19,2026-09-23,TRANSFUNDIDO,4,951
2394,BL-002394,HEMACIAS,O,POSITIVO,2026-08-19,2026-09-23,TRANSFUNDIDO,6,961
2395,BL-002395,HEMACIAS,O,POSITIVO,2026-08-19,2026-09-23,TRANSFUNDIDO,4,976
2396,BL-002396,HEMACIAS,O,POSITIVO,2026-08-19,2026-09-23,TRANSFUNDIDO,8,983
2397,BL-002397,HEMACIAS,O,POSITIVO,2026-08-19,2026-09-23,TRANSFUNDIDO,8,1000
2398,BL-002398,HEMACIAS,A,POSITIVO,2026-08-19,2026-09-23,TRANSFUNDIDO,5,1104
2399,BL-002399,HEMACIAS,O,POSITIVO,2026-08-19,2026-09-23,TRANSFUNDIDO,5,1111
2400,BL-002400,HEMACIAS,O,POSITIVO,2026-08-19,2026-09-23,DESCARTADO,2,
2401,BL-002401,HEMACIAS,O,POSITIVO,2026-08-19,2026-09-23,DESCARTADO,2,
2402,BL-002402,HEMACIAS,O,POSITIVO,2026-08-19,2026-09-23,DESCARTADO,1,
2403,BL-002403,PLASMA,A,POSITIVO,2026-08-19,2027-08-19,TRANSFUNDIDO,5,704
2404,BL-002404,PLASMA,A,POSITIVO,2026-08-19,2027-08-19,TRANSFUNDIDO,4,849
2405,BL-002405,PLASMA,B,POSITIVO,2026-08-19,2027-08-19,TRANSFUNDIDO,7,885
2406,BL-002406,PLASMA,A,POSITIVO,2026-08-19,2027-08-19,TRANSFUNDIDO,4,916
2407,BL-002407,PLASMA,B,NEGATIVO,2026-08-19,2027-08-19,TRANSFUNDIDO,6,965
2408,BL-002408,PLASMA,O,NEGATIVO,2026-08-19,2027-08-19,DISPONIVEL,1,
2409,BL-002409,PLAQUETAS,O,POSITIVO,2026-08-19,2026-08-24,TRANSFUNDIDO,3,690
2410,BL-002410,PLAQUETAS,O,POSITIVO,2026-08-19,2026-08-24,TRANSFUNDIDO,6,708
2411,BL-002411,PLAQUETAS,O,POSITIVO,2026-08-19,2026-08-24,TRANSFUNDIDO,6,717
2412,BL-002412,PLAQUETAS,A,POSITIVO,2026-08-19,2026-08-24,TRANSFUNDIDO,4,734
2413,BL-002413,PLAQUETAS,A,POSITIVO,2026-08-19,2026-08-24,TRANSFUNDIDO,4,734
2414,BL-002414,PLAQUETAS,A,POSITIVO,2026-08-19,2026-08-24,TRANSFUNDIDO,10,757
2415,BL-002415,PLAQUETAS,O,POSITIVO,2026-08-19,2026-08-24,DESCARTADO,1,
2416,BL-002416,CRIOPRECIPITADO,A,POSITIVO,2026-08-19,2027-08-19,TRANSFUNDIDO,5,881
2417,BL-002417,CRIOPRECIPITADO,A,POSITIVO,2026-08-19,2027-08-19,TRANSFUNDIDO,5,911
2418,BL-002418,CRIOPRECIPITADO,A,POSITIVO,2026-08-19,2027-08-19,TRANSFUNDIDO,4,943
2419,BL-002419,CRIOPRECIPITADO,A,POSITIVO,2026-08-19,2027-08-19,TRANSFUNDIDO,3,1009
2420,BL-002420,CRIOPRECIPITADO,O,POSITIVO,2026-08-19,2027-08-19,TRANSFUNDIDO,9,1048
2421,BL-002421,CRIOPRECIPITADO,A,NEGATIVO,2026-08-19,2027-08-19,DISPONIVEL,2,
2422,BL-002422,HEMACIAS,A,NEGATIVO,2026-08-20,2026-09-24,TRANSFUNDIDO,5,739
2423,BL-002423,HEMACIAS,A,NEGATIVO,2026-08-20,2026-09-24,TRANSFUNDIDO,6,809
2424,BL-002424,HEMACIAS,B,POSITIVO,2026-08-20,2026-09-24,TRANSFUNDIDO,9,848
2425,BL-002425,HEMACIAS,B,POSITIVO,2026-08-20,2026-09-24,TRANSFUNDIDO,9,848
2426,BL-002426,HEMACIAS,A,POSITIVO,2026-08-20,2026-09-24,TRANSFUNDIDO,10,857
2427,BL-002427,HEMACIAS,O,POSITIVO,2026-08-20,2026-09-24,TRANSFUNDIDO,4,884
2428,BL-002428,HEMACIAS,A,NEGATIVO,2026-08-20,2026-09-24,TRANSFUNDIDO,3,890
2429,BL-002429,HEMACIAS,A,POSITIVO,2026-08-20,2026-09-24,TRANSFUNDIDO,8,929
2430,BL-002430,HEMACIAS,A,POSITIVO,2026-08-20,2026-09-24,TRANSFUNDIDO,7,932
2431,BL-002431,HEMACIAS,B,POSITIVO,2026-08-20,2026-09-24,TRANSFUNDIDO,4,951
2432,BL-002432,HEMACIAS,B,POSITIVO,2026-08-20,2026-09-24,TRANSFUNDIDO,4,960
2433,BL-002433,HEMACIAS,O,POSITIVO,2026-08-20,2026-09-24,TRANSFUNDIDO,6,961
2434,BL-002434,HEMACIAS,A,POSITIVO,2026-08-20,2026-09-24,TRANSFUNDIDO,6,1067
2435,BL-002435,HEMACIAS,A,POSITIVO,2026-08-20,2026-09-24,TRANSFUNDIDO,3,1093
2436,BL-002436,HEMACIAS,O,POSITIVO,2026-08-20,2026-09-24,TRANSFUNDIDO,4,1117
2437,BL-002437,HEMACIAS,A,POSITIVO,2026-08-20,2026-09-24,DESCARTADO,1,
2438,BL-002438,HEMACIAS,O,POSITIVO,2026-08-20,2026-09-24,DESCARTADO,1,
2439,BL-002439,PLASMA,B,POSITIVO,2026-08-20,2027-08-20,TRANSFUNDIDO,7,737
2440,BL-002440,PLASMA,A,NEGATIVO,2026-08-20,2027-08-20,TRANSFUNDIDO,9,827
2441,BL-002441,PLASMA,A,POSITIVO,2026-08-20,2027-08-20,TRANSFUNDIDO,4,849
2442,BL-002442,PLASMA,O,POSITIVO,2026-08-20,2027-08-20,TRANSFUNDIDO,3,1089
2443,BL-002443,PLASMA,B,POSITIVO,2026-08-20,2027-08-20,DESCARTADO,1,
2444,BL-002444,PLAQUETAS,O,POSITIVO,2026-08-20,2026-08-25,TRANSFUNDIDO,6,717
2445,BL-002445,PLAQUETAS,O,POSITIVO,2026-08-20,2026-08-25,TRANSFUNDIDO,5,726
2446,BL-002446,PLAQUETAS,O,POSITIVO,2026-08-20,2026-08-25,TRANSFUNDIDO,10,746
2447,BL-002447,PLAQUETAS,O,POSITIVO,2026-08-20,2026-08-25,TRANSFUNDIDO,10,746
2448,BL-002448,PLAQUETAS,A,POSITIVO,2026-08-20,2026-08-25,TRANSFUNDIDO,10,777
2449,BL-002449,PLAQUETAS,A,POSITIVO,2026-08-20,2026-08-25,TRANSFUNDIDO,10,777
2450,BL-002450,CRIOPRECIPITADO,A,POSITIVO,2026-08-20,2027-08-20,TRANSFUNDIDO,4,943
2451,BL-002451,HEMACIAS,A,NEGATIVO,2026-08-21,2026-09-25,TRANSFUNDIDO,5,739
2452,BL-002452,HEMACIAS,B,POSITIVO,2026-08-21,2026-09-25,TRANSFUNDIDO,4,747
2453,BL-002453,HEMACIAS,O,POSITIVO,2026-08-21,2026-09-25,TRANSFUNDIDO,9,799
2454,BL-002454,HEMACIAS,A,POSITIVO,2026-08-21,2026-09-25,TRANSFUNDIDO,9,806
2455,BL-002455,HEMACIAS,A,POSITIVO,2026-08-21,2026-09-25,TRANSFUNDIDO,9,823
2456,BL-002456,HEMACIAS,O,POSITIVO,2026-08-21,2026-09-25,TRANSFUNDIDO,3,825
2457,BL-002457,HEMACIAS,O,POSITIVO,2026-08-21,2026-09-25,TRANSFUNDIDO,5,840
2458,BL-002458,HEMACIAS,O,POSITIVO,2026-08-21,2026-09-25,TRANSFUNDIDO,9,866
2459,BL-002459,HEMACIAS,A,NEGATIVO,2026-08-21,2026-09-25,TRANSFUNDIDO,3,891
2460,BL-002460,HEMACIAS,A,POSITIVO,2026-08-21,2026-09-25,TRANSFUNDIDO,3,896
2461,BL-002461,HEMACIAS,O,POSITIVO,2026-08-21,2026-09-25,TRANSFUNDIDO,5,941
2462,BL-002462,HEMACIAS,A,POSITIVO,2026-08-21,2026-09-25,TRANSFUNDIDO,10,1072
2463,BL-002463,HEMACIAS,B,POSITIVO,2026-08-21,2026-09-25,TRANSFUNDIDO,4,1074
2464,BL-002464,HEMACIAS,A,POSITIVO,2026-08-21,2026-09-25,TRANSFUNDIDO,5,1104
2465,BL-002465,HEMACIAS,O,NEGATIVO,2026-08-21,2026-09-25,TRANSFUNDIDO,9,1134
2466,BL-002466,HEMACIAS,A,NEGATIVO,2026-08-21,2026-09-25,DESCARTADO,1,
2467,BL-002467,HEMACIAS,O,POSITIVO,2026-08-21,2026-09-25,DESCARTADO,1,
2468,BL-002468,PLASMA,A,NEGATIVO,2026-08-21,2027-08-21,TRANSFUNDIDO,9,827
2469,BL-002469,PLASMA,A,POSITIVO,2026-08-21,2027-08-21,TRANSFUNDIDO,9,869
2470,BL-002470,PLASMA,A,POSITIVO,2026-08-21,2027-08-21,TRANSFUNDIDO,3,997
2471,BL-002471,PLASMA,A,POSITIVO,2026-08-21,2027-08-21,TRANSFUNDIDO,4,1043
2472,BL-002472,PLASMA,O,POSITIVO,2026-08-21,2027-08-21,TRANSFUNDIDO,10,1105
2473,BL-002473,PLASMA,A,POSITIVO,2026-08-21,2027-08-21,DESCARTADO,2,
2474,BL-002474,PLAQUETAS,O,POSITIVO,2026-08-21,2026-08-26,TRANSFUNDIDO,3,748
2475,BL-002475,PLAQUETAS,O,POSITIVO,2026-08-21,2026-08-26,TRANSFUNDIDO,3,748
2476,BL-002476,PLAQUETAS,A,POSITIVO,2026-08-21,2026-08-26,TRANSFUNDIDO,4,769
2477,BL-002477,CRIOPRECIPITADO,O,NEGATIVO,2026-08-21,2027-08-21,TRANSFUNDIDO,3,754
2478,BL-002478,CRIOPRECIPITADO,A,POSITIVO,2026-08-21,2027-08-21,TRANSFUNDIDO,5,881
2479,BL-002479,CRIOPRECIPITADO,A,POSITIVO,2026-08-21,2027-08-21,TRANSFUNDIDO,4,943
2480,BL-002480,CRIOPRECIPITADO,O,NEGATIVO,2026-08-21,2027-08-21,TRANSFUNDIDO,5,1112
2481,BL-002481,CRIOPRECIPITADO,O,POSITIVO,2026-08-21,2027-08-21,TRANSFUNDIDO,9,1123
2482,BL-002482,CRIOPRECIPITADO,A,POSITIVO,2026-08-21,2027-08-21,DESCARTADO,2,
2483,BL-002483,HEMACIAS,O,POSITIVO,2026-08-22,2026-09-26,TRANSFUNDIDO,5,772
2484,BL-002484,HEMACIAS,A,POSITIVO,2026-08-22,2026-09-26,TRANSFUNDIDO,6,775
2485,BL-002485,HEMACIAS,A,POSITIVO,2026-08-22,2026-09-26,TRANSFUNDIDO,5,781
2486,BL-002486,HEMACIAS,A,NEGATIVO,2026-08-22,2026-09-26,TRANSFUNDIDO,3,798
2487,BL-002487,HEMACIAS,B,POSITIVO,2026-08-22,2026-09-26,TRANSFUNDIDO,5,826
2488,BL-002488,HEMACIAS,A,NEGATIVO,2026-08-22,2026-09-26,TRANSFUNDIDO,3,882
2489,BL-002489,HEMACIAS,A,POSITIVO,2026-08-22,2026-09-26,TRANSFUNDIDO,5,883
2490,BL-002490,HEMACIAS,O,POSITIVO,2026-08-22,2026-09-26,TRANSFUNDIDO,3,896
2491,BL-002491,HEMACIAS,O,POSITIVO,2026-08-22,2026-09-26,TRANSFUNDIDO,9,900
2492,BL-002492,HEMACIAS,O,POSITIVO,2026-08-22,2026-09-26,TRANSFUNDIDO,7,902
2493,BL-002493,HEMACIAS,A,POSITIVO,2026-08-22,2026-09-26,TRANSFUNDIDO,10,954
2494,BL-002494,HEMACIAS,O,POSITIVO,2026-08-22,2026-09-26,TRANSFUNDIDO,8,1000
2495,BL-002495,HEMACIAS,O,NEGATIVO,2026-08-22,2026-09-26,TRANSFUNDIDO,5,1031
2496,BL-002496,HEMACIAS,O,POSITIVO,2026-08-22,2026-09-26,TRANSFUNDIDO,4,1121
2497,BL-002497,HEMACIAS,B,POSITIVO,2026-08-22,2026-09-26,DISPONIVEL,1,
2498,BL-002498,HEMACIAS,O,NEGATIVO,2026-08-22,2026-09-26,DISPONIVEL,1,
2499,BL-002499,HEMACIAS,O,POSITIVO,2026-08-22,2026-09-26,DISPONIVEL,1,
2500,BL-002500,HEMACIAS,A,POSITIVO,2026-08-22,2026-09-26,DISPONIVEL,1,
2501,BL-002501,HEMACIAS,A,NEGATIVO,2026-08-22,2026-09-26,DISPONIVEL,2,
2502,BL-002502,HEMACIAS,A,POSITIVO,2026-08-22,2026-09-26,DESCARTADO,1,
2503,BL-002503,PLASMA,O,NEGATIVO,2026-08-22,2027-08-22,TRANSFUNDIDO,9,1150
2504,BL-002504,PLAQUETAS,O,POSITIVO,2026-08-22,2026-08-27,TRANSFUNDIDO,10,746
2505,BL-002505,PLAQUETAS,A,POSITIVO,2026-08-22,2026-08-27,TRANSFUNDIDO,10,757
2506,BL-002506,PLAQUETAS,A,POSITIVO,2026-08-22,2026-08-27,TRANSFUNDIDO,9,785
2507,BL-002507,PLAQUETAS,A,POSITIVO,2026-08-22,2026-08-27,TRANSFUNDIDO,6,794
2508,BL-002508,PLAQUETAS,B,NEGATIVO,2026-08-22,2026-08-27,DESCARTADO,1,
2509,BL-002509,CRIOPRECIPITADO,O,NEGATIVO,2026-08-22,2027-08-22,TRANSFUNDIDO,9,904
2510,BL-002510,CRIOPRECIPITADO,A,POSITIVO,2026-08-22,2027-08-22,TRANSFUNDIDO,3,1009
2511,BL-002511,CRIOPRECIPITADO,O,POSITIVO,2026-08-22,2027-08-22,TRANSFUNDIDO,9,1123
2512,BL-002512,CRIOPRECIPITADO,O,NEGATIVO,2026-08-22,2027-08-22,TRANSFUNDIDO,5,1145
2513,BL-002513,CRIOPRECIPITADO,O,POSITIVO,2026-08-22,2027-08-22,DISPONIVEL,1,
2514,BL-002514,HEMACIAS,O,POSITIVO,2026-08-23,2026-09-27,TRANSFUNDIDO,6,784
2515,BL-002515,HEMACIAS,A,POSITIVO,2026-08-23,2026-09-27,TRANSFUNDIDO,4,787
2516,BL-002516,HEMACIAS,A,POSITIVO,2026-08-23,2026-09-27,TRANSFUNDIDO,3,795
2517,BL-002517,HEMACIAS,AB,POSITIVO,2026-08-23,2026-09-27,TRANSFUNDIDO,3,842
2518,BL-002518,HEMACIAS,O,NEGATIVO,2026-08-23,2026-09-27,TRANSFUNDIDO,6,978
2519,BL-002519,HEMACIAS,A,NEGATIVO,2026-08-23,2026-09-27,TRANSFUNDIDO,3,1024
2520,BL-002520,HEMACIAS,O,POSITIVO,2026-08-23,2026-09-27,TRANSFUNDIDO,5,1042
2521,BL-002521,HEMACIAS,O,NEGATIVO,2026-08-23,2026-09-27,TRANSFUNDIDO,9,1134
2522,BL-002522,HEMACIAS,A,POSITIVO,2026-08-23,2026-09-27,DISPONIVEL,1,
2523,BL-002523,HEMACIAS,O,NEGATIVO,2026-08-23,2026-09-27,DISPONIVEL,1,
2524,BL-002524,HEMACIAS,A,POSITIVO,2026-08-23,2026-09-27,DISPONIVEL,1,
2525,BL-002525,HEMACIAS,A,POSITIVO,2026-08-23,2026-09-27,DISPONIVEL,1,
2526,BL-002526,HEMACIAS,A,POSITIVO,2026-08-23,2026-09-27,DISPONIVEL,2,
2527,BL-002527,HEMACIAS,O,POSITIVO,2026-08-23,2026-09-27,DISPONIVEL,2,
2528,BL-002528,HEMACIAS,A,POSITIVO,2026-08-23,2026-09-27,DISPONIVEL,2,
2529,BL-002529,HEMACIAS,B,POSITIVO,2026-08-23,2026-09-27,DISPONIVEL,2,
2530,BL-002530,HEMACIAS,A,POSITIVO,2026-08-23,2026-09-27,DESCARTADO,1,
2531,BL-002531,HEMACIAS,O,POSITIVO,2026-08-23,2026-09-27,DESCARTADO,1,
2532,BL-002532,PLASMA,O,NEGATIVO,2026-08-23,2027-08-23,TRANSFUNDIDO,8,899
2533,BL-002533,PLASMA,A,POSITIVO,2026-08-23,2027-08-23,TRANSFUNDIDO,4,916
2534,BL-002534,PLASMA,O,POSITIVO,2026-08-23,2027-08-23,TRANSFUNDIDO,3,1053
2535,BL-002535,PLASMA,A,POSITIVO,2026-08-23,2027-08-23,DESCARTADO,1,
2536,BL-002536,PLAQUETAS,A,POSITIVO,2026-08-23,2026-08-28,TRANSFUNDIDO,10,777
2537,BL-002537,PLAQUETAS,A,POSITIVO,2026-08-23,2026-08-28,TRANSFUNDIDO,6,794
2538,BL-002538,PLAQUETAS,A,POSITIVO,2026-08-23,2026-08-28,DESCARTADO,1,
2539,BL-002539,CRIOPRECIPITADO,O,POSITIVO,2026-08-23,2027-08-23,TRANSFUNDIDO,10,909
2540,BL-002540,CRIOPRECIPITADO,A,POSITIVO,2026-08-23,2027-08-23,TRANSFUNDIDO,3,1009
2541,BL-002541,CRIOPRECIPITADO,O,NEGATIVO,2026-08-23,2027-08-23,TRANSFUNDIDO,5,1112
2542,BL-002542,HEMACIAS,O,POSITIVO,2026-08-24,2026-09-28,TRANSFUNDIDO,3,783
2543,BL-002543,HEMACIAS,O,NEGATIVO,2026-08-24,2026-09-28,TRANSFUNDIDO,6,822
2544,BL-002544,HEMACIAS,O,POSITIVO,2026-08-24,2026-09-28,TRANSFUNDIDO,3,825
2545,BL-002545,HEMACIAS,B,POSITIVO,2026-08-24,2026-09-28,TRANSFUNDIDO,6,856
2546,BL-002546,HEMACIAS,B,NEGATIVO,2026-08-24,2026-09-28,TRANSFUNDIDO,7,862
2547,BL-002547,HEMACIAS,O,NEGATIVO,2026-08-24,2026-09-28,TRANSFUNDIDO,3,888
2548,BL-002548,HEMACIAS,A,NEGATIVO,2026-08-24,2026-09-28,TRANSFUNDIDO,9,889
2549,BL-002549,HEMACIAS,O,POSITIVO,2026-08-24,2026-09-28,TRANSFUNDIDO,7,902
2550,BL-002550,HEMACIAS,B,NEGATIVO,2026-08-24,2026-09-28,TRANSFUNDIDO,10,923
2551,BL-002551,HEMACIAS,A,NEGATIVO,2026-08-24,2026-09-28,TRANSFUNDIDO,5,963
2552,BL-002552,HEMACIAS,A,POSITIVO,2026-08-24,2026-09-28,TRANSFUNDIDO,9,974
2553,BL-002553,HEMACIAS,A,NEGATIVO,2026-08-24,2026-09-28,TRANSFUNDIDO,6,982
2554,BL-002554,HEMACIAS,O,POSITIVO,2026-08-24,2026-09-28,TRANSFUNDIDO,5,1031
2555,BL-002555,HEMACIAS,A,NEGATIVO,2026-08-24,2026-09-28,TRANSFUNDIDO,7,1057
2556,BL-002556,HEMACIAS,O,POSITIVO,2026-08-24,2026-09-28,TRANSFUNDIDO,6,1107
2557,BL-002557,HEMACIAS,A,POSITIVO,2026-08-24,2026-09-28,TRANSFUNDIDO,6,1113
2558,BL-002558,HEMACIAS,O,POSITIVO,2026-08-24,2026-09-28,TRANSFUNDIDO,4,1122
2559,BL-002559,HEMACIAS,O,POSITIVO,2026-08-24,2026-09-28,TRANSFUNDIDO,10,1127
2560,BL-002560,HEMACIAS,A,POSITIVO,2026-08-24,2026-09-28,TRANSFUNDIDO,3,1141
2561,BL-002561,HEMACIAS,A,POSITIVO,2026-08-24,2026-09-28,TRANSFUNDIDO,3,1157
2562,BL-002562,HEMACIAS,A,POSITIVO,2026-08-24,2026-09-28,TRANSFUNDIDO,10,1169
2563,BL-002563,HEMACIAS,A,POSITIVO,2026-08-24,2026-09-28,TRANSFUNDIDO,10,1169
2564,BL-002564,HEMACIAS,O,POSITIVO,2026-08-24,2026-09-28,DISPONIVEL,1,
2565,BL-002565,HEMACIAS,A,POSITIVO,2026-08-24,2026-09-28,DISPONIVEL,1,
2566,BL-002566,HEMACIAS,A,POSITIVO,2026-08-24,2026-09-28,DISPONIVEL,1,
2567,BL-002567,HEMACIAS,B,POSITIVO,2026-08-24,2026-09-28,DESCARTADO,1,
2568,BL-002568,HEMACIAS,O,NEGATIVO,2026-08-24,2026-09-28,DESCARTADO,1,
2569,BL-002569,PLASMA,A,POSITIVO,2026-08-24,2027-08-24,TRANSFUNDIDO,8,764
2570,BL-002570,PLASMA,O,POSITIVO,2026-08-24,2027-08-24,TRANSFUNDIDO,8,764
2571,BL-002571,PLASMA,B,POSITIVO,2026-08-24,2027-08-24,TRANSFUNDIDO,7,885
2572,BL-002572,PLASMA,O,POSITIVO,2026-08-24,2027-08-24,TRANSFUNDIDO,9,940
2573,BL-002573,PLASMA,A,POSITIVO,2026-08-24,2027-08-24,TRANSFUNDIDO,3,997
2574,BL-002574,PLASMA,B,NEGATIVO,2026-08-24,2027-08-24,TRANSFUNDIDO,8,999
2575,BL-002575,PLASMA,O,NEGATIVO,2026-08-24,2027-08-24,TRANSFUNDIDO,9,1150
2576,BL-002576,PLASMA,O,NEGATIVO,2026-08-24,2027-08-24,DISPONIVEL,1,
2577,BL-002577,PLAQUETAS,O,POSITIVO,2026-08-24,2026-08-29,TRANSFUNDIDO,9,791
2578,BL-002578,PLAQUETAS,A,POSITIVO,2026-08-24,2026-08-29,TRANSFUNDIDO,6,794
2579,BL-002579,PLAQUETAS,A,POSITIVO,2026-08-24,2026-08-29,TRANSFUNDIDO,3,811
2580,BL-002580,CRIOPRECIPITADO,A,NEGATIVO,2026-08-24,2027-08-24,TRANSFUNDIDO,3,832
2581,BL-002581,CRIOPRECIPITADO,A,POSITIVO,2026-08-24,2027-08-24,TRANSFUNDIDO,3,861
2582,BL-002582,CRIOPRECIPITADO,O,NEGATIVO,2026-08-24,2027-08-24,TRANSFUNDIDO,3,887
2583,BL-002583,CRIOPRECIPITADO,O,POSITIVO,2026-08-24,2027-08-24,TRANSFUNDIDO,10,909
2584,BL-002584,CRIOPRECIPITADO,A,POSITIVO,2026-08-24,2027-08-24,TRANSFUNDIDO,3,1009
2585,BL-002585,CRIOPRECIPITADO,O,POSITIVO,2026-08-24,2027-08-24,TRANSFUNDIDO,9,1015
2586,BL-002586,CRIOPRECIPITADO,A,NEGATIVO,2026-08-24,2027-08-24,TRANSFUNDIDO,4,1023
2587,BL-002587,CRIOPRECIPITADO,A,POSITIVO,2026-08-24,2027-08-24,TRANSFUNDIDO,5,1035
2588,BL-002588,CRIOPRECIPITADO,O,POSITIVO,2026-08-24,2027-08-24,TRANSFUNDIDO,9,1048
2589,BL-002589,CRIOPRECIPITADO,O,NEGATIVO,2026-08-24,2027-08-24,TRANSFUNDIDO,5,1112
2590,BL-002590,HEMACIAS,O,POSITIVO,2026-08-25,2026-09-29,TRANSFUNDIDO,4,805
2591,BL-002591,HEMACIAS,A,POSITIVO,2026-08-25,2026-09-29,TRANSFUNDIDO,9,806
2592,BL-002592,HEMACIAS,B,POSITIVO,2026-08-25,2026-09-29,TRANSFUNDIDO,5,826
2593,BL-002593,HEMACIAS,A,POSITIVO,2026-08-25,2026-09-29,TRANSFUNDIDO,8,929
2594,BL-002594,HEMACIAS,O,POSITIVO,2026-08-25,2026-09-29,TRANSFUNDIDO,6,978
2595,BL-002595,HEMACIAS,AB,POSITIVO,2026-08-25,2026-09-29,TRANSFUNDIDO,8,1006
2596,BL-002596,HEMACIAS,O,NEGATIVO,2026-08-25,2026-09-29,TRANSFUNDIDO,5,1021
2597,BL-002597,HEMACIAS,A,NEGATIVO,2026-08-25,2026-09-29,TRANSFUNDIDO,7,1057
2598,BL-002598,HEMACIAS,A,POSITIVO,2026-08-25,2026-09-29,TRANSFUNDIDO,5,1066
2599,BL-002599,HEMACIAS,O,POSITIVO,2026-08-25,2026-09-29,TRANSFUNDIDO,6,1069
2600,BL-002600,HEMACIAS,B,NEGATIVO,2026-08-25,2026-09-29,TRANSFUNDIDO,9,1099
2601,BL-002601,HEMACIAS,O,NEGATIVO,2026-08-25,2026-09-29,TRANSFUNDIDO,9,1103
2602,BL-002602,HEMACIAS,O,NEGATIVO,2026-08-25,2026-09-29,TRANSFUNDIDO,7,1167
2603,BL-002603,HEMACIAS,A,POSITIVO,2026-08-25,2026-09-29,TRANSFUNDIDO,7,1188
2604,BL-002604,HEMACIAS,A,NEGATIVO,2026-08-25,2026-09-29,DISPONIVEL,1,
2605,BL-002605,HEMACIAS,A,NEGATIVO,2026-08-25,2026-09-29,DISPONIVEL,2,
2606,BL-002606,HEMACIAS,A,POSITIVO,2026-08-25,2026-09-29,DESCARTADO,2,
2607,BL-002607,PLASMA,A,POSITIVO,2026-08-25,2027-08-25,TRANSFUNDIDO,3,924
2608,BL-002608,PLASMA,A,POSITIVO,2026-08-25,2027-08-25,TRANSFUNDIDO,3,997
2609,BL-002609,PLASMA,A,POSITIVO,2026-08-25,2027-08-25,TRANSFUNDIDO,4,1043
2610,BL-002610,PLASMA,A,POSITIVO,2026-08-25,2027-08-25,TRANSFUNDIDO,4,1051
2611,BL-002611,PLASMA,O,POSITIVO,2026-08-25,2027-08-25,TRANSFUNDIDO,3,1053
2612,BL-002612,PLASMA,O,POSITIVO,2026-08-25,2027-08-25,TRANSFUNDIDO,10,1105
2613,BL-002613,PLASMA,B,POSITIVO,2026-08-25,2027-08-25,TRANSFUNDIDO,4,1191
2614,BL-002614,PLASMA,O,POSITIVO,2026-08-25,2027-08-25,DISPONIVEL,2,
2615,BL-002615,PLASMA,O,POSITIVO,2026-08-25,2027-08-25,DISPONIVEL,2,
2616,BL-002616,PLASMA,O,POSITIVO,2026-08-25,2027-08-25,DESCARTADO,1,
2617,BL-002617,PLAQUETAS,A,POSITIVO,2026-08-25,2026-08-30,TRANSFUNDIDO,6,794
2618,BL-002618,PLAQUETAS,B,POSITIVO,2026-08-25,2026-08-30,TRANSFUNDIDO,3,813
2619,BL-002619,PLAQUETAS,B,NEGATIVO,2026-08-25,2026-08-30,TRANSFUNDIDO,3,813
2620,BL-002620,PLAQUETAS,A,NEGATIVO,2026-08-25,2026-08-30,TRANSFUNDIDO,4,829
2621,BL-002621,CRIOPRECIPITADO,A,NEGATIVO,2026-08-25,2027-08-25,TRANSFUNDIDO,3,832
2622,BL-002622,CRIOPRECIPITADO,A,POSITIVO,2026-08-25,2027-08-25,TRANSFUNDIDO,3,861
2623,BL-002623,CRIOPRECIPITADO,O,POSITIVO,2026-08-25,2027-08-25,TRANSFUNDIDO,10,909
2624,BL-002624,CRIOPRECIPITADO,O,NEGATIVO,2026-08-25,2027-08-25,TRANSFUNDIDO,5,1035
2625,BL-002625,CRIOPRECIPITADO,O,NEGATIVO,2026-08-25,2027-08-25,TRANSFUNDIDO,4,1156
2626,BL-002626,HEMACIAS,O,POSITIVO,2026-08-26,2026-09-30,TRANSFUNDIDO,6,838
2627,BL-002627,HEMACIAS,O,POSITIVO,2026-08-26,2026-09-30,TRANSFUNDIDO,10,870
2628,BL-002628,HEMACIAS,O,POSITIVO,2026-08-26,2026-09-30,TRANSFUNDIDO,4,884
2629,BL-002629,HEMACIAS,A,POSITIVO,2026-08-26,2026-09-30,TRANSFUNDIDO,4,922
2630,BL-002630,HEMACIAS,B,POSITIVO,2026-08-26,2026-09-30,TRANSFUNDIDO,7,962
2631,BL-002631,HEMACIAS,O,POSITIVO,2026-08-26,2026-09-30,TRANSFUNDIDO,10,971
2632,BL-002632,HEMACIAS,AB,POSITIVO,2026-08-26,2026-09-30,TRANSFUNDIDO,4,1018
2633,BL-002633,HEMACIAS,A,POSITIVO,2026-08-26,2026-09-30,TRANSFUNDIDO,3,1026
2634,BL-002634,HEMACIAS,A,POSITIVO,2026-08-26,2026-09-30,TRANSFUNDIDO,3,1029
2635,BL-002635,HEMACIAS,O,POSITIVO,2026-08-26,2026-09-30,TRANSFUNDIDO,8,1083
2636,BL-002636,HEMACIAS,A,POSITIVO,2026-08-26,2026-09-30,TRANSFUNDIDO,5,1084
2637,BL-002637,HEMACIAS,A,POSITIVO,2026-08-26,2026-09-30,TRANSFUNDIDO,6,1106
2638,BL-002638,HEMACIAS,O,POSITIVO,2026-08-26,2026-09-30,TRANSFUNDIDO,10,1159
2639,BL-002639,HEMACIAS,O,POSITIVO,2026-08-26,2026-09-30,DESCARTADO,1,
2640,BL-002640,HEMACIAS,O,POSITIVO,2026-08-26,2026-09-30,DESCARTADO,1,
2641,BL-002641,PLASMA,O,POSITIVO,2026-08-26,2027-08-26,TRANSFUNDIDO,4,863
2642,BL-002642,PLASMA,A,POSITIVO,2026-08-26,2027-08-26,TRANSFUNDIDO,3,924
2643,BL-002643,PLASMA,A,POSITIVO,2026-08-26,2027-08-26,TRANSFUNDIDO,6,968
2644,BL-002644,PLASMA,O,POSITIVO,2026-08-26,2027-08-26,TRANSFUNDIDO,3,1053
2645,BL-002645,PLASMA,O,POSITIVO,2026-08-26,2027-08-26,TRANSFUNDIDO,3,1053
2646,BL-002646,PLASMA,O,NEGATIVO,2026-08-26,2027-08-26,TRANSFUNDIDO,7,1118
2647,BL-002647,PLASMA,O,NEGATIVO,2026-08-26,2027-08-26,TRANSFUNDIDO,9,1150
2648,BL-002648,PLASMA,A,POSITIVO,2026-08-26,2027-08-26,DISPONIVEL,2,
2649,BL-002649,PLASMA,B,POSITIVO,2026-08-26,2027-08-26,DISPONIVEL,2,
2650,BL-002650,PLAQUETAS,B,POSITIVO,2026-08-26,2026-08-31,TRANSFUNDIDO,3,813
2651,BL-002651,CRIOPRECIPITADO,O,NEGATIVO,2026-08-26,2027-08-26,TRANSFUNDIDO,9,904
2652,BL-002652,CRIOPRECIPITADO,A,POSITIVO,2026-08-26,2027-08-26,TRANSFUNDIDO,4,1023
2653,BL-002653,CRIOPRECIPITADO,O,POSITIVO,2026-08-26,2027-08-26,TRANSFUNDIDO,9,1048
2654,BL-002654,HEMACIAS,A,POSITIVO,2026-08-27,2026-10-01,TRANSFUNDIDO,3,877
2655,BL-002655,HEMACIAS,A,POSITIVO,2026-08-27,2026-10-01,TRANSFUNDIDO,5,883
2656,BL-002656,HEMACIAS,A,POSITIVO,2026-08-27,2026-10-01,TRANSFUNDIDO,3,896
2657,BL-002657,HEMACIAS,A,POSITIVO,2026-08-27,2026-10-01,TRANSFUNDIDO,9,927
2658,BL-002658,HEMACIAS,A,POSITIVO,2026-08-27,2026-10-01,TRANSFUNDIDO,3,989
2659,BL-002659,HEMACIAS,AB,POSITIVO,2026-08-27,2026-10-01,TRANSFUNDIDO,8,1006
2660,BL-002660,HEMACIAS,A,POSITIVO,2026-08-27,2026-10-01,TRANSFUNDIDO,4,1017
2661,BL-002661,HEMACIAS,A,POSITIVO,2026-08-27,2026-10-01,TRANSFUNDIDO,4,1017
2662,BL-002662,HEMACIAS,A,POSITIVO,2026-08-27,2026-10-01,TRANSFUNDIDO,3,1068
2663,BL-002663,HEMACIAS,O,NEGATIVO,2026-08-27,2026-10-01,TRANSFUNDIDO,10,1080
2664,BL-002664,HEMACIAS,O,POSITIVO,2026-08-27,2026-10-01,TRANSFUNDIDO,9,1095
2665,BL-002665,HEMACIAS,A,POSITIVO,2026-08-27,2026-10-01,TRANSFUNDIDO,6,1096
2666,BL-002666,HEMACIAS,O,POSITIVO,2026-08-27,2026-10-01,DISPONIVEL,1,
2667,BL-002667,HEMACIAS,O,POSITIVO,2026-08-27,2026-10-01,DISPONIVEL,1,
2668,BL-002668,HEMACIAS,A,POSITIVO,2026-08-27,2026-10-01,DISPONIVEL,1,
2669,BL-002669,HEMACIAS,B,POSITIVO,2026-08-27,2026-10-01,DISPONIVEL,1,
2670,BL-002670,HEMACIAS,A,POSITIVO,2026-08-27,2026-10-01,DISPONIVEL,1,
2671,BL-002671,HEMACIAS,O,POSITIVO,2026-08-27,2026-10-01,DISPONIVEL,1,
2672,BL-002672,HEMACIAS,A,POSITIVO,2026-08-27,2026-10-01,DISPONIVEL,1,
2673,BL-002673,HEMACIAS,B,POSITIVO,2026-08-27,2026-10-01,DISPONIVEL,1,
2674,BL-002674,HEMACIAS,O,POSITIVO,2026-08-27,2026-10-01,DISPONIVEL,1,
2675,BL-002675,HEMACIAS,O,POSITIVO,2026-08-27,2026-10-01,DISPONIVEL,1,
2676,BL-002676,HEMACIAS,O,POSITIVO,2026-08-27,2026-10-01,DISPONIVEL,2,
2677,BL-002677,HEMACIAS,A,POSITIVO,2026-08-27,2026-10-01,DISPONIVEL,2,
2678,BL-002678,HEMACIAS,O,POSITIVO,2026-08-27,2026-10-01,DISPONIVEL,2,
2679,BL-002679,HEMACIAS,O,POSITIVO,2026-08-27,2026-10-01,DISPONIVEL,2,
2680,BL-002680,HEMACIAS,A,POSITIVO,2026-08-27,2026-10-01,DISPONIVEL,2,
2681,BL-002681,HEMACIAS,O,NEGATIVO,2026-08-27,2026-10-01,DESCARTADO,1,
2682,BL-002682,PLASMA,O,POSITIVO,2026-08-27,2027-08-27,TRANSFUNDIDO,4,863
2683,BL-002683,PLASMA,O,NEGATIVO,2026-08-27,2027-08-27,TRANSFUNDIDO,8,899
2684,BL-002684,PLASMA,B,POSITIVO,2026-08-27,2027-08-27,TRANSFUNDIDO,4,1191
2685,BL-002685,PLASMA,O,POSITIVO,2026-08-27,2027-08-27,DISPONIVEL,2,
2686,BL-002686,PLAQUETAS,O,NEGATIVO,2026-08-27,2026-09-01,TRANSFUNDIDO,10,808
2687,BL-002687,PLAQUETAS,O,NEGATIVO,2026-08-27,2026-09-01,TRANSFUNDIDO,10,808
2688,BL-002688,PLAQUETAS,B,POSITIVO,2026-08-27,2026-09-01,TRANSFUNDIDO,7,865
2689,BL-002689,PLAQUETAS,A,POSITIVO,2026-08-27,2026-09-01,TRANSFUNDIDO,6,872
2690,BL-002690,CRIOPRECIPITADO,O,POSITIVO,2026-08-27,2027-08-27,TRANSFUNDIDO,10,909
2691,BL-002691,CRIOPRECIPITADO,O,NEGATIVO,2026-08-27,2027-08-27,TRANSFUNDIDO,4,1023
2692,BL-002692,CRIOPRECIPITADO,A,POSITIVO,2026-08-27,2027-08-27,TRANSFUNDIDO,4,1023
2693,BL-002693,CRIOPRECIPITADO,A,NEGATIVO,2026-08-27,2027-08-27,TRANSFUNDIDO,6,1148
2694,BL-002694,CRIOPRECIPITADO,A,NEGATIVO,2026-08-27,2027-08-27,TRANSFUNDIDO,10,1175
2695,BL-002695,CRIOPRECIPITADO,A,NEGATIVO,2026-08-27,2027-08-27,TRANSFUNDIDO,10,1175
2696,BL-002696,HEMACIAS,O,POSITIVO,2026-08-28,2026-10-02,TRANSFUNDIDO,9,846
2697,BL-002697,HEMACIAS,B,NEGATIVO,2026-08-28,2026-10-02,TRANSFUNDIDO,3,859
2698,BL-002698,HEMACIAS,A,POSITIVO,2026-08-28,2026-10-02,TRANSFUNDIDO,4,873
2699,BL-002699,HEMACIAS,A,POSITIVO,2026-08-28,2026-10-02,TRANSFUNDIDO,4,880
2700,BL-002700,HEMACIAS,A,NEGATIVO,2026-08-28,2026-10-02,TRANSFUNDIDO,3,891
2701,BL-002701,HEMACIAS,AB,POSITIVO,2026-08-28,2026-10-02,TRANSFUNDIDO,5,942
2702,BL-002702,HEMACIAS,O,POSITIVO,2026-08-28,2026-10-02,TRANSFUNDIDO,6,961
2703,BL-002703,HEMACIAS,A,NEGATIVO,2026-08-28,2026-10-02,TRANSFUNDIDO,9,984
2704,BL-002704,HEMACIAS,A,POSITIVO,2026-08-28,2026-10-02,TRANSFUNDIDO,3,1005
2705,BL-002705,HEMACIAS,AB,POSITIVO,2026-08-28,2026-10-02,TRANSFUNDIDO,4,1018
2706,BL-002706,HEMACIAS,O,POSITIVO,2026-08-28,2026-10-02,TRANSFUNDIDO,3,1028
2707,BL-002707,HEMACIAS,A,POSITIVO,2026-08-28,2026-10-02,TRANSFUNDIDO,5,1066
2708,BL-002708,HEMACIAS,O,POSITIVO,2026-08-28,2026-10-02,TRANSFUNDIDO,3,1097
2709,BL-002709,HEMACIAS,O,NEGATIVO,2026-08-28,2026-10-02,TRANSFUNDIDO,9,1180
2710,BL-002710,HEMACIAS,O,POSITIVO,2026-08-28,2026-10-02,TRANSFUNDIDO,6,1201
2711,BL-002711,HEMACIAS,O,NEGATIVO,2026-08-28,2026-10-02,DISPONIVEL,1,
2712,BL-002712,HEMACIAS,O,POSITIVO,2026-08-28,2026-10-02,DISPONIVEL,1,
2713,BL-002713,HEMACIAS,A,POSITIVO,2026-08-28,2026-10-02,DISPONIVEL,1,
2714,BL-002714,HEMACIAS,A,POSITIVO,2026-08-28,2026-10-02,DISPONIVEL,1,
2715,BL-002715,HEMACIAS,A,POSITIVO,2026-08-28,2026-10-02,DISPONIVEL,1,
2716,BL-002716,HEMACIAS,A,POSITIVO,2026-08-28,2026-10-02,DISPONIVEL,1,
2717,BL-002717,HEMACIAS,A,NEGATIVO,2026-08-28,2026-10-02,DISPONIVEL,1,
2718,BL-002718,HEMACIAS,A,POSITIVO,2026-08-28,2026-10-02,DISPONIVEL,2,
2719,BL-002719,HEMACIAS,O,POSITIVO,2026-08-28,2026-10-02,DISPONIVEL,2,
2720,BL-002720,HEMACIAS,A,POSITIVO,2026-08-28,2026-10-02,DISPONIVEL,2,
2721,BL-002721,HEMACIAS,O,POSITIVO,2026-08-28,2026-10-02,DISPONIVEL,2,
2722,BL-002722,HEMACIAS,A,NEGATIVO,2026-08-28,2026-10-02,DESCARTADO,1,
2723,BL-002723,HEMACIAS,B,POSITIVO,2026-08-28,2026-10-02,DESCARTADO,1,
2724,BL-002724,HEMACIAS,O,POSITIVO,2026-08-28,2026-10-02,DESCARTADO,2,
2725,BL-002725,HEMACIAS,A,NEGATIVO,2026-08-28,2026-10-02,DESCARTADO,1,
2726,BL-002726,PLASMA,O,NEGATIVO,2026-08-28,2027-08-28,TRANSFUNDIDO,9,1056
2727,BL-002727,PLASMA,A,POSITIVO,2026-08-28,2027-08-28,DISPONIVEL,1,
2728,BL-002728,CRIOPRECIPITADO,A,POSITIVO,2026-08-28,2027-08-28,TRANSFUNDIDO,4,986
2729,BL-002729,CRIOPRECIPITADO,B,POSITIVO,2026-08-28,2027-08-28,DISPONIVEL,2,
2730,BL-002730,CRIOPRECIPITADO,A,POSITIVO,2026-08-28,2027-08-28,DESCARTADO,1,
2731,BL-002731,HEMACIAS,A,POSITIVO,2026-08-29,2026-10-03,TRANSFUNDIDO,5,839
2732,BL-002732,HEMACIAS,O,POSITIVO,2026-08-29,2026-10-03,TRANSFUNDIDO,5,840
2733,BL-002733,HEMACIAS,A,POSITIVO,2026-08-29,2026-10-03,TRANSFUNDIDO,6,858
2734,BL-002734,HEMACIAS,O,POSITIVO,2026-08-29,2026-10-03,TRANSFUNDIDO,9,866
2735,BL-002735,HEMACIAS,O,POSITIVO,2026-08-29,2026-10-03,TRANSFUNDIDO,10,870
2736,BL-002736,HEMACIAS,O,POSITIVO,2026-08-29,2026-10-03,TRANSFUNDIDO,9,900
2737,BL-002737,HEMACIAS,O,POSITIVO,2026-08-29,2026-10-03,TRANSFUNDIDO,7,903
2738,BL-002738,HEMACIAS,A,POSITIVO,2026-08-29,2026-10-03,TRANSFUNDIDO,3,920
2739,BL-002739,HEMACIAS,A,POSITIVO,2026-08-29,2026-10-03,TRANSFUNDIDO,8,938
2740,BL-002740,HEMACIAS,O,NEGATIVO,2026-08-29,2026-10-03,TRANSFUNDIDO,3,947
2741,BL-002741,HEMACIAS,O,POSITIVO,2026-08-29,2026-10-03,TRANSFUNDIDO,7,953
2742,BL-002742,HEMACIAS,A,NEGATIVO,2026-08-29,2026-10-03,TRANSFUNDIDO,9,984
2743,BL-002743,HEMACIAS,O,POSITIVO,2026-08-29,2026-10-03,TRANSFUNDIDO,6,987
2744,BL-002744,HEMACIAS,AB,POSITIVO,2026-08-29,2026-10-03,TRANSFUNDIDO,8,1006
2745,BL-002745,HEMACIAS,AB,POSITIVO,2026-08-29,2026-10-03,TRANSFUNDIDO,7,1016
2746,BL-002746,HEMACIAS,O,NEGATIVO,2026-08-29,2026-10-03,TRANSFUNDIDO,4,1071
2747,BL-002747,HEMACIAS,A,NEGATIVO,2026-08-29,2026-10-03,TRANSFUNDIDO,9,1114
2748,BL-002748,HEMACIAS,B,POSITIVO,2026-08-29,2026-10-03,TRANSFUNDIDO,7,1129
2749,BL-002749,HEMACIAS,O,NEGATIVO,2026-08-29,2026-10-03,TRANSFUNDIDO,7,1228
2750,BL-002750,HEMACIAS,O,POSITIVO,2026-08-29,2026-10-03,TRANSFUNDIDO,9,1234
2751,BL-002751,HEMACIAS,O,POSITIVO,2026-08-29,2026-10-03,TRANSFUNDIDO,9,1234
2752,BL-002752,HEMACIAS,A,NEGATIVO,2026-08-29,2026-10-03,DISPONIVEL,1,
2753,BL-002753,HEMACIAS,A,POSITIVO,2026-08-29,2026-10-03,DISPONIVEL,1,
2754,BL-002754,HEMACIAS,A,POSITIVO,2026-08-29,2026-10-03,DISPONIVEL,1,
2755,BL-002755,HEMACIAS,A,NEGATIVO,2026-08-29,2026-10-03,DISPONIVEL,1,
2756,BL-002756,HEMACIAS,A,POSITIVO,2026-08-29,2026-10-03,DISPONIVEL,2,
2757,BL-002757,HEMACIAS,O,POSITIVO,2026-08-29,2026-10-03,DISPONIVEL,2,
2758,BL-002758,HEMACIAS,A,POSITIVO,2026-08-29,2026-10-03,DISPONIVEL,2,
2759,BL-002759,HEMACIAS,O,POSITIVO,2026-08-29,2026-10-03,DISPONIVEL,2,
2760,BL-002760,HEMACIAS,A,POSITIVO,2026-08-29,2026-10-03,DISPONIVEL,2,
2761,BL-002761,HEMACIAS,A,NEGATIVO,2026-08-29,2026-10-03,DESCARTADO,2,
2762,BL-002762,HEMACIAS,O,POSITIVO,2026-08-29,2026-10-03,DESCARTADO,1,
2763,BL-002763,PLASMA,O,POSITIVO,2026-08-29,2027-08-29,TRANSFUNDIDO,5,852
2764,BL-002764,PLASMA,A,POSITIVO,2026-08-29,2027-08-29,TRANSFUNDIDO,6,874
2765,BL-002765,PLASMA,A,NEGATIVO,2026-08-29,2027-08-29,TRANSFUNDIDO,3,935
2766,BL-002766,PLASMA,A,POSITIVO,2026-08-29,2027-08-29,TRANSFUNDIDO,6,950
2767,BL-002767,PLASMA,A,POSITIVO,2026-08-29,2027-08-29,TRANSFUNDIDO,7,1003
2768,BL-002768,PLASMA,O,POSITIVO,2026-08-29,2027-08-29,TRANSFUNDIDO,10,1105
2769,BL-002769,PLAQUETAS,A,POSITIVO,2026-08-29,2026-09-03,TRANSFUNDIDO,9,895
2770,BL-002770,CRIOPRECIPITADO,A,POSITIVO,2026-08-29,2027-08-29,TRANSFUNDIDO,5,881
2771,BL-002771,CRIOPRECIPITADO,O,POSITIVO,2026-08-29,2027-08-29,TRANSFUNDIDO,9,1015
2772,BL-002772,CRIOPRECIPITADO,O,POSITIVO,2026-08-29,2027-08-29,TRANSFUNDIDO,9,1015
2773,BL-002773,CRIOPRECIPITADO,O,POSITIVO,2026-08-29,2027-08-29,TRANSFUNDIDO,9,1123
2774,BL-002774,CRIOPRECIPITADO,A,POSITIVO,2026-08-29,2027-08-29,TRANSFUNDIDO,3,1131
2775,BL-002775,CRIOPRECIPITADO,O,POSITIVO,2026-08-29,2027-08-29,TRANSFUNDIDO,4,1156
2776,BL-002776,CRIOPRECIPITADO,B,POSITIVO,2026-08-29,2027-08-29,TRANSFUNDIDO,3,1202
2777,BL-002777,CRIOPRECIPITADO,B,POSITIVO,2026-08-29,2027-08-29,TRANSFUNDIDO,3,1202
2778,BL-002778,HEMACIAS,A,NEGATIVO,2026-08-30,2026-10-04,TRANSFUNDIDO,3,851
2779,BL-002779,HEMACIAS,B,NEGATIVO,2026-08-30,2026-10-04,TRANSFUNDIDO,7,862
2780,BL-002780,HEMACIAS,A,POSITIVO,2026-08-30,2026-10-04,TRANSFUNDIDO,5,878
2781,BL-002781,HEMACIAS,A,NEGATIVO,2026-08-30,2026-10-04,TRANSFUNDIDO,3,890
2782,BL-002782,HEMACIAS,O,NEGATIVO,2026-08-30,2026-10-04,TRANSFUNDIDO,3,918
2783,BL-002783,HEMACIAS,A,NEGATIVO,2026-08-30,2026-10-04,TRANSFUNDIDO,3,957
2784,BL-002784,HEMACIAS,A,NEGATIVO,2026-08-30,2026-10-04,TRANSFUNDIDO,5,963
2785,BL-002785,HEMACIAS,A,POSITIVO,2026-08-30,2026-10-04,TRANSFUNDIDO,9,970
2786,BL-002786,HEMACIAS,B,POSITIVO,2026-08-30,2026-10-04,TRANSFUNDIDO,3,994
2787,BL-002787,HEMACIAS,A,POSITIVO,2026-08-30,2026-10-04,TRANSFUNDIDO,9,1002
2788,BL-002788,HEMACIAS,AB,POSITIVO,2026-08-30,2026-10-04,TRANSFUNDIDO,7,1016
2789,BL-002789,HEMACIAS,A,POSITIVO,2026-08-30,2026-10-04,TRANSFUNDIDO,9,1047
2790,BL-002790,HEMACIAS,A,POSITIVO,2026-08-30,2026-10-04,TRANSFUNDIDO,10,1072
2791,BL-002791,HEMACIAS,O,NEGATIVO,2026-08-30,2026-10-04,TRANSFUNDIDO,10,1080
2792,BL-002792,HEMACIAS,O,NEGATIVO,2026-08-30,2026-10-04,TRANSFUNDIDO,9,1130
2793,BL-002793,HEMACIAS,A,POSITIVO,2026-08-30,2026-10-04,TRANSFUNDIDO,3,1137
2794,BL-002794,HEMACIAS,A,POSITIVO,2026-08-30,2026-10-04,TRANSFUNDIDO,7,1188
2795,BL-002795,HEMACIAS,A,NEGATIVO,2026-08-30,2026-10-04,TRANSFUNDIDO,4,1195
2796,BL-002796,HEMACIAS,A,POSITIVO,2026-08-30,2026-10-04,TRANSFUNDIDO,10,1239
2797,BL-002797,HEMACIAS,AB,POSITIVO,2026-08-30,2026-10-04,TRANSFUNDIDO,3,1256
2798,BL-002798,HEMACIAS,A,NEGATIVO,2026-08-30,2026-10-04,DISPONIVEL,1,
2799,BL-002799,HEMACIAS,O,POSITIVO,2026-08-30,2026-10-04,DISPONIVEL,2,
2800,BL-002800,HEMACIAS,A,POSITIVO,2026-08-30,2026-10-04,DISPONIVEL,2,
2801,BL-002801,HEMACIAS,O,POSITIVO,2026-08-30,2026-10-04,DESCARTADO,1,
2802,BL-002802,HEMACIAS,O,POSITIVO,2026-08-30,2026-10-04,DESCARTADO,1,
2803,BL-002803,HEMACIAS,A,NEGATIVO,2026-08-30,2026-10-04,DESCARTADO,2,
2804,BL-002804,HEMACIAS,O,POSITIVO,2026-08-30,2026-10-04,DESCARTADO,1,
2805,BL-002805,HEMACIAS,A,NEGATIVO,2026-08-30,2026-10-04,DESCARTADO,1,
2806,BL-002806,PLASMA,A,POSITIVO,2026-08-30,2027-08-30,TRANSFUNDIDO,3,924
2807,BL-002807,PLASMA,A,POSITIVO,2026-08-30,2027-08-30,TRANSFUNDIDO,6,950
2808,BL-002808,PLASMA,O,NEGATIVO,2026-08-30,2027-08-30,TRANSFUNDIDO,7,1118
2809,BL-002809,PLASMA,O,NEGATIVO,2026-08-30,2027-08-30,TRANSFUNDIDO,9,1150
2810,BL-002810,PLASMA,O,POSITIVO,2026-08-30,2027-08-30,TRANSFUNDIDO,6,1170
2811,BL-002811,PLASMA,O,POSITIVO,2026-08-30,2027-08-30,TRANSFUNDIDO,8,1186
2812,BL-002812,PLASMA,B,POSITIVO,2026-08-30,2027-08-30,TRANSFUNDIDO,4,1191
2813,BL-002813,PLASMA,A,POSITIVO,2026-08-30,2027-08-30,DISPONIVEL,2,
2814,BL-002814,PLAQUETAS,A,POSITIVO,2026-08-30,2026-09-04,TRANSFUNDIDO,6,872
2815,BL-002815,PLAQUETAS,A,POSITIVO,2026-08-30,2026-09-04,TRANSFUNDIDO,9,895
2816,BL-002816,PLAQUETAS,B,POSITIVO,2026-08-30,2026-09-04,TRANSFUNDIDO,6,898
2817,BL-002817,CRIOPRECIPITADO,A,POSITIVO,2026-08-30,2027-08-30,TRANSFUNDIDO,5,881
2818,BL-002818,CRIOPRECIPITADO,A,POSITIVO,2026-08-30,2027-08-30,TRANSFUNDIDO,5,911
2819,BL-002819,CRIOPRECIPITADO,A,POSITIVO,2026-08-30,2027-08-30,TRANSFUNDIDO,3,1055
2820,BL-002820,CRIOPRECIPITADO,A,POSITIVO,2026-08-30,2027-08-30,TRANSFUNDIDO,3,1131
2821,BL-002821,CRIOPRECIPITADO,A,POSITIVO,2026-08-30,2027-08-30,TRANSFUNDIDO,3,1131
2822,BL-002822,CRIOPRECIPITADO,A,POSITIVO,2026-08-30,2027-08-30,TRANSFUNDIDO,3,1131
2823,BL-002823,CRIOPRECIPITADO,O,POSITIVO,2026-08-30,2027-08-30,TRANSFUNDIDO,5,1145
2824,BL-002824,HEMACIAS,A,NEGATIVO,2026-08-31,2026-10-05,TRANSFUNDIDO,3,882
2825,BL-002825,HEMACIAS,A,NEGATIVO,2026-08-31,2026-10-05,TRANSFUNDIDO,7,956
2826,BL-002826,HEMACIAS,O,POSITIVO,2026-08-31,2026-10-05,TRANSFUNDIDO,10,971
2827,BL-002827,HEMACIAS,O,POSITIVO,2026-08-31,2026-10-05,TRANSFUNDIDO,7,980
2828,BL-002828,HEMACIAS,B,POSITIVO,2026-08-31,2026-10-05,TRANSFUNDIDO,3,985
2829,BL-002829,HEMACIAS,A,POSITIVO,2026-08-31,2026-10-05,TRANSFUNDIDO,3,989
2830,BL-002830,HEMACIAS,O,POSITIVO,2026-08-31,2026-10-05,TRANSFUNDIDO,8,1083
2831,BL-002831,HEMACIAS,A,POSITIVO,2026-08-31,2026-10-05,TRANSFUNDIDO,5,1084
2832,BL-002832,HEMACIAS,O,POSITIVO,2026-08-31,2026-10-05,TRANSFUNDIDO,9,1092
2833,BL-002833,HEMACIAS,A,POSITIVO,2026-08-31,2026-10-05,TRANSFUNDIDO,3,1093
2834,BL-002834,HEMACIAS,O,POSITIVO,2026-08-31,2026-10-05,TRANSFUNDIDO,4,1117
2835,BL-002835,HEMACIAS,O,POSITIVO,2026-08-31,2026-10-05,TRANSFUNDIDO,4,1122
2836,BL-002836,HEMACIAS,A,POSITIVO,2026-08-31,2026-10-05,TRANSFUNDIDO,3,1141
2837,BL-002837,HEMACIAS,A,POSITIVO,2026-08-31,2026-10-05,TRANSFUNDIDO,6,1165
2838,BL-002838,HEMACIAS,A,NEGATIVO,2026-08-31,2026-10-05,TRANSFUNDIDO,6,1178
2839,BL-002839,HEMACIAS,O,POSITIVO,2026-08-31,2026-10-05,TRANSFUNDIDO,4,1182
2840,BL-002840,HEMACIAS,O,NEGATIVO,2026-08-31,2026-10-05,TRANSFUNDIDO,5,1183
2841,BL-002841,HEMACIAS,O,POSITIVO,2026-08-31,2026-10-05,TRANSFUNDIDO,7,1192
2842,BL-002842,HEMACIAS,O,POSITIVO,2026-08-31,2026-10-05,DISPONIVEL,1,
2843,BL-002843,HEMACIAS,A,POSITIVO,2026-08-31,2026-10-05,DISPONIVEL,1,
2844,BL-002844,HEMACIAS,A,POSITIVO,2026-08-31,2026-10-05,DISPONIVEL,1,
2845,BL-002845,HEMACIAS,A,POSITIVO,2026-08-31,2026-10-05,DISPONIVEL,1,
2846,BL-002846,HEMACIAS,O,NEGATIVO,2026-08-31,2026-10-05,DISPONIVEL,1,
2847,BL-002847,HEMACIAS,B,NEGATIVO,2026-08-31,2026-10-05,DISPONIVEL,1,
2848,BL-002848,HEMACIAS,O,POSITIVO,2026-08-31,2026-10-05,DISPONIVEL,2,
2849,BL-002849,HEMACIAS,O,POSITIVO,2026-08-31,2026-10-05,DISPONIVEL,2,
2850,BL-002850,HEMACIAS,B,POSITIVO,2026-08-31,2026-10-05,DISPONIVEL,2,
2851,BL-002851,HEMACIAS,O,POSITIVO,2026-08-31,2026-10-05,DISPONIVEL,2,
2852,BL-002852,HEMACIAS,O,POSITIVO,2026-08-31,2026-10-05,DISPONIVEL,2,
2853,BL-002853,HEMACIAS,O,POSITIVO,2026-08-31,2026-10-05,DISPONIVEL,2,
2854,BL-002854,HEMACIAS,A,POSITIVO,2026-08-31,2026-10-05,DESCARTADO,1,
2855,BL-002855,HEMACIAS,O,NEGATIVO,2026-08-31,2026-10-05,DESCARTADO,1,
2856,BL-002856,HEMACIAS,AB,POSITIVO,2026-08-31,2026-10-05,DESCARTADO,1,
2857,BL-002857,HEMACIAS,O,POSITIVO,2026-08-31,2026-10-05,DESCARTADO,1,
2858,BL-002858,PLASMA,A,POSITIVO,2026-08-31,2027-08-31,TRANSFUNDIDO,6,864
2859,BL-002859,PLASMA,B,POSITIVO,2026-08-31,2027-08-31,TRANSFUNDIDO,8,868
2860,BL-002860,PLASMA,O,POSITIVO,2026-08-31,2027-08-31,TRANSFUNDIDO,9,1013
2861,BL-002861,PLASMA,O,POSITIVO,2026-08-31,2027-08-31,TRANSFUNDIDO,4,1014
2862,BL-002862,PLAQUETAS,B,POSITIVO,2026-08-31,2026-09-05,TRANSFUNDIDO,7,865
2863,BL-002863,PLAQUETAS,O,POSITIVO,2026-08-31,2026-09-05,TRANSFUNDIDO,6,925
2864,BL-002864,PLAQUETAS,A,NEGATIVO,2026-08-31,2026-09-05,DESCARTADO,2,
2865,BL-002865,CRIOPRECIPITADO,O,NEGATIVO,2026-08-31,2027-08-31,TRANSFUNDIDO,9,904
2866,BL-002866,CRIOPRECIPITADO,A,POSITIVO,2026-08-31,2027-08-31,TRANSFUNDIDO,4,1023
2867,BL-002867,CRIOPRECIPITADO,O,NEGATIVO,2026-08-31,2027-08-31,TRANSFUNDIDO,5,1112
2868,BL-002868,CRIOPRECIPITADO,A,NEGATIVO,2026-08-31,2027-08-31,TRANSFUNDIDO,10,1175
2869,BL-002869,HEMACIAS,A,POSITIVO,2026-09-01,2026-10-06,TRANSFUNDIDO,5,878
2870,BL-002870,HEMACIAS,A,NEGATIVO,2026-09-01,2026-10-06,TRANSFUNDIDO,3,882
2871,BL-002871,HEMACIAS,A,POSITIVO,2026-09-01,2026-10-06,TRANSFUNDIDO,6,906
2872,BL-002872,HEMACIAS,B,NEGATIVO,2026-09-01,2026-10-06,TRANSFUNDIDO,9,914
2873,BL-002873,HEMACIAS,A,NEGATIVO,2026-09-01,2026-10-06,TRANSFUNDIDO,5,963
2874,BL-002874,HEMACIAS,A,POSITIVO,2026-09-01,2026-10-06,TRANSFUNDIDO,4,1017
2875,BL-002875,HEMACIAS,O,NEGATIVO,2026-09-01,2026-10-06,TRANSFUNDIDO,7,1030
2876,BL-002876,HEMACIAS,O,POSITIVO,2026-09-01,2026-10-06,TRANSFUNDIDO,5,1040
2877,BL-002877,HEMACIAS,O,POSITIVO,2026-09-01,2026-10-06,TRANSFUNDIDO,6,1107
2878,BL-002878,HEMACIAS,O,POSITIVO,2026-09-01,2026-10-06,TRANSFUNDIDO,5,1111
2879,BL-002879,HEMACIAS,A,POSITIVO,2026-09-01,2026-10-06,TRANSFUNDIDO,7,1218
2880,BL-002880,HEMACIAS,O,POSITIVO,2026-09-01,2026-10-06,TRANSFUNDIDO,3,1250
2881,BL-002881,HEMACIAS,O,POSITIVO,2026-09-01,2026-10-06,TRANSFUNDIDO,4,1252
2882,BL-002882,HEMACIAS,O,POSITIVO,2026-09-01,2026-10-06,TRANSFUNDIDO,5,1266
2883,BL-002883,HEMACIAS,A,POSITIVO,2026-09-01,2026-10-06,DISPONIVEL,1,
2884,BL-002884,HEMACIAS,A,POSITIVO,2026-09-01,2026-10-06,DISPONIVEL,1,
2885,BL-002885,HEMACIAS,O,POSITIVO,2026-09-01,2026-10-06,DISPONIVEL,1,
2886,BL-002886,HEMACIAS,A,NEGATIVO,2026-09-01,2026-10-06,DISPONIVEL,1,
2887,BL-002887,HEMACIAS,B,POSITIVO,2026-09-01,2026-10-06,DISPONIVEL,1,
2888,BL-002888,HEMACIAS,O,POSITIVO,2026-09-01,2026-10-06,DISPONIVEL,1,
2889,BL-002889,HEMACIAS,B,POSITIVO,2026-09-01,2026-10-06,DISPONIVEL,1,
2890,BL-002890,HEMACIAS,O,POSITIVO,2026-09-01,2026-10-06,DISPONIVEL,2,
2891,BL-002891,HEMACIAS,O,POSITIVO,2026-09-01,2026-10-06,DISPONIVEL,2,
2892,BL-002892,HEMACIAS,A,POSITIVO,2026-09-01,2026-10-06,DISPONIVEL,2,
2893,BL-002893,HEMACIAS,O,POSITIVO,2026-09-01,2026-10-06,DISPONIVEL,2,
2894,BL-002894,PLASMA,O,POSITIVO,2026-09-01,2027-09-01,DESCARTADO,1,
2895,BL-002895,PLASMA,O,POSITIVO,2026-09-01,2027-09-01,DESCARTADO,1,
2896,BL-002896,PLAQUETAS,O,POSITIVO,2026-09-01,2026-09-06,TRANSFUNDIDO,6,925
2897,BL-002897,PLAQUETAS,A,NEGATIVO,2026-09-01,2026-09-06,TRANSFUNDIDO,5,939
2898,BL-002898,CRIOPRECIPITADO,O,POSITIVO,2026-09-01,2027-09-01,TRANSFUNDIDO,9,1123
2899,BL-002899,CRIOPRECIPITADO,A,POSITIVO,2026-09-01,2027-09-01,TRANSFUNDIDO,4,1198
2900,BL-002900,CRIOPRECIPITADO,A,POSITIVO,2026-09-01,2027-09-01,TRANSFUNDIDO,7,1264
2901,BL-002901,HEMACIAS,O,NEGATIVO,2026-09-02,2026-10-07,TRANSFUNDIDO,3,945
2902,BL-002902,HEMACIAS,A,POSITIVO,2026-09-02,2026-10-07,TRANSFUNDIDO,9,958
2903,BL-002903,HEMACIAS,A,POSITIVO,2026-09-02,2026-10-07,TRANSFUNDIDO,4,1017
2904,BL-002904,HEMACIAS,B,POSITIVO,2026-09-02,2026-10-07,TRANSFUNDIDO,8,1038
2905,BL-002905,HEMACIAS,O,POSITIVO,2026-09-02,2026-10-07,TRANSFUNDIDO,3,1078
2906,BL-002906,HEMACIAS,A,POSITIVO,2026-09-02,2026-10-07,TRANSFUNDIDO,3,1136
2907,BL-002907,HEMACIAS,AB,POSITIVO,2026-09-02,2026-10-07,TRANSFUNDIDO,10,1173
2908,BL-002908,HEMACIAS,O,POSITIVO,2026-09-02,2026-10-07,TRANSFUNDIDO,5,1185
2909,BL-002909,HEMACIAS,AB,POSITIVO,2026-09-02,2026-10-07,TRANSFUNDIDO,3,1205
2910,BL-002910,HEMACIAS,A,POSITIVO,2026-09-02,2026-10-07,TRANSFUNDIDO,6,1233
2911,BL-002911,HEMACIAS,AB,POSITIVO,2026-09-02,2026-10-07,TRANSFUNDIDO,4,1238
2912,BL-002912,HEMACIAS,O,POSITIVO,2026-09-02,2026-10-07,TRANSFUNDIDO,3,1250
2913,BL-002913,HEMACIAS,A,POSITIVO,2026-09-02,2026-10-07,TRANSFUNDIDO,3,1258
2914,BL-002914,HEMACIAS,O,NEGATIVO,2026-09-02,2026-10-07,TRANSFUNDIDO,3,1260
2915,BL-002915,HEMACIAS,A,POSITIVO,2026-09-02,2026-10-07,DISPONIVEL,1,
2916,BL-002916,HEMACIAS,B,POSITIVO,2026-09-02,2026-10-07,DISPONIVEL,1,
2917,BL-002917,HEMACIAS,A,POSITIVO,2026-09-02,2026-10-07,DISPONIVEL,1,
2918,BL-002918,HEMACIAS,AB,POSITIVO,2026-09-02,2026-10-07,DISPONIVEL,1,
2919,BL-002919,HEMACIAS,A,POSITIVO,2026-09-02,2026-10-07,DISPONIVEL,1,
2920,BL-002920,HEMACIAS,O,POSITIVO,2026-09-02,2026-10-07,DISPONIVEL,1,
2921,BL-002921,HEMACIAS,B,POSITIVO,2026-09-02,2026-10-07,DISPONIVEL,1,
2922,BL-002922,HEMACIAS,O,POSITIVO,2026-09-02,2026-10-07,DISPONIVEL,1,
2923,BL-002923,HEMACIAS,A,POSITIVO,2026-09-02,2026-10-07,DISPONIVEL,1,
2924,BL-002924,HEMACIAS,O,POSITIVO,2026-09-02,2026-10-07,DISPONIVEL,1,
2925,BL-002925,HEMACIAS,A,POSITIVO,2026-09-02,2026-10-07,DISPONIVEL,2,
2926,BL-002926,HEMACIAS,O,POSITIVO,2026-09-02,2026-10-07,DESCARTADO,1,
2927,BL-002927,HEMACIAS,B,POSITIVO,2026-09-02,2026-10-07,DESCARTADO,1,
2928,BL-002928,PLASMA,O,POSITIVO,2026-09-02,2027-09-02,TRANSFUNDIDO,9,1166
2929,BL-002929,PLASMA,A,NEGATIVO,2026-09-02,2027-09-02,DISPONIVEL,1,
2930,BL-002930,PLAQUETAS,O,POSITIVO,2026-09-02,2026-09-07,TRANSFUNDIDO,6,925
2931,BL-002931,PLAQUETAS,O,POSITIVO,2026-09-02,2026-09-07,TRANSFUNDIDO,3,930
2932,BL-002932,PLAQUETAS,O,POSITIVO,2026-09-02,2026-09-07,TRANSFUNDIDO,3,930
2933,BL-002933,PLAQUETAS,A,POSITIVO,2026-09-02,2026-09-07,DESCARTADO,1,
2934,BL-002934,CRIOPRECIPITADO,O,NEGATIVO,2026-09-02,2027-09-02,TRANSFUNDIDO,9,904
2935,BL-002935,CRIOPRECIPITADO,A,POSITIVO,2026-09-02,2027-09-02,TRANSFUNDIDO,3,1055
2936,BL-002936,CRIOPRECIPITADO,A,POSITIVO,2026-09-02,2027-09-02,TRANSFUNDIDO,5,1079
2937,BL-002937,CRIOPRECIPITADO,O,POSITIVO,2026-09-02,2027-09-02,TRANSFUNDIDO,5,1145
2938,BL-002938,CRIOPRECIPITADO,O,POSITIVO,2026-09-02,2027-09-02,TRANSFUNDIDO,5,1145
2939,BL-002939,CRIOPRECIPITADO,A,NEGATIVO,2026-09-02,2027-09-02,TRANSFUNDIDO,10,1175
2940,BL-002940,HEMACIAS,O,NEGATIVO,2026-09-03,2026-10-08,TRANSFUNDIDO,8,917
2941,BL-002941,HEMACIAS,B,NEGATIVO,2026-09-03,2026-10-08,TRANSFUNDIDO,3,921
2942,BL-002942,HEMACIAS,A,NEGATIVO,2026-09-03,2026-10-08,TRANSFUNDIDO,3,957
2943,BL-002943,HEMACIAS,O,POSITIVO,2026-09-03,2026-10-08,TRANSFUNDIDO,7,980
2944,BL-002944,HEMACIAS,AB,POSITIVO,2026-09-03,2026-10-08,TRANSFUNDIDO,4,1018
2945,BL-002945,HEMACIAS,O,POSITIVO,2026-09-03,2026-10-08,TRANSFUNDIDO,3,1028
2946,BL-002946,HEMACIAS,A,POSITIVO,2026-09-03,2026-10-08,TRANSFUNDIDO,6,1034
2947,BL-002947,HEMACIAS,O,NEGATIVO,2026-09-03,2026-10-08,TRANSFUNDIDO,10,1054
2948,BL-002948,HEMACIAS,O,NEGATIVO,2026-09-03,2026-10-08,TRANSFUNDIDO,4,1071
2949,BL-002949,HEMACIAS,O,NEGATIVO,2026-09-03,2026-10-08,TRANSFUNDIDO,9,1094
2950,BL-002950,HEMACIAS,O,POSITIVO,2026-09-03,2026-10-08,TRANSFUNDIDO,5,1111
2951,BL-002951,HEMACIAS,A,POSITIVO,2026-09-03,2026-10-08,TRANSFUNDIDO,6,1113
2952,BL-002952,HEMACIAS,O,POSITIVO,2026-09-03,2026-10-08,TRANSFUNDIDO,3,1124
2953,BL-002953,HEMACIAS,O,NEGATIVO,2026-09-03,2026-10-08,TRANSFUNDIDO,9,1130
2954,BL-002954,HEMACIAS,O,POSITIVO,2026-09-03,2026-10-08,TRANSFUNDIDO,7,1143
2955,BL-002955,HEMACIAS,O,NEGATIVO,2026-09-03,2026-10-08,TRANSFUNDIDO,7,1146
2956,BL-002956,HEMACIAS,A,NEGATIVO,2026-09-03,2026-10-08,TRANSFUNDIDO,3,1214
2957,BL-002957,HEMACIAS,AB,POSITIVO,2026-09-03,2026-10-08,TRANSFUNDIDO,7,1215
2958,BL-002958,HEMACIAS,A,POSITIVO,2026-09-03,2026-10-08,TRANSFUNDIDO,3,1231
2959,BL-002959,HEMACIAS,A,NEGATIVO,2026-09-03,2026-10-08,TRANSFUNDIDO,3,1240
2960,BL-002960,HEMACIAS,A,POSITIVO,2026-09-03,2026-10-08,TRANSFUNDIDO,3,1255
2961,BL-002961,HEMACIAS,A,POSITIVO,2026-09-03,2026-10-08,TRANSFUNDIDO,3,1258
2962,BL-002962,HEMACIAS,A,POSITIVO,2026-09-03,2026-10-08,DISPONIVEL,1,
2963,BL-002963,HEMACIAS,O,POSITIVO,2026-09-03,2026-10-08,DISPONIVEL,1,
2964,BL-002964,HEMACIAS,O,POSITIVO,2026-09-03,2026-10-08,DISPONIVEL,1,
2965,BL-002965,HEMACIAS,O,NEGATIVO,2026-09-03,2026-10-08,DISPONIVEL,1,
2966,BL-002966,HEMACIAS,A,POSITIVO,2026-09-03,2026-10-08,DISPONIVEL,1,
2967,BL-002967,HEMACIAS,A,NEGATIVO,2026-09-03,2026-10-08,DISPONIVEL,1,
2968,BL-002968,HEMACIAS,A,POSITIVO,2026-09-03,2026-10-08,DISPONIVEL,1,
2969,BL-002969,HEMACIAS,A,POSITIVO,2026-09-03,2026-10-08,DISPONIVEL,1,
2970,BL-002970,HEMACIAS,A,POSITIVO,2026-09-03,2026-10-08,DISPONIVEL,2,
2971,BL-002971,HEMACIAS,A,POSITIVO,2026-09-03,2026-10-08,DISPONIVEL,2,
2972,BL-002972,HEMACIAS,O,POSITIVO,2026-09-03,2026-10-08,DISPONIVEL,2,
2973,BL-002973,HEMACIAS,A,POSITIVO,2026-09-03,2026-10-08,DESCARTADO,2,
2974,BL-002974,HEMACIAS,A,POSITIVO,2026-09-03,2026-10-08,DESCARTADO,1,
2975,BL-002975,HEMACIAS,A,POSITIVO,2026-09-03,2026-10-08,DESCARTADO,1,
2976,BL-002976,HEMACIAS,A,POSITIVO,2026-09-03,2026-10-08,DESCARTADO,1,
2977,BL-002977,HEMACIAS,A,POSITIVO,2026-09-03,2026-10-08,DESCARTADO,1,
2978,BL-002978,PLASMA,O,POSITIVO,2026-09-03,2027-09-03,TRANSFUNDIDO,3,964
2979,BL-002979,PLASMA,O,POSITIVO,2026-09-03,2027-09-03,TRANSFUNDIDO,3,964
2980,BL-002980,PLASMA,O,POSITIVO,2026-09-03,2027-09-03,TRANSFUNDIDO,7,1210
2981,BL-002981,PLASMA,O,POSITIVO,2026-09-03,2027-09-03,TRANSFUNDIDO,10,1229
2982,BL-002982,PLASMA,O,POSITIVO,2026-09-03,2027-09-03,TRANSFUNDIDO,4,1246
2983,BL-002983,PLASMA,B,POSITIVO,2026-09-03,2027-09-03,DISPONIVEL,2,
2984,BL-002984,PLASMA,O,NEGATIVO,2026-09-03,2027-09-03,DESCARTADO,1,
2985,BL-002985,PLAQUETAS,A,POSITIVO,2026-09-03,2026-09-08,TRANSFUNDIDO,5,919
2986,BL-002986,PLAQUETAS,O,POSITIVO,2026-09-03,2026-09-08,TRANSFUNDIDO,6,925
2987,BL-002987,PLAQUETAS,O,POSITIVO,2026-09-03,2026-09-08,TRANSFUNDIDO,3,930
2988,BL-002988,PLAQUETAS,A,NEGATIVO,2026-09-03,2026-09-08,TRANSFUNDIDO,5,939
2989,BL-002989,CRIOPRECIPITADO,O,NEGATIVO,2026-09-03,2027-09-03,TRANSFUNDIDO,9,904
2990,BL-002990,CRIOPRECIPITADO,O,POSITIVO,2026-09-03,2027-09-03,TRANSFUNDIDO,9,1123
2991,BL-002991,CRIOPRECIPITADO,A,NEGATIVO,2026-09-03,2027-09-03,TRANSFUNDIDO,10,1175
2992,BL-002992,CRIOPRECIPITADO,A,POSITIVO,2026-09-03,2027-09-03,DISPONIVEL,1,
2993,BL-002993,HEMACIAS,B,NEGATIVO,2026-09-04,2026-10-09,TRANSFUNDIDO,3,921
2994,BL-002994,HEMACIAS,A,POSITIVO,2026-09-04,2026-10-09,TRANSFUNDIDO,3,977
2995,BL-002995,HEMACIAS,A,POSITIVO,2026-09-04,2026-10-09,TRANSFUNDIDO,9,1002
2996,BL-002996,HEMACIAS,O,POSITIVO,2026-09-04,2026-10-09,TRANSFUNDIDO,3,1004
2997,BL-002997,HEMACIAS,A,POSITIVO,2026-09-04,2026-10-09,TRANSFUNDIDO,5,1021
2998,BL-002998,HEMACIAS,O,POSITIVO,2026-09-04,2026-10-09,TRANSFUNDIDO,5,1042
2999,BL-002999,HEMACIAS,A,POSITIVO,2026-09-04,2026-10-09,TRANSFUNDIDO,9,1076
3000,BL-003000,HEMACIAS,O,NEGATIVO,2026-09-04,2026-10-09,TRANSFUNDIDO,10,1080
3001,BL-003001,HEMACIAS,O,POSITIVO,2026-09-04,2026-10-09,TRANSFUNDIDO,9,1094
3002,BL-003002,HEMACIAS,A,POSITIVO,2026-09-04,2026-10-09,TRANSFUNDIDO,5,1104
3003,BL-003003,HEMACIAS,A,POSITIVO,2026-09-04,2026-10-09,TRANSFUNDIDO,5,1104
3004,BL-003004,HEMACIAS,A,POSITIVO,2026-09-04,2026-10-09,TRANSFUNDIDO,3,1136
3005,BL-003005,HEMACIAS,O,POSITIVO,2026-09-04,2026-10-09,TRANSFUNDIDO,5,1185
3006,BL-003006,HEMACIAS,O,NEGATIVO,2026-09-04,2026-10-09,DISPONIVEL,1,
3007,BL-003007,HEMACIAS,O,POSITIVO,2026-09-04,2026-10-09,DISPONIVEL,1,
3008,BL-003008,HEMACIAS,O,NEGATIVO,2026-09-04,2026-10-09,DISPONIVEL,1,
3009,BL-003009,HEMACIAS,A,POSITIVO,2026-09-04,2026-10-09,DISPONIVEL,1,
3010,BL-003010,HEMACIAS,A,NEGATIVO,2026-09-04,2026-10-09,DISPONIVEL,1,
3011,BL-003011,HEMACIAS,B,POSITIVO,2026-09-04,2026-10-09,DISPONIVEL,1,
3012,BL-003012,HEMACIAS,A,POSITIVO,2026-09-04,2026-10-09,DISPONIVEL,1,
3013,BL-003013,HEMACIAS,O,POSITIVO,2026-09-04,2026-10-09,DISPONIVEL,1,
3014,BL-003014,HEMACIAS,B,POSITIVO,2026-09-04,2026-10-09,DISPONIVEL,2,
3015,BL-003015,HEMACIAS,A,POSITIVO,2026-09-04,2026-10-09,DISPONIVEL,2,
3016,BL-003016,HEMACIAS,A,POSITIVO,2026-09-04,2026-10-09,DISPONIVEL,2,
3017,BL-003017,HEMACIAS,A,POSITIVO,2026-09-04,2026-10-09,DISPONIVEL,2,
3018,BL-003018,HEMACIAS,O,POSITIVO,2026-09-04,2026-10-09,DESCARTADO,1,
3019,BL-003019,PLASMA,A,NEGATIVO,2026-09-04,2027-09-04,TRANSFUNDIDO,3,935
3020,BL-003020,PLASMA,A,POSITIVO,2026-09-04,2027-09-04,TRANSFUNDIDO,6,950
3021,BL-003021,PLASMA,O,NEGATIVO,2026-09-04,2027-09-04,TRANSFUNDIDO,3,975
3022,BL-003022,PLASMA,O,POSITIVO,2026-09-04,2027-09-04,TRANSFUNDIDO,4,1014
3023,BL-003023,PLASMA,O,POSITIVO,2026-09-04,2027-09-04,TRANSFUNDIDO,5,1155
3024,BL-003024,PLAQUETAS,A,POSITIVO,2026-09-04,2026-09-09,TRANSFUNDIDO,5,919
3025,BL-003025,PLAQUETAS,A,POSITIVO,2026-09-04,2026-09-09,TRANSFUNDIDO,4,936
3026,BL-003026,PLAQUETAS,B,POSITIVO,2026-09-04,2026-09-09,TRANSFUNDIDO,9,944
3027,BL-003027,PLAQUETAS,A,NEGATIVO,2026-09-04,2026-09-09,TRANSFUNDIDO,9,946
3028,BL-003028,PLAQUETAS,O,POSITIVO,2026-09-04,2026-09-09,TRANSFUNDIDO,4,948
3029,BL-003029,PLAQUETAS,B,NEGATIVO,2026-09-04,2026-09-09,TRANSFUNDIDO,4,955
3030,BL-003030,PLAQUETAS,O,POSITIVO,2026-09-04,2026-09-09,TRANSFUNDIDO,6,967
3031,BL-003031,PLAQUETAS,O,POSITIVO,2026-09-04,2026-09-09,DESCARTADO,1,
3032,BL-003032,PLAQUETAS,O,POSITIVO,2026-09-04,2026-09-09,DESCARTADO,1,
3033,BL-003033,CRIOPRECIPITADO,A,POSITIVO,2026-09-04,2027-09-04,TRANSFUNDIDO,5,1035
3034,BL-003034,CRIOPRECIPITADO,A,POSITIVO,2026-09-04,2027-09-04,TRANSFUNDIDO,5,1079
3035,BL-003035,CRIOPRECIPITADO,O,NEGATIVO,2026-09-04,2027-09-04,TRANSFUNDIDO,5,1112
3036,BL-003036,CRIOPRECIPITADO,A,NEGATIVO,2026-09-04,2027-09-04,TRANSFUNDIDO,6,1148
3037,BL-003037,CRIOPRECIPITADO,A,NEGATIVO,2026-09-04,2027-09-04,TRANSFUNDIDO,10,1175
3038,BL-003038,CRIOPRECIPITADO,A,NEGATIVO,2026-09-04,2027-09-04,TRANSFUNDIDO,10,1175
3039,BL-003039,CRIOPRECIPITADO,B,NEGATIVO,2026-09-04,2027-09-04,DISPONIVEL,1,
3040,BL-003040,CRIOPRECIPITADO,A,POSITIVO,2026-09-04,2027-09-04,DESCARTADO,2,
3041,BL-003041,HEMACIAS,A,POSITIVO,2026-09-05,2026-10-10,TRANSFUNDIDO,10,954
3042,BL-003042,HEMACIAS,O,POSITIVO,2026-09-05,2026-10-10,TRANSFUNDIDO,9,991
3043,BL-003043,HEMACIAS,B,POSITIVO,2026-09-05,2026-10-10,TRANSFUNDIDO,3,994
3044,BL-003044,HEMACIAS,A,POSITIVO,2026-09-05,2026-10-10,TRANSFUNDIDO,3,1005
3045,BL-003045,HEMACIAS,A,POSITIVO,2026-09-05,2026-10-10,TRANSFUNDIDO,3,1068
3046,BL-003046,HEMACIAS,O,NEGATIVO,2026-09-05,2026-10-10,TRANSFUNDIDO,4,1071
3047,BL-003047,HEMACIAS,A,POSITIVO,2026-09-05,2026-10-10,TRANSFUNDIDO,9,1076
3048,BL-003048,HEMACIAS,O,POSITIVO,2026-09-05,2026-10-10,TRANSFUNDIDO,3,1078
3049,BL-003049,HEMACIAS,O,POSITIVO,2026-09-05,2026-10-10,TRANSFUNDIDO,10,1159
3050,BL-003050,HEMACIAS,O,POSITIVO,2026-09-05,2026-10-10,TRANSFUNDIDO,4,1182
3051,BL-003051,HEMACIAS,A,POSITIVO,2026-09-05,2026-10-10,TRANSFUNDIDO,7,1188
3052,BL-003052,HEMACIAS,O,POSITIVO,2026-09-05,2026-10-10,TRANSFUNDIDO,6,1201
3053,BL-003053,HEMACIAS,O,POSITIVO,2026-09-05,2026-10-10,TRANSFUNDIDO,3,1241
3054,BL-003054,HEMACIAS,O,NEGATIVO,2026-09-05,2026-10-10,TRANSFUNDIDO,7,1265
3055,BL-003055,HEMACIAS,O,NEGATIVO,2026-09-05,2026-10-10,DISPONIVEL,1,
3056,BL-003056,HEMACIAS,O,POSITIVO,2026-09-05,2026-10-10,DISPONIVEL,1,
3057,BL-003057,HEMACIAS,O,POSITIVO,2026-09-05,2026-10-10,DISPONIVEL,1,
3058,BL-003058,HEMACIAS,A,POSITIVO,2026-09-05,2026-10-10,DISPONIVEL,1,
3059,BL-003059,HEMACIAS,O,NEGATIVO,2026-09-05,2026-10-10,DISPONIVEL,1,
3060,BL-003060,HEMACIAS,B,POSITIVO,2026-09-05,2026-10-10,DISPONIVEL,1,
3061,BL-003061,HEMACIAS,AB,POSITIVO,2026-09-05,2026-10-10,DISPONIVEL,2,
3062,BL-003062,HEMACIAS,B,POSITIVO,2026-09-05,2026-10-10,DISPONIVEL,2,
3063,BL-003063,HEMACIAS,A,NEGATIVO,2026-09-05,2026-10-10,DISPONIVEL,2,
3064,BL-003064,HEMACIAS,O,POSITIVO,2026-09-05,2026-10-10,DESCARTADO,1,
3065,BL-003065,HEMACIAS,A,NEGATIVO,2026-09-05,2026-10-10,DESCARTADO,2,
3066,BL-003066,HEMACIAS,A,POSITIVO,2026-09-05,2026-10-10,DESCARTADO,2,
3067,BL-003067,PLASMA,B,NEGATIVO,2026-09-05,2027-09-05,TRANSFUNDIDO,6,965
3068,BL-003068,PLASMA,AB,POSITIVO,2026-09-05,2027-09-05,TRANSFUNDIDO,3,993
3069,BL-003069,PLAQUETAS,B,POSITIVO,2026-09-05,2026-09-10,TRANSFUNDIDO,3,926
3070,BL-003070,PLAQUETAS,B,POSITIVO,2026-09-05,2026-09-10,TRANSFUNDIDO,3,926
3071,BL-003071,PLAQUETAS,A,POSITIVO,2026-09-05,2026-09-10,TRANSFUNDIDO,4,936
3072,BL-003072,PLAQUETAS,A,NEGATIVO,2026-09-05,2026-09-10,TRANSFUNDIDO,5,939
3073,BL-003073,PLAQUETAS,O,POSITIVO,2026-09-05,2026-09-10,TRANSFUNDIDO,6,981
3074,BL-003074,PLAQUETAS,A,POSITIVO,2026-09-05,2026-09-10,TRANSFUNDIDO,4,992
3075,BL-003075,CRIOPRECIPITADO,A,POSITIVO,2026-09-05,2027-09-05,TRANSFUNDIDO,4,986
3076,BL-003076,CRIOPRECIPITADO,O,POSITIVO,2026-09-05,2027-09-05,TRANSFUNDIDO,9,1015
3077,BL-003077,CRIOPRECIPITADO,A,POSITIVO,2026-09-05,2027-09-05,TRANSFUNDIDO,3,1131
3078,BL-003078,CRIOPRECIPITADO,A,POSITIVO,2026-09-05,2027-09-05,DISPONIVEL,2,
3079,BL-003079,CRIOPRECIPITADO,O,POSITIVO,2026-09-05,2027-09-05,DESCARTADO,2,
3080,BL-003080,HEMACIAS,B,POSITIVO,2026-09-06,2026-10-11,TRANSFUNDIDO,9,966
3081,BL-003081,HEMACIAS,O,POSITIVO,2026-09-06,2026-10-11,TRANSFUNDIDO,6,978
3082,BL-003082,HEMACIAS,O,POSITIVO,2026-09-06,2026-10-11,TRANSFUNDIDO,8,1000
3083,BL-003083,HEMACIAS,O,POSITIVO,2026-09-06,2026-10-11,TRANSFUNDIDO,10,1019
3084,BL-003084,HEMACIAS,A,POSITIVO,2026-09-06,2026-10-11,TRANSFUNDIDO,5,1039
3085,BL-003085,HEMACIAS,O,POSITIVO,2026-09-06,2026-10-11,TRANSFUNDIDO,9,1092
3086,BL-003086,HEMACIAS,A,POSITIVO,2026-09-06,2026-10-11,TRANSFUNDIDO,5,1104
3087,BL-003087,HEMACIAS,O,NEGATIVO,2026-09-06,2026-10-11,TRANSFUNDIDO,9,1125
3088,BL-003088,HEMACIAS,O,POSITIVO,2026-09-06,2026-10-11,TRANSFUNDIDO,9,1125
3089,BL-003089,HEMACIAS,O,NEGATIVO,2026-09-06,2026-10-11,TRANSFUNDIDO,6,1147
3090,BL-003090,HEMACIAS,B,POSITIVO,2026-09-06,2026-10-11,TRANSFUNDIDO,4,1153
3091,BL-003091,HEMACIAS,O,POSITIVO,2026-09-06,2026-10-11,TRANSFUNDIDO,3,1157
3092,BL-003092,HEMACIAS,O,POSITIVO,2026-09-06,2026-10-11,TRANSFUNDIDO,9,1172
3093,BL-003093,HEMACIAS,O,POSITIVO,2026-09-06,2026-10-11,TRANSFUNDIDO,6,1201
3094,BL-003094,HEMACIAS,AB,POSITIVO,2026-09-06,2026-10-11,TRANSFUNDIDO,3,1205
3095,BL-003095,HEMACIAS,A,POSITIVO,2026-09-06,2026-10-11,TRANSFUNDIDO,6,1226
3096,BL-003096,HEMACIAS,O,NEGATIVO,2026-09-06,2026-10-11,TRANSFUNDIDO,7,1228
3097,BL-003097,HEMACIAS,O,NEGATIVO,2026-09-06,2026-10-11,TRANSFUNDIDO,7,1228
3098,BL-003098,HEMACIAS,A,NEGATIVO,2026-09-06,2026-10-11,TRANSFUNDIDO,3,1240
3099,BL-003099,HEMACIAS,O,POSITIVO,2026-09-06,2026-10-11,TRANSFUNDIDO,3,1244
3100,BL-003100,HEMACIAS,O,POSITIVO,2026-09-06,2026-10-11,TRANSFUNDIDO,7,1262
3101,BL-003101,HEMACIAS,O,POSITIVO,2026-09-06,2026-10-11,DISPONIVEL,1,
3102,BL-003102,HEMACIAS,A,NEGATIVO,2026-09-06,2026-10-11,DISPONIVEL,1,
3103,BL-003103,HEMACIAS,O,NEGATIVO,2026-09-06,2026-10-11,DISPONIVEL,1,
3104,BL-003104,HEMACIAS,A,POSITIVO,2026-09-06,2026-10-11,DISPONIVEL,1,
3105,BL-003105,HEMACIAS,A,POSITIVO,2026-09-06,2026-10-11,DISPONIVEL,1,
3106,BL-003106,HEMACIAS,O,POSITIVO,2026-09-06,2026-10-11,DISPONIVEL,1,
3107,BL-003107,HEMACIAS,A,POSITIVO,2026-09-06,2026-10-11,DISPONIVEL,1,
3108,BL-003108,HEMACIAS,O,POSITIVO,2026-09-06,2026-10-11,DISPONIVEL,1,
3109,BL-003109,HEMACIAS,O,POSITIVO,2026-09-06,2026-10-11,DISPONIVEL,2,
3110,BL-003110,HEMACIAS,O,POSITIVO,2026-09-06,2026-10-11,DISPONIVEL,2,
3111,BL-003111,HEMACIAS,O,POSITIVO,2026-09-06,2026-10-11,DISPONIVEL,2,
3112,BL-003112,HEMACIAS,O,POSITIVO,2026-09-06,2026-10-11,DISPONIVEL,2,
3113,BL-003113,HEMACIAS,O,POSITIVO,2026-09-06,2026-10-11,DESCARTADO,1,
3114,BL-003114,HEMACIAS,A,POSITIVO,2026-09-06,2026-10-11,DESCARTADO,1,
3115,BL-003115,PLASMA,A,POSITIVO,2026-09-06,2027-09-06,TRANSFUNDIDO,9,1056
3116,BL-003116,PLAQUETAS,O,NEGATIVO,2026-09-06,2026-09-11,TRANSFUNDIDO,3,937
3117,BL-003117,PLAQUETAS,A,NEGATIVO,2026-09-06,2026-09-11,TRANSFUNDIDO,9,946
3118,BL-003118,PLAQUETAS,A,POSITIVO,2026-09-06,2026-09-11,TRANSFUNDIDO,4,992
3119,BL-003119,PLAQUETAS,A,POSITIVO,2026-09-06,2026-09-11,TRANSFUNDIDO,4,992
3120,BL-003120,CRIOPRECIPITADO,O,POSITIVO,2026-09-06,2027-09-06,TRANSFUNDIDO,9,1048
3121,BL-003121,CRIOPRECIPITADO,A,POSITIVO,2026-09-06,2027-09-06,TRANSFUNDIDO,3,1055
3122,BL-003122,CRIOPRECIPITADO,A,POSITIVO,2026-09-06,2027-09-06,TRANSFUNDIDO,3,1131
3123,BL-003123,CRIOPRECIPITADO,O,POSITIVO,2026-09-06,2027-09-06,TRANSFUNDIDO,5,1145
3124,BL-003124,CRIOPRECIPITADO,A,POSITIVO,2026-09-06,2027-09-06,TRANSFUNDIDO,4,1198
3125,BL-003125,CRIOPRECIPITADO,A,POSITIVO,2026-09-06,2027-09-06,TRANSFUNDIDO,4,1198
3126,BL-003126,CRIOPRECIPITADO,B,POSITIVO,2026-09-06,2027-09-06,TRANSFUNDIDO,3,1202
3127,BL-003127,HEMACIAS,O,POSITIVO,2026-09-07,2026-10-12,TRANSFUNDIDO,6,978
3128,BL-003128,HEMACIAS,A,NEGATIVO,2026-09-07,2026-10-12,TRANSFUNDIDO,6,982
3129,BL-003129,HEMACIAS,O,POSITIVO,2026-09-07,2026-10-12,TRANSFUNDIDO,4,995
3130,BL-003130,HEMACIAS,A,POSITIVO,2026-09-07,2026-10-12,TRANSFUNDIDO,4,1007
3131,BL-003131,HEMACIAS,A,POSITIVO,2026-09-07,2026-10-12,TRANSFUNDIDO,8,1010
3132,BL-003132,HEMACIAS,A,POSITIVO,2026-09-07,2026-10-12,TRANSFUNDIDO,4,1017
3133,BL-003133,HEMACIAS,A,POSITIVO,2026-09-07,2026-10-12,TRANSFUNDIDO,10,1072
3134,BL-003134,HEMACIAS,B,POSITIVO,2026-09-07,2026-10-12,TRANSFUNDIDO,4,1074
3135,BL-003135,HEMACIAS,O,POSITIVO,2026-09-07,2026-10-12,TRANSFUNDIDO,4,1075
3136,BL-003136,HEMACIAS,O,POSITIVO,2026-09-07,2026-10-12,TRANSFUNDIDO,3,1078
3137,BL-003137,HEMACIAS,O,POSITIVO,2026-09-07,2026-10-12,TRANSFUNDIDO,3,1090
3138,BL-003138,HEMACIAS,A,POSITIVO,2026-09-07,2026-10-12,TRANSFUNDIDO,4,1091
3139,BL-003139,HEMACIAS,O,POSITIVO,2026-09-07,2026-10-12,TRANSFUNDIDO,9,1095
3140,BL-003140,HEMACIAS,A,POSITIVO,2026-09-07,2026-10-12,TRANSFUNDIDO,5,1104
3141,BL-003141,HEMACIAS,O,POSITIVO,2026-09-07,2026-10-12,TRANSFUNDIDO,6,1107
3142,BL-003142,HEMACIAS,A,POSITIVO,2026-09-07,2026-10-12,TRANSFUNDIDO,10,1109
3143,BL-003143,HEMACIAS,O,POSITIVO,2026-09-07,2026-10-12,TRANSFUNDIDO,5,1111
3144,BL-003144,HEMACIAS,O,POSITIVO,2026-09-07,2026-10-12,TRANSFUNDIDO,9,1115
3145,BL-003145,HEMACIAS,A,POSITIVO,2026-09-07,2026-10-12,TRANSFUNDIDO,3,1137
3146,BL-003146,HEMACIAS,O,POSITIVO,2026-09-07,2026-10-12,TRANSFUNDIDO,9,1161
3147,BL-003147,HEMACIAS,A,POSITIVO,2026-09-07,2026-10-12,TRANSFUNDIDO,9,1176
3148,BL-003148,HEMACIAS,O,POSITIVO,2026-09-07,2026-10-12,TRANSFUNDIDO,7,1192
3149,BL-003149,HEMACIAS,A,POSITIVO,2026-09-07,2026-10-12,TRANSFUNDIDO,3,1248
3150,BL-003150,HEMACIAS,O,NEGATIVO,2026-09-07,2026-10-12,TRANSFUNDIDO,7,1265
3151,BL-003151,HEMACIAS,O,POSITIVO,2026-09-07,2026-10-12,DISPONIVEL,1,
3152,BL-003152,HEMACIAS,A,POSITIVO,2026-09-07,2026-10-12,DISPONIVEL,1,
3153,BL-003153,HEMACIAS,A,POSITIVO,2026-09-07,2026-10-12,DISPONIVEL,1,
3154,BL-003154,HEMACIAS,A,POSITIVO,2026-09-07,2026-10-12,DISPONIVEL,1,
3155,BL-003155,HEMACIAS,A,POSITIVO,2026-09-07,2026-10-12,DISPONIVEL,1,
3156,BL-003156,HEMACIAS,O,POSITIVO,2026-09-07,2026-10-12,DISPONIVEL,2,
3157,BL-003157,HEMACIAS,O,POSITIVO,2026-09-07,2026-10-12,DISPONIVEL,2,
3158,BL-003158,HEMACIAS,O,NEGATIVO,2026-09-07,2026-10-12,DISPONIVEL,2,
3159,BL-003159,HEMACIAS,B,POSITIVO,2026-09-07,2026-10-12,DISPONIVEL,2,
3160,BL-003160,HEMACIAS,B,POSITIVO,2026-09-07,2026-10-12,DESCARTADO,1,
3161,BL-003161,HEMACIAS,O,NEGATIVO,2026-09-07,2026-10-12,DESCARTADO,1,
3162,BL-003162,PLASMA,O,NEGATIVO,2026-09-07,2027-09-07,TRANSFUNDIDO,7,1118
3163,BL-003163,PLASMA,A,POSITIVO,2026-09-07,2027-09-07,TRANSFUNDIDO,4,1177
3164,BL-003164,PLASMA,A,NEGATIVO,2026-09-07,2027-09-07,DESCARTADO,2,
3165,BL-003165,PLAQUETAS,B,NEGATIVO,2026-09-07,2026-09-12,TRANSFUNDIDO,4,955
3166,BL-003166,PLAQUETAS,O,POSITIVO,2026-09-07,2026-09-12,TRANSFUNDIDO,6,972
3167,BL-003167,PLAQUETAS,O,POSITIVO,2026-09-07,2026-09-12,TRANSFUNDIDO,6,973
3168,BL-003168,PLAQUETAS,A,POSITIVO,2026-09-07,2026-09-12,TRANSFUNDIDO,10,1001
3169,BL-003169,PLAQUETAS,A,POSITIVO,2026-09-07,2026-09-12,TRANSFUNDIDO,10,1001
3170,BL-003170,CRIOPRECIPITADO,O,POSITIVO,2026-09-07,2027-09-07,TRANSFUNDIDO,5,1145
3171,BL-003171,CRIOPRECIPITADO,A,POSITIVO,2026-09-07,2027-09-07,TRANSFUNDIDO,4,1198
3172,BL-003172,HEMACIAS,B,POSITIVO,2026-09-08,2026-10-13,TRANSFUNDIDO,9,1020
3173,BL-003173,HEMACIAS,A,POSITIVO,2026-09-08,2026-10-13,TRANSFUNDIDO,3,1026
3174,BL-003174,HEMACIAS,O,POSITIVO,2026-09-08,2026-10-13,TRANSFUNDIDO,6,1034
3175,BL-003175,HEMACIAS,B,POSITIVO,2026-09-08,2026-10-13,TRANSFUNDIDO,8,1038
3176,BL-003176,HEMACIAS,AB,POSITIVO,2026-09-08,2026-10-13,TRANSFUNDIDO,6,1052
3177,BL-003177,HEMACIAS,A,POSITIVO,2026-09-08,2026-10-13,TRANSFUNDIDO,6,1069
3178,BL-003178,HEMACIAS,O,POSITIVO,2026-09-08,2026-10-13,TRANSFUNDIDO,6,1107
3179,BL-003179,HEMACIAS,O,POSITIVO,2026-09-08,2026-10-13,TRANSFUNDIDO,9,1115
3180,BL-003180,HEMACIAS,A,POSITIVO,2026-09-08,2026-10-13,TRANSFUNDIDO,3,1157
3181,BL-003181,HEMACIAS,A,NEGATIVO,2026-09-08,2026-10-13,TRANSFUNDIDO,6,1165
3182,BL-003182,HEMACIAS,O,POSITIVO,2026-09-08,2026-10-13,TRANSFUNDIDO,7,1235
3183,BL-003183,HEMACIAS,AB,NEGATIVO,2026-09-08,2026-10-13,DISPONIVEL,1,
3184,BL-003184,HEMACIAS,O,POSITIVO,2026-09-08,2026-10-13,DISPONIVEL,1,
3185,BL-003185,HEMACIAS,O,POSITIVO,2026-09-08,2026-10-13,DISPONIVEL,1,
3186,BL-003186,HEMACIAS,A,POSITIVO,2026-09-08,2026-10-13,DISPONIVEL,1,
3187,BL-003187,HEMACIAS,A,POSITIVO,2026-09-08,2026-10-13,DISPONIVEL,1,
3188,BL-003188,HEMACIAS,O,POSITIVO,2026-09-08,2026-10-13,DISPONIVEL,1,
3189,BL-003189,HEMACIAS,A,POSITIVO,2026-09-08,2026-10-13,DISPONIVEL,1,
3190,BL-003190,HEMACIAS,A,POSITIVO,2026-09-08,2026-10-13,DISPONIVEL,1,
3191,BL-003191,HEMACIAS,A,POSITIVO,2026-09-08,2026-10-13,DISPONIVEL,1,
3192,BL-003192,HEMACIAS,O,POSITIVO,2026-09-08,2026-10-13,DISPONIVEL,2,
3193,BL-003193,HEMACIAS,O,POSITIVO,2026-09-08,2026-10-13,DISPONIVEL,2,
3194,BL-003194,HEMACIAS,O,POSITIVO,2026-09-08,2026-10-13,DISPONIVEL,2,
3195,BL-003195,HEMACIAS,B,POSITIVO,2026-09-08,2026-10-13,DESCARTADO,1,
3196,BL-003196,PLASMA,AB,POSITIVO,2026-09-08,2027-09-08,TRANSFUNDIDO,3,1128
3197,BL-003197,PLASMA,O,POSITIVO,2026-09-08,2027-09-08,TRANSFUNDIDO,5,1155
3198,BL-003198,PLAQUETAS,O,POSITIVO,2026-09-08,2026-09-13,TRANSFUNDIDO,6,972
3199,BL-003199,PLAQUETAS,O,POSITIVO,2026-09-08,2026-09-13,TRANSFUNDIDO,6,972
3200,BL-003200,PLAQUETAS,O,POSITIVO,2026-09-08,2026-09-13,TRANSFUNDIDO,6,973
3201,BL-003201,PLAQUETAS,A,POSITIVO,2026-09-08,2026-09-13,TRANSFUNDIDO,6,979
3202,BL-003202,PLAQUETAS,A,POSITIVO,2026-09-08,2026-09-13,TRANSFUNDIDO,4,992
3203,BL-003203,PLAQUETAS,A,POSITIVO,2026-09-08,2026-09-13,TRANSFUNDIDO,4,992
3204,BL-003204,PLAQUETAS,A,POSITIVO,2026-09-08,2026-09-13,TRANSFUNDIDO,10,1001
3205,BL-003205,PLAQUETAS,A,POSITIVO,2026-09-08,2026-09-13,DESCARTADO,1,
3206,BL-003206,PLAQUETAS,A,POSITIVO,2026-09-08,2026-09-13,DESCARTADO,2,
3207,BL-003207,CRIOPRECIPITADO,O,NEGATIVO,2026-09-08,2027-09-08,TRANSFUNDIDO,9,1048
3208,BL-003208,CRIOPRECIPITADO,O,POSITIVO,2026-09-08,2027-09-08,TRANSFUNDIDO,5,1079
3209,BL-003209,CRIOPRECIPITADO,O,NEGATIVO,2026-09-08,2027-09-08,TRANSFUNDIDO,5,1112
3210,BL-003210,CRIOPRECIPITADO,O,POSITIVO,2026-09-08,2027-09-08,TRANSFUNDIDO,5,1145
3211,BL-003211,CRIOPRECIPITADO,O,NEGATIVO,2026-09-08,2027-09-08,TRANSFUNDIDO,4,1156
3212,BL-003212,CRIOPRECIPITADO,A,POSITIVO,2026-09-08,2027-09-08,TRANSFUNDIDO,4,1198
3213,BL-003213,CRIOPRECIPITADO,A,POSITIVO,2026-09-08,2027-09-08,TRANSFUNDIDO,4,1198
3214,BL-003214,CRIOPRECIPITADO,A,NEGATIVO,2026-09-08,2027-09-08,DISPONIVEL,1,
3215,BL-003215,HEMACIAS,O,POSITIVO,2026-09-09,2026-10-14,TRANSFUNDIDO,9,991
3216,BL-003216,HEMACIAS,O,POSITIVO,2026-09-09,2026-10-14,TRANSFUNDIDO,9,991
3217,BL-003217,HEMACIAS,AB,POSITIVO,2026-09-09,2026-10-14,TRANSFUNDIDO,8,1006
3218,BL-003218,HEMACIAS,AB,POSITIVO,2026-09-09,2026-10-14,TRANSFUNDIDO,7,1016
3219,BL-003219,HEMACIAS,O,NEGATIVO,2026-09-09,2026-10-14,TRANSFUNDIDO,7,1030
3220,BL-003220,HEMACIAS,O,NEGATIVO,2026-09-09,2026-10-14,TRANSFUNDIDO,5,1040
3221,BL-003221,HEMACIAS,O,POSITIVO,2026-09-09,2026-10-14,TRANSFUNDIDO,4,1064
3222,BL-003222,HEMACIAS,A,POSITIVO,2026-09-09,2026-10-14,TRANSFUNDIDO,9,1076
3223,BL-003223,HEMACIAS,B,NEGATIVO,2026-09-09,2026-10-14,TRANSFUNDIDO,9,1099
3224,BL-003224,HEMACIAS,O,POSITIVO,2026-09-09,2026-10-14,TRANSFUNDIDO,9,1115
3225,BL-003225,HEMACIAS,AB,POSITIVO,2026-09-09,2026-10-14,TRANSFUNDIDO,7,1215
3226,BL-003226,HEMACIAS,A,POSITIVO,2026-09-09,2026-10-14,TRANSFUNDIDO,3,1257
3227,BL-003227,HEMACIAS,O,POSITIVO,2026-09-09,2026-10-14,TRANSFUNDIDO,5,1261
3228,BL-003228,HEMACIAS,O,NEGATIVO,2026-09-09,2026-10-14,DISPONIVEL,1,
3229,BL-003229,HEMACIAS,A,POSITIVO,2026-09-09,2026-10-14,DISPONIVEL,1,
3230,BL-003230,HEMACIAS,A,POSITIVO,2026-09-09,2026-10-14,DISPONIVEL,1,
3231,BL-003231,HEMACIAS,A,POSITIVO,2026-09-09,2026-10-14,DISPONIVEL,1,
3232,BL-003232,HEMACIAS,B,POSITIVO,2026-09-09,2026-10-14,DISPONIVEL,1,
3233,BL-003233,HEMACIAS,A,NEGATIVO,2026-09-09,2026-10-14,DISPONIVEL,1,
3234,BL-003234,HEMACIAS,O,POSITIVO,2026-09-09,2026-10-14,DISPONIVEL,2,
3235,BL-003235,HEMACIAS,O,POSITIVO,2026-09-09,2026-10-14,DISPONIVEL,2,
3236,BL-003236,HEMACIAS,O,POSITIVO,2026-09-09,2026-10-14,DESCARTADO,1,
3237,BL-003237,HEMACIAS,O,POSITIVO,2026-09-09,2026-10-14,DESCARTADO,1,
3238,BL-003238,HEMACIAS,O,POSITIVO,2026-09-09,2026-10-14,DESCARTADO,2,
3239,BL-003239,HEMACIAS,A,NEGATIVO,2026-09-09,2026-10-14,DESCARTADO,1,
3240,BL-003240,HEMACIAS,O,POSITIVO,2026-09-09,2026-10-14,DESCARTADO,1,
3241,BL-003241,HEMACIAS,A,NEGATIVO,2026-09-09,2026-10-14,DESCARTADO,1,
3242,BL-003242,PLASMA,O,POSITIVO,2026-09-09,2027-09-09,DISPONIVEL,1,
3243,BL-003243,PLAQUETAS,A,POSITIVO,2026-09-09,2026-09-14,TRANSFUNDIDO,6,979
3244,BL-003244,PLAQUETAS,O,POSITIVO,2026-09-09,2026-09-14,TRANSFUNDIDO,7,998
3245,BL-003245,PLAQUETAS,A,NEGATIVO,2026-09-09,2026-09-14,TRANSFUNDIDO,10,1001
3246,BL-003246,PLAQUETAS,A,POSITIVO,2026-09-09,2026-09-14,TRANSFUNDIDO,10,1001
3247,BL-003247,PLAQUETAS,O,POSITIVO,2026-09-09,2026-09-14,TRANSFUNDIDO,3,1044
3248,BL-003248,CRIOPRECIPITADO,A,POSITIVO,2026-09-09,2027-09-09,TRANSFUNDIDO,4,986
3249,BL-003249,CRIOPRECIPITADO,O,POSITIVO,2026-09-09,2027-09-09,TRANSFUNDIDO,9,1015
3250,BL-003250,CRIOPRECIPITADO,A,POSITIVO,2026-09-09,2027-09-09,TRANSFUNDIDO,4,1023
3251,BL-003251,CRIOPRECIPITADO,A,POSITIVO,2026-09-09,2027-09-09,TRANSFUNDIDO,5,1079
3252,BL-003252,CRIOPRECIPITADO,O,NEGATIVO,2026-09-09,2027-09-09,TRANSFUNDIDO,5,1112
3253,BL-003253,CRIOPRECIPITADO,O,POSITIVO,2026-09-09,2027-09-09,DISPONIVEL,1,
3254,BL-003254,CRIOPRECIPITADO,B,NEGATIVO,2026-09-09,2027-09-09,DISPONIVEL,2,
3255,BL-003255,HEMACIAS,A,POSITIVO,2026-09-10,2026-10-15,TRANSFUNDIDO,3,1008
3256,BL-003256,HEMACIAS,A,NEGATIVO,2026-09-10,2026-10-15,TRANSFUNDIDO,3,1026
3257,BL-003257,HEMACIAS,A,POSITIVO,2026-09-10,2026-10-15,TRANSFUNDIDO,6,1069
3258,BL-003258,HEMACIAS,O,POSITIVO,2026-09-10,2026-10-15,TRANSFUNDIDO,3,1097
3259,BL-003259,HEMACIAS,A,POSITIVO,2026-09-10,2026-10-15,TRANSFUNDIDO,10,1109
3260,BL-003260,HEMACIAS,O,POSITIVO,2026-09-10,2026-10-15,TRANSFUNDIDO,4,1117
3261,BL-003261,HEMACIAS,A,POSITIVO,2026-09-10,2026-10-15,TRANSFUNDIDO,5,1138
3262,BL-003262,HEMACIAS,AB,POSITIVO,2026-09-10,2026-10-15,TRANSFUNDIDO,10,1173
3263,BL-003263,HEMACIAS,O,POSITIVO,2026-09-10,2026-10-15,TRANSFUNDIDO,6,1233
3264,BL-003264,HEMACIAS,O,POSITIVO,2026-09-10,2026-10-15,TRANSFUNDIDO,3,1247
3265,BL-003265,HEMACIAS,A,POSITIVO,2026-09-10,2026-10-15,TRANSFUNDIDO,3,1255
3266,BL-003266,HEMACIAS,A,NEGATIVO,2026-09-10,2026-10-15,DISPONIVEL,1,
3267,BL-003267,HEMACIAS,B,POSITIVO,2026-09-10,2026-10-15,DISPONIVEL,1,
3268,BL-003268,HEMACIAS,B,POSITIVO,2026-09-10,2026-10-15,DISPONIVEL,2,
3269,BL-003269,HEMACIAS,O,POSITIVO,2026-09-10,2026-10-15,DISPONIVEL,2,
3270,BL-003270,HEMACIAS,O,POSITIVO,2026-09-10,2026-10-15,DISPONIVEL,2,
3271,BL-003271,HEMACIAS,O,NEGATIVO,2026-09-10,2026-10-15,DESCARTADO,2,
3272,BL-003272,HEMACIAS,B,POSITIVO,2026-09-10,2026-10-15,DESCARTADO,1,
3273,BL-003273,HEMACIAS,O,NEGATIVO,2026-09-10,2026-10-15,DESCARTADO,2,
3274,BL-003274,HEMACIAS,A,POSITIVO,2026-09-10,2026-10-15,DESCARTADO,2,
3275,BL-003275,HEMACIAS,O,POSITIVO,2026-09-10,2026-10-15,DESCARTADO,1,
3276,BL-003276,PLASMA,B,NEGATIVO,2026-09-10,2027-09-10,TRANSFUNDIDO,8,999
3277,BL-003277,PLASMA,O,POSITIVO,2026-09-10,2027-09-10,TRANSFUNDIDO,10,1229
3278,BL-003278,PLASMA,A,POSITIVO,2026-09-10,2027-09-10,DISPONIVEL,1,
3279,BL-003279,PLAQUETAS,O,POSITIVO,2026-09-10,2026-09-15,TRANSFUNDIDO,3,1022
3280,BL-003280,PLAQUETAS,A,POSITIVO,2026-09-10,2026-09-15,TRANSFUNDIDO,4,1046
3281,BL-003281,PLAQUETAS,O,POSITIVO,2026-09-10,2026-09-15,TRANSFUNDIDO,10,1061
3282,BL-003282,PLAQUETAS,A,NEGATIVO,2026-09-10,2026-09-15,TRANSFUNDIDO,5,1063
3283,BL-003283,CRIOPRECIPITADO,A,NEGATIVO,2026-09-10,2027-09-10,TRANSFUNDIDO,3,1055
3284,BL-003284,CRIOPRECIPITADO,O,POSITIVO,2026-09-10,2027-09-10,TRANSFUNDIDO,5,1145
3285,BL-003285,CRIOPRECIPITADO,B,POSITIVO,2026-09-10,2027-09-10,TRANSFUNDIDO,3,1202
3286,BL-003286,CRIOPRECIPITADO,O,POSITIVO,2026-09-10,2027-09-10,TRANSFUNDIDO,9,1242
3287,BL-003287,CRIOPRECIPITADO,O,POSITIVO,2026-09-10,2027-09-10,DESCARTADO,1,
3288,BL-003288,HEMACIAS,A,POSITIVO,2026-09-11,2026-10-16,TRANSFUNDIDO,6,1034
3289,BL-003289,HEMACIAS,B,POSITIVO,2026-09-11,2026-10-16,TRANSFUNDIDO,8,1038
3290,BL-003290,HEMACIAS,AB,POSITIVO,2026-09-11,2026-10-16,TRANSFUNDIDO,6,1052
3291,BL-003291,HEMACIAS,B,POSITIVO,2026-09-11,2026-10-16,TRANSFUNDIDO,4,1058
3292,BL-003292,HEMACIAS,O,POSITIVO,2026-09-11,2026-10-16,TRANSFUNDIDO,5,1059
3293,BL-003293,HEMACIAS,O,POSITIVO,2026-09-11,2026-10-16,TRANSFUNDIDO,5,1059
3294,BL-003294,HEMACIAS,O,NEGATIVO,2026-09-11,2026-10-16,TRANSFUNDIDO,10,1080
3295,BL-003295,HEMACIAS,O,POSITIVO,2026-09-11,2026-10-16,TRANSFUNDIDO,3,1082
3296,BL-003296,HEMACIAS,A,POSITIVO,2026-09-11,2026-10-16,TRANSFUNDIDO,6,1096
3297,BL-003297,HEMACIAS,O,POSITIVO,2026-09-11,2026-10-16,TRANSFUNDIDO,3,1097
3298,BL-003298,HEMACIAS,B,POSITIVO,2026-09-11,2026-10-16,TRANSFUNDIDO,7,1129
3299,BL-003299,HEMACIAS,O,POSITIVO,2026-09-11,2026-10-16,TRANSFUNDIDO,6,1201
3300,BL-003300,HEMACIAS,AB,POSITIVO,2026-09-11,2026-10-16,TRANSFUNDIDO,3,1205
3301,BL-003301,HEMACIAS,A,POSITIVO,2026-09-11,2026-10-16,TRANSFUNDIDO,9,1224
3302,BL-003302,HEMACIAS,O,POSITIVO,2026-09-11,2026-10-16,TRANSFUNDIDO,7,1235
3303,BL-003303,HEMACIAS,O,POSITIVO,2026-09-11,2026-10-16,TRANSFUNDIDO,7,1262
3304,BL-003304,HEMACIAS,A,POSITIVO,2026-09-11,2026-10-16,DISPONIVEL,1,
3305,BL-003305,HEMACIAS,A,NEGATIVO,2026-09-11,2026-10-16,DISPONIVEL,1,
3306,BL-003306,HEMACIAS,A,POSITIVO,2026-09-11,2026-10-16,DISPONIVEL,1,
3307,BL-003307,HEMACIAS,O,NEGATIVO,2026-09-11,2026-10-16,DISPONIVEL,1,
3308,BL-003308,HEMACIAS,A,NEGATIVO,2026-09-11,2026-10-16,DISPONIVEL,1,
3309,BL-003309,HEMACIAS,O,POSITIVO,2026-09-11,2026-10-16,DISPONIVEL,1,
3310,BL-003310,HEMACIAS,O,POSITIVO,2026-09-11,2026-10-16,DISPONIVEL,1,
3311,BL-003311,HEMACIAS,O,NEGATIVO,2026-09-11,2026-10-16,DISPONIVEL,1,
3312,BL-003312,HEMACIAS,B,POSITIVO,2026-09-11,2026-10-16,DISPONIVEL,1,
3313,BL-003313,HEMACIAS,B,POSITIVO,2026-09-11,2026-10-16,DISPONIVEL,1,
3314,BL-003314,HEMACIAS,A,POSITIVO,2026-09-11,2026-10-16,DISPONIVEL,2,
3315,BL-003315,HEMACIAS,O,POSITIVO,2026-09-11,2026-10-16,DISPONIVEL,2,
3316,BL-003316,HEMACIAS,O,POSITIVO,2026-09-11,2026-10-16,DISPONIVEL,2,
3317,BL-003317,HEMACIAS,A,NEGATIVO,2026-09-11,2026-10-16,DISPONIVEL,2,
3318,BL-003318,HEMACIAS,A,POSITIVO,2026-09-11,2026-10-16,DESCARTADO,1,
3319,BL-003319,HEMACIAS,O,POSITIVO,2026-09-11,2026-10-16,DESCARTADO,2,
3320,BL-003320,HEMACIAS,A,POSITIVO,2026-09-11,2026-10-16,DESCARTADO,2,
3321,BL-003321,PLASMA,O,POSITIVO,2026-09-11,2027-09-11,TRANSFUNDIDO,9,1197
3322,BL-003322,PLASMA,A,POSITIVO,2026-09-11,2027-09-11,DISPONIVEL,1,
3323,BL-003323,PLAQUETAS,O,POSITIVO,2026-09-11,2026-09-16,TRANSFUNDIDO,6,1025
3324,BL-003324,PLAQUETAS,A,POSITIVO,2026-09-11,2026-09-16,DESCARTADO,1,
3325,BL-003325,CRIOPRECIPITADO,A,NEGATIVO,2026-09-11,2027-09-11,TRANSFUNDIDO,6,1148
3326,BL-003326,CRIOPRECIPITADO,O,POSITIVO,2026-09-11,2027-09-11,DISPONIVEL,1,
3327,BL-003327,CRIOPRECIPITADO,A,POSITIVO,2026-09-11,2027-09-11,DESCARTADO,2,
3328,BL-003328,CRIOPRECIPITADO,O,POSITIVO,2026-09-11,2027-09-11,DESCARTADO,1,
3329,BL-003329,CRIOPRECIPITADO,A,POSITIVO,2026-09-11,2027-09-11,DESCARTADO,1,
3330,BL-003330,HEMACIAS,A,POSITIVO,2026-09-12,2026-10-17,TRANSFUNDIDO,5,1084
3331,BL-003331,HEMACIAS,A,POSITIVO,2026-09-12,2026-10-17,TRANSFUNDIDO,4,1091
3332,BL-003332,HEMACIAS,A,POSITIVO,2026-09-12,2026-10-17,TRANSFUNDIDO,8,1108
3333,BL-003333,HEMACIAS,A,NEGATIVO,2026-09-12,2026-10-17,TRANSFUNDIDO,9,1114
3334,BL-003334,HEMACIAS,A,POSITIVO,2026-09-12,2026-10-17,TRANSFUNDIDO,4,1135
3335,BL-003335,HEMACIAS,O,POSITIVO,2026-09-12,2026-10-17,TRANSFUNDIDO,7,1143
3336,BL-003336,HEMACIAS,O,POSITIVO,2026-09-12,2026-10-17,TRANSFUNDIDO,4,1182
3337,BL-003337,HEMACIAS,A,NEGATIVO,2026-09-12,2026-10-17,TRANSFUNDIDO,3,1214
3338,BL-003338,HEMACIAS,A,POSITIVO,2026-09-12,2026-10-17,TRANSFUNDIDO,4,1222
3339,BL-003339,HEMACIAS,A,POSITIVO,2026-09-12,2026-10-17,TRANSFUNDIDO,4,1223
3340,BL-003340,HEMACIAS,O,POSITIVO,2026-09-12,2026-10-17,TRANSFUNDIDO,4,1237
3341,BL-003341,HEMACIAS,O,POSITIVO,2026-09-12,2026-10-17,TRANSFUNDIDO,4,1252
3342,BL-003342,HEMACIAS,O,POSITIVO,2026-09-12,2026-10-17,DISPONIVEL,1,
3343,BL-003343,HEMACIAS,O,POSITIVO,2026-09-12,2026-10-17,DISPONIVEL,1,
3344,BL-003344,HEMACIAS,A,POSITIVO,2026-09-12,2026-10-17,DISPONIVEL,1,
3345,BL-003345,HEMACIAS,AB,POSITIVO,2026-09-12,2026-10-17,DISPONIVEL,1,
3346,BL-003346,HEMACIAS,A,NEGATIVO,2026-09-12,2026-10-17,DISPONIVEL,1,
3347,BL-003347,HEMACIAS,A,POSITIVO,2026-09-12,2026-10-17,DISPONIVEL,1,
3348,BL-003348,HEMACIAS,B,POSITIVO,2026-09-12,2026-10-17,DISPONIVEL,1,
3349,BL-003349,HEMACIAS,A,POSITIVO,2026-09-12,2026-10-17,DISPONIVEL,1,
3350,BL-003350,HEMACIAS,O,POSITIVO,2026-09-12,2026-10-17,DISPONIVEL,2,
3351,BL-003351,HEMACIAS,A,POSITIVO,2026-09-12,2026-10-17,DISPONIVEL,2,
3352,BL-003352,HEMACIAS,O,POSITIVO,2026-09-12,2026-10-17,DISPONIVEL,2,
3353,BL-003353,HEMACIAS,O,POSITIVO,2026-09-12,2026-10-17,DESCARTADO,1,
3354,BL-003354,PLASMA,AB,POSITIVO,2026-09-12,2027-09-12,TRANSFUNDIDO,3,1128
3355,BL-003355,PLAQUETAS,A,POSITIVO,2026-09-12,2026-09-17,TRANSFUNDIDO,4,1046
3356,BL-003356,PLAQUETAS,O,POSITIVO,2026-09-12,2026-09-17,TRANSFUNDIDO,10,1049
3357,BL-003357,PLAQUETAS,O,POSITIVO,2026-09-12,2026-09-17,TRANSFUNDIDO,10,1049
3358,BL-003358,PLAQUETAS,O,POSITIVO,2026-09-12,2026-09-17,TRANSFUNDIDO,10,1061
3359,BL-003359,PLAQUETAS,O,POSITIVO,2026-09-12,2026-09-17,TRANSFUNDIDO,9,1077
3360,BL-003360,CRIOPRECIPITADO,A,POSITIVO,2026-09-12,2027-09-12,TRANSFUNDIDO,5,1079
3361,BL-003361,CRIOPRECIPITADO,A,POSITIVO,2026-09-12,2027-09-12,TRANSFUNDIDO,4,1198
3362,BL-003362,CRIOPRECIPITADO,B,NEGATIVO,2026-09-12,2027-09-12,DISPONIVEL,1,
3363,BL-003363,HEMACIAS,A,POSITIVO,2026-09-13,2026-10-18,TRANSFUNDIDO,6,1067
3364,BL-003364,HEMACIAS,O,POSITIVO,2026-09-13,2026-10-18,TRANSFUNDIDO,3,1078
3365,BL-003365,HEMACIAS,A,POSITIVO,2026-09-13,2026-10-18,TRANSFUNDIDO,5,1084
3366,BL-003366,HEMACIAS,O,POSITIVO,2026-09-13,2026-10-18,TRANSFUNDIDO,9,1161
3367,BL-003367,HEMACIAS,A,POSITIVO,2026-09-13,2026-10-18,TRANSFUNDIDO,8,1164
3368,BL-003368,HEMACIAS,A,POSITIVO,2026-09-13,2026-10-18,TRANSFUNDIDO,10,1179
3369,BL-003369,HEMACIAS,A,NEGATIVO,2026-09-13,2026-10-18,TRANSFUNDIDO,5,1183
3370,BL-003370,HEMACIAS,A,POSITIVO,2026-09-13,2026-10-18,TRANSFUNDIDO,4,1222
3371,BL-003371,HEMACIAS,O,NEGATIVO,2026-09-13,2026-10-18,TRANSFUNDIDO,7,1232
3372,BL-003372,HEMACIAS,A,POSITIVO,2026-09-13,2026-10-18,TRANSFUNDIDO,3,1244
3373,BL-003373,HEMACIAS,A,POSITIVO,2026-09-13,2026-10-18,TRANSFUNDIDO,3,1257
3374,BL-003374,HEMACIAS,A,POSITIVO,2026-09-13,2026-10-18,TRANSFUNDIDO,3,1257
3375,BL-003375,HEMACIAS,O,NEGATIVO,2026-09-13,2026-10-18,TRANSFUNDIDO,7,1265
3376,BL-003376,HEMACIAS,A,POSITIVO,2026-09-13,2026-10-18,DISPONIVEL,1,
3377,BL-003377,HEMACIAS,O,NEGATIVO,2026-09-13,2026-10-18,DISPONIVEL,1,
3378,BL-003378,HEMACIAS,O,POSITIVO,2026-09-13,2026-10-18,DISPONIVEL,1,
3379,BL-003379,HEMACIAS,A,POSITIVO,2026-09-13,2026-10-18,DISPONIVEL,1,
3380,BL-003380,HEMACIAS,O,POSITIVO,2026-09-13,2026-10-18,DISPONIVEL,1,
3381,BL-003381,HEMACIAS,O,POSITIVO,2026-09-13,2026-10-18,DISPONIVEL,2,
3382,BL-003382,HEMACIAS,A,NEGATIVO,2026-09-13,2026-10-18,DESCARTADO,2,
3383,BL-003383,PLASMA,O,POSITIVO,2026-09-13,2027-09-13,TRANSFUNDIDO,4,1246
3384,BL-003384,PLAQUETAS,O,POSITIVO,2026-09-13,2026-09-18,TRANSFUNDIDO,10,1061
3385,BL-003385,PLAQUETAS,A,NEGATIVO,2026-09-13,2026-09-18,TRANSFUNDIDO,5,1063
3386,BL-003386,PLAQUETAS,A,POSITIVO,2026-09-13,2026-09-18,TRANSFUNDIDO,4,1086
3387,BL-003387,PLAQUETAS,O,NEGATIVO,2026-09-13,2026-09-18,TRANSFUNDIDO,6,1088
3388,BL-003388,CRIOPRECIPITADO,A,POSITIVO,2026-09-13,2027-09-13,TRANSFUNDIDO,3,1131
3389,BL-003389,CRIOPRECIPITADO,A,NEGATIVO,2026-09-13,2027-09-13,TRANSFUNDIDO,6,1148
3390,BL-003390,CRIOPRECIPITADO,A,POSITIVO,2026-09-13,2027-09-13,TRANSFUNDIDO,9,1242
3391,BL-003391,CRIOPRECIPITADO,A,POSITIVO,2026-09-13,2027-09-13,DISPONIVEL,1,
3392,BL-003392,CRIOPRECIPITADO,A,POSITIVO,2026-09-13,2027-09-13,DESCARTADO,1,
3393,BL-003393,HEMACIAS,O,POSITIVO,2026-09-14,2026-10-19,TRANSFUNDIDO,3,1082
3394,BL-003394,HEMACIAS,O,POSITIVO,2026-09-14,2026-10-19,TRANSFUNDIDO,10,1127
3395,BL-003395,HEMACIAS,A,POSITIVO,2026-09-14,2026-10-19,TRANSFUNDIDO,5,1204
3396,BL-003396,HEMACIAS,A,POSITIVO,2026-09-14,2026-10-19,DISPONIVEL,1,
3397,BL-003397,HEMACIAS,A,POSITIVO,2026-09-14,2026-10-19,DISPONIVEL,1,
3398,BL-003398,HEMACIAS,A,POSITIVO,2026-09-14,2026-10-19,DISPONIVEL,1,
3399,BL-003399,HEMACIAS,B,POSITIVO,2026-09-14,2026-10-19,DISPONIVEL,1,
3400,BL-003400,HEMACIAS,B,POSITIVO,2026-09-14,2026-10-19,DISPONIVEL,1,
3401,BL-003401,HEMACIAS,B,POSITIVO,2026-09-14,2026-10-19,DISPONIVEL,1,
3402,BL-003402,HEMACIAS,O,POSITIVO,2026-09-14,2026-10-19,DISPONIVEL,1,
3403,BL-003403,HEMACIAS,O,POSITIVO,2026-09-14,2026-10-19,DISPONIVEL,1,
3404,BL-003404,HEMACIAS,AB,POSITIVO,2026-09-14,2026-10-19,DISPONIVEL,1,
3405,BL-003405,HEMACIAS,A,POSITIVO,2026-09-14,2026-10-19,DISPONIVEL,2,
3406,BL-003406,HEMACIAS,B,POSITIVO,2026-09-14,2026-10-19,DESCARTADO,1,
3407,BL-003407,HEMACIAS,O,POSITIVO,2026-09-14,2026-10-19,DESCARTADO,1,
3408,BL-003408,PLASMA,O,NEGATIVO,2026-09-14,2027-09-14,TRANSFUNDIDO,7,1118
3409,BL-003409,PLASMA,O,POSITIVO,2026-09-14,2027-09-14,TRANSFUNDIDO,9,1197
3410,BL-003410,PLAQUETAS,A,POSITIVO,2026-09-14,2026-09-19,TRANSFUNDIDO,7,1060
3411,BL-003411,PLAQUETAS,A,POSITIVO,2026-09-14,2026-09-19,TRANSFUNDIDO,4,1086
3412,BL-003412,PLAQUETAS,O,POSITIVO,2026-09-14,2026-09-19,TRANSFUNDIDO,6,1088
3413,BL-003413,PLAQUETAS,O,POSITIVO,2026-09-14,2026-09-19,TRANSFUNDIDO,4,1101
3414,BL-003414,PLAQUETAS,O,POSITIVO,2026-09-14,2026-09-19,DESCARTADO,2,
3415,BL-003415,PLAQUETAS,O,POSITIVO,2026-09-14,2026-09-19,DESCARTADO,1,
3416,BL-003416,CRIOPRECIPITADO,O,POSITIVO,2026-09-14,2027-09-14,TRANSFUNDIDO,9,1123
3417,BL-003417,CRIOPRECIPITADO,O,POSITIVO,2026-09-14,2027-09-14,TRANSFUNDIDO,9,1123
3418,BL-003418,CRIOPRECIPITADO,O,POSITIVO,2026-09-14,2027-09-14,TRANSFUNDIDO,4,1156
3419,BL-003419,CRIOPRECIPITADO,O,POSITIVO,2026-09-14,2027-09-14,DISPONIVEL,1,
3420,BL-003420,CRIOPRECIPITADO,A,POSITIVO,2026-09-14,2027-09-14,DESCARTADO,1,
3421,BL-003421,HEMACIAS,A,POSITIVO,2026-09-15,2026-10-20,TRANSFUNDIDO,3,1093
3422,BL-003422,HEMACIAS,A,NEGATIVO,2026-09-15,2026-10-20,TRANSFUNDIDO,4,1102
3423,BL-003423,HEMACIAS,O,POSITIVO,2026-09-15,2026-10-20,TRANSFUNDIDO,3,1141
3424,BL-003424,HEMACIAS,A,POSITIVO,2026-09-15,2026-10-20,TRANSFUNDIDO,3,1141
3425,BL-003425,HEMACIAS,O,POSITIVO,2026-09-15,2026-10-20,TRANSFUNDIDO,3,1162
3426,BL-003426,HEMACIAS,A,POSITIVO,2026-09-15,2026-10-20,TRANSFUNDIDO,8,1164
3427,BL-003427,HEMACIAS,A,POSITIVO,2026-09-15,2026-10-20,TRANSFUNDIDO,9,1176
3428,BL-003428,HEMACIAS,O,POSITIVO,2026-09-15,2026-10-20,TRANSFUNDIDO,5,1185
3429,BL-003429,HEMACIAS,A,NEGATIVO,2026-09-15,2026-10-20,TRANSFUNDIDO,8,1187
3430,BL-003430,HEMACIAS,A,POSITIVO,2026-09-15,2026-10-20,TRANSFUNDIDO,5,1204
3431,BL-003431,HEMACIAS,AB,POSITIVO,2026-09-15,2026-10-20,TRANSFUNDIDO,3,1205
3432,BL-003432,HEMACIAS,O,NEGATIVO,2026-09-15,2026-10-20,TRANSFUNDIDO,3,1231
3433,BL-003433,HEMACIAS,O,POSITIVO,2026-09-15,2026-10-20,TRANSFUNDIDO,7,1235
3434,BL-003434,HEMACIAS,O,POSITIVO,2026-09-15,2026-10-20,DISPONIVEL,1,
3435,BL-003435,HEMACIAS,A,POSITIVO,2026-09-15,2026-10-20,DISPONIVEL,1,
3436,BL-003436,HEMACIAS,A,POSITIVO,2026-09-15,2026-10-20,DISPONIVEL,1,
3437,BL-003437,HEMACIAS,O,POSITIVO,2026-09-15,2026-10-20,DISPONIVEL,1,
3438,BL-003438,HEMACIAS,A,POSITIVO,2026-09-15,2026-10-20,DISPONIVEL,1,
3439,BL-003439,HEMACIAS,O,POSITIVO,2026-09-15,2026-10-20,DISPONIVEL,1,
3440,BL-003440,HEMACIAS,O,POSITIVO,2026-09-15,2026-10-20,DISPONIVEL,1,
3441,BL-003441,HEMACIAS,A,POSITIVO,2026-09-15,2026-10-20,DISPONIVEL,2,
3442,BL-003442,HEMACIAS,A,NEGATIVO,2026-09-15,2026-10-20,DISPONIVEL,2,
3443,BL-003443,HEMACIAS,O,POSITIVO,2026-09-15,2026-10-20,DISPONIVEL,2,
3444,BL-003444,HEMACIAS,A,POSITIVO,2026-09-15,2026-10-20,DISPONIVEL,2,
3445,BL-003445,HEMACIAS,O,POSITIVO,2026-09-15,2026-10-20,DISPONIVEL,2,
3446,BL-003446,HEMACIAS,A,POSITIVO,2026-09-15,2026-10-20,DISPONIVEL,2,
3447,BL-003447,HEMACIAS,A,NEGATIVO,2026-09-15,2026-10-20,DISPONIVEL,2,
3448,BL-003448,HEMACIAS,A,POSITIVO,2026-09-15,2026-10-20,DISPONIVEL,2,
3449,BL-003449,HEMACIAS,O,POSITIVO,2026-09-15,2026-10-20,DESCARTADO,1,
3450,BL-003450,HEMACIAS,B,POSITIVO,2026-09-15,2026-10-20,DESCARTADO,1,
3451,BL-003451,PLASMA,O,POSITIVO,2026-09-15,2027-09-15,TRANSFUNDIDO,5,1155
3452,BL-003452,PLASMA,O,NEGATIVO,2026-09-15,2027-09-15,TRANSFUNDIDO,6,1170
3453,BL-003453,PLASMA,O,NEGATIVO,2026-09-15,2027-09-15,TRANSFUNDIDO,4,1211
3454,BL-003454,PLASMA,A,POSITIVO,2026-09-15,2027-09-15,DESCARTADO,2,
3455,BL-003455,PLAQUETAS,B,NEGATIVO,2026-09-15,2026-09-20,TRANSFUNDIDO,4,1085
3456,BL-003456,PLAQUETAS,A,POSITIVO,2026-09-15,2026-09-20,TRANSFUNDIDO,4,1086
3457,BL-003457,PLAQUETAS,A,POSITIVO,2026-09-15,2026-09-20,DESCARTADO,2,
3458,BL-003458,CRIOPRECIPITADO,O,NEGATIVO,2026-09-15,2027-09-15,TRANSFUNDIDO,3,1202
3459,BL-003459,CRIOPRECIPITADO,A,POSITIVO,2026-09-15,2027-09-15,TRANSFUNDIDO,7,1264
3460,BL-003460,HEMACIAS,O,POSITIVO,2026-09-16,2026-10-21,TRANSFUNDIDO,9,1094
3461,BL-003461,HEMACIAS,O,POSITIVO,2026-09-16,2026-10-21,TRANSFUNDIDO,5,1126
3462,BL-003462,HEMACIAS,A,POSITIVO,2026-09-16,2026-10-21,TRANSFUNDIDO,9,1133
3463,BL-003463,HEMACIAS,A,POSITIVO,2026-09-16,2026-10-21,TRANSFUNDIDO,10,1179
3464,BL-003464,HEMACIAS,O,POSITIVO,2026-09-16,2026-10-21,TRANSFUNDIDO,3,1230
3465,BL-003465,HEMACIAS,A,POSITIVO,2026-09-16,2026-10-21,TRANSFUNDIDO,6,1233
3466,BL-003466,HEMACIAS,B,POSITIVO,2026-09-16,2026-10-21,DISPONIVEL,1,
3467,BL-003467,HEMACIAS,A,POSITIVO,2026-09-16,2026-10-21,DISPONIVEL,1,
3468,BL-003468,HEMACIAS,A,POSITIVO,2026-09-16,2026-10-21,DISPONIVEL,1,
3469,BL-003469,HEMACIAS,A,POSITIVO,2026-09-16,2026-10-21,DISPONIVEL,1,
3470,BL-003470,HEMACIAS,A,POSITIVO,2026-09-16,2026-10-21,DISPONIVEL,1,
3471,BL-003471,HEMACIAS,O,POSITIVO,2026-09-16,2026-10-21,DISPONIVEL,1,
3472,BL-003472,HEMACIAS,A,POSITIVO,2026-09-16,2026-10-21,DISPONIVEL,1,
3473,BL-003473,HEMACIAS,O,POSITIVO,2026-09-16,2026-10-21,DISPONIVEL,2,
3474,BL-003474,HEMACIAS,A,NEGATIVO,2026-09-16,2026-10-21,DISPONIVEL,2,
3475,BL-003475,HEMACIAS,A,POSITIVO,2026-09-16,2026-10-21,DESCARTADO,1,
3476,BL-003476,HEMACIAS,A,POSITIVO,2026-09-16,2026-10-21,DESCARTADO,1,
3477,BL-003477,HEMACIAS,O,POSITIVO,2026-09-16,2026-10-21,DESCARTADO,2,
3478,BL-003478,HEMACIAS,A,POSITIVO,2026-09-16,2026-10-21,DESCARTADO,1,
3479,BL-003479,PLASMA,O,POSITIVO,2026-09-16,2027-09-16,TRANSFUNDIDO,10,1105
3480,BL-003480,PLASMA,O,POSITIVO,2026-09-16,2027-09-16,TRANSFUNDIDO,4,1246
3481,BL-003481,PLASMA,A,POSITIVO,2026-09-16,2027-09-16,DISPONIVEL,2,
3482,BL-003482,PLAQUETAS,O,POSITIVO,2026-09-16,2026-09-21,TRANSFUNDIDO,6,1088
3483,BL-003483,PLAQUETAS,A,POSITIVO,2026-09-16,2026-09-21,TRANSFUNDIDO,7,1100
3484,BL-003484,PLAQUETAS,O,POSITIVO,2026-09-16,2026-09-21,TRANSFUNDIDO,4,1101
3485,BL-003485,CRIOPRECIPITADO,A,POSITIVO,2026-09-16,2027-09-16,TRANSFUNDIDO,5,1079
3486,BL-003486,CRIOPRECIPITADO,O,POSITIVO,2026-09-16,2027-09-16,TRANSFUNDIDO,9,1123
3487,BL-003487,CRIOPRECIPITADO,A,NEGATIVO,2026-09-16,2027-09-16,TRANSFUNDIDO,6,1148
3488,BL-003488,CRIOPRECIPITADO,A,NEGATIVO,2026-09-16,2027-09-16,TRANSFUNDIDO,10,1175
3489,BL-003489,HEMACIAS,O,POSITIVO,2026-09-17,2026-10-22,TRANSFUNDIDO,9,1095
3490,BL-003490,HEMACIAS,A,POSITIVO,2026-09-17,2026-10-22,TRANSFUNDIDO,6,1113
3491,BL-003491,HEMACIAS,O,POSITIVO,2026-09-17,2026-10-22,TRANSFUNDIDO,4,1121
3492,BL-003492,HEMACIAS,O,NEGATIVO,2026-09-17,2026-10-22,TRANSFUNDIDO,7,1143
3493,BL-003493,HEMACIAS,A,POSITIVO,2026-09-17,2026-10-22,TRANSFUNDIDO,8,1164
3494,BL-003494,HEMACIAS,A,NEGATIVO,2026-09-17,2026-10-22,TRANSFUNDIDO,8,1187
3495,BL-003495,HEMACIAS,A,NEGATIVO,2026-09-17,2026-10-22,TRANSFUNDIDO,3,1240
3496,BL-003496,HEMACIAS,B,NEGATIVO,2026-09-17,2026-10-22,TRANSFUNDIDO,10,1245
3497,BL-003497,HEMACIAS,A,POSITIVO,2026-09-17,2026-10-22,TRANSFUNDIDO,3,1248
3498,BL-003498,HEMACIAS,A,NEGATIVO,2026-09-17,2026-10-22,DISPONIVEL,1,
3499,BL-003499,HEMACIAS,A,POSITIVO,2026-09-17,2026-10-22,DISPONIVEL,1,
3500,BL-003500,HEMACIAS,B,POSITIVO,2026-09-17,2026-10-22,DISPONIVEL,1,
3501,BL-003501,HEMACIAS,O,POSITIVO,2026-09-17,2026-10-22,DISPONIVEL,1,
3502,BL-003502,HEMACIAS,A,POSITIVO,2026-09-17,2026-10-22,DISPONIVEL,1,
3503,BL-003503,HEMACIAS,O,POSITIVO,2026-09-17,2026-10-22,DISPONIVEL,1,
3504,BL-003504,HEMACIAS,A,NEGATIVO,2026-09-17,2026-10-22,DISPONIVEL,1,
3505,BL-003505,HEMACIAS,B,POSITIVO,2026-09-17,2026-10-22,DISPONIVEL,1,
3506,BL-003506,HEMACIAS,O,POSITIVO,2026-09-17,2026-10-22,DISPONIVEL,1,
3507,BL-003507,HEMACIAS,O,NEGATIVO,2026-09-17,2026-10-22,DISPONIVEL,2,
3508,BL-003508,HEMACIAS,B,POSITIVO,2026-09-17,2026-10-22,DISPONIVEL,2,
3509,BL-003509,PLASMA,O,POSITIVO,2026-09-17,2027-09-17,TRANSFUNDIDO,9,1197
3510,BL-003510,PLASMA,O,POSITIVO,2026-09-17,2027-09-17,TRANSFUNDIDO,7,1210
3511,BL-003511,PLASMA,O,POSITIVO,2026-09-17,2027-09-17,TRANSFUNDIDO,10,1229
3512,BL-003512,PLAQUETAS,O,POSITIVO,2026-09-17,2026-09-22,TRANSFUNDIDO,10,1081
3513,BL-003513,PLAQUETAS,O,POSITIVO,2026-09-17,2026-09-22,TRANSFUNDIDO,10,1081
3514,BL-003514,PLAQUETAS,O,POSITIVO,2026-09-17,2026-09-22,TRANSFUNDIDO,7,1120
3515,BL-003515,PLAQUETAS,A,POSITIVO,2026-09-17,2026-09-22,TRANSFUNDIDO,6,1139
3516,BL-003516,PLAQUETAS,O,NEGATIVO,2026-09-17,2026-09-22,TRANSFUNDIDO,3,1151
3517,BL-003517,CRIOPRECIPITADO,A,NEGATIVO,2026-09-17,2027-09-17,TRANSFUNDIDO,6,1148
3518,BL-003518,CRIOPRECIPITADO,A,POSITIVO,2026-09-17,2027-09-17,TRANSFUNDIDO,9,1242
3519,BL-003519,HEMACIAS,O,POSITIVO,2026-09-18,2026-10-23,TRANSFUNDIDO,5,1111
3520,BL-003520,HEMACIAS,O,POSITIVO,2026-09-18,2026-10-23,TRANSFUNDIDO,4,1117
3521,BL-003521,HEMACIAS,O,NEGATIVO,2026-09-18,2026-10-23,TRANSFUNDIDO,3,1124
3522,BL-003522,HEMACIAS,O,NEGATIVO,2026-09-18,2026-10-23,TRANSFUNDIDO,7,1146
3523,BL-003523,HEMACIAS,A,NEGATIVO,2026-09-18,2026-10-23,TRANSFUNDIDO,6,1178
3524,BL-003524,HEMACIAS,O,NEGATIVO,2026-09-18,2026-10-23,TRANSFUNDIDO,4,1200
3525,BL-003525,HEMACIAS,AB,POSITIVO,2026-09-18,2026-10-23,TRANSFUNDIDO,7,1215
3526,BL-003526,HEMACIAS,O,POSITIVO,2026-09-18,2026-10-23,TRANSFUNDIDO,9,1234
3527,BL-003527,HEMACIAS,A,POSITIVO,2026-09-18,2026-10-23,TRANSFUNDIDO,5,1266
3528,BL-003528,HEMACIAS,A,NEGATIVO,2026-09-18,2026-10-23,DISPONIVEL,1,
3529,BL-003529,HEMACIAS,O,POSITIVO,2026-09-18,2026-10-23,DISPONIVEL,1,
3530,BL-003530,HEMACIAS,A,POSITIVO,2026-09-18,2026-10-23,DISPONIVEL,1,
3531,BL-003531,HEMACIAS,O,NEGATIVO,2026-09-18,2026-10-23,DISPONIVEL,1,
3532,BL-003532,HEMACIAS,AB,POSITIVO,2026-09-18,2026-10-23,DISPONIVEL,1,
3533,BL-003533,HEMACIAS,B,POSITIVO,2026-09-18,2026-10-23,DISPONIVEL,1,
3534,BL-003534,HEMACIAS,A,POSITIVO,2026-09-18,2026-10-23,DISPONIVEL,1,
3535,BL-003535,HEMACIAS,A,POSITIVO,2026-09-18,2026-10-23,DISPONIVEL,1,
3536,BL-003536,HEMACIAS,A,POSITIVO,2026-09-18,2026-10-23,DISPONIVEL,1,
3537,BL-003537,HEMACIAS,A,POSITIVO,2026-09-18,2026-10-23,DISPONIVEL,1,
3538,BL-003538,HEMACIAS,B,POSITIVO,2026-09-18,2026-10-23,DISPONIVEL,2,
3539,BL-003539,HEMACIAS,A,POSITIVO,2026-09-18,2026-10-23,DISPONIVEL,2,
3540,BL-003540,HEMACIAS,O,POSITIVO,2026-09-18,2026-10-23,DESCARTADO,2,
3541,BL-003541,PLASMA,O,POSITIVO,2026-09-18,2027-09-18,TRANSFUNDIDO,9,1189
3542,BL-003542,PLASMA,O,POSITIVO,2026-09-18,2027-09-18,TRANSFUNDIDO,10,1229
3543,BL-003543,PLASMA,O,NEGATIVO,2026-09-18,2027-09-18,DISPONIVEL,1,
3544,BL-003544,PLAQUETAS,O,POSITIVO,2026-09-18,2026-09-23,TRANSFUNDIDO,4,1101
3545,BL-003545,PLAQUETAS,O,POSITIVO,2026-09-18,2026-09-23,TRANSFUNDIDO,4,1101
3546,BL-003546,PLAQUETAS,O,POSITIVO,2026-09-18,2026-09-23,TRANSFUNDIDO,7,1120
3547,BL-003547,PLAQUETAS,A,POSITIVO,2026-09-18,2026-09-23,TRANSFUNDIDO,6,1139
3548,BL-003548,PLAQUETAS,O,NEGATIVO,2026-09-18,2026-09-23,TRANSFUNDIDO,6,1144
3549,BL-003549,PLAQUETAS,O,NEGATIVO,2026-09-18,2026-09-23,TRANSFUNDIDO,3,1151
3550,BL-003550,PLAQUETAS,O,POSITIVO,2026-09-18,2026-09-23,TRANSFUNDIDO,6,1158
3551,BL-003551,CRIOPRECIPITADO,A,POSITIVO,2026-09-18,2027-09-18,TRANSFUNDIDO,9,1242
3552,BL-003552,CRIOPRECIPITADO,A,POSITIVO,2026-09-18,2027-09-18,TRANSFUNDIDO,7,1264
3553,BL-003553,HEMACIAS,O,POSITIVO,2026-09-19,2026-10-24,TRANSFUNDIDO,5,1126
3554,BL-003554,HEMACIAS,O,POSITIVO,2026-09-19,2026-10-24,TRANSFUNDIDO,10,1127
3555,BL-003555,HEMACIAS,O,NEGATIVO,2026-09-19,2026-10-24,TRANSFUNDIDO,9,1130
3556,BL-003556,HEMACIAS,A,POSITIVO,2026-09-19,2026-10-24,TRANSFUNDIDO,9,1133
3557,BL-003557,HEMACIAS,A,POSITIVO,2026-09-19,2026-10-24,TRANSFUNDIDO,4,1135
3558,BL-003558,HEMACIAS,A,NEGATIVO,2026-09-19,2026-10-24,TRANSFUNDIDO,6,1142
3559,BL-003559,HEMACIAS,A,POSITIVO,2026-09-19,2026-10-24,TRANSFUNDIDO,8,1164
3560,BL-003560,HEMACIAS,O,POSITIVO,2026-09-19,2026-10-24,TRANSFUNDIDO,5,1190
3561,BL-003561,HEMACIAS,A,POSITIVO,2026-09-19,2026-10-24,TRANSFUNDIDO,3,1231
3562,BL-003562,HEMACIAS,A,POSITIVO,2026-09-19,2026-10-24,DISPONIVEL,1,
3563,BL-003563,HEMACIAS,O,POSITIVO,2026-09-19,2026-10-24,DISPONIVEL,1,
3564,BL-003564,HEMACIAS,A,POSITIVO,2026-09-19,2026-10-24,DISPONIVEL,1,
3565,BL-003565,HEMACIAS,O,NEGATIVO,2026-09-19,2026-10-24,DISPONIVEL,1,
3566,BL-003566,HEMACIAS,O,POSITIVO,2026-09-19,2026-10-24,DISPONIVEL,1,
3567,BL-003567,HEMACIAS,B,POSITIVO,2026-09-19,2026-10-24,DISPONIVEL,1,
3568,BL-003568,HEMACIAS,A,NEGATIVO,2026-09-19,2026-10-24,DISPONIVEL,1,
3569,BL-003569,HEMACIAS,O,POSITIVO,2026-09-19,2026-10-24,DISPONIVEL,1,
3570,BL-003570,HEMACIAS,O,POSITIVO,2026-09-19,2026-10-24,DISPONIVEL,2,
3571,BL-003571,HEMACIAS,A,POSITIVO,2026-09-19,2026-10-24,DISPONIVEL,2,
3572,BL-003572,HEMACIAS,O,POSITIVO,2026-09-19,2026-10-24,DISPONIVEL,2,
3573,BL-003573,HEMACIAS,A,NEGATIVO,2026-09-19,2026-10-24,DISPONIVEL,2,
3574,BL-003574,HEMACIAS,AB,POSITIVO,2026-09-19,2026-10-24,DISPONIVEL,2,
3575,BL-003575,HEMACIAS,A,POSITIVO,2026-09-19,2026-10-24,DESCARTADO,1,
3576,BL-003576,HEMACIAS,A,POSITIVO,2026-09-19,2026-10-24,DESCARTADO,1,
3577,BL-003577,PLASMA,O,POSITIVO,2026-09-19,2027-09-19,TRANSFUNDIDO,9,1166
3578,BL-003578,PLASMA,A,NEGATIVO,2026-09-19,2027-09-19,DISPONIVEL,1,
3579,BL-003579,PLAQUETAS,A,POSITIVO,2026-09-19,2026-09-24,TRANSFUNDIDO,10,1174
3580,BL-003580,PLAQUETAS,B,POSITIVO,2026-09-19,2026-09-24,TRANSFUNDIDO,4,1181
3581,BL-003581,CRIOPRECIPITADO,O,POSITIVO,2026-09-19,2027-09-19,DISPONIVEL,1,
3582,BL-003582,CRIOPRECIPITADO,A,POSITIVO,2026-09-19,2027-09-19,DESCARTADO,2,
3583,BL-003583,HEMACIAS,O,NEGATIVO,2026-09-20,2026-10-25,TRANSFUNDIDO,7,1143
3584,BL-003584,HEMACIAS,O,POSITIVO,2026-09-20,2026-10-25,TRANSFUNDIDO,9,1152
3585,BL-003585,HEMACIAS,A,POSITIVO,2026-09-20,2026-10-25,TRANSFUNDIDO,3,1157
3586,BL-003586,HEMACIAS,A,POSITIVO,2026-09-20,2026-10-25,TRANSFUNDIDO,10,1221
3587,BL-003587,HEMACIAS,A,POSITIVO,2026-09-20,2026-10-25,DISPONIVEL,1,
3588,BL-003588,HEMACIAS,A,POSITIVO,2026-09-20,2026-10-25,DISPONIVEL,1,
3589,BL-003589,HEMACIAS,O,POSITIVO,2026-09-20,2026-10-25,DISPONIVEL,1,
3590,BL-003590,HEMACIAS,B,POSITIVO,2026-09-20,2026-10-25,DISPONIVEL,1,
3591,BL-003591,HEMACIAS,A,POSITIVO,2026-09-20,2026-10-25,DISPONIVEL,1,
3592,BL-003592,HEMACIAS,B,POSITIVO,2026-09-20,2026-10-25,DISPONIVEL,1,
3593,BL-003593,HEMACIAS,O,POSITIVO,2026-09-20,2026-10-25,DISPONIVEL,1,
3594,BL-003594,HEMACIAS,O,POSITIVO,2026-09-20,2026-10-25,DISPONIVEL,1,
3595,BL-003595,HEMACIAS,O,POSITIVO,2026-09-20,2026-10-25,DISPONIVEL,1,
3596,BL-003596,HEMACIAS,O,POSITIVO,2026-09-20,2026-10-25,DISPONIVEL,2,
3597,BL-003597,HEMACIAS,O,POSITIVO,2026-09-20,2026-10-25,DISPONIVEL,2,
3598,BL-003598,HEMACIAS,O,POSITIVO,2026-09-20,2026-10-25,DISPONIVEL,2,
3599,BL-003599,HEMACIAS,O,POSITIVO,2026-09-20,2026-10-25,DISPONIVEL,2,
3600,BL-003600,HEMACIAS,O,POSITIVO,2026-09-20,2026-10-25,DISPONIVEL,2,
3601,BL-003601,HEMACIAS,A,POSITIVO,2026-09-20,2026-10-25,DISPONIVEL,2,
3602,BL-003602,HEMACIAS,O,POSITIVO,2026-09-20,2026-10-25,DISPONIVEL,2,
3603,BL-003603,HEMACIAS,O,NEGATIVO,2026-09-20,2026-10-25,DESCARTADO,1,
3604,BL-003604,PLAQUETAS,O,NEGATIVO,2026-09-20,2026-09-25,TRANSFUNDIDO,9,1132
3605,BL-003605,PLAQUETAS,O,POSITIVO,2026-09-20,2026-09-25,TRANSFUNDIDO,4,1154
3606,BL-003606,PLAQUETAS,A,POSITIVO,2026-09-20,2026-09-25,TRANSFUNDIDO,4,1154
3607,BL-003607,PLAQUETAS,O,POSITIVO,2026-09-20,2026-09-25,TRANSFUNDIDO,8,1163
3608,BL-003608,PLAQUETAS,A,POSITIVO,2026-09-20,2026-09-25,TRANSFUNDIDO,7,1171
3609,BL-003609,PLAQUETAS,A,POSITIVO,2026-09-20,2026-09-25,TRANSFUNDIDO,7,1171
3610,BL-003610,PLAQUETAS,O,POSITIVO,2026-09-20,2026-09-25,TRANSFUNDIDO,4,1193
3611,BL-003611,PLAQUETAS,O,POSITIVO,2026-09-20,2026-09-25,TRANSFUNDIDO,3,1196
3612,BL-003612,PLAQUETAS,A,POSITIVO,2026-09-20,2026-09-25,DESCARTADO,1,
3613,BL-003613,PLAQUETAS,B,POSITIVO,2026-09-20,2026-09-25,DESCARTADO,1,
3614,BL-003614,PLAQUETAS,O,POSITIVO,2026-09-20,2026-09-25,DESCARTADO,1,
3615,BL-003615,CRIOPRECIPITADO,A,POSITIVO,2026-09-20,2027-09-20,TRANSFUNDIDO,3,1131
3616,BL-003616,HEMACIAS,O,NEGATIVO,2026-09-21,2026-10-26,TRANSFUNDIDO,7,1167
3617,BL-003617,HEMACIAS,O,POSITIVO,2026-09-21,2026-10-26,TRANSFUNDIDO,7,1192
3618,BL-003618,HEMACIAS,B,NEGATIVO,2026-09-21,2026-10-26,TRANSFUNDIDO,10,1245
3619,BL-003619,HEMACIAS,O,POSITIVO,2026-09-21,2026-10-26,DISPONIVEL,1,
3620,BL-003620,HEMACIAS,A,NEGATIVO,2026-09-21,2026-10-26,DISPONIVEL,1,
3621,BL-003621,HEMACIAS,O,POSITIVO,2026-09-21,2026-10-26,DISPONIVEL,1,
3622,BL-003622,HEMACIAS,O,POSITIVO,2026-09-21,2026-10-26,DISPONIVEL,1,
3623,BL-003623,HEMACIAS,A,POSITIVO,2026-09-21,2026-10-26,DISPONIVEL,1,
3624,BL-003624,HEMACIAS,B,POSITIVO,2026-09-21,2026-10-26,DISPONIVEL,1,
3625,BL-003625,HEMACIAS,O,POSITIVO,2026-09-21,2026-10-26,DISPONIVEL,1,
3626,BL-003626,HEMACIAS,A,POSITIVO,2026-09-21,2026-10-26,DISPONIVEL,1,
3627,BL-003627,HEMACIAS,B,POSITIVO,2026-09-21,2026-10-26,DISPONIVEL,1,
3628,BL-003628,HEMACIAS,A,POSITIVO,2026-09-21,2026-10-26,DISPONIVEL,2,
3629,BL-003629,HEMACIAS,A,POSITIVO,2026-09-21,2026-10-26,DISPONIVEL,2,
3630,BL-003630,HEMACIAS,A,NEGATIVO,2026-09-21,2026-10-26,DISPONIVEL,2,
3631,BL-003631,HEMACIAS,A,POSITIVO,2026-09-21,2026-10-26,DESCARTADO,2,
3632,BL-003632,HEMACIAS,A,NEGATIVO,2026-09-21,2026-10-26,DESCARTADO,1,
3633,BL-003633,PLAQUETAS,A,POSITIVO,2026-09-21,2026-09-26,TRANSFUNDIDO,4,1154
3634,BL-003634,PLAQUETAS,O,NEGATIVO,2026-09-21,2026-09-26,TRANSFUNDIDO,4,1154
3635,BL-003635,PLAQUETAS,O,POSITIVO,2026-09-21,2026-09-26,TRANSFUNDIDO,6,1158
3636,BL-003636,PLAQUETAS,O,POSITIVO,2026-09-21,2026-09-26,TRANSFUNDIDO,8,1163
3637,BL-003637,PLAQUETAS,A,POSITIVO,2026-09-21,2026-09-26,TRANSFUNDIDO,8,1194
3638,BL-003638,PLAQUETAS,A,NEGATIVO,2026-09-21,2026-09-26,TRANSFUNDIDO,5,1206
3639,BL-003639,PLAQUETAS,A,NEGATIVO,2026-09-21,2026-09-26,TRANSFUNDIDO,5,1206
3640,BL-003640,PLAQUETAS,A,NEGATIVO,2026-09-21,2026-09-26,TRANSFUNDIDO,5,1206
3641,BL-003641,PLAQUETAS,AB,POSITIVO,2026-09-21,2026-09-26,DISPONIVEL,1,
3642,BL-003642,PLAQUETAS,O,POSITIVO,2026-09-21,2026-09-26,DISPONIVEL,1,
3643,BL-003643,PLAQUETAS,A,POSITIVO,2026-09-21,2026-09-26,DESCARTADO,2,
3644,BL-003644,CRIOPRECIPITADO,A,NEGATIVO,2026-09-21,2027-09-21,TRANSFUNDIDO,6,1148
3645,BL-003645,HEMACIAS,A,POSITIVO,2026-09-22,2026-10-27,TRANSFUNDIDO,3,1231
3646,BL-003646,HEMACIAS,A,POSITIVO,2026-09-22,2026-10-27,TRANSFUNDIDO,3,1258
3647,BL-003647,HEMACIAS,A,POSITIVO,2026-09-22,2026-10-27,DISPONIVEL,1,
3648,BL-003648,HEMACIAS,O,NEGATIVO,2026-09-22,2026-10-27,DISPONIVEL,1,
3649,BL-003649,HEMACIAS,O,POSITIVO,2026-09-22,2026-10-27,DISPONIVEL,1,
3650,BL-003650,HEMACIAS,A,POSITIVO,2026-09-22,2026-10-27,DISPONIVEL,1,
3651,BL-003651,HEMACIAS,A,POSITIVO,2026-09-22,2026-10-27,DISPONIVEL,1,
3652,BL-003652,HEMACIAS,A,POSITIVO,2026-09-22,2026-10-27,DISPONIVEL,1,
3653,BL-003653,HEMACIAS,O,POSITIVO,2026-09-22,2026-10-27,DISPONIVEL,1,
3654,BL-003654,HEMACIAS,O,POSITIVO,2026-09-22,2026-10-27,DISPONIVEL,1,
3655,BL-003655,HEMACIAS,A,POSITIVO,2026-09-22,2026-10-27,DISPONIVEL,1,
3656,BL-003656,HEMACIAS,O,POSITIVO,2026-09-22,2026-10-27,DISPONIVEL,1,
3657,BL-003657,HEMACIAS,O,POSITIVO,2026-09-22,2026-10-27,DISPONIVEL,1,
3658,BL-003658,HEMACIAS,A,POSITIVO,2026-09-22,2026-10-27,DISPONIVEL,1,
3659,BL-003659,HEMACIAS,O,POSITIVO,2026-09-22,2026-10-27,DISPONIVEL,1,
3660,BL-003660,HEMACIAS,O,NEGATIVO,2026-09-22,2026-10-27,DISPONIVEL,1,
3661,BL-003661,HEMACIAS,O,POSITIVO,2026-09-22,2026-10-27,DISPONIVEL,1,
3662,BL-003662,HEMACIAS,B,NEGATIVO,2026-09-22,2026-10-27,DISPONIVEL,2,
3663,BL-003663,HEMACIAS,O,POSITIVO,2026-09-22,2026-10-27,DISPONIVEL,2,
3664,BL-003664,HEMACIAS,A,POSITIVO,2026-09-22,2026-10-27,DISPONIVEL,2,
3665,BL-003665,HEMACIAS,A,POSITIVO,2026-09-22,2026-10-27,DESCARTADO,1,
3666,BL-003666,HEMACIAS,A,POSITIVO,2026-09-22,2026-10-27,DESCARTADO,2,
3667,BL-003667,PLASMA,B,POSITIVO,2026-09-22,2027-09-22,TRANSFUNDIDO,4,1203
3668,BL-003668,PLASMA,B,NEGATIVO,2026-09-22,2027-09-22,DESCARTADO,1,
3669,BL-003669,PLASMA,O,POSITIVO,2026-09-22,2027-09-22,DESCARTADO,1,
3670,BL-003670,PLAQUETAS,O,POSITIVO,2026-09-22,2026-09-27,TRANSFUNDIDO,6,1158
3671,BL-003671,PLAQUETAS,O,POSITIVO,2026-09-22,2026-09-27,TRANSFUNDIDO,6,1158
3672,BL-003672,PLAQUETAS,A,POSITIVO,2026-09-22,2026-09-27,TRANSFUNDIDO,10,1174
3673,BL-003673,PLAQUETAS,A,POSITIVO,2026-09-22,2026-09-27,TRANSFUNDIDO,10,1174
3674,BL-003674,PLAQUETAS,O,NEGATIVO,2026-09-22,2026-09-27,TRANSFUNDIDO,3,1212
3675,BL-003675,PLAQUETAS,A,POSITIVO,2026-09-22,2026-09-27,TRANSFUNDIDO,3,1212
3676,BL-003676,PLAQUETAS,O,POSITIVO,2026-09-22,2026-09-27,DISPONIVEL,1,
3677,BL-003677,CRIOPRECIPITADO,O,POSITIVO,2026-09-22,2027-09-22,TRANSFUNDIDO,4,1156
3678,BL-003678,CRIOPRECIPITADO,A,POSITIVO,2026-09-22,2027-09-22,DESCARTADO,1,
3679,BL-003679,HEMACIAS,A,NEGATIVO,2026-09-23,2026-10-28,TRANSFUNDIDO,6,1178
3680,BL-003680,HEMACIAS,A,POSITIVO,2026-09-23,2026-10-28,TRANSFUNDIDO,6,1226
3681,BL-003681,HEMACIAS,B,NEGATIVO,2026-09-23,2026-10-28,TRANSFUNDIDO,10,1245
3682,BL-003682,HEMACIAS,A,POSITIVO,2026-09-23,2026-10-28,TRANSFUNDIDO,5,1266
3683,BL-003683,HEMACIAS,A,POSITIVO,2026-09-23,2026-10-28,DISPONIVEL,1,
3684,BL-003684,HEMACIAS,B,NEGATIVO,2026-09-23,2026-10-28,DISPONIVEL,1,
3685,BL-003685,HEMACIAS,B,POSITIVO,2026-09-23,2026-10-28,DISPONIVEL,1,
3686,BL-003686,HEMACIAS,A,POSITIVO,2026-09-23,2026-10-28,DISPONIVEL,1,
3687,BL-003687,HEMACIAS,B,POSITIVO,2026-09-23,2026-10-28,DISPONIVEL,1,
3688,BL-003688,HEMACIAS,B,POSITIVO,2026-09-23,2026-10-28,DISPONIVEL,1,
3689,BL-003689,HEMACIAS,B,POSITIVO,2026-09-23,2026-10-28,DISPONIVEL,1,
3690,BL-003690,PLASMA,O,POSITIVO,2026-09-23,2027-09-23,DESCARTADO,1,
3691,BL-003691,PLAQUETAS,A,POSITIVO,2026-09-23,2026-09-28,TRANSFUNDIDO,7,1171
3692,BL-003692,PLAQUETAS,O,NEGATIVO,2026-09-23,2026-09-28,TRANSFUNDIDO,8,1194
3693,BL-003693,PLAQUETAS,A,POSITIVO,2026-09-23,2026-09-28,TRANSFUNDIDO,8,1194
3694,BL-003694,PLAQUETAS,O,POSITIVO,2026-09-23,2026-09-28,TRANSFUNDIDO,3,1196
3695,BL-003695,PLAQUETAS,O,POSITIVO,2026-09-23,2026-09-28,TRANSFUNDIDO,3,1196
3696,BL-003696,PLAQUETAS,O,POSITIVO,2026-09-23,2026-09-28,TRANSFUNDIDO,3,1196
3697,BL-003697,PLAQUETAS,O,POSITIVO,2026-09-23,2026-09-28,TRANSFUNDIDO,4,1208
3698,BL-003698,PLAQUETAS,A,POSITIVO,2026-09-23,2026-09-28,TRANSFUNDIDO,7,1220
3699,BL-003699,CRIOPRECIPITADO,A,POSITIVO,2026-09-23,2027-09-23,TRANSFUNDIDO,7,1264
3700,BL-003700,HEMACIAS,A,POSITIVO,2026-09-24,2026-10-29,TRANSFUNDIDO,4,1222
3701,BL-003701,HEMACIAS,A,POSITIVO,2026-09-24,2026-10-29,TRANSFUNDIDO,4,1223
3702,BL-003702,HEMACIAS,O,POSITIVO,2026-09-24,2026-10-29,DISPONIVEL,1,
3703,BL-003703,HEMACIAS,A,POSITIVO,2026-09-24,2026-10-29,DISPONIVEL,1,
3704,BL-003704,HEMACIAS,A,POSITIVO,2026-09-24,2026-10-29,DISPONIVEL,1,
3705,BL-003705,HEMACIAS,O,POSITIVO,2026-09-24,2026-10-29,DISPONIVEL,1,
3706,BL-003706,HEMACIAS,A,NEGATIVO,2026-09-24,2026-10-29,DISPONIVEL,1,
3707,BL-003707,HEMACIAS,A,NEGATIVO,2026-09-24,2026-10-29,DISPONIVEL,1,
3708,BL-003708,HEMACIAS,A,POSITIVO,2026-09-24,2026-10-29,DISPONIVEL,1,
3709,BL-003709,HEMACIAS,O,POSITIVO,2026-09-24,2026-10-29,DISPONIVEL,2,
3710,BL-003710,HEMACIAS,O,NEGATIVO,2026-09-24,2026-10-29,DISPONIVEL,2,
3711,BL-003711,HEMACIAS,O,POSITIVO,2026-09-24,2026-10-29,DISPONIVEL,2,
3712,BL-003712,HEMACIAS,B,NEGATIVO,2026-09-24,2026-10-29,DISPONIVEL,2,
3713,BL-003713,HEMACIAS,AB,POSITIVO,2026-09-24,2026-10-29,DESCARTADO,2,
3714,BL-003714,HEMACIAS,A,POSITIVO,2026-09-24,2026-10-29,DESCARTADO,1,
3715,BL-003715,HEMACIAS,A,POSITIVO,2026-09-24,2026-10-29,DESCARTADO,2,
3716,BL-003716,PLASMA,O,POSITIVO,2026-09-24,2027-09-24,TRANSFUNDIDO,7,1210
3717,BL-003717,PLASMA,O,POSITIVO,2026-09-24,2027-09-24,DISPONIVEL,1,
3718,BL-003718,PLAQUETAS,A,POSITIVO,2026-09-24,2026-09-29,TRANSFUNDIDO,3,1212
3719,BL-003719,PLAQUETAS,O,POSITIVO,2026-09-24,2026-09-29,TRANSFUNDIDO,9,1217
3720,BL-003720,PLAQUETAS,O,POSITIVO,2026-09-24,2026-09-29,TRANSFUNDIDO,4,1219
3721,BL-003721,PLAQUETAS,A,POSITIVO,2026-09-24,2026-09-29,DISPONIVEL,1,
3722,BL-003722,PLAQUETAS,A,POSITIVO,2026-09-24,2026-09-29,DESCARTADO,2,
3723,BL-003723,HEMACIAS,AB,POSITIVO,2026-09-25,2026-10-30,TRANSFUNDIDO,7,1215
3724,BL-003724,HEMACIAS,A,POSITIVO,2026-09-25,2026-10-30,TRANSFUNDIDO,6,1226
3725,BL-003725,HEMACIAS,AB,POSITIVO,2026-09-25,2026-10-30,TRANSFUNDIDO,3,1256
3726,BL-003726,HEMACIAS,O,POSITIVO,2026-09-25,2026-10-30,DISPONIVEL,1,
3727,BL-003727,HEMACIAS,B,POSITIVO,2026-09-25,2026-10-30,DISPONIVEL,1,
3728,BL-003728,HEMACIAS,A,POSITIVO,2026-09-25,2026-10-30,DISPONIVEL,1,
3729,BL-003729,HEMACIAS,B,POSITIVO,2026-09-25,2026-10-30,DISPONIVEL,2,
3730,BL-003730,HEMACIAS,O,POSITIVO,2026-09-25,2026-10-30,DISPONIVEL,2,
3731,BL-003731,HEMACIAS,O,NEGATIVO,2026-09-25,2026-10-30,DISPONIVEL,2,
3732,BL-003732,HEMACIAS,B,POSITIVO,2026-09-25,2026-10-30,DESCARTADO,1,
3733,BL-003733,HEMACIAS,O,POSITIVO,2026-09-25,2026-10-30,DESCARTADO,1,
3734,BL-003734,HEMACIAS,O,POSITIVO,2026-09-25,2026-10-30,DESCARTADO,2,
3735,BL-003735,HEMACIAS,O,POSITIVO,2026-09-25,2026-10-30,DESCARTADO,1,
3736,BL-003736,PLASMA,O,POSITIVO,2026-09-25,2027-09-25,DESCARTADO,1,
3737,BL-003737,PLAQUETAS,A,NEGATIVO,2026-09-25,2026-09-30,TRANSFUNDIDO,5,1206
3738,BL-003738,PLAQUETAS,O,POSITIVO,2026-09-25,2026-09-30,TRANSFUNDIDO,4,1208
3739,BL-003739,PLAQUETAS,O,POSITIVO,2026-09-25,2026-09-30,TRANSFUNDIDO,4,1219
3740,BL-003740,PLAQUETAS,A,POSITIVO,2026-09-25,2026-09-30,TRANSFUNDIDO,7,1220
3741,BL-003741,PLAQUETAS,O,POSITIVO,2026-09-25,2026-09-30,TRANSFUNDIDO,10,1243
3742,BL-003742,PLAQUETAS,A,POSITIVO,2026-09-25,2026-09-30,DESCARTADO,1,
3743,BL-003743,PLAQUETAS,A,POSITIVO,2026-09-25,2026-09-30,DESCARTADO,1,
3744,BL-003744,HEMACIAS,A,NEGATIVO,2026-09-26,2026-10-31,TRANSFUNDIDO,3,1214
3745,BL-003745,HEMACIAS,O,POSITIVO,2026-09-26,2026-10-31,TRANSFUNDIDO,5,1225
3746,BL-003746,HEMACIAS,A,POSITIVO,2026-09-26,2026-10-31,DISPONIVEL,1,
3747,BL-003747,HEMACIAS,A,POSITIVO,2026-09-26,2026-10-31,DISPONIVEL,1,
3748,BL-003748,HEMACIAS,O,POSITIVO,2026-09-26,2026-10-31,DISPONIVEL,1,
3749,BL-003749,HEMACIAS,O,POSITIVO,2026-09-26,2026-10-31,DISPONIVEL,1,
3750,BL-003750,HEMACIAS,A,POSITIVO,2026-09-26,2026-10-31,DISPONIVEL,1,
3751,BL-003751,HEMACIAS,B,POSITIVO,2026-09-26,2026-10-31,DISPONIVEL,1,
3752,BL-003752,HEMACIAS,A,NEGATIVO,2026-09-26,2026-10-31,DISPONIVEL,1,
3753,BL-003753,HEMACIAS,A,NEGATIVO,2026-09-26,2026-10-31,DISPONIVEL,1,
3754,BL-003754,HEMACIAS,A,POSITIVO,2026-09-26,2026-10-31,DISPONIVEL,1,
3755,BL-003755,HEMACIAS,B,NEGATIVO,2026-09-26,2026-10-31,DISPONIVEL,1,
3756,BL-003756,HEMACIAS,A,POSITIVO,2026-09-26,2026-10-31,DISPONIVEL,2,
3757,BL-003757,HEMACIAS,AB,POSITIVO,2026-09-26,2026-10-31,DISPONIVEL,2,
3758,BL-003758,HEMACIAS,A,POSITIVO,2026-09-26,2026-10-31,DISPONIVEL,2,
3759,BL-003759,PLAQUETAS,A,POSITIVO,2026-09-26,2026-10-01,TRANSFUNDIDO,3,1212
3760,BL-003760,PLAQUETAS,A,POSITIVO,2026-09-26,2026-10-01,TRANSFUNDIDO,3,1213
3761,BL-003761,PLAQUETAS,O,POSITIVO,2026-09-26,2026-10-01,TRANSFUNDIDO,9,1217
3762,BL-003762,PLAQUETAS,O,POSITIVO,2026-09-26,2026-10-01,TRANSFUNDIDO,10,1243
3763,BL-003763,PLAQUETAS,A,POSITIVO,2026-09-26,2026-10-01,DISPONIVEL,1,
3764,BL-003764,PLAQUETAS,O,POSITIVO,2026-09-26,2026-10-01,DISPONIVEL,1,
3765,BL-003765,PLAQUETAS,A,POSITIVO,2026-09-26,2026-10-01,DISPONIVEL,1,
3766,BL-003766,PLAQUETAS,O,POSITIVO,2026-09-26,2026-10-01,DISPONIVEL,1,
3767,BL-003767,PLAQUETAS,B,POSITIVO,2026-09-26,2026-10-01,DISPONIVEL,1,
3768,BL-003768,PLAQUETAS,O,NEGATIVO,2026-09-26,2026-10-01,DISPONIVEL,1,
3769,BL-003769,PLAQUETAS,A,POSITIVO,2026-09-26,2026-10-01,DISPONIVEL,1,
3770,BL-003770,PLAQUETAS,A,POSITIVO,2026-09-26,2026-10-01,DISPONIVEL,1,
3771,BL-003771,PLAQUETAS,A,NEGATIVO,2026-09-26,2026-10-01,DISPONIVEL,1,
3772,BL-003772,PLAQUETAS,AB,POSITIVO,2026-09-26,2026-10-01,DISPONIVEL,1,
3773,BL-003773,PLAQUETAS,O,POSITIVO,2026-09-26,2026-10-01,DISPONIVEL,1,
3774,BL-003774,PLAQUETAS,O,POSITIVO,2026-09-26,2026-10-01,DISPONIVEL,1,
3775,BL-003775,PLAQUETAS,O,POSITIVO,2026-09-26,2026-10-01,DISPONIVEL,2,
3776,BL-003776,PLAQUETAS,A,POSITIVO,2026-09-26,2026-10-01,DISPONIVEL,2,
3777,BL-003777,PLAQUETAS,O,POSITIVO,2026-09-26,2026-10-01,DISPONIVEL,2,
3778,BL-003778,PLAQUETAS,A,POSITIVO,2026-09-26,2026-10-01,DISPONIVEL,2,
3779,BL-003779,PLAQUETAS,O,NEGATIVO,2026-09-26,2026-10-01,DISPONIVEL,2,
3780,BL-003780,PLAQUETAS,O,POSITIVO,2026-09-26,2026-10-01,DISPONIVEL,2,
3781,BL-003781,PLAQUETAS,O,POSITIVO,2026-09-26,2026-10-01,DESCARTADO,1,
3782,BL-003782,HEMACIAS,A,POSITIVO,2026-09-27,2026-11-01,TRANSFUNDIDO,6,1226
3783,BL-003783,HEMACIAS,A,NEGATIVO,2026-09-27,2026-11-01,TRANSFUNDIDO,3,1240
3784,BL-003784,HEMACIAS,O,POSITIVO,2026-09-27,2026-11-01,TRANSFUNDIDO,3,1250
3785,BL-003785,HEMACIAS,A,POSITIVO,2026-09-27,2026-11-01,TRANSFUNDIDO,3,1257
3786,BL-003786,HEMACIAS,O,NEGATIVO,2026-09-27,2026-11-01,TRANSFUNDIDO,7,1265
3787,BL-003787,HEMACIAS,O,POSITIVO,2026-09-27,2026-11-01,DISPONIVEL,1,
3788,BL-003788,HEMACIAS,A,NEGATIVO,2026-09-27,2026-11-01,DISPONIVEL,1,
3789,BL-003789,HEMACIAS,B,POSITIVO,2026-09-27,2026-11-01,DISPONIVEL,1,
3790,BL-003790,HEMACIAS,B,NEGATIVO,2026-09-27,2026-11-01,DISPONIVEL,1,
3791,BL-003791,HEMACIAS,A,POSITIVO,2026-09-27,2026-11-01,DISPONIVEL,1,
3792,BL-003792,HEMACIAS,A,POSITIVO,2026-09-27,2026-11-01,DISPONIVEL,1,
3793,BL-003793,HEMACIAS,O,NEGATIVO,2026-09-27,2026-11-01,DISPONIVEL,1,
3794,BL-003794,HEMACIAS,A,POSITIVO,2026-09-27,2026-11-01,DISPONIVEL,1,
3795,BL-003795,HEMACIAS,O,POSITIVO,2026-09-27,2026-11-01,DISPONIVEL,2,
3796,BL-003796,HEMACIAS,A,POSITIVO,2026-09-27,2026-11-01,DISPONIVEL,2,
3797,BL-003797,PLAQUETAS,AB,POSITIVO,2026-09-27,2026-10-02,TRANSFUNDIDO,3,1254
3798,BL-003798,PLAQUETAS,AB,POSITIVO,2026-09-27,2026-10-02,TRANSFUNDIDO,3,1254
3799,BL-003799,PLAQUETAS,B,POSITIVO,2026-09-27,2026-10-02,DISPONIVEL,1,
3800,BL-003800,PLAQUETAS,A,POSITIVO,2026-09-27,2026-10-02,DISPONIVEL,1,
3801,BL-003801,PLAQUETAS,O,POSITIVO,2026-09-27,2026-10-02,DISPONIVEL,1,
3802,BL-003802,PLAQUETAS,O,POSITIVO,2026-09-27,2026-10-02,DISPONIVEL,1,
3803,BL-003803,PLAQUETAS,B,POSITIVO,2026-09-27,2026-10-02,DISPONIVEL,1,
3804,BL-003804,PLAQUETAS,A,POSITIVO,2026-09-27,2026-10-02,DISPONIVEL,1,
3805,BL-003805,PLAQUETAS,A,NEGATIVO,2026-09-27,2026-10-02,DISPONIVEL,2,
3806,BL-003806,PLAQUETAS,O,POSITIVO,2026-09-27,2026-10-02,DISPONIVEL,2,
3807,BL-003807,PLAQUETAS,O,POSITIVO,2026-09-27,2026-10-02,DISPONIVEL,2,
3808,BL-003808,PLAQUETAS,A,POSITIVO,2026-09-27,2026-10-02,DISPONIVEL,2,
3809,BL-003809,PLAQUETAS,A,POSITIVO,2026-09-27,2026-10-02,DESCARTADO,1,
3810,BL-003810,PLAQUETAS,B,POSITIVO,2026-09-27,2026-10-02,DESCARTADO,1,
3811,BL-003811,PLAQUETAS,B,POSITIVO,2026-09-27,2026-10-02,DESCARTADO,2,
3812,BL-003812,CRIOPRECIPITADO,A,POSITIVO,2026-09-27,2027-09-27,TRANSFUNDIDO,7,1264
3813,BL-003813,CRIOPRECIPITADO,A,NEGATIVO,2026-09-27,2027-09-27,DISPONIVEL,1,
3814,BL-003814,HEMACIAS,A,POSITIVO,2026-09-28,2026-11-02,TRANSFUNDIDO,6,1236
3815,BL-003815,HEMACIAS,O,POSITIVO,2026-09-28,2026-11-02,TRANSFUNDIDO,4,1252
3816,BL-003816,HEMACIAS,O,NEGATIVO,2026-09-28,2026-11-02,DISPONIVEL,1,
3817,BL-003817,HEMACIAS,O,POSITIVO,2026-09-28,2026-11-02,DISPONIVEL,1,
3818,BL-003818,HEMACIAS,A,POSITIVO,2026-09-28,2026-11-02,DISPONIVEL,1,
3819,BL-003819,HEMACIAS,AB,POSITIVO,2026-09-28,2026-11-02,DISPONIVEL,1,
3820,BL-003820,HEMACIAS,O,POSITIVO,2026-09-28,2026-11-02,DISPONIVEL,1,
3821,BL-003821,HEMACIAS,O,POSITIVO,2026-09-28,2026-11-02,DISPONIVEL,1,
3822,BL-003822,HEMACIAS,A,NEGATIVO,2026-09-28,2026-11-02,DISPONIVEL,1,
3823,BL-003823,HEMACIAS,O,POSITIVO,2026-09-28,2026-11-02,DISPONIVEL,1,
3824,BL-003824,HEMACIAS,O,NEGATIVO,2026-09-28,2026-11-02,DISPONIVEL,1,
3825,BL-003825,HEMACIAS,O,NEGATIVO,2026-09-28,2026-11-02,DISPONIVEL,1,
3826,BL-003826,HEMACIAS,O,POSITIVO,2026-09-28,2026-11-02,DISPONIVEL,2,
3827,BL-003827,HEMACIAS,O,POSITIVO,2026-09-28,2026-11-02,DISPONIVEL,2,
3828,BL-003828,PLASMA,A,POSITIVO,2026-09-28,2027-09-28,DISPONIVEL,2,
3829,BL-003829,PLASMA,A,POSITIVO,2026-09-28,2027-09-28,DISPONIVEL,2,
3830,BL-003830,PLAQUETAS,O,POSITIVO,2026-09-28,2026-10-03,TRANSFUNDIDO,10,1243
3831,BL-003831,PLAQUETAS,A,POSITIVO,2026-09-28,2026-10-03,DISPONIVEL,1,
3832,BL-003832,PLAQUETAS,O,POSITIVO,2026-09-28,2026-10-03,DISPONIVEL,1,
3833,BL-003833,PLAQUETAS,O,POSITIVO,2026-09-28,2026-10-03,DISPONIVEL,1,
3834,BL-003834,PLAQUETAS,A,NEGATIVO,2026-09-28,2026-10-03,DISPONIVEL,1,
3835,BL-003835,PLAQUETAS,A,POSITIVO,2026-09-28,2026-10-03,DISPONIVEL,1,
3836,BL-003836,PLAQUETAS,O,POSITIVO,2026-09-28,2026-10-03,DISPONIVEL,1,
3837,BL-003837,PLAQUETAS,A,POSITIVO,2026-09-28,2026-10-03,DISPONIVEL,1,
3838,BL-003838,PLAQUETAS,O,POSITIVO,2026-09-28,2026-10-03,DISPONIVEL,1,
3839,BL-003839,PLAQUETAS,O,POSITIVO,2026-09-28,2026-10-03,DISPONIVEL,1,
3840,BL-003840,PLAQUETAS,O,POSITIVO,2026-09-28,2026-10-03,DISPONIVEL,1,
3841,BL-003841,PLAQUETAS,O,POSITIVO,2026-09-28,2026-10-03,DISPONIVEL,1,
3842,BL-003842,PLAQUETAS,A,POSITIVO,2026-09-28,2026-10-03,DISPONIVEL,2,
3843,BL-003843,PLAQUETAS,A,POSITIVO,2026-09-28,2026-10-03,DISPONIVEL,2,
3844,BL-003844,PLAQUETAS,O,POSITIVO,2026-09-28,2026-10-03,DISPONIVEL,2,
3845,BL-003845,PLAQUETAS,O,POSITIVO,2026-09-28,2026-10-03,DISPONIVEL,2,
3846,BL-003846,PLAQUETAS,O,NEGATIVO,2026-09-28,2026-10-03,DISPONIVEL,2,
3847,BL-003847,PLAQUETAS,A,POSITIVO,2026-09-28,2026-10-03,DISPONIVEL,2,
3848,BL-003848,PLAQUETAS,O,POSITIVO,2026-09-28,2026-10-03,DESCARTADO,1,
3849,BL-003849,CRIOPRECIPITADO,A,POSITIVO,2026-09-28,2027-09-28,TRANSFUNDIDO,9,1242
3850,BL-003850,HEMACIAS,O,POSITIVO,2026-09-29,2026-11-03,DISPONIVEL,1,
3851,BL-003851,HEMACIAS,O,POSITIVO,2026-09-29,2026-11-03,DISPONIVEL,1,
3852,BL-003852,HEMACIAS,A,POSITIVO,2026-09-29,2026-11-03,DISPONIVEL,1,
3853,BL-003853,HEMACIAS,O,POSITIVO,2026-09-29,2026-11-03,DISPONIVEL,1,
3854,BL-003854,HEMACIAS,O,POSITIVO,2026-09-29,2026-11-03,DISPONIVEL,1,
3855,BL-003855,HEMACIAS,O,POSITIVO,2026-09-29,2026-11-03,DISPONIVEL,2,
3856,BL-003856,HEMACIAS,A,POSITIVO,2026-09-29,2026-11-03,DISPONIVEL,2,
3857,BL-003857,PLASMA,O,POSITIVO,2026-09-29,2027-09-29,DISPONIVEL,1,
3858,BL-003858,PLASMA,O,POSITIVO,2026-09-29,2027-09-29,DISPONIVEL,1,
3859,BL-003859,PLAQUETAS,O,POSITIVO,2026-09-29,2026-10-04,TRANSFUNDIDO,9,1259
3860,BL-003860,PLAQUETAS,A,POSITIVO,2026-09-29,2026-10-04,DISPONIVEL,1,
3861,BL-003861,PLAQUETAS,A,POSITIVO,2026-09-29,2026-10-04,DISPONIVEL,1,
3862,BL-003862,PLAQUETAS,O,NEGATIVO,2026-09-29,2026-10-04,DISPONIVEL,1,
3863,BL-003863,PLAQUETAS,B,POSITIVO,2026-09-29,2026-10-04,DISPONIVEL,1,
3864,BL-003864,PLAQUETAS,O,POSITIVO,2026-09-29,2026-10-04,DISPONIVEL,1,
3865,BL-003865,PLAQUETAS,O,POSITIVO,2026-09-29,2026-10-04,DISPONIVEL,1,
3866,BL-003866,PLAQUETAS,A,POSITIVO,2026-09-29,2026-10-04,DISPONIVEL,1,
3867,BL-003867,PLAQUETAS,A,POSITIVO,2026-09-29,2026-10-04,DISPONIVEL,1,
3868,BL-003868,PLAQUETAS,A,POSITIVO,2026-09-29,2026-10-04,DISPONIVEL,1,
3869,BL-003869,PLAQUETAS,O,POSITIVO,2026-09-29,2026-10-04,DISPONIVEL,1,
3870,BL-003870,PLAQUETAS,O,POSITIVO,2026-09-29,2026-10-04,DISPONIVEL,1,
3871,BL-003871,PLAQUETAS,O,POSITIVO,2026-09-29,2026-10-04,DISPONIVEL,1,
3872,BL-003872,PLAQUETAS,O,POSITIVO,2026-09-29,2026-10-04,DISPONIVEL,1,
3873,BL-003873,PLAQUETAS,A,POSITIVO,2026-09-29,2026-10-04,DISPONIVEL,2,
3874,BL-003874,PLAQUETAS,O,POSITIVO,2026-09-29,2026-10-04,DISPONIVEL,2,
3875,BL-003875,PLAQUETAS,O,NEGATIVO,2026-09-29,2026-10-04,DISPONIVEL,2,
3876,BL-003876,PLAQUETAS,O,POSITIVO,2026-09-29,2026-10-04,DISPONIVEL,2,
3877,BL-003877,PLAQUETAS,O,POSITIVO,2026-09-29,2026-10-04,DISPONIVEL,2,
3878,BL-003878,HEMACIAS,O,NEGATIVO,2026-09-30,2026-11-04,TRANSFUNDIDO,3,1260
3879,BL-003879,HEMACIAS,O,POSITIVO,2026-09-30,2026-11-04,DISPONIVEL,1,
3880,BL-003880,HEMACIAS,A,POSITIVO,2026-09-30,2026-11-04,DISPONIVEL,1,
3881,BL-003881,HEMACIAS,O,POSITIVO,2026-09-30,2026-11-04,DISPONIVEL,1,
3882,BL-003882,HEMACIAS,O,POSITIVO,2026-09-30,2026-11-04,DISPONIVEL,1,
3883,BL-003883,HEMACIAS,O,NEGATIVO,2026-09-30,2026-11-04,DISPONIVEL,1,
3884,BL-003884,HEMACIAS,A,POSITIVO,2026-09-30,2026-11-04,DISPONIVEL,1,
3885,BL-003885,HEMACIAS,O,NEGATIVO,2026-09-30,2026-11-04,DISPONIVEL,1,
3886,BL-003886,HEMACIAS,A,POSITIVO,2026-09-30,2026-11-04,DISPONIVEL,2,
3887,BL-003887,PLASMA,O,POSITIVO,2026-09-30,2027-09-30,TRANSFUNDIDO,8,1249
3888,BL-003888,PLASMA,A,NEGATIVO,2026-09-30,2027-09-30,DISPONIVEL,2,
3889,BL-003889,PLAQUETAS,O,POSITIVO,2026-09-30,2026-10-05,TRANSFUNDIDO,9,1259
3890,BL-003890,PLAQUETAS,O,POSITIVO,2026-09-30,2026-10-05,TRANSFUNDIDO,9,1259
3891,BL-003891,PLAQUETAS,A,POSITIVO,2026-09-30,2026-10-05,RESERVADO,1,1263
3892,BL-003892,PLAQUETAS,A,POSITIVO,2026-09-30,2026-10-05,DISPONIVEL,1,
3893,BL-003893,PLAQUETAS,O,POSITIVO,2026-09-30,2026-10-05,DISPONIVEL,1,
3894,BL-003894,PLAQUETAS,O,POSITIVO,2026-09-30,2026-10-05,DISPONIVEL,1,
3895,BL-003895,PLAQUETAS,O,POSITIVO,2026-09-30,2026-10-05,DISPONIVEL,1,
3896,BL-003896,PLAQUETAS,B,POSITIVO,2026-09-30,2026-10-05,DISPONIVEL,1,
3897,BL-003897,PLAQUETAS,A,POSITIVO,2026-09-30,2026-10-05,DISPONIVEL,1,
3898,BL-003898,PLAQUETAS,A,POSITIVO,2026-09-30,2026-10-05,DISPONIVEL,1,
3899,BL-003899,PLAQUETAS,A,POSITIVO,2026-09-30,2026-10-05,DISPONIVEL,1,
3900,BL-003900,PLAQUETAS,O,POSITIVO,2026-09-30,2026-10-05,DISPONIVEL,1,
3901,BL-003901,PLAQUETAS,A,POSITIVO,2026-09-30,2026-10-05,DISPONIVEL,1,
3902,BL-003902,PLAQUETAS,A,POSITIVO,2026-09-30,2026-10-05,DISPONIVEL,1,
3903,BL-003903,PLAQUETAS,O,POSITIVO,2026-09-30,2026-10-05,DISPONIVEL,1,
3904,BL-003904,PLAQUETAS,A,POSITIVO,2026-09-30,2026-10-05,DISPONIVEL,2,
3905,BL-003905,PLAQUETAS,A,POSITIVO,2026-09-30,2026-10-05,DISPONIVEL,2,
3906,BL-003906,PLAQUETAS,O,NEGATIVO,2026-09-30,2026-10-05,DISPONIVEL,2,
3907,BL-003907,PLAQUETAS,A,POSITIVO,2026-09-30,2026-10-05,DISPONIVEL,2,
3908,BL-003908,PLAQUETAS,B,NEGATIVO,2026-09-30,2026-10-05,DISPONIVEL,2,
3909,BL-003909,PLAQUETAS,O,POSITIVO,2026-09-30,2026-10-05,DESCARTADO,2,
3910,BL-003910,CRIOPRECIPITADO,A,POSITIVO,2026-09-30,2027-09-30,TRANSFUNDIDO,7,1264
