id,hospitalId,hemocentroId,tipo,abo,rh,quantidade,prioridade,status,criadaEm,aceitaEm,alocadaEm,enviadaEm,atendidaEm,recusadaEm,canceladaEm,motivoRecusa,distanciaKm
1,3,1,HEMACIAS,O,POSITIVO,1,NORMAL,ATENDIDA,2026-07-02T01:24:00-03:00,2026-07-02T02:44:00-03:00,2026-07-02T03:24:00-03:00,2026-07-02T06:10:00-03:00,2026-07-02T06:25:00-03:00,,,,3.9
2,7,1,HEMACIAS,O,POSITIVO,1,URGENCIA,ATENDIDA,2026-07-02T07:20:00-03:00,2026-07-02T07:42:00-03:00,2026-07-02T08:00:00-03:00,2026-07-02T08:14:00-03:00,2026-07-02T08:59:00-03:00,,,,15.5
3,3,1,HEMACIAS,A,POSITIVO,3,URGENCIA,ATENDIDA,2026-07-02T09:11:00-03:00,2026-07-02T09:49:00-03:00,2026-07-02T10:30:00-03:00,2026-07-02T10:36:00-03:00,2026-07-02T10:59:00-03:00,,,,3.9
4,7,1,PLAQUETAS,O,POSITIVO,1,NORMAL,RECUSADA,2026-07-02T11:01:00-03:00,,,,,2026-07-02T13:51:00-03:00,,Dados da solicitação incompletos,15.5
5,7,1,HEMACIAS,O,NEGATIVO,2,URGENCIA,ATENDIDA,2026-07-02T12:56:00-03:00,2026-07-02T13:05:00-03:00,2026-07-02T13:25:00-03:00,2026-07-02T13:47:00-03:00,2026-07-02T14:30:00-03:00,,,,15.5
6,6,1,HEMACIAS,O,POSITIVO,2,URGENCIA,ATENDIDA,2026-07-02T15:51:00-03:00,2026-07-02T16:16:00-03:00,2026-07-02T16:42:00-03:00,2026-07-02T16:54:00-03:00,2026-07-02T17:31:00-03:00,,,,21.8
7,4,2,HEMACIAS,O,POSITIVO,3,NORMAL,ATENDIDA,2026-07-02T17:16:00-03:00,2026-07-02T22:08:00-03:00,2026-07-02T22:29:00-03:00,2026-07-02T23:43:00-03:00,2026-07-03T08:17:00-03:00,,,,160.2
8,4,1,HEMACIAS,O,POSITIVO,3,NORMAL,ATENDIDA,2026-07-02T17:58:00-03:00,2026-07-02T20:46:00-03:00,2026-07-02T22:06:00-03:00,2026-07-03T00:37:00-03:00,2026-07-03T00:49:00-03:00,,,,1.5
9,5,1,PLASMA,O,POSITIVO,2,NORMAL,ATENDIDA,2026-07-02T20:22:00-03:00,2026-07-02T20:45:00-03:00,2026-07-02T22:15:00-03:00,2026-07-03T00:47:00-03:00,2026-07-03T01:03:00-03:00,,,,6.4
10,4,1,HEMACIAS,A,NEGATIVO,2,URGENCIA,ATENDIDA,2026-07-03T00:53:00-03:00,2026-07-03T01:03:00-03:00,2026-07-03T01:54:00-03:00,2026-07-03T02:07:00-03:00,2026-07-03T02:37:00-03:00,,,,1.5
11,4,1,HEMACIAS,O,POSITIVO,1,NORMAL,RECUSADA,2026-07-03T01:48:00-03:00,,,,,2026-07-03T07:09:00-03:00,,Sem bolsas compatíveis disponíveis,1.5
12,8,1,HEMACIAS,A,NEGATIVO,2,NORMAL,ATENDIDA,2026-07-03T06:08:00-03:00,2026-07-03T08:03:00-03:00,2026-07-03T13:28:00-03:00,2026-07-03T14:16:00-03:00,2026-07-03T14:56:00-03:00,,,,14.9
13,9,2,HEMACIAS,A,POSITIVO,2,NORMAL,ATENDIDA,2026-07-03T06:47:00-03:00,2026-07-03T08:08:00-03:00,2026-07-03T12:26:00-03:00,2026-07-03T13:08:00-03:00,2026-07-03T13:22:00-03:00,,,,2.1
14,3,1,HEMACIAS,O,NEGATIVO,3,NORMAL,ATENDIDA,2026-07-03T08:01:00-03:00,2026-07-03T09:11:00-03:00,2026-07-03T12:43:00-03:00,2026-07-03T12:52:00-03:00,2026-07-03T13:03:00-03:00,,,,3.9
15,8,1,HEMACIAS,O,POSITIVO,3,URGENCIA,ATENDIDA,2026-07-03T08:23:00-03:00,2026-07-03T08:47:00-03:00,2026-07-03T09:18:00-03:00,2026-07-03T09:26:00-03:00,2026-07-03T10:10:00-03:00,,,,14.9
16,9,2,HEMACIAS,A,NEGATIVO,1,NORMAL,ATENDIDA,2026-07-03T10:35:00-03:00,2026-07-03T12:29:00-03:00,2026-07-03T14:30:00-03:00,2026-07-03T15:07:00-03:00,2026-07-03T15:19:00-03:00,,,,2.1
17,4,1,HEMACIAS,A,POSITIVO,5,EMERGENCIA,ATENDIDA,2026-07-03T11:30:00-03:00,2026-07-03T11:34:00-03:00,2026-07-03T11:52:00-03:00,2026-07-03T11:59:00-03:00,2026-07-03T13:47:00-03:00,,,,1.5
18,8,1,HEMACIAS,A,POSITIVO,2,NORMAL,ATENDIDA,2026-07-03T12:44:00-03:00,2026-07-03T17:57:00-03:00,2026-07-03T18:58:00-03:00,2026-07-03T19:38:00-03:00,2026-07-03T20:09:00-03:00,,,,14.9
19,10,2,HEMACIAS,AB,POSITIVO,2,NORMAL,ATENDIDA,2026-07-03T13:54:00-03:00,2026-07-03T14:35:00-03:00,2026-07-03T15:33:00-03:00,2026-07-03T17:31:00-03:00,2026-07-03T18:55:00-03:00,,,,60.6
20,10,2,PLAQUETAS,A,POSITIVO,1,NORMAL,ATENDIDA,2026-07-03T14:38:00-03:00,2026-07-03T16:15:00-03:00,2026-07-03T17:48:00-03:00,2026-07-03T18:43:00-03:00,2026-07-03T20:15:00-03:00,,,,60.6
21,9,2,CRIOPRECIPITADO,O,POSITIVO,6,NORMAL,ATENDIDA,2026-07-03T15:18:00-03:00,2026-07-03T17:01:00-03:00,2026-07-03T19:48:00-03:00,2026-07-03T21:02:00-03:00,2026-07-03T21:18:00-03:00,,,,2.1
22,9,2,HEMACIAS,O,POSITIVO,2,URGENCIA,ATENDIDA,2026-07-03T15:31:00-03:00,2026-07-03T15:38:00-03:00,2026-07-03T16:05:00-03:00,2026-07-03T16:22:00-03:00,2026-07-03T16:34:00-03:00,,,,2.1
23,7,2,CRIOPRECIPITADO,A,POSITIVO,4,NORMAL,ATENDIDA,2026-07-03T17:42:00-03:00,2026-07-03T19:17:00-03:00,2026-07-03T23:15:00-03:00,2026-07-04T00:24:00-03:00,2026-07-04T05:52:00-03:00,,,,166.0
24,9,2,PLAQUETAS,B,POSITIVO,1,NORMAL,ATENDIDA,2026-07-03T17:43:00-03:00,2026-07-03T19:32:00-03:00,2026-07-03T22:28:00-03:00,2026-07-03T23:21:00-03:00,2026-07-03T23:35:00-03:00,,,,2.1
25,3,1,PLASMA,A,POSITIVO,3,NORMAL,ATENDIDA,2026-07-03T18:31:00-03:00,2026-07-03T18:45:00-03:00,2026-07-03T19:55:00-03:00,2026-07-03T20:45:00-03:00,2026-07-03T20:58:00-03:00,,,,3.9
26,4,1,HEMACIAS,A,POSITIVO,2,NORMAL,ATENDIDA,2026-07-03T18:38:00-03:00,2026-07-03T20:07:00-03:00,2026-07-03T21:33:00-03:00,2026-07-03T21:46:00-03:00,2026-07-03T22:06:00-03:00,,,,1.5
27,3,1,PLASMA,O,POSITIVO,2,URGENCIA,RECUSADA,2026-07-03T18:41:00-03:00,,,,,2026-07-03T18:55:00-03:00,,Prioridade redirecionada para outra unidade,3.9
28,3,2,HEMACIAS,A,POSITIVO,6,EMERGENCIA,ATENDIDA,2026-07-04T00:31:00-03:00,2026-07-04T00:34:00-03:00,2026-07-04T00:45:00-03:00,2026-07-04T00:50:00-03:00,2026-07-04T04:36:00-03:00,,,,158.0
29,3,1,PLASMA,O,POSITIVO,3,NORMAL,ATENDIDA,2026-07-04T02:46:00-03:00,2026-07-04T07:08:00-03:00,2026-07-04T08:26:00-03:00,2026-07-04T09:00:00-03:00,2026-07-04T09:17:00-03:00,,,,3.9
30,3,1,PLASMA,O,POSITIVO,1,URGENCIA,ATENDIDA,2026-07-04T03:16:00-03:00,2026-07-04T03:37:00-03:00,2026-07-04T05:12:00-03:00,2026-07-04T05:23:00-03:00,2026-07-04T05:39:00-03:00,,,,3.9
31,6,1,HEMACIAS,A,POSITIVO,4,EMERGENCIA,ATENDIDA,2026-07-04T05:52:00-03:00,2026-07-04T05:56:00-03:00,2026-07-04T06:10:00-03:00,2026-07-04T06:24:00-03:00,2026-07-04T07:04:00-03:00,,,,21.8
32,7,1,HEMACIAS,A,NEGATIVO,2,NORMAL,ATENDIDA,2026-07-04T08:17:00-03:00,2026-07-04T09:17:00-03:00,2026-07-04T10:28:00-03:00,2026-07-04T12:02:00-03:00,2026-07-04T12:45:00-03:00,,,,15.5
33,3,1,PLASMA,A,POSITIVO,4,NORMAL,ATENDIDA,2026-07-04T09:15:00-03:00,2026-07-04T11:11:00-03:00,2026-07-04T13:09:00-03:00,2026-07-04T14:34:00-03:00,2026-07-04T14:46:00-03:00,,,,3.9
34,6,2,HEMACIAS,AB,NEGATIVO,2,NORMAL,ATENDIDA,2026-07-04T09:42:00-03:00,2026-07-04T11:20:00-03:00,2026-07-04T12:49:00-03:00,2026-07-04T14:23:00-03:00,2026-07-04T18:31:00-03:00,,,,140.4
35,3,1,HEMACIAS,O,NEGATIVO,2,NORMAL,RECUSADA,2026-07-04T10:14:00-03:00,,,,,2026-07-04T10:51:00-03:00,,Sem bolsas compatíveis disponíveis,3.9
36,4,1,HEMACIAS,O,POSITIVO,1,NORMAL,ATENDIDA,2026-07-04T10:54:00-03:00,2026-07-04T11:36:00-03:00,2026-07-04T15:17:00-03:00,2026-07-04T15:37:00-03:00,2026-07-04T15:49:00-03:00,,,,1.5
37,6,1,PLAQUETAS,A,POSITIVO,4,EMERGENCIA,ATENDIDA,2026-07-04T10:58:00-03:00,2026-07-04T11:00:00-03:00,2026-07-04T11:04:00-03:00,2026-07-04T11:11:00-03:00,2026-07-04T11:55:00-03:00,,,,21.8
38,4,2,HEMACIAS,A,POSITIVO,4,NORMAL,ATENDIDA,2026-07-04T11:02:00-03:00,2026-07-04T12:46:00-03:00,2026-07-04T13:25:00-03:00,2026-07-04T15:07:00-03:00,2026-07-04T19:10:00-03:00,,,,160.2
39,8,1,HEMACIAS,A,POSITIVO,3,EMERGENCIA,ATENDIDA,2026-07-04T13:37:00-03:00,2026-07-04T13:44:00-03:00,2026-07-04T13:54:00-03:00,2026-07-04T14:00:00-03:00,2026-07-04T17:05:00-03:00,,,,14.9
40,4,1,CRIOPRECIPITADO,A,NEGATIVO,5,NORMAL,ATENDIDA,2026-07-04T14:08:00-03:00,2026-07-04T19:33:00-03:00,2026-07-04T20:29:00-03:00,2026-07-04T21:16:00-03:00,2026-07-04T21:34:00-03:00,,,,1.5
41,9,2,HEMACIAS,A,POSITIVO,2,NORMAL,ATENDIDA,2026-07-04T16:01:00-03:00,2026-07-04T16:52:00-03:00,2026-07-04T18:33:00-03:00,2026-07-04T19:39:00-03:00,2026-07-04T19:50:00-03:00,,,,2.1
42,6,1,CRIOPRECIPITADO,O,POSITIVO,4,NORMAL,ATENDIDA,2026-07-04T16:46:00-03:00,2026-07-04T17:59:00-03:00,2026-07-04T18:51:00-03:00,2026-07-04T19:24:00-03:00,2026-07-04T20:10:00-03:00,,,,21.8
43,5,1,HEMACIAS,O,POSITIVO,2,URGENCIA,ATENDIDA,2026-07-04T16:49:00-03:00,2026-07-04T17:17:00-03:00,2026-07-04T18:54:00-03:00,2026-07-04T19:17:00-03:00,2026-07-04T19:37:00-03:00,,,,6.4
44,8,1,HEMACIAS,O,POSITIVO,2,NORMAL,ATENDIDA,2026-07-04T16:54:00-03:00,2026-07-04T19:40:00-03:00,2026-07-04T23:08:00-03:00,2026-07-05T01:39:00-03:00,2026-07-05T02:18:00-03:00,,,,14.9
45,3,1,CRIOPRECIPITADO,B,POSITIVO,7,NORMAL,ATENDIDA,2026-07-04T17:40:00-03:00,2026-07-04T18:42:00-03:00,2026-07-04T20:57:00-03:00,2026-07-04T22:00:00-03:00,2026-07-04T22:14:00-03:00,,,,3.9
46,4,1,HEMACIAS,O,POSITIVO,2,NORMAL,ATENDIDA,2026-07-04T17:56:00-03:00,2026-07-04T20:58:00-03:00,2026-07-05T03:32:00-03:00,2026-07-05T04:44:00-03:00,2026-07-05T04:52:00-03:00,,,,1.5
47,3,1,PLASMA,A,POSITIVO,4,URGENCIA,ATENDIDA,2026-07-04T18:09:00-03:00,2026-07-04T18:30:00-03:00,2026-07-04T18:44:00-03:00,2026-07-04T18:55:00-03:00,2026-07-04T19:10:00-03:00,,,,3.9
48,7,1,PLASMA,O,POSITIVO,1,URGENCIA,RECUSADA,2026-07-05T00:01:00-03:00,,,,,2026-07-05T00:15:00-03:00,,Estoque insuficiente do hemocomponente,15.5
49,3,1,HEMACIAS,B,POSITIVO,2,NORMAL,ATENDIDA,2026-07-05T01:13:00-03:00,2026-07-05T07:37:00-03:00,2026-07-05T09:04:00-03:00,2026-07-05T09:49:00-03:00,2026-07-05T10:01:00-03:00,,,,3.9
50,8,1,PLAQUETAS,A,NEGATIVO,4,NORMAL,ATENDIDA,2026-07-05T07:02:00-03:00,2026-07-05T10:55:00-03:00,2026-07-05T19:01:00-03:00,2026-07-05T20:53:00-03:00,2026-07-05T21:28:00-03:00,,,,14.9
51,4,1,CRIOPRECIPITADO,A,POSITIVO,4,NORMAL,ATENDIDA,2026-07-05T08:48:00-03:00,2026-07-05T11:16:00-03:00,2026-07-05T13:27:00-03:00,2026-07-05T13:48:00-03:00,2026-07-05T13:59:00-03:00,,,,1.5
52,4,1,HEMACIAS,O,NEGATIVO,2,URGENCIA,ATENDIDA,2026-07-05T09:30:00-03:00,2026-07-05T09:43:00-03:00,2026-07-05T10:03:00-03:00,2026-07-05T10:25:00-03:00,2026-07-05T10:43:00-03:00,,,,1.5
53,7,1,PLASMA,A,POSITIVO,3,NORMAL,ATENDIDA,2026-07-05T14:49:00-03:00,2026-07-05T15:52:00-03:00,2026-07-05T16:52:00-03:00,2026-07-05T17:23:00-03:00,2026-07-05T17:52:00-03:00,,,,15.5
54,9,1,CRIOPRECIPITADO,O,POSITIVO,7,URGENCIA,ATENDIDA,2026-07-05T15:42:00-03:00,2026-07-05T15:55:00-03:00,2026-07-05T16:27:00-03:00,2026-07-05T16:34:00-03:00,2026-07-05T21:23:00-03:00,,,,160.1
55,7,1,HEMACIAS,A,POSITIVO,2,NORMAL,ATENDIDA,2026-07-05T16:43:00-03:00,2026-07-05T19:25:00-03:00,2026-07-05T20:17:00-03:00,2026-07-05T20:34:00-03:00,2026-07-05T22:58:00-03:00,,,,15.5
56,7,1,PLASMA,B,POSITIVO,2,NORMAL,CANCELADA,2026-07-05T18:13:00-03:00,2026-07-05T19:36:00-03:00,,,,,2026-07-05T21:42:00-03:00,,15.5
57,5,1,HEMACIAS,O,POSITIVO,4,NORMAL,ATENDIDA,2026-07-05T18:18:00-03:00,2026-07-05T19:45:00-03:00,2026-07-05T20:36:00-03:00,2026-07-05T23:52:00-03:00,2026-07-06T00:07:00-03:00,,,,6.4
58,9,2,PLAQUETAS,A,NEGATIVO,3,EMERGENCIA,ATENDIDA,2026-07-05T18:26:00-03:00,2026-07-05T18:36:00-03:00,2026-07-05T18:48:00-03:00,2026-07-05T19:02:00-03:00,2026-07-05T19:17:00-03:00,,,,2.1
59,10,2,HEMACIAS,A,POSITIVO,1,NORMAL,ATENDIDA,2026-07-05T19:51:00-03:00,2026-07-05T20:48:00-03:00,2026-07-05T23:04:00-03:00,2026-07-06T00:32:00-03:00,2026-07-06T01:21:00-03:00,,,,60.6
60,6,1,CRIOPRECIPITADO,B,POSITIVO,5,EMERGENCIA,ATENDIDA,2026-07-05T20:47:00-03:00,2026-07-05T20:50:00-03:00,2026-07-05T21:07:00-03:00,2026-07-05T21:11:00-03:00,2026-07-05T21:49:00-03:00,,,,21.8
61,5,1,PLASMA,O,POSITIVO,5,EMERGENCIA,ATENDIDA,2026-07-06T09:21:00-03:00,2026-07-06T09:27:00-03:00,2026-07-06T09:43:00-03:00,2026-07-06T09:53:00-03:00,2026-07-06T10:15:00-03:00,,,,6.4
62,5,1,PLAQUETAS,A,POSITIVO,3,NORMAL,ATENDIDA,2026-07-06T09:34:00-03:00,2026-07-06T11:52:00-03:00,2026-07-06T16:12:00-03:00,2026-07-06T16:47:00-03:00,2026-07-06T17:10:00-03:00,,,,6.4
63,7,1,CRIOPRECIPITADO,O,POSITIVO,7,NORMAL,ATENDIDA,2026-07-06T10:27:00-03:00,2026-07-06T11:43:00-03:00,2026-07-06T12:18:00-03:00,2026-07-06T12:38:00-03:00,2026-07-06T13:06:00-03:00,,,,15.5
64,10,2,HEMACIAS,O,POSITIVO,1,NORMAL,ATENDIDA,2026-07-06T13:57:00-03:00,2026-07-06T15:19:00-03:00,2026-07-06T15:48:00-03:00,2026-07-06T18:42:00-03:00,2026-07-06T20:26:00-03:00,,,,60.6
65,6,1,HEMACIAS,A,NEGATIVO,2,NORMAL,ATENDIDA,2026-07-06T14:48:00-03:00,2026-07-06T16:28:00-03:00,2026-07-06T18:14:00-03:00,2026-07-06T18:36:00-03:00,2026-07-06T19:19:00-03:00,,,,21.8
66,10,2,CRIOPRECIPITADO,O,POSITIVO,5,URGENCIA,ATENDIDA,2026-07-06T14:52:00-03:00,2026-07-06T15:23:00-03:00,2026-07-06T16:19:00-03:00,2026-07-06T16:33:00-03:00,2026-07-06T18:00:00-03:00,,,,60.6
67,5,1,CRIOPRECIPITADO,O,POSITIVO,7,EMERGENCIA,ATENDIDA,2026-07-06T15:28:00-03:00,2026-07-06T15:32:00-03:00,2026-07-06T15:51:00-03:00,2026-07-06T15:56:00-03:00,2026-07-06T16:15:00-03:00,,,,6.4
68,4,1,HEMACIAS,B,POSITIVO,2,NORMAL,ATENDIDA,2026-07-06T16:22:00-03:00,2026-07-06T18:16:00-03:00,2026-07-07T02:38:00-03:00,2026-07-07T03:23:00-03:00,2026-07-07T03:34:00-03:00,,,,1.5
69,6,1,CRIOPRECIPITADO,O,POSITIVO,8,NORMAL,ATENDIDA,2026-07-06T17:47:00-03:00,2026-07-06T20:22:00-03:00,2026-07-06T23:36:00-03:00,2026-07-07T01:19:00-03:00,2026-07-07T01:59:00-03:00,,,,21.8
70,3,1,HEMACIAS,A,NEGATIVO,1,NORMAL,ATENDIDA,2026-07-06T18:46:00-03:00,2026-07-07T04:32:00-03:00,2026-07-07T08:50:00-03:00,2026-07-07T11:37:00-03:00,2026-07-07T11:48:00-03:00,,,,3.9
71,3,1,HEMACIAS,O,POSITIVO,2,URGENCIA,ATENDIDA,2026-07-06T20:58:00-03:00,2026-07-06T21:05:00-03:00,2026-07-06T21:41:00-03:00,2026-07-06T21:55:00-03:00,2026-07-06T22:09:00-03:00,,,,3.9
72,6,1,CRIOPRECIPITADO,O,POSITIVO,4,URGENCIA,ATENDIDA,2026-07-06T22:14:00-03:00,2026-07-06T22:37:00-03:00,2026-07-06T23:39:00-03:00,2026-07-06T23:45:00-03:00,2026-07-07T00:11:00-03:00,,,,21.8
73,7,1,HEMACIAS,AB,NEGATIVO,2,EMERGENCIA,ATENDIDA,2026-07-07T00:31:00-03:00,2026-07-07T00:40:00-03:00,2026-07-07T01:02:00-03:00,2026-07-07T01:08:00-03:00,2026-07-07T01:44:00-03:00,,,,15.5
74,7,1,HEMACIAS,A,POSITIVO,3,URGENCIA,ATENDIDA,2026-07-07T04:48:00-03:00,2026-07-07T05:03:00-03:00,2026-07-07T05:25:00-03:00,2026-07-07T05:36:00-03:00,2026-07-07T06:21:00-03:00,,,,15.5
75,10,1,HEMACIAS,A,POSITIVO,2,URGENCIA,ATENDIDA,2026-07-07T05:05:00-03:00,2026-07-07T05:27:00-03:00,2026-07-07T06:05:00-03:00,2026-07-07T06:14:00-03:00,2026-07-07T09:07:00-03:00,,,,100.9
76,4,1,PLASMA,O,POSITIVO,1,URGENCIA,ATENDIDA,2026-07-07T07:38:00-03:00,2026-07-07T08:08:00-03:00,2026-07-07T08:18:00-03:00,2026-07-07T09:01:00-03:00,2026-07-07T09:09:00-03:00,,,,1.5
77,7,1,HEMACIAS,O,NEGATIVO,3,NORMAL,ATENDIDA,2026-07-07T07:52:00-03:00,2026-07-07T08:28:00-03:00,2026-07-07T09:50:00-03:00,2026-07-07T10:39:00-03:00,2026-07-07T10:58:00-03:00,,,,15.5
78,3,2,CRIOPRECIPITADO,O,NEGATIVO,6,URGENCIA,ATENDIDA,2026-07-07T09:01:00-03:00,2026-07-07T10:06:00-03:00,2026-07-07T10:24:00-03:00,2026-07-07T10:34:00-03:00,2026-07-07T15:28:00-03:00,,,,158.0
79,5,1,HEMACIAS,O,POSITIVO,1,NORMAL,ATENDIDA,2026-07-07T09:09:00-03:00,2026-07-07T09:37:00-03:00,2026-07-07T14:33:00-03:00,2026-07-07T17:50:00-03:00,2026-07-07T18:10:00-03:00,,,,6.4
80,3,1,HEMACIAS,O,NEGATIVO,1,URGENCIA,ATENDIDA,2026-07-07T09:28:00-03:00,2026-07-07T10:09:00-03:00,2026-07-07T10:24:00-03:00,2026-07-07T10:48:00-03:00,2026-07-07T11:03:00-03:00,,,,3.9
81,5,1,PLAQUETAS,O,NEGATIVO,1,NORMAL,ATENDIDA,2026-07-07T09:32:00-03:00,2026-07-07T11:51:00-03:00,2026-07-07T13:56:00-03:00,2026-07-07T14:50:00-03:00,2026-07-07T15:07:00-03:00,,,,6.4
82,5,1,PLASMA,A,POSITIVO,1,NORMAL,ATENDIDA,2026-07-07T09:49:00-03:00,2026-07-07T10:53:00-03:00,2026-07-07T13:18:00-03:00,2026-07-07T13:56:00-03:00,2026-07-07T14:24:00-03:00,,,,6.4
83,6,1,HEMACIAS,O,POSITIVO,2,URGENCIA,ATENDIDA,2026-07-07T11:10:00-03:00,2026-07-07T11:33:00-03:00,2026-07-07T12:09:00-03:00,2026-07-07T12:21:00-03:00,2026-07-07T13:21:00-03:00,,,,21.8
84,4,1,HEMACIAS,O,POSITIVO,2,NORMAL,ATENDIDA,2026-07-07T11:30:00-03:00,2026-07-07T16:19:00-03:00,2026-07-08T01:17:00-03:00,2026-07-08T01:49:00-03:00,2026-07-08T01:59:00-03:00,,,,1.5
85,5,1,CRIOPRECIPITADO,A,NEGATIVO,4,URGENCIA,ATENDIDA,2026-07-07T12:07:00-03:00,2026-07-07T12:36:00-03:00,2026-07-07T13:00:00-03:00,2026-07-07T13:06:00-03:00,2026-07-07T13:26:00-03:00,,,,6.4
86,5,1,PLASMA,O,NEGATIVO,3,NORMAL,ATENDIDA,2026-07-07T12:29:00-03:00,2026-07-07T12:59:00-03:00,2026-07-07T14:23:00-03:00,2026-07-07T14:45:00-03:00,2026-07-07T15:03:00-03:00,,,,6.4
87,3,1,HEMACIAS,O,POSITIVO,1,URGENCIA,ATENDIDA,2026-07-07T13:58:00-03:00,2026-07-07T14:19:00-03:00,2026-07-07T14:56:00-03:00,2026-07-07T15:02:00-03:00,2026-07-07T15:21:00-03:00,,,,3.9
88,5,1,HEMACIAS,O,POSITIVO,4,NORMAL,ATENDIDA,2026-07-07T16:08:00-03:00,2026-07-07T19:50:00-03:00,2026-07-07T23:03:00-03:00,2026-07-08T00:46:00-03:00,2026-07-08T01:06:00-03:00,,,,6.4
89,9,2,HEMACIAS,O,POSITIVO,1,NORMAL,ATENDIDA,2026-07-07T17:17:00-03:00,2026-07-07T18:15:00-03:00,2026-07-07T19:01:00-03:00,2026-07-07T19:41:00-03:00,2026-07-07T19:51:00-03:00,,,,2.1
90,7,1,HEMACIAS,A,POSITIVO,1,URGENCIA,ATENDIDA,2026-07-07T17:22:00-03:00,2026-07-07T17:40:00-03:00,2026-07-07T18:24:00-03:00,2026-07-07T18:35:00-03:00,2026-07-07T19:16:00-03:00,,,,15.5
91,5,2,HEMACIAS,O,POSITIVO,6,EMERGENCIA,ATENDIDA,2026-07-07T18:03:00-03:00,2026-07-07T18:11:00-03:00,2026-07-07T18:19:00-03:00,2026-07-07T18:31:00-03:00,2026-07-07T22:40:00-03:00,,,,165.8
92,4,1,PLASMA,A,POSITIVO,3,NORMAL,RECUSADA,2026-07-07T18:41:00-03:00,,,,,2026-07-07T21:24:00-03:00,,Estoque insuficiente do hemocomponente,1.5
93,7,1,HEMACIAS,O,POSITIVO,1,NORMAL,ATENDIDA,2026-07-07T18:51:00-03:00,2026-07-07T21:47:00-03:00,2026-07-08T04:12:00-03:00,2026-07-08T05:43:00-03:00,2026-07-08T06:14:00-03:00,,,,15.5
94,4,1,HEMACIAS,B,POSITIVO,3,NORMAL,ATENDIDA,2026-07-07T23:45:00-03:00,2026-07-08T07:19:00-03:00,2026-07-08T09:57:00-03:00,2026-07-08T10:42:00-03:00,2026-07-08T10:52:00-03:00,,,,1.5
95,10,2,PLASMA,A,POSITIVO,2,NORMAL,ATENDIDA,2026-07-08T06:55:00-03:00,2026-07-08T07:30:00-03:00,2026-07-08T12:49:00-03:00,2026-07-08T13:05:00-03:00,2026-07-08T14:48:00-03:00,,,,60.6
96,5,1,PLASMA,AB,POSITIVO,2,NORMAL,ATENDIDA,2026-07-08T07:51:00-03:00,2026-07-08T08:40:00-03:00,2026-07-08T09:32:00-03:00,2026-07-08T10:07:00-03:00,2026-07-08T10:19:00-03:00,,,,6.4
97,10,2,HEMACIAS,O,POSITIVO,2,NORMAL,ATENDIDA,2026-07-08T08:11:00-03:00,2026-07-08T09:13:00-03:00,2026-07-08T10:31:00-03:00,2026-07-08T11:36:00-03:00,2026-07-08T13:30:00-03:00,,,,60.6
98,7,1,HEMACIAS,O,POSITIVO,1,URGENCIA,RECUSADA,2026-07-08T08:50:00-03:00,,,,,2026-07-08T09:11:00-03:00,,Prioridade redirecionada para outra unidade,15.5
99,4,1,HEMACIAS,A,POSITIVO,1,NORMAL,ATENDIDA,2026-07-08T11:13:00-03:00,2026-07-08T11:37:00-03:00,2026-07-08T12:19:00-03:00,2026-07-08T12:40:00-03:00,2026-07-08T12:54:00-03:00,,,,1.5
100,7,1,HEMACIAS,A,NEGATIVO,3,NORMAL,ATENDIDA,2026-07-08T12:59:00-03:00,2026-07-08T13:19:00-03:00,2026-07-08T13:46:00-03:00,2026-07-08T14:48:00-03:00,2026-07-08T15:23:00-03:00,,,,15.5
101,3,1,PLASMA,O,POSITIVO,1,URGENCIA,ATENDIDA,2026-07-08T13:48:00-03:00,2026-07-08T14:08:00-03:00,2026-07-08T14:49:00-03:00,2026-07-08T15:12:00-03:00,2026-07-08T15:26:00-03:00,,,,3.9
102,6,1,PLAQUETAS,O,POSITIVO,3,NORMAL,ATENDIDA,2026-07-08T13:58:00-03:00,2026-07-08T14:31:00-03:00,2026-07-08T15:45:00-03:00,2026-07-08T16:45:00-03:00,2026-07-08T17:41:00-03:00,,,,21.8
103,7,1,CRIOPRECIPITADO,A,POSITIVO,6,NORMAL,ATENDIDA,2026-07-08T14:20:00-03:00,2026-07-08T15:33:00-03:00,2026-07-08T20:49:00-03:00,2026-07-08T21:29:00-03:00,2026-07-08T21:54:00-03:00,,,,15.5
104,3,1,HEMACIAS,O,POSITIVO,1,NORMAL,ATENDIDA,2026-07-08T17:21:00-03:00,2026-07-08T19:20:00-03:00,2026-07-08T21:11:00-03:00,2026-07-08T22:30:00-03:00,2026-07-08T22:42:00-03:00,,,,3.9
105,7,1,PLAQUETAS,O,POSITIVO,1,URGENCIA,ATENDIDA,2026-07-08T20:21:00-03:00,2026-07-08T20:31:00-03:00,2026-07-08T21:21:00-03:00,2026-07-08T21:51:00-03:00,2026-07-08T22:19:00-03:00,,,,15.5
106,7,1,HEMACIAS,O,NEGATIVO,1,NORMAL,ATENDIDA,2026-07-08T20:55:00-03:00,2026-07-08T22:10:00-03:00,2026-07-09T01:28:00-03:00,2026-07-09T02:44:00-03:00,2026-07-09T03:19:00-03:00,,,,15.5
107,3,1,HEMACIAS,A,NEGATIVO,4,URGENCIA,ATENDIDA,2026-07-08T20:58:00-03:00,2026-07-08T21:18:00-03:00,2026-07-08T21:30:00-03:00,2026-07-08T21:56:00-03:00,2026-07-08T22:14:00-03:00,,,,3.9
108,5,1,HEMACIAS,A,POSITIVO,1,NORMAL,ATENDIDA,2026-07-08T22:14:00-03:00,2026-07-09T07:16:00-03:00,2026-07-09T09:58:00-03:00,2026-07-09T11:11:00-03:00,2026-07-09T11:35:00-03:00,,,,6.4
109,6,1,HEMACIAS,A,NEGATIVO,3,URGENCIA,ATENDIDA,2026-07-09T01:48:00-03:00,2026-07-09T02:54:00-03:00,2026-07-09T03:36:00-03:00,2026-07-09T03:46:00-03:00,2026-07-09T04:36:00-03:00,,,,21.8
110,3,1,PLASMA,O,POSITIVO,2,NORMAL,ATENDIDA,2026-07-09T06:51:00-03:00,2026-07-09T08:14:00-03:00,2026-07-09T09:34:00-03:00,2026-07-09T10:45:00-03:00,2026-07-09T11:03:00-03:00,,,,3.9
111,4,1,HEMACIAS,A,POSITIVO,1,URGENCIA,ATENDIDA,2026-07-09T07:35:00-03:00,2026-07-09T07:55:00-03:00,2026-07-09T08:18:00-03:00,2026-07-09T08:44:00-03:00,2026-07-09T08:56:00-03:00,,,,1.5
112,9,2,HEMACIAS,B,POSITIVO,2,URGENCIA,ATENDIDA,2026-07-09T08:13:00-03:00,2026-07-09T08:50:00-03:00,2026-07-09T09:16:00-03:00,2026-07-09T09:24:00-03:00,2026-07-09T09:33:00-03:00,,,,2.1
113,9,2,HEMACIAS,A,POSITIVO,3,URGENCIA,ATENDIDA,2026-07-09T08:15:00-03:00,2026-07-09T08:36:00-03:00,2026-07-09T08:57:00-03:00,2026-07-09T09:12:00-03:00,2026-07-09T09:26:00-03:00,,,,2.1
114,4,1,HEMACIAS,A,NEGATIVO,1,NORMAL,ATENDIDA,2026-07-09T10:27:00-03:00,2026-07-09T11:36:00-03:00,2026-07-09T13:20:00-03:00,2026-07-09T14:28:00-03:00,2026-07-09T14:43:00-03:00,,,,1.5
115,4,1,PLASMA,O,POSITIVO,1,NORMAL,ATENDIDA,2026-07-09T10:29:00-03:00,2026-07-09T13:06:00-03:00,2026-07-09T13:39:00-03:00,2026-07-09T15:13:00-03:00,2026-07-09T15:22:00-03:00,,,,1.5
116,10,2,PLASMA,O,POSITIVO,4,URGENCIA,ATENDIDA,2026-07-09T11:07:00-03:00,2026-07-09T11:45:00-03:00,2026-07-09T12:40:00-03:00,2026-07-09T13:17:00-03:00,2026-07-09T14:52:00-03:00,,,,60.6
117,10,2,PLAQUETAS,A,POSITIVO,4,NORMAL,ATENDIDA,2026-07-09T11:41:00-03:00,2026-07-09T13:51:00-03:00,2026-07-09T18:36:00-03:00,2026-07-09T22:19:00-03:00,2026-07-10T00:25:00-03:00,,,,60.6
118,5,1,HEMACIAS,A,NEGATIVO,1,NORMAL,ATENDIDA,2026-07-09T12:11:00-03:00,2026-07-09T15:13:00-03:00,2026-07-09T19:04:00-03:00,2026-07-09T19:43:00-03:00,2026-07-09T19:57:00-03:00,,,,6.4
119,10,2,HEMACIAS,O,POSITIVO,1,NORMAL,ATENDIDA,2026-07-09T16:13:00-03:00,2026-07-09T19:19:00-03:00,2026-07-09T22:35:00-03:00,2026-07-09T23:24:00-03:00,2026-07-10T01:08:00-03:00,,,,60.6
120,3,1,PLAQUETAS,O,NEGATIVO,2,NORMAL,RECUSADA,2026-07-10T03:56:00-03:00,,,,,2026-07-10T07:20:00-03:00,,Sem bolsas compatíveis disponíveis,3.9
121,5,2,HEMACIAS,O,POSITIVO,2,URGENCIA,ATENDIDA,2026-07-10T08:05:00-03:00,2026-07-10T08:17:00-03:00,2026-07-10T08:34:00-03:00,2026-07-10T08:47:00-03:00,2026-07-10T12:57:00-03:00,,,,165.8
122,5,1,HEMACIAS,O,POSITIVO,2,EMERGENCIA,ATENDIDA,2026-07-10T09:54:00-03:00,2026-07-10T10:03:00-03:00,2026-07-10T10:13:00-03:00,2026-07-10T10:18:00-03:00,2026-07-10T10:37:00-03:00,,,,6.4
123,4,2,PLAQUETAS,O,POSITIVO,1,NORMAL,ATENDIDA,2026-07-10T11:42:00-03:00,2026-07-10T12:15:00-03:00,2026-07-10T15:08:00-03:00,2026-07-10T17:03:00-03:00,2026-07-10T21:29:00-03:00,,,,160.2
124,4,1,HEMACIAS,A,NEGATIVO,1,URGENCIA,ATENDIDA,2026-07-10T13:26:00-03:00,2026-07-10T13:45:00-03:00,2026-07-10T14:09:00-03:00,2026-07-10T15:06:00-03:00,2026-07-10T15:15:00-03:00,,,,1.5
125,4,1,HEMACIAS,B,POSITIVO,3,NORMAL,ATENDIDA,2026-07-10T14:36:00-03:00,2026-07-10T15:24:00-03:00,2026-07-10T16:37:00-03:00,2026-07-10T17:31:00-03:00,2026-07-10T17:42:00-03:00,,,,1.5
126,8,1,HEMACIAS,B,NEGATIVO,2,NORMAL,ATENDIDA,2026-07-10T15:43:00-03:00,2026-07-10T17:44:00-03:00,2026-07-10T21:01:00-03:00,2026-07-10T21:25:00-03:00,2026-07-10T22:06:00-03:00,,,,14.9
127,4,1,HEMACIAS,A,POSITIVO,1,NORMAL,ATENDIDA,2026-07-10T15:50:00-03:00,2026-07-10T18:05:00-03:00,2026-07-10T21:06:00-03:00,2026-07-10T22:45:00-03:00,2026-07-10T23:03:00-03:00,,,,1.5
128,6,1,HEMACIAS,A,NEGATIVO,2,NORMAL,ATENDIDA,2026-07-10T16:34:00-03:00,2026-07-10T20:19:00-03:00,2026-07-10T22:54:00-03:00,2026-07-11T00:06:00-03:00,2026-07-11T00:56:00-03:00,,,,21.8
129,6,1,HEMACIAS,O,POSITIVO,1,URGENCIA,ATENDIDA,2026-07-10T20:05:00-03:00,2026-07-10T20:19:00-03:00,2026-07-10T20:49:00-03:00,2026-07-10T21:05:00-03:00,2026-07-10T21:45:00-03:00,,,,21.8
130,6,2,HEMACIAS,O,POSITIVO,2,NORMAL,ATENDIDA,2026-07-10T21:46:00-03:00,2026-07-10T22:25:00-03:00,2026-07-11T01:48:00-03:00,2026-07-11T02:26:00-03:00,2026-07-11T08:17:00-03:00,,,,140.4
131,4,1,HEMACIAS,AB,POSITIVO,3,URGENCIA,ATENDIDA,2026-07-11T01:23:00-03:00,2026-07-11T01:45:00-03:00,2026-07-11T02:19:00-03:00,2026-07-11T02:43:00-03:00,2026-07-11T03:01:00-03:00,,,,1.5
132,7,1,HEMACIAS,O,POSITIVO,4,NORMAL,ATENDIDA,2026-07-11T02:57:00-03:00,2026-07-11T07:19:00-03:00,2026-07-11T09:44:00-03:00,2026-07-11T11:04:00-03:00,2026-07-11T13:04:00-03:00,,,,15.5
133,9,2,PLASMA,O,POSITIVO,1,URGENCIA,ATENDIDA,2026-07-11T05:59:00-03:00,2026-07-11T06:18:00-03:00,2026-07-11T06:36:00-03:00,2026-07-11T06:50:00-03:00,2026-07-11T07:06:00-03:00,,,,2.1
134,4,1,HEMACIAS,O,POSITIVO,1,NORMAL,ATENDIDA,2026-07-11T07:17:00-03:00,2026-07-11T08:02:00-03:00,2026-07-11T10:55:00-03:00,2026-07-11T11:20:00-03:00,2026-07-11T11:40:00-03:00,,,,1.5
135,3,1,HEMACIAS,O,POSITIVO,2,URGENCIA,RECUSADA,2026-07-11T09:11:00-03:00,,,,,2026-07-11T09:22:00-03:00,,Estoque insuficiente do hemocomponente,3.9
136,9,2,HEMACIAS,O,POSITIVO,3,NORMAL,ATENDIDA,2026-07-11T10:01:00-03:00,2026-07-11T13:14:00-03:00,2026-07-11T14:49:00-03:00,2026-07-11T16:17:00-03:00,2026-07-11T16:30:00-03:00,,,,2.1
137,6,2,HEMACIAS,O,POSITIVO,3,EMERGENCIA,CANCELADA,2026-07-11T10:36:00-03:00,2026-07-11T10:40:00-03:00,,,,,2026-07-11T10:42:00-03:00,,140.4
138,4,1,HEMACIAS,O,NEGATIVO,4,URGENCIA,ATENDIDA,2026-07-11T13:58:00-03:00,2026-07-11T14:10:00-03:00,2026-07-11T14:31:00-03:00,2026-07-11T14:47:00-03:00,2026-07-11T15:00:00-03:00,,,,1.5
139,4,1,HEMACIAS,O,NEGATIVO,3,NORMAL,RECUSADA,2026-07-11T14:29:00-03:00,,,,,2026-07-11T16:01:00-03:00,,Estoque insuficiente do hemocomponente,1.5
140,10,2,HEMACIAS,A,NEGATIVO,1,URGENCIA,CANCELADA,2026-07-11T22:07:00-03:00,2026-07-11T22:45:00-03:00,,,,,2026-07-11T23:24:00-03:00,,60.6
141,6,1,HEMACIAS,A,NEGATIVO,2,URGENCIA,ATENDIDA,2026-07-12T08:52:00-03:00,2026-07-12T09:17:00-03:00,2026-07-12T09:53:00-03:00,2026-07-12T10:01:00-03:00,2026-07-12T10:52:00-03:00,,,,21.8
142,4,1,HEMACIAS,A,NEGATIVO,1,NORMAL,ATENDIDA,2026-07-12T11:53:00-03:00,2026-07-12T12:50:00-03:00,2026-07-12T15:26:00-03:00,2026-07-12T15:54:00-03:00,2026-07-12T16:05:00-03:00,,,,1.5
143,6,1,HEMACIAS,O,POSITIVO,2,NORMAL,CANCELADA,2026-07-12T12:35:00-03:00,2026-07-12T12:58:00-03:00,,,,,2026-07-12T13:41:00-03:00,,21.8
144,6,1,HEMACIAS,AB,POSITIVO,3,NORMAL,ATENDIDA,2026-07-12T12:58:00-03:00,2026-07-12T18:26:00-03:00,2026-07-12T20:26:00-03:00,2026-07-12T20:35:00-03:00,2026-07-12T21:15:00-03:00,,,,21.8
145,8,1,HEMACIAS,O,POSITIVO,3,NORMAL,ATENDIDA,2026-07-12T13:08:00-03:00,2026-07-12T13:55:00-03:00,2026-07-12T14:48:00-03:00,2026-07-12T15:41:00-03:00,2026-07-12T16:11:00-03:00,,,,14.9
146,6,1,HEMACIAS,O,NEGATIVO,4,URGENCIA,CANCELADA,2026-07-12T15:00:00-03:00,2026-07-12T15:24:00-03:00,,,,,2026-07-12T15:28:00-03:00,,21.8
147,9,2,PLASMA,O,NEGATIVO,1,NORMAL,RECUSADA,2026-07-12T16:33:00-03:00,,,,,2026-07-12T17:46:00-03:00,,Estoque insuficiente do hemocomponente,2.1
148,5,1,PLAQUETAS,O,POSITIVO,1,NORMAL,ATENDIDA,2026-07-13T00:24:00-03:00,2026-07-13T07:08:00-03:00,2026-07-13T08:32:00-03:00,2026-07-13T09:33:00-03:00,2026-07-13T09:52:00-03:00,,,,6.4
149,5,1,HEMACIAS,O,POSITIVO,1,NORMAL,ATENDIDA,2026-07-13T06:18:00-03:00,2026-07-13T07:13:00-03:00,2026-07-13T09:01:00-03:00,2026-07-13T12:34:00-03:00,2026-07-13T12:50:00-03:00,,,,6.4
150,9,1,HEMACIAS,A,POSITIVO,3,EMERGENCIA,ATENDIDA,2026-07-13T08:57:00-03:00,2026-07-13T09:02:00-03:00,2026-07-13T09:10:00-03:00,2026-07-13T09:18:00-03:00,2026-07-13T16:01:00-03:00,,,,160.1
151,3,1,CRIOPRECIPITADO,A,POSITIVO,7,NORMAL,ATENDIDA,2026-07-13T09:51:00-03:00,2026-07-13T10:30:00-03:00,2026-07-13T13:03:00-03:00,2026-07-13T13:57:00-03:00,2026-07-13T14:12:00-03:00,,,,3.9
152,6,1,HEMACIAS,B,NEGATIVO,2,NORMAL,ATENDIDA,2026-07-13T10:35:00-03:00,2026-07-13T11:22:00-03:00,2026-07-13T14:04:00-03:00,2026-07-13T15:50:00-03:00,2026-07-13T16:43:00-03:00,,,,21.8
153,6,2,HEMACIAS,A,POSITIVO,1,NORMAL,ATENDIDA,2026-07-13T11:36:00-03:00,2026-07-13T15:01:00-03:00,2026-07-13T17:31:00-03:00,2026-07-13T18:44:00-03:00,2026-07-13T22:43:00-03:00,,,,140.4
154,10,2,HEMACIAS,O,NEGATIVO,1,NORMAL,ATENDIDA,2026-07-13T12:58:00-03:00,2026-07-13T14:05:00-03:00,2026-07-13T15:45:00-03:00,2026-07-13T16:35:00-03:00,2026-07-13T18:34:00-03:00,,,,60.6
155,3,1,PLAQUETAS,O,POSITIVO,1,URGENCIA,ATENDIDA,2026-07-13T13:13:00-03:00,2026-07-13T13:46:00-03:00,2026-07-13T14:34:00-03:00,2026-07-13T14:47:00-03:00,2026-07-13T15:08:00-03:00,,,,3.9
156,9,2,PLAQUETAS,O,POSITIVO,4,URGENCIA,ATENDIDA,2026-07-13T16:12:00-03:00,2026-07-13T16:33:00-03:00,2026-07-13T17:05:00-03:00,2026-07-13T17:33:00-03:00,2026-07-13T17:44:00-03:00,,,,2.1
157,3,1,HEMACIAS,O,POSITIVO,4,NORMAL,ATENDIDA,2026-07-13T16:38:00-03:00,2026-07-13T17:04:00-03:00,2026-07-13T17:31:00-03:00,2026-07-13T18:19:00-03:00,2026-07-13T18:37:00-03:00,,,,3.9
158,9,2,HEMACIAS,A,POSITIVO,1,NORMAL,ATENDIDA,2026-07-13T17:07:00-03:00,2026-07-13T17:40:00-03:00,2026-07-13T19:19:00-03:00,2026-07-13T20:38:00-03:00,2026-07-13T20:52:00-03:00,,,,2.1
159,9,2,HEMACIAS,A,POSITIVO,2,NORMAL,ATENDIDA,2026-07-13T17:55:00-03:00,2026-07-13T22:55:00-03:00,2026-07-14T03:15:00-03:00,2026-07-14T04:38:00-03:00,2026-07-14T04:49:00-03:00,,,,2.1
160,6,2,HEMACIAS,O,NEGATIVO,1,NORMAL,ATENDIDA,2026-07-13T18:46:00-03:00,2026-07-13T19:00:00-03:00,2026-07-14T01:39:00-03:00,2026-07-14T02:33:00-03:00,2026-07-14T08:34:00-03:00,,,,140.4
161,5,1,PLAQUETAS,O,POSITIVO,2,NORMAL,ATENDIDA,2026-07-13T18:51:00-03:00,2026-07-13T19:37:00-03:00,2026-07-14T02:17:00-03:00,2026-07-14T05:38:00-03:00,2026-07-14T05:58:00-03:00,,,,6.4
162,4,1,PLAQUETAS,O,NEGATIVO,1,URGENCIA,RECUSADA,2026-07-14T01:00:00-03:00,,,,,2026-07-14T01:14:00-03:00,,Sem bolsas compatíveis disponíveis,1.5
163,4,1,HEMACIAS,B,POSITIVO,4,URGENCIA,ATENDIDA,2026-07-14T07:05:00-03:00,2026-07-14T07:19:00-03:00,2026-07-14T07:37:00-03:00,2026-07-14T07:56:00-03:00,2026-07-14T08:08:00-03:00,,,,1.5
164,6,1,PLASMA,B,POSITIVO,2,NORMAL,ATENDIDA,2026-07-14T07:25:00-03:00,2026-07-14T11:10:00-03:00,2026-07-14T12:38:00-03:00,2026-07-14T13:25:00-03:00,2026-07-14T14:27:00-03:00,,,,21.8
165,6,2,PLASMA,AB,NEGATIVO,1,NORMAL,ATENDIDA,2026-07-14T08:21:00-03:00,2026-07-14T11:17:00-03:00,2026-07-14T14:30:00-03:00,2026-07-14T17:02:00-03:00,2026-07-14T20:58:00-03:00,,,,140.4
166,4,1,PLAQUETAS,A,POSITIVO,3,NORMAL,ATENDIDA,2026-07-14T09:48:00-03:00,2026-07-14T10:23:00-03:00,2026-07-14T14:12:00-03:00,2026-07-14T15:59:00-03:00,2026-07-14T16:14:00-03:00,,,,1.5
167,4,1,PLASMA,O,POSITIVO,3,NORMAL,ATENDIDA,2026-07-14T09:52:00-03:00,2026-07-14T16:21:00-03:00,2026-07-14T19:25:00-03:00,2026-07-15T00:12:00-03:00,2026-07-15T00:23:00-03:00,,,,1.5
168,8,2,HEMACIAS,A,POSITIVO,1,NORMAL,ATENDIDA,2026-07-14T10:24:00-03:00,2026-07-14T13:30:00-03:00,2026-07-14T15:06:00-03:00,2026-07-14T17:08:00-03:00,2026-07-14T22:15:00-03:00,,,,148.2
169,9,2,PLASMA,O,POSITIVO,4,NORMAL,ATENDIDA,2026-07-14T11:23:00-03:00,2026-07-14T12:39:00-03:00,2026-07-14T14:45:00-03:00,2026-07-14T16:00:00-03:00,2026-07-14T16:10:00-03:00,,,,2.1
170,4,1,PLAQUETAS,O,POSITIVO,4,EMERGENCIA,ATENDIDA,2026-07-14T14:07:00-03:00,2026-07-14T14:14:00-03:00,2026-07-14T14:23:00-03:00,2026-07-14T14:26:00-03:00,2026-07-14T14:37:00-03:00,,,,1.5
171,5,1,CRIOPRECIPITADO,O,POSITIVO,4,URGENCIA,ATENDIDA,2026-07-14T16:06:00-03:00,2026-07-14T16:28:00-03:00,2026-07-14T16:40:00-03:00,2026-07-14T16:51:00-03:00,2026-07-14T17:10:00-03:00,,,,6.4
172,5,2,HEMACIAS,B,POSITIVO,1,URGENCIA,ATENDIDA,2026-07-14T18:07:00-03:00,2026-07-14T18:20:00-03:00,2026-07-14T18:41:00-03:00,2026-07-14T19:27:00-03:00,2026-07-14T23:34:00-03:00,,,,165.8
173,4,1,HEMACIAS,AB,POSITIVO,3,NORMAL,ATENDIDA,2026-07-14T18:28:00-03:00,2026-07-14T18:47:00-03:00,2026-07-15T00:18:00-03:00,2026-07-15T01:33:00-03:00,2026-07-15T01:44:00-03:00,,,,1.5
174,7,1,PLASMA,A,POSITIVO,4,URGENCIA,ATENDIDA,2026-07-14T22:33:00-03:00,2026-07-14T22:47:00-03:00,2026-07-14T23:27:00-03:00,2026-07-14T23:58:00-03:00,2026-07-15T00:25:00-03:00,,,,15.5
175,6,1,CRIOPRECIPITADO,A,POSITIVO,6,NORMAL,ATENDIDA,2026-07-14T22:37:00-03:00,2026-07-15T07:22:00-03:00,2026-07-15T08:03:00-03:00,2026-07-15T09:42:00-03:00,2026-07-15T10:10:00-03:00,,,,21.8
176,4,1,HEMACIAS,O,NEGATIVO,3,NORMAL,ATENDIDA,2026-07-15T02:52:00-03:00,2026-07-15T07:15:00-03:00,2026-07-15T08:35:00-03:00,2026-07-15T09:10:00-03:00,2026-07-15T09:23:00-03:00,,,,1.5
177,7,1,HEMACIAS,A,POSITIVO,2,NORMAL,ATENDIDA,2026-07-15T04:18:00-03:00,2026-07-15T07:30:00-03:00,2026-07-15T09:29:00-03:00,2026-07-15T09:56:00-03:00,2026-07-15T10:20:00-03:00,,,,15.5
178,7,,HEMACIAS,A,POSITIVO,3,NORMAL,CANCELADA,2026-07-15T05:06:00-03:00,,,,,,2026-07-15T05:32:00-03:00,,
179,5,1,HEMACIAS,A,POSITIVO,1,NORMAL,ATENDIDA,2026-07-15T05:41:00-03:00,2026-07-15T07:27:00-03:00,2026-07-15T07:51:00-03:00,2026-07-15T08:41:00-03:00,2026-07-15T09:14:00-03:00,,,,6.4
180,10,2,PLASMA,O,POSITIVO,1,NORMAL,ATENDIDA,2026-07-15T06:53:00-03:00,2026-07-15T07:16:00-03:00,2026-07-15T08:14:00-03:00,2026-07-15T11:15:00-03:00,2026-07-15T14:10:00-03:00,,,,60.6
181,4,1,PLAQUETAS,A,POSITIVO,3,NORMAL,ATENDIDA,2026-07-15T08:51:00-03:00,2026-07-15T09:26:00-03:00,2026-07-15T12:02:00-03:00,2026-07-15T13:03:00-03:00,2026-07-15T13:14:00-03:00,,,,1.5
182,4,1,PLAQUETAS,O,NEGATIVO,2,NORMAL,ATENDIDA,2026-07-15T09:03:00-03:00,2026-07-15T10:33:00-03:00,2026-07-15T13:33:00-03:00,2026-07-15T16:47:00-03:00,2026-07-15T16:58:00-03:00,,,,1.5
183,9,2,HEMACIAS,A,NEGATIVO,2,URGENCIA,ATENDIDA,2026-07-15T09:12:00-03:00,2026-07-15T09:35:00-03:00,2026-07-15T10:16:00-03:00,2026-07-15T10:26:00-03:00,2026-07-15T10:43:00-03:00,,,,2.1
184,5,1,HEMACIAS,O,POSITIVO,2,NORMAL,ATENDIDA,2026-07-15T09:44:00-03:00,2026-07-15T10:18:00-03:00,2026-07-15T14:25:00-03:00,2026-07-15T15:16:00-03:00,2026-07-15T15:37:00-03:00,,,,6.4
185,10,1,PLAQUETAS,A,POSITIVO,1,NORMAL,ATENDIDA,2026-07-15T10:06:00-03:00,2026-07-15T10:47:00-03:00,2026-07-15T15:21:00-03:00,2026-07-15T17:51:00-03:00,2026-07-15T20:37:00-03:00,,,,100.9
186,4,1,HEMACIAS,B,POSITIVO,2,NORMAL,ATENDIDA,2026-07-15T10:08:00-03:00,2026-07-15T10:40:00-03:00,2026-07-15T15:38:00-03:00,2026-07-15T16:11:00-03:00,2026-07-15T16:26:00-03:00,,,,1.5
187,5,1,PLAQUETAS,AB,POSITIVO,1,URGENCIA,ATENDIDA,2026-07-15T10:12:00-03:00,2026-07-15T10:29:00-03:00,2026-07-15T11:12:00-03:00,2026-07-15T11:44:00-03:00,2026-07-15T12:12:00-03:00,,,,6.4
188,5,1,PLASMA,O,POSITIVO,1,URGENCIA,ATENDIDA,2026-07-15T10:56:00-03:00,2026-07-15T11:17:00-03:00,2026-07-15T12:08:00-03:00,2026-07-15T12:20:00-03:00,2026-07-15T12:48:00-03:00,,,,6.4
189,6,1,PLAQUETAS,A,POSITIVO,1,NORMAL,ATENDIDA,2026-07-15T11:14:00-03:00,2026-07-15T19:56:00-03:00,2026-07-15T23:07:00-03:00,2026-07-15T23:56:00-03:00,2026-07-16T00:42:00-03:00,,,,21.8
190,4,1,HEMACIAS,O,POSITIVO,1,URGENCIA,ATENDIDA,2026-07-15T13:14:00-03:00,2026-07-15T13:22:00-03:00,2026-07-15T14:17:00-03:00,2026-07-15T14:45:00-03:00,2026-07-15T15:03:00-03:00,,,,1.5
191,3,1,HEMACIAS,A,POSITIVO,4,NORMAL,ATENDIDA,2026-07-15T13:20:00-03:00,2026-07-15T15:11:00-03:00,2026-07-15T17:02:00-03:00,2026-07-15T20:19:00-03:00,2026-07-15T20:34:00-03:00,,,,3.9
192,4,1,HEMACIAS,O,POSITIVO,3,NORMAL,ATENDIDA,2026-07-15T13:24:00-03:00,2026-07-15T13:44:00-03:00,2026-07-15T16:46:00-03:00,2026-07-15T17:20:00-03:00,2026-07-15T17:32:00-03:00,,,,1.5
193,3,1,PLAQUETAS,O,NEGATIVO,3,NORMAL,ATENDIDA,2026-07-15T14:26:00-03:00,2026-07-15T18:01:00-03:00,2026-07-15T19:47:00-03:00,2026-07-15T21:25:00-03:00,2026-07-15T21:35:00-03:00,,,,3.9
194,3,1,CRIOPRECIPITADO,A,POSITIVO,7,NORMAL,ATENDIDA,2026-07-15T14:52:00-03:00,2026-07-15T16:41:00-03:00,2026-07-15T17:19:00-03:00,2026-07-15T18:34:00-03:00,2026-07-15T19:02:00-03:00,,,,3.9
195,6,1,HEMACIAS,B,NEGATIVO,3,NORMAL,ATENDIDA,2026-07-15T15:39:00-03:00,2026-07-15T16:41:00-03:00,2026-07-15T17:42:00-03:00,2026-07-15T20:36:00-03:00,2026-07-15T21:48:00-03:00,,,,21.8
196,3,1,HEMACIAS,O,POSITIVO,3,URGENCIA,ATENDIDA,2026-07-15T15:41:00-03:00,2026-07-15T15:54:00-03:00,2026-07-15T16:48:00-03:00,2026-07-15T17:18:00-03:00,2026-07-15T17:36:00-03:00,,,,3.9
197,3,1,CRIOPRECIPITADO,O,POSITIVO,5,NORMAL,ATENDIDA,2026-07-15T18:18:00-03:00,2026-07-15T19:36:00-03:00,2026-07-15T22:00:00-03:00,2026-07-15T23:03:00-03:00,2026-07-15T23:28:00-03:00,,,,3.9
198,7,1,HEMACIAS,A,POSITIVO,2,NORMAL,ATENDIDA,2026-07-15T19:11:00-03:00,2026-07-15T19:30:00-03:00,2026-07-15T20:02:00-03:00,2026-07-15T20:37:00-03:00,2026-07-15T21:07:00-03:00,,,,15.5
199,10,2,PLASMA,B,POSITIVO,2,NORMAL,ATENDIDA,2026-07-15T21:41:00-03:00,2026-07-15T22:09:00-03:00,2026-07-15T23:49:00-03:00,2026-07-16T03:46:00-03:00,2026-07-16T05:37:00-03:00,,,,60.6
200,5,1,HEMACIAS,B,POSITIVO,4,EMERGENCIA,ATENDIDA,2026-07-16T00:49:00-03:00,2026-07-16T00:54:00-03:00,2026-07-16T01:06:00-03:00,2026-07-16T01:12:00-03:00,2026-07-16T01:31:00-03:00,,,,6.4
201,4,1,HEMACIAS,A,POSITIVO,2,EMERGENCIA,ATENDIDA,2026-07-16T06:08:00-03:00,2026-07-16T06:09:00-03:00,2026-07-16T06:20:00-03:00,2026-07-16T06:23:00-03:00,2026-07-16T06:35:00-03:00,,,,1.5
202,4,1,HEMACIAS,O,POSITIVO,4,URGENCIA,ATENDIDA,2026-07-16T08:22:00-03:00,2026-07-16T08:54:00-03:00,2026-07-16T09:09:00-03:00,2026-07-16T09:18:00-03:00,2026-07-16T09:30:00-03:00,,,,1.5
203,8,1,CRIOPRECIPITADO,O,POSITIVO,4,NORMAL,CANCELADA,2026-07-16T11:11:00-03:00,2026-07-16T11:38:00-03:00,,,,,2026-07-16T11:42:00-03:00,,14.9
204,3,1,HEMACIAS,B,POSITIVO,5,EMERGENCIA,ATENDIDA,2026-07-16T12:14:00-03:00,2026-07-16T12:20:00-03:00,2026-07-16T12:35:00-03:00,2026-07-16T12:43:00-03:00,2026-07-16T13:01:00-03:00,,,,3.9
205,6,1,PLASMA,O,POSITIVO,1,NORMAL,ATENDIDA,2026-07-16T12:57:00-03:00,2026-07-16T13:41:00-03:00,2026-07-16T14:15:00-03:00,2026-07-16T15:56:00-03:00,2026-07-16T16:37:00-03:00,,,,21.8
206,4,1,PLAQUETAS,A,POSITIVO,2,URGENCIA,ATENDIDA,2026-07-16T13:03:00-03:00,2026-07-16T13:15:00-03:00,2026-07-16T14:07:00-03:00,2026-07-16T14:27:00-03:00,2026-07-16T14:39:00-03:00,,,,1.5
207,6,1,PLAQUETAS,A,POSITIVO,4,URGENCIA,ATENDIDA,2026-07-16T13:47:00-03:00,2026-07-16T14:00:00-03:00,2026-07-16T14:29:00-03:00,2026-07-16T14:43:00-03:00,2026-07-16T15:22:00-03:00,,,,21.8
208,10,1,PLASMA,A,NEGATIVO,3,NORMAL,ATENDIDA,2026-07-16T14:22:00-03:00,2026-07-16T16:10:00-03:00,2026-07-16T20:11:00-03:00,2026-07-16T21:00:00-03:00,2026-07-17T00:31:00-03:00,,,,100.9
209,9,2,PLASMA,O,POSITIVO,1,NORMAL,ATENDIDA,2026-07-16T15:20:00-03:00,2026-07-17T01:19:00-03:00,2026-07-17T02:36:00-03:00,2026-07-17T03:22:00-03:00,2026-07-17T03:36:00-03:00,,,,2.1
210,3,1,HEMACIAS,O,POSITIVO,2,NORMAL,ATENDIDA,2026-07-16T16:44:00-03:00,2026-07-16T18:10:00-03:00,2026-07-16T22:38:00-03:00,2026-07-16T23:42:00-03:00,2026-07-16T23:56:00-03:00,,,,3.9
211,6,1,HEMACIAS,A,POSITIVO,2,NORMAL,ATENDIDA,2026-07-16T16:50:00-03:00,2026-07-16T18:02:00-03:00,2026-07-16T18:42:00-03:00,2026-07-16T20:12:00-03:00,2026-07-16T20:55:00-03:00,,,,21.8
212,7,2,HEMACIAS,A,POSITIVO,3,NORMAL,ATENDIDA,2026-07-16T18:37:00-03:00,2026-07-16T20:44:00-03:00,2026-07-16T21:39:00-03:00,2026-07-16T22:38:00-03:00,2026-07-17T03:01:00-03:00,,,,166.0
213,4,1,HEMACIAS,B,NEGATIVO,4,NORMAL,ATENDIDA,2026-07-16T20:35:00-03:00,2026-07-16T22:14:00-03:00,2026-07-17T02:42:00-03:00,2026-07-17T04:48:00-03:00,2026-07-17T05:00:00-03:00,,,,1.5
214,3,1,HEMACIAS,A,POSITIVO,4,EMERGENCIA,ATENDIDA,2026-07-16T21:45:00-03:00,2026-07-16T21:52:00-03:00,2026-07-16T22:10:00-03:00,2026-07-16T22:20:00-03:00,2026-07-16T22:36:00-03:00,,,,3.9
215,9,2,HEMACIAS,O,POSITIVO,1,URGENCIA,ATENDIDA,2026-07-16T22:54:00-03:00,2026-07-16T23:02:00-03:00,2026-07-16T23:42:00-03:00,2026-07-16T23:58:00-03:00,2026-07-17T00:11:00-03:00,,,,2.1
216,4,1,HEMACIAS,O,POSITIVO,2,NORMAL,ATENDIDA,2026-07-17T03:32:00-03:00,2026-07-17T04:32:00-03:00,2026-07-17T08:22:00-03:00,2026-07-17T08:39:00-03:00,2026-07-17T08:52:00-03:00,,,,1.5
217,4,1,HEMACIAS,O,NEGATIVO,1,NORMAL,ATENDIDA,2026-07-17T04:05:00-03:00,2026-07-17T07:10:00-03:00,2026-07-17T08:40:00-03:00,2026-07-17T09:18:00-03:00,2026-07-17T09:34:00-03:00,,,,1.5
218,3,2,HEMACIAS,O,NEGATIVO,4,NORMAL,ATENDIDA,2026-07-17T07:34:00-03:00,2026-07-17T08:02:00-03:00,2026-07-17T09:49:00-03:00,2026-07-17T11:46:00-03:00,2026-07-17T15:36:00-03:00,,,,158.0
219,6,1,HEMACIAS,A,POSITIVO,4,URGENCIA,RECUSADA,2026-07-17T07:38:00-03:00,,,,,2026-07-17T07:45:00-03:00,,Prioridade redirecionada para outra unidade,21.8
220,3,1,CRIOPRECIPITADO,O,POSITIVO,4,NORMAL,ATENDIDA,2026-07-17T08:48:00-03:00,2026-07-17T10:36:00-03:00,2026-07-17T12:53:00-03:00,2026-07-17T13:46:00-03:00,2026-07-17T14:02:00-03:00,,,,3.9
221,4,1,HEMACIAS,O,POSITIVO,3,EMERGENCIA,ATENDIDA,2026-07-17T11:32:00-03:00,2026-07-17T11:43:00-03:00,2026-07-17T11:58:00-03:00,2026-07-17T12:02:00-03:00,2026-07-17T12:12:00-03:00,,,,1.5
222,9,2,HEMACIAS,B,NEGATIVO,1,NORMAL,ATENDIDA,2026-07-17T11:54:00-03:00,2026-07-17T14:32:00-03:00,2026-07-17T15:09:00-03:00,2026-07-17T15:34:00-03:00,2026-07-17T15:47:00-03:00,,,,2.1
223,4,1,HEMACIAS,A,POSITIVO,2,NORMAL,ATENDIDA,2026-07-17T12:47:00-03:00,2026-07-17T19:31:00-03:00,2026-07-17T21:12:00-03:00,2026-07-17T23:03:00-03:00,2026-07-17T23:14:00-03:00,,,,1.5
224,8,1,HEMACIAS,A,NEGATIVO,2,NORMAL,ATENDIDA,2026-07-17T13:27:00-03:00,2026-07-17T19:09:00-03:00,2026-07-17T19:53:00-03:00,2026-07-17T21:41:00-03:00,2026-07-17T22:00:00-03:00,,,,14.9
225,4,1,HEMACIAS,O,POSITIVO,2,URGENCIA,CANCELADA,2026-07-17T13:59:00-03:00,2026-07-17T14:31:00-03:00,,,,,2026-07-17T14:47:00-03:00,,1.5
226,4,1,HEMACIAS,O,POSITIVO,2,URGENCIA,ATENDIDA,2026-07-17T14:06:00-03:00,2026-07-17T14:29:00-03:00,2026-07-17T14:57:00-03:00,2026-07-17T15:17:00-03:00,2026-07-17T15:28:00-03:00,,,,1.5
227,4,2,HEMACIAS,A,POSITIVO,2,URGENCIA,ATENDIDA,2026-07-17T14:59:00-03:00,2026-07-17T15:08:00-03:00,2026-07-17T16:00:00-03:00,2026-07-17T16:09:00-03:00,2026-07-17T19:51:00-03:00,,,,160.2
228,9,2,PLAQUETAS,O,POSITIVO,2,NORMAL,ATENDIDA,2026-07-17T15:08:00-03:00,2026-07-17T16:48:00-03:00,2026-07-17T18:25:00-03:00,2026-07-17T19:49:00-03:00,2026-07-17T19:56:00-03:00,,,,2.1
229,5,1,HEMACIAS,A,POSITIVO,2,NORMAL,ATENDIDA,2026-07-17T18:15:00-03:00,2026-07-17T20:22:00-03:00,2026-07-17T23:23:00-03:00,2026-07-18T01:29:00-03:00,2026-07-18T01:55:00-03:00,,,,6.4
230,9,2,CRIOPRECIPITADO,O,NEGATIVO,5,EMERGENCIA,RECUSADA,2026-07-17T18:26:00-03:00,,,,,2026-07-17T18:32:00-03:00,,Estoque insuficiente do hemocomponente,2.1
231,10,2,HEMACIAS,O,POSITIVO,2,URGENCIA,ATENDIDA,2026-07-17T18:33:00-03:00,2026-07-17T19:27:00-03:00,2026-07-17T19:57:00-03:00,2026-07-17T20:22:00-03:00,2026-07-17T21:39:00-03:00,,,,60.6
232,6,1,CRIOPRECIPITADO,A,POSITIVO,7,URGENCIA,ATENDIDA,2026-07-17T18:54:00-03:00,2026-07-17T19:45:00-03:00,2026-07-17T20:17:00-03:00,2026-07-17T20:26:00-03:00,2026-07-17T20:57:00-03:00,,,,21.8
233,10,2,PLAQUETAS,O,POSITIVO,2,NORMAL,ATENDIDA,2026-07-17T19:12:00-03:00,2026-07-17T20:17:00-03:00,2026-07-17T22:21:00-03:00,2026-07-18T00:08:00-03:00,2026-07-18T02:23:00-03:00,,,,60.6
234,7,1,PLASMA,B,POSITIVO,3,URGENCIA,ATENDIDA,2026-07-17T19:18:00-03:00,2026-07-17T19:37:00-03:00,2026-07-17T20:45:00-03:00,2026-07-17T20:58:00-03:00,2026-07-17T21:36:00-03:00,,,,15.5
235,4,1,HEMACIAS,A,POSITIVO,2,NORMAL,ATENDIDA,2026-07-17T22:52:00-03:00,2026-07-18T07:16:00-03:00,2026-07-18T09:31:00-03:00,2026-07-18T10:58:00-03:00,2026-07-18T11:08:00-03:00,,,,1.5
236,4,1,PLAQUETAS,A,POSITIVO,2,NORMAL,ATENDIDA,2026-07-17T23:19:00-03:00,2026-07-18T07:28:00-03:00,2026-07-18T08:49:00-03:00,2026-07-18T09:43:00-03:00,2026-07-18T09:50:00-03:00,,,,1.5
237,8,2,HEMACIAS,A,POSITIVO,3,NORMAL,ATENDIDA,2026-07-18T07:39:00-03:00,2026-07-18T09:53:00-03:00,2026-07-18T10:49:00-03:00,2026-07-18T12:21:00-03:00,2026-07-18T18:01:00-03:00,,,,148.2
238,6,1,HEMACIAS,O,POSITIVO,1,NORMAL,ATENDIDA,2026-07-18T07:55:00-03:00,2026-07-18T08:34:00-03:00,2026-07-18T08:58:00-03:00,2026-07-18T09:24:00-03:00,2026-07-18T09:58:00-03:00,,,,21.8
239,4,1,HEMACIAS,AB,POSITIVO,2,URGENCIA,ATENDIDA,2026-07-18T08:23:00-03:00,2026-07-18T08:53:00-03:00,2026-07-18T09:19:00-03:00,2026-07-18T09:29:00-03:00,2026-07-18T09:52:00-03:00,,,,1.5
240,5,1,HEMACIAS,O,POSITIVO,2,URGENCIA,ATENDIDA,2026-07-18T08:24:00-03:00,2026-07-18T08:36:00-03:00,2026-07-18T09:09:00-03:00,2026-07-18T09:26:00-03:00,2026-07-18T09:39:00-03:00,,,,6.4
241,4,1,HEMACIAS,O,POSITIVO,2,NORMAL,ATENDIDA,2026-07-18T09:42:00-03:00,2026-07-18T10:20:00-03:00,2026-07-18T12:42:00-03:00,2026-07-18T13:54:00-03:00,2026-07-18T14:07:00-03:00,,,,1.5
242,10,2,PLAQUETAS,O,POSITIVO,2,NORMAL,ATENDIDA,2026-07-18T10:53:00-03:00,2026-07-18T13:35:00-03:00,2026-07-18T16:05:00-03:00,2026-07-18T16:43:00-03:00,2026-07-18T18:30:00-03:00,,,,60.6
243,9,2,PLAQUETAS,O,POSITIVO,1,NORMAL,ATENDIDA,2026-07-18T14:30:00-03:00,2026-07-18T17:02:00-03:00,2026-07-18T19:01:00-03:00,2026-07-18T19:19:00-03:00,2026-07-18T19:33:00-03:00,,,,2.1
244,9,2,PLAQUETAS,O,NEGATIVO,1,NORMAL,RECUSADA,2026-07-18T19:09:00-03:00,,,,,2026-07-18T20:02:00-03:00,,Estoque insuficiente do hemocomponente,2.1
245,10,2,HEMACIAS,O,POSITIVO,1,URGENCIA,RECUSADA,2026-07-19T08:28:00-03:00,,,,,2026-07-19T08:45:00-03:00,,Dados da solicitação incompletos,60.6
246,4,1,HEMACIAS,O,POSITIVO,4,EMERGENCIA,ATENDIDA,2026-07-19T08:46:00-03:00,2026-07-19T08:52:00-03:00,2026-07-19T09:17:00-03:00,2026-07-19T09:23:00-03:00,2026-07-19T09:40:00-03:00,,,,1.5
247,9,2,HEMACIAS,A,POSITIVO,1,NORMAL,ATENDIDA,2026-07-19T13:17:00-03:00,2026-07-19T14:57:00-03:00,2026-07-19T17:12:00-03:00,2026-07-19T18:36:00-03:00,2026-07-19T18:55:00-03:00,,,,2.1
248,5,2,PLAQUETAS,O,POSITIVO,2,URGENCIA,ATENDIDA,2026-07-19T15:27:00-03:00,2026-07-19T15:58:00-03:00,2026-07-19T16:29:00-03:00,2026-07-19T16:39:00-03:00,2026-07-19T19:51:00-03:00,,,,165.8
249,8,1,PLAQUETAS,B,NEGATIVO,3,EMERGENCIA,RECUSADA,2026-07-19T17:33:00-03:00,,,,,2026-07-19T17:38:00-03:00,,Sem bolsas compatíveis disponíveis,14.9
250,4,1,HEMACIAS,A,POSITIVO,1,URGENCIA,ATENDIDA,2026-07-19T23:02:00-03:00,2026-07-19T23:09:00-03:00,2026-07-20T00:09:00-03:00,2026-07-20T00:18:00-03:00,2026-07-20T00:35:00-03:00,,,,1.5
251,4,1,HEMACIAS,O,POSITIVO,3,NORMAL,ATENDIDA,2026-07-20T01:09:00-03:00,2026-07-20T07:50:00-03:00,2026-07-20T09:44:00-03:00,2026-07-20T10:15:00-03:00,2026-07-20T10:30:00-03:00,,,,1.5
252,3,1,HEMACIAS,O,POSITIVO,1,URGENCIA,ATENDIDA,2026-07-20T07:15:00-03:00,2026-07-20T07:32:00-03:00,2026-07-20T08:10:00-03:00,2026-07-20T08:26:00-03:00,2026-07-20T08:44:00-03:00,,,,3.9
253,3,1,PLASMA,O,POSITIVO,1,NORMAL,ATENDIDA,2026-07-20T08:07:00-03:00,2026-07-20T10:06:00-03:00,2026-07-20T10:45:00-03:00,2026-07-20T14:59:00-03:00,2026-07-20T15:25:00-03:00,,,,3.9
254,3,1,HEMACIAS,A,NEGATIVO,4,NORMAL,ATENDIDA,2026-07-20T09:44:00-03:00,2026-07-20T12:40:00-03:00,2026-07-20T13:30:00-03:00,2026-07-20T14:22:00-03:00,2026-07-20T14:41:00-03:00,,,,3.9
255,9,2,HEMACIAS,O,POSITIVO,2,NORMAL,ATENDIDA,2026-07-20T09:47:00-03:00,2026-07-20T14:40:00-03:00,2026-07-20T15:58:00-03:00,2026-07-20T17:15:00-03:00,2026-07-20T17:35:00-03:00,,,,2.1
256,6,1,HEMACIAS,A,POSITIVO,2,URGENCIA,ATENDIDA,2026-07-20T10:27:00-03:00,2026-07-20T10:35:00-03:00,2026-07-20T10:53:00-03:00,2026-07-20T11:06:00-03:00,2026-07-20T13:59:00-03:00,,,,21.8
257,6,2,HEMACIAS,A,POSITIVO,3,EMERGENCIA,ATENDIDA,2026-07-20T11:13:00-03:00,2026-07-20T11:16:00-03:00,2026-07-20T11:38:00-03:00,2026-07-20T11:42:00-03:00,2026-07-20T15:49:00-03:00,,,,140.4
258,6,1,HEMACIAS,A,NEGATIVO,4,NORMAL,ATENDIDA,2026-07-20T12:55:00-03:00,2026-07-20T14:05:00-03:00,2026-07-20T16:42:00-03:00,2026-07-20T17:20:00-03:00,2026-07-20T17:57:00-03:00,,,,21.8
259,4,1,PLASMA,A,POSITIVO,2,NORMAL,ATENDIDA,2026-07-20T13:06:00-03:00,2026-07-20T14:59:00-03:00,2026-07-20T19:41:00-03:00,2026-07-20T20:14:00-03:00,2026-07-20T20:25:00-03:00,,,,1.5
260,5,1,HEMACIAS,AB,POSITIVO,2,NORMAL,ATENDIDA,2026-07-20T13:21:00-03:00,2026-07-20T14:57:00-03:00,2026-07-20T21:55:00-03:00,2026-07-20T23:26:00-03:00,2026-07-20T23:42:00-03:00,,,,6.4
261,9,2,HEMACIAS,O,POSITIVO,3,NORMAL,ATENDIDA,2026-07-20T13:51:00-03:00,2026-07-20T15:23:00-03:00,2026-07-20T18:02:00-03:00,2026-07-20T21:39:00-03:00,2026-07-20T22:09:00-03:00,,,,2.1
262,8,1,HEMACIAS,A,NEGATIVO,2,NORMAL,ATENDIDA,2026-07-20T15:53:00-03:00,2026-07-20T16:25:00-03:00,2026-07-20T20:46:00-03:00,2026-07-20T23:09:00-03:00,2026-07-21T00:59:00-03:00,,,,14.9
263,8,1,HEMACIAS,AB,POSITIVO,4,NORMAL,ATENDIDA,2026-07-20T17:20:00-03:00,2026-07-20T18:20:00-03:00,2026-07-20T21:31:00-03:00,2026-07-20T23:07:00-03:00,2026-07-20T23:41:00-03:00,,,,14.9
264,4,1,PLAQUETAS,O,POSITIVO,1,NORMAL,ATENDIDA,2026-07-20T17:31:00-03:00,2026-07-20T17:50:00-03:00,2026-07-20T20:29:00-03:00,2026-07-20T22:20:00-03:00,2026-07-20T22:34:00-03:00,,,,1.5
265,9,2,HEMACIAS,A,NEGATIVO,1,NORMAL,RECUSADA,2026-07-20T17:39:00-03:00,,,,,2026-07-20T20:11:00-03:00,,Dados da solicitação incompletos,2.1
266,4,1,HEMACIAS,O,POSITIVO,5,EMERGENCIA,ATENDIDA,2026-07-20T19:12:00-03:00,2026-07-20T19:26:00-03:00,2026-07-20T19:45:00-03:00,2026-07-20T19:54:00-03:00,2026-07-20T20:07:00-03:00,,,,1.5
267,6,1,HEMACIAS,A,POSITIVO,2,NORMAL,ATENDIDA,2026-07-20T20:54:00-03:00,2026-07-20T23:42:00-03:00,2026-07-21T01:16:00-03:00,2026-07-21T01:52:00-03:00,2026-07-21T02:49:00-03:00,,,,21.8
268,3,1,PLAQUETAS,O,POSITIVO,3,NORMAL,ATENDIDA,2026-07-21T04:22:00-03:00,2026-07-21T07:20:00-03:00,2026-07-21T10:13:00-03:00,2026-07-21T10:31:00-03:00,2026-07-21T10:51:00-03:00,,,,3.9
269,3,1,HEMACIAS,A,NEGATIVO,2,NORMAL,RECUSADA,2026-07-21T04:38:00-03:00,,,,,2026-07-21T07:13:00-03:00,,Prioridade redirecionada para outra unidade,3.9
270,6,1,HEMACIAS,O,NEGATIVO,3,NORMAL,ATENDIDA,2026-07-21T05:43:00-03:00,2026-07-21T07:10:00-03:00,2026-07-21T08:35:00-03:00,2026-07-21T09:31:00-03:00,2026-07-21T10:20:00-03:00,,,,21.8
271,10,2,PLAQUETAS,O,POSITIVO,1,URGENCIA,ATENDIDA,2026-07-21T07:45:00-03:00,2026-07-21T08:03:00-03:00,2026-07-21T08:56:00-03:00,2026-07-21T09:15:00-03:00,2026-07-21T11:12:00-03:00,,,,60.6
272,6,1,HEMACIAS,O,POSITIVO,4,NORMAL,ATENDIDA,2026-07-21T09:49:00-03:00,2026-07-21T11:14:00-03:00,2026-07-21T14:07:00-03:00,2026-07-21T15:21:00-03:00,2026-07-21T15:51:00-03:00,,,,21.8
273,6,1,PLAQUETAS,A,NEGATIVO,1,URGENCIA,ATENDIDA,2026-07-21T10:18:00-03:00,2026-07-21T10:24:00-03:00,2026-07-21T10:35:00-03:00,2026-07-21T10:57:00-03:00,2026-07-21T11:54:00-03:00,,,,21.8
274,9,1,HEMACIAS,O,POSITIVO,1,URGENCIA,ATENDIDA,2026-07-21T11:35:00-03:00,2026-07-21T11:49:00-03:00,2026-07-21T12:18:00-03:00,2026-07-21T12:36:00-03:00,2026-07-21T19:18:00-03:00,,,,160.1
275,10,1,HEMACIAS,B,NEGATIVO,2,URGENCIA,ATENDIDA,2026-07-21T11:57:00-03:00,2026-07-21T12:24:00-03:00,2026-07-21T13:14:00-03:00,2026-07-21T13:33:00-03:00,2026-07-21T16:29:00-03:00,,,,100.9
276,5,1,PLAQUETAS,B,POSITIVO,1,NORMAL,ATENDIDA,2026-07-21T12:20:00-03:00,2026-07-21T15:13:00-03:00,2026-07-21T23:24:00-03:00,2026-07-22T00:14:00-03:00,2026-07-22T00:35:00-03:00,,,,6.4
277,4,1,PLAQUETAS,O,POSITIVO,1,NORMAL,ATENDIDA,2026-07-21T12:29:00-03:00,2026-07-21T13:39:00-03:00,2026-07-21T18:15:00-03:00,2026-07-21T18:22:00-03:00,2026-07-21T18:34:00-03:00,,,,1.5
278,3,1,HEMACIAS,O,POSITIVO,2,NORMAL,ATENDIDA,2026-07-21T12:33:00-03:00,2026-07-21T15:26:00-03:00,2026-07-21T16:48:00-03:00,2026-07-21T17:14:00-03:00,2026-07-21T17:29:00-03:00,,,,3.9
279,5,1,HEMACIAS,B,POSITIVO,2,URGENCIA,ATENDIDA,2026-07-21T12:57:00-03:00,2026-07-21T13:30:00-03:00,2026-07-21T14:23:00-03:00,2026-07-21T14:35:00-03:00,2026-07-21T14:58:00-03:00,,,,6.4
280,3,1,HEMACIAS,A,POSITIVO,1,NORMAL,ATENDIDA,2026-07-21T13:11:00-03:00,2026-07-21T13:59:00-03:00,2026-07-21T18:29:00-03:00,2026-07-21T19:17:00-03:00,2026-07-21T19:36:00-03:00,,,,3.9
281,3,1,CRIOPRECIPITADO,O,POSITIVO,4,URGENCIA,ATENDIDA,2026-07-21T13:13:00-03:00,2026-07-21T14:03:00-03:00,2026-07-21T14:33:00-03:00,2026-07-21T15:04:00-03:00,2026-07-21T15:18:00-03:00,,,,3.9
282,3,1,HEMACIAS,O,NEGATIVO,1,NORMAL,ATENDIDA,2026-07-21T13:27:00-03:00,2026-07-21T14:09:00-03:00,2026-07-21T16:56:00-03:00,2026-07-21T17:17:00-03:00,2026-07-21T17:34:00-03:00,,,,3.9
283,5,1,PLASMA,O,POSITIVO,3,NORMAL,ATENDIDA,2026-07-21T14:08:00-03:00,2026-07-21T16:38:00-03:00,2026-07-21T18:27:00-03:00,2026-07-21T20:36:00-03:00,2026-07-21T20:59:00-03:00,,,,6.4
284,10,2,HEMACIAS,O,POSITIVO,1,URGENCIA,ATENDIDA,2026-07-21T15:04:00-03:00,2026-07-21T15:16:00-03:00,2026-07-21T15:35:00-03:00,2026-07-21T15:57:00-03:00,2026-07-21T17:18:00-03:00,,,,60.6
285,3,1,HEMACIAS,O,POSITIVO,1,URGENCIA,ATENDIDA,2026-07-21T15:52:00-03:00,2026-07-21T16:32:00-03:00,2026-07-21T16:46:00-03:00,2026-07-21T16:57:00-03:00,2026-07-21T17:13:00-03:00,,,,3.9
286,10,,PLASMA,O,POSITIVO,2,NORMAL,CANCELADA,2026-07-21T17:13:00-03:00,,,,,,2026-07-21T17:32:00-03:00,,
287,3,1,CRIOPRECIPITADO,A,NEGATIVO,5,URGENCIA,ATENDIDA,2026-07-21T17:13:00-03:00,2026-07-21T17:35:00-03:00,2026-07-21T18:17:00-03:00,2026-07-21T18:43:00-03:00,2026-07-21T18:54:00-03:00,,,,3.9
288,5,1,HEMACIAS,A,POSITIVO,2,NORMAL,ATENDIDA,2026-07-21T19:27:00-03:00,2026-07-21T21:14:00-03:00,2026-07-21T22:09:00-03:00,2026-07-21T22:45:00-03:00,2026-07-21T23:08:00-03:00,,,,6.4
289,6,1,CRIOPRECIPITADO,A,POSITIVO,5,URGENCIA,ATENDIDA,2026-07-21T21:46:00-03:00,2026-07-21T21:59:00-03:00,2026-07-21T22:27:00-03:00,2026-07-21T22:41:00-03:00,2026-07-21T23:28:00-03:00,,,,21.8
290,4,1,CRIOPRECIPITADO,B,POSITIVO,6,EMERGENCIA,ATENDIDA,2026-07-21T22:46:00-03:00,2026-07-21T23:01:00-03:00,2026-07-21T23:10:00-03:00,2026-07-21T23:20:00-03:00,2026-07-21T23:32:00-03:00,,,,1.5
291,4,1,PLASMA,B,POSITIVO,3,EMERGENCIA,ATENDIDA,2026-07-22T02:18:00-03:00,2026-07-22T02:39:00-03:00,2026-07-22T02:59:00-03:00,2026-07-22T03:03:00-03:00,2026-07-22T03:12:00-03:00,,,,1.5
292,6,1,HEMACIAS,A,POSITIVO,2,NORMAL,ATENDIDA,2026-07-22T04:39:00-03:00,2026-07-22T07:21:00-03:00,2026-07-22T11:46:00-03:00,2026-07-22T12:55:00-03:00,2026-07-22T13:54:00-03:00,,,,21.8
293,3,1,HEMACIAS,O,POSITIVO,1,NORMAL,ATENDIDA,2026-07-22T06:25:00-03:00,2026-07-22T07:34:00-03:00,2026-07-22T09:36:00-03:00,2026-07-22T10:47:00-03:00,2026-07-22T12:16:00-03:00,,,,3.9
294,4,1,HEMACIAS,O,POSITIVO,2,NORMAL,ATENDIDA,2026-07-22T06:28:00-03:00,2026-07-22T06:59:00-03:00,2026-07-22T09:14:00-03:00,2026-07-22T10:32:00-03:00,2026-07-22T10:41:00-03:00,,,,1.5
295,4,1,PLAQUETAS,O,POSITIVO,1,NORMAL,ATENDIDA,2026-07-22T07:30:00-03:00,2026-07-22T08:17:00-03:00,2026-07-22T09:46:00-03:00,2026-07-22T10:36:00-03:00,2026-07-22T10:55:00-03:00,,,,1.5
296,9,2,PLAQUETAS,A,POSITIVO,3,EMERGENCIA,ATENDIDA,2026-07-22T07:53:00-03:00,2026-07-22T08:04:00-03:00,2026-07-22T08:34:00-03:00,2026-07-22T08:37:00-03:00,2026-07-22T08:50:00-03:00,,,,2.1
297,6,1,HEMACIAS,O,POSITIVO,3,URGENCIA,ATENDIDA,2026-07-22T09:15:00-03:00,2026-07-22T09:37:00-03:00,2026-07-22T10:05:00-03:00,2026-07-22T10:31:00-03:00,2026-07-22T10:54:00-03:00,,,,21.8
298,9,2,HEMACIAS,A,POSITIVO,1,URGENCIA,ATENDIDA,2026-07-22T09:22:00-03:00,2026-07-22T09:37:00-03:00,2026-07-22T10:13:00-03:00,2026-07-22T10:41:00-03:00,2026-07-22T10:59:00-03:00,,,,2.1
299,9,2,HEMACIAS,O,POSITIVO,2,NORMAL,ATENDIDA,2026-07-22T09:22:00-03:00,2026-07-22T13:12:00-03:00,2026-07-22T19:25:00-03:00,2026-07-22T22:14:00-03:00,2026-07-22T22:25:00-03:00,,,,2.1
300,3,1,HEMACIAS,B,NEGATIVO,2,NORMAL,ATENDIDA,2026-07-22T10:17:00-03:00,2026-07-22T11:28:00-03:00,2026-07-22T13:39:00-03:00,2026-07-22T15:59:00-03:00,2026-07-22T16:17:00-03:00,,,,3.9
301,8,1,CRIOPRECIPITADO,A,POSITIVO,7,NORMAL,ATENDIDA,2026-07-22T11:41:00-03:00,2026-07-22T13:31:00-03:00,2026-07-22T17:49:00-03:00,2026-07-22T21:07:00-03:00,2026-07-22T21:58:00-03:00,,,,14.9
302,6,1,HEMACIAS,O,NEGATIVO,2,NORMAL,ATENDIDA,2026-07-22T13:01:00-03:00,2026-07-22T14:17:00-03:00,2026-07-22T15:36:00-03:00,2026-07-22T15:50:00-03:00,2026-07-22T16:41:00-03:00,,,,21.8
303,9,2,PLAQUETAS,A,POSITIVO,1,NORMAL,ATENDIDA,2026-07-22T15:56:00-03:00,2026-07-22T18:17:00-03:00,2026-07-22T21:59:00-03:00,2026-07-22T23:07:00-03:00,2026-07-22T23:23:00-03:00,,,,2.1
304,4,1,HEMACIAS,A,NEGATIVO,2,URGENCIA,ATENDIDA,2026-07-22T16:02:00-03:00,2026-07-22T16:19:00-03:00,2026-07-22T16:57:00-03:00,2026-07-22T17:18:00-03:00,2026-07-22T17:32:00-03:00,,,,1.5
305,6,2,HEMACIAS,O,POSITIVO,2,URGENCIA,ATENDIDA,2026-07-22T16:09:00-03:00,2026-07-22T16:27:00-03:00,2026-07-22T16:48:00-03:00,2026-07-22T16:58:00-03:00,2026-07-22T19:30:00-03:00,,,,140.4
306,4,1,PLAQUETAS,O,NEGATIVO,2,URGENCIA,ATENDIDA,2026-07-22T16:46:00-03:00,2026-07-22T16:57:00-03:00,2026-07-22T17:48:00-03:00,2026-07-22T18:19:00-03:00,2026-07-22T18:28:00-03:00,,,,1.5
307,3,1,CRIOPRECIPITADO,A,POSITIVO,4,NORMAL,ATENDIDA,2026-07-22T17:06:00-03:00,2026-07-22T18:02:00-03:00,2026-07-22T20:27:00-03:00,2026-07-22T21:22:00-03:00,2026-07-22T21:37:00-03:00,,,,3.9
308,10,2,HEMACIAS,A,POSITIVO,2,URGENCIA,ATENDIDA,2026-07-22T18:18:00-03:00,2026-07-22T18:48:00-03:00,2026-07-22T19:10:00-03:00,2026-07-22T19:31:00-03:00,2026-07-22T21:25:00-03:00,,,,60.6
309,3,1,HEMACIAS,A,POSITIVO,1,NORMAL,ATENDIDA,2026-07-22T18:36:00-03:00,2026-07-23T00:21:00-03:00,2026-07-23T11:57:00-03:00,2026-07-23T12:45:00-03:00,2026-07-23T13:00:00-03:00,,,,3.9
310,3,2,HEMACIAS,A,POSITIVO,3,EMERGENCIA,ATENDIDA,2026-07-22T18:52:00-03:00,2026-07-22T18:55:00-03:00,2026-07-22T19:05:00-03:00,2026-07-22T19:13:00-03:00,2026-07-22T23:15:00-03:00,,,,158.0
311,4,1,HEMACIAS,A,POSITIVO,2,NORMAL,ATENDIDA,2026-07-22T19:03:00-03:00,2026-07-22T20:01:00-03:00,2026-07-22T21:43:00-03:00,2026-07-22T22:01:00-03:00,2026-07-22T22:15:00-03:00,,,,1.5
312,7,1,PLASMA,A,POSITIVO,1,URGENCIA,ATENDIDA,2026-07-22T23:50:00-03:00,2026-07-22T23:58:00-03:00,2026-07-23T00:23:00-03:00,2026-07-23T00:50:00-03:00,2026-07-23T01:46:00-03:00,,,,15.5
313,5,2,CRIOPRECIPITADO,O,NEGATIVO,6,NORMAL,ATENDIDA,2026-07-23T01:57:00-03:00,2026-07-23T02:36:00-03:00,2026-07-23T04:12:00-03:00,2026-07-23T05:32:00-03:00,2026-07-23T09:42:00-03:00,,,,165.8
314,4,1,HEMACIAS,O,POSITIVO,1,URGENCIA,ATENDIDA,2026-07-23T02:16:00-03:00,2026-07-23T02:24:00-03:00,2026-07-23T02:48:00-03:00,2026-07-23T03:04:00-03:00,2026-07-23T03:19:00-03:00,,,,1.5
315,4,1,PLASMA,O,NEGATIVO,3,EMERGENCIA,RECUSADA,2026-07-23T05:00:00-03:00,,,,,2026-07-23T05:05:00-03:00,,Estoque insuficiente do hemocomponente,1.5
316,4,1,PLASMA,O,POSITIVO,1,URGENCIA,ATENDIDA,2026-07-23T05:21:00-03:00,2026-07-23T05:46:00-03:00,2026-07-23T06:23:00-03:00,2026-07-23T06:39:00-03:00,2026-07-23T06:55:00-03:00,,,,1.5
317,3,1,PLAQUETAS,A,POSITIVO,3,NORMAL,ATENDIDA,2026-07-23T05:56:00-03:00,2026-07-23T08:44:00-03:00,2026-07-23T18:54:00-03:00,2026-07-23T19:24:00-03:00,2026-07-23T19:40:00-03:00,,,,3.9
318,5,2,PLASMA,A,POSITIVO,2,URGENCIA,ATENDIDA,2026-07-23T08:23:00-03:00,2026-07-23T08:37:00-03:00,2026-07-23T09:03:00-03:00,2026-07-23T09:16:00-03:00,2026-07-23T17:45:00-03:00,,,,165.8
319,5,1,PLASMA,AB,POSITIVO,1,NORMAL,ATENDIDA,2026-07-23T09:53:00-03:00,2026-07-23T11:49:00-03:00,2026-07-23T15:45:00-03:00,2026-07-23T16:06:00-03:00,2026-07-23T16:24:00-03:00,,,,6.4
320,3,1,HEMACIAS,AB,POSITIVO,1,NORMAL,ATENDIDA,2026-07-23T09:53:00-03:00,2026-07-23T10:21:00-03:00,2026-07-23T11:06:00-03:00,2026-07-23T12:23:00-03:00,2026-07-23T12:41:00-03:00,,,,3.9
321,3,1,HEMACIAS,A,POSITIVO,2,NORMAL,ATENDIDA,2026-07-23T10:58:00-03:00,2026-07-23T17:09:00-03:00,2026-07-23T18:21:00-03:00,2026-07-23T20:07:00-03:00,2026-07-23T20:21:00-03:00,,,,3.9
322,3,1,HEMACIAS,O,POSITIVO,3,NORMAL,ATENDIDA,2026-07-23T11:36:00-03:00,2026-07-23T17:14:00-03:00,2026-07-23T23:06:00-03:00,2026-07-23T23:57:00-03:00,2026-07-24T00:13:00-03:00,,,,3.9
323,4,1,CRIOPRECIPITADO,O,POSITIVO,5,URGENCIA,ATENDIDA,2026-07-23T12:08:00-03:00,2026-07-23T12:24:00-03:00,2026-07-23T12:51:00-03:00,2026-07-23T13:12:00-03:00,2026-07-23T13:24:00-03:00,,,,1.5
324,8,1,HEMACIAS,B,POSITIVO,5,EMERGENCIA,ATENDIDA,2026-07-23T12:21:00-03:00,2026-07-23T12:24:00-03:00,2026-07-23T12:38:00-03:00,2026-07-23T12:41:00-03:00,2026-07-23T13:29:00-03:00,,,,14.9
325,3,1,HEMACIAS,O,POSITIVO,4,EMERGENCIA,ATENDIDA,2026-07-23T13:44:00-03:00,2026-07-23T13:49:00-03:00,2026-07-23T14:02:00-03:00,2026-07-23T14:08:00-03:00,2026-07-23T14:22:00-03:00,,,,3.9
326,9,2,HEMACIAS,A,POSITIVO,3,URGENCIA,ATENDIDA,2026-07-23T15:02:00-03:00,2026-07-23T15:27:00-03:00,2026-07-23T15:58:00-03:00,2026-07-23T17:14:00-03:00,2026-07-23T17:22:00-03:00,,,,2.1
327,7,1,HEMACIAS,B,POSITIVO,2,NORMAL,ATENDIDA,2026-07-23T16:42:00-03:00,2026-07-23T17:24:00-03:00,2026-07-23T17:56:00-03:00,2026-07-23T19:06:00-03:00,2026-07-23T19:29:00-03:00,,,,15.5
328,6,1,HEMACIAS,A,NEGATIVO,1,URGENCIA,ATENDIDA,2026-07-23T17:59:00-03:00,2026-07-23T18:09:00-03:00,2026-07-23T19:33:00-03:00,2026-07-23T19:40:00-03:00,2026-07-23T20:22:00-03:00,,,,21.8
329,4,1,HEMACIAS,O,POSITIVO,1,NORMAL,ATENDIDA,2026-07-23T18:10:00-03:00,2026-07-23T18:25:00-03:00,2026-07-23T20:59:00-03:00,2026-07-23T21:55:00-03:00,2026-07-23T22:03:00-03:00,,,,1.5
330,3,1,HEMACIAS,A,NEGATIVO,1,URGENCIA,ATENDIDA,2026-07-23T18:23:00-03:00,2026-07-23T18:54:00-03:00,2026-07-23T19:28:00-03:00,2026-07-23T19:57:00-03:00,2026-07-23T20:20:00-03:00,,,,3.9
331,9,2,HEMACIAS,A,POSITIVO,3,NORMAL,ATENDIDA,2026-07-23T23:32:00-03:00,2026-07-24T00:51:00-03:00,2026-07-24T01:35:00-03:00,2026-07-24T04:04:00-03:00,2026-07-24T04:16:00-03:00,,,,2.1
332,8,1,HEMACIAS,B,POSITIVO,2,NORMAL,ATENDIDA,2026-07-24T00:20:00-03:00,2026-07-24T07:41:00-03:00,2026-07-24T08:37:00-03:00,2026-07-24T09:36:00-03:00,2026-07-24T10:09:00-03:00,,,,14.9
333,5,1,HEMACIAS,A,POSITIVO,2,NORMAL,ATENDIDA,2026-07-24T00:28:00-03:00,2026-07-24T01:25:00-03:00,2026-07-24T05:01:00-03:00,2026-07-24T05:06:00-03:00,2026-07-24T05:30:00-03:00,,,,6.4
334,3,1,HEMACIAS,O,POSITIVO,2,URGENCIA,RECUSADA,2026-07-24T05:37:00-03:00,,,,,2026-07-24T06:24:00-03:00,,Estoque insuficiente do hemocomponente,3.9
335,5,1,HEMACIAS,O,POSITIVO,2,NORMAL,ATENDIDA,2026-07-24T07:14:00-03:00,2026-07-24T07:55:00-03:00,2026-07-24T10:18:00-03:00,2026-07-24T11:27:00-03:00,2026-07-24T11:50:00-03:00,,,,6.4
336,9,2,HEMACIAS,O,POSITIVO,4,NORMAL,ATENDIDA,2026-07-24T07:26:00-03:00,2026-07-24T13:34:00-03:00,2026-07-24T17:25:00-03:00,2026-07-24T17:47:00-03:00,2026-07-24T18:05:00-03:00,,,,2.1
337,3,1,HEMACIAS,A,POSITIVO,2,NORMAL,ATENDIDA,2026-07-24T09:19:00-03:00,2026-07-24T10:58:00-03:00,2026-07-24T13:58:00-03:00,2026-07-24T14:47:00-03:00,2026-07-24T15:06:00-03:00,,,,3.9
338,8,1,HEMACIAS,O,NEGATIVO,3,NORMAL,ATENDIDA,2026-07-24T10:58:00-03:00,2026-07-24T11:34:00-03:00,2026-07-24T13:36:00-03:00,2026-07-24T13:58:00-03:00,2026-07-24T14:28:00-03:00,,,,14.9
339,6,1,HEMACIAS,O,NEGATIVO,3,EMERGENCIA,ATENDIDA,2026-07-24T11:37:00-03:00,2026-07-24T11:40:00-03:00,2026-07-24T11:52:00-03:00,2026-07-24T11:54:00-03:00,2026-07-24T12:19:00-03:00,,,,21.8
340,6,1,HEMACIAS,O,POSITIVO,1,NORMAL,ATENDIDA,2026-07-24T13:13:00-03:00,2026-07-24T17:20:00-03:00,2026-07-24T18:28:00-03:00,2026-07-24T19:06:00-03:00,2026-07-24T20:02:00-03:00,,,,21.8
341,9,2,HEMACIAS,A,POSITIVO,3,URGENCIA,ATENDIDA,2026-07-24T15:11:00-03:00,2026-07-24T15:22:00-03:00,2026-07-24T16:37:00-03:00,2026-07-24T16:52:00-03:00,2026-07-24T17:03:00-03:00,,,,2.1
342,5,1,HEMACIAS,O,NEGATIVO,1,NORMAL,ATENDIDA,2026-07-24T16:05:00-03:00,2026-07-24T16:19:00-03:00,2026-07-24T18:19:00-03:00,2026-07-24T18:34:00-03:00,2026-07-24T18:55:00-03:00,,,,6.4
343,10,2,HEMACIAS,O,POSITIVO,3,EMERGENCIA,ATENDIDA,2026-07-24T16:30:00-03:00,2026-07-24T16:38:00-03:00,2026-07-24T16:50:00-03:00,2026-07-24T16:55:00-03:00,2026-07-24T18:16:00-03:00,,,,60.6
344,10,2,HEMACIAS,A,POSITIVO,3,NORMAL,ATENDIDA,2026-07-24T16:33:00-03:00,2026-07-24T17:14:00-03:00,2026-07-24T19:17:00-03:00,2026-07-24T20:27:00-03:00,2026-07-24T21:57:00-03:00,,,,60.6
345,6,1,HEMACIAS,AB,POSITIVO,4,URGENCIA,ATENDIDA,2026-07-24T17:06:00-03:00,2026-07-24T18:12:00-03:00,2026-07-24T19:12:00-03:00,2026-07-24T19:15:00-03:00,2026-07-24T20:04:00-03:00,,,,21.8
346,7,1,HEMACIAS,A,POSITIVO,3,NORMAL,ATENDIDA,2026-07-24T17:09:00-03:00,2026-07-24T18:27:00-03:00,2026-07-24T21:22:00-03:00,2026-07-24T23:54:00-03:00,2026-07-25T00:18:00-03:00,,,,15.5
347,4,1,PLASMA,O,POSITIVO,1,NORMAL,ATENDIDA,2026-07-24T17:49:00-03:00,2026-07-24T18:30:00-03:00,2026-07-24T19:25:00-03:00,2026-07-24T21:13:00-03:00,2026-07-24T21:22:00-03:00,,,,1.5
348,3,1,CRIOPRECIPITADO,O,NEGATIVO,6,NORMAL,ATENDIDA,2026-07-24T18:02:00-03:00,2026-07-24T19:09:00-03:00,2026-07-24T23:00:00-03:00,2026-07-24T23:31:00-03:00,2026-07-24T23:51:00-03:00,,,,3.9
349,7,1,HEMACIAS,O,POSITIVO,4,URGENCIA,ATENDIDA,2026-07-24T18:16:00-03:00,2026-07-24T18:23:00-03:00,2026-07-24T18:37:00-03:00,2026-07-24T19:06:00-03:00,2026-07-24T19:44:00-03:00,,,,15.5
350,4,1,HEMACIAS,A,POSITIVO,1,NORMAL,ATENDIDA,2026-07-24T22:51:00-03:00,2026-07-25T07:43:00-03:00,2026-07-25T09:34:00-03:00,2026-07-25T10:00:00-03:00,2026-07-25T12:14:00-03:00,,,,1.5
351,4,1,PLASMA,O,POSITIVO,3,EMERGENCIA,ATENDIDA,2026-07-25T02:40:00-03:00,2026-07-25T02:45:00-03:00,2026-07-25T03:00:00-03:00,2026-07-25T03:07:00-03:00,2026-07-25T03:23:00-03:00,,,,1.5
352,5,1,HEMACIAS,A,NEGATIVO,2,NORMAL,ATENDIDA,2026-07-25T06:47:00-03:00,2026-07-25T10:28:00-03:00,2026-07-25T13:33:00-03:00,2026-07-25T14:32:00-03:00,2026-07-25T14:59:00-03:00,,,,6.4
353,5,1,CRIOPRECIPITADO,O,POSITIVO,7,NORMAL,ATENDIDA,2026-07-25T08:41:00-03:00,2026-07-25T11:13:00-03:00,2026-07-25T12:56:00-03:00,2026-07-25T13:32:00-03:00,2026-07-25T13:57:00-03:00,,,,6.4
354,5,1,HEMACIAS,O,POSITIVO,1,NORMAL,ATENDIDA,2026-07-25T10:57:00-03:00,2026-07-25T13:28:00-03:00,2026-07-25T17:41:00-03:00,2026-07-25T18:54:00-03:00,2026-07-25T19:18:00-03:00,,,,6.4
355,10,2,HEMACIAS,O,POSITIVO,2,NORMAL,ATENDIDA,2026-07-25T11:14:00-03:00,2026-07-25T12:04:00-03:00,2026-07-25T14:07:00-03:00,2026-07-25T15:22:00-03:00,2026-07-25T17:49:00-03:00,,,,60.6
356,4,1,PLAQUETAS,O,POSITIVO,2,URGENCIA,ATENDIDA,2026-07-25T12:54:00-03:00,2026-07-25T13:11:00-03:00,2026-07-25T13:22:00-03:00,2026-07-25T13:43:00-03:00,2026-07-25T13:54:00-03:00,,,,1.5
357,4,1,HEMACIAS,A,NEGATIVO,2,NORMAL,ATENDIDA,2026-07-25T14:27:00-03:00,2026-07-25T14:56:00-03:00,2026-07-25T15:51:00-03:00,2026-07-25T16:39:00-03:00,2026-07-25T16:57:00-03:00,,,,1.5
358,4,1,PLAQUETAS,O,NEGATIVO,1,NORMAL,ATENDIDA,2026-07-25T14:46:00-03:00,2026-07-25T15:20:00-03:00,2026-07-25T16:02:00-03:00,2026-07-25T19:16:00-03:00,2026-07-25T19:24:00-03:00,,,,1.5
359,4,1,HEMACIAS,A,POSITIVO,2,EMERGENCIA,ATENDIDA,2026-07-25T17:00:00-03:00,2026-07-25T17:07:00-03:00,2026-07-25T17:21:00-03:00,2026-07-25T17:31:00-03:00,2026-07-25T17:53:00-03:00,,,,1.5
360,5,1,HEMACIAS,B,NEGATIVO,4,URGENCIA,ATENDIDA,2026-07-25T18:42:00-03:00,2026-07-25T18:53:00-03:00,2026-07-25T19:14:00-03:00,2026-07-25T19:28:00-03:00,2026-07-25T19:58:00-03:00,,,,6.4
361,7,2,HEMACIAS,A,POSITIVO,3,NORMAL,ATENDIDA,2026-07-26T04:52:00-03:00,2026-07-26T07:14:00-03:00,2026-07-26T08:50:00-03:00,2026-07-26T10:34:00-03:00,2026-07-26T13:07:00-03:00,,,,166.0
362,7,1,PLASMA,O,NEGATIVO,1,NORMAL,ATENDIDA,2026-07-26T09:25:00-03:00,2026-07-26T10:16:00-03:00,2026-07-26T14:45:00-03:00,2026-07-26T16:55:00-03:00,2026-07-26T17:27:00-03:00,,,,15.5
363,9,2,CRIOPRECIPITADO,O,NEGATIVO,5,NORMAL,CANCELADA,2026-07-26T14:10:00-03:00,2026-07-26T14:38:00-03:00,,,,,2026-07-26T15:29:00-03:00,,2.1
364,4,1,HEMACIAS,B,POSITIVO,2,URGENCIA,ATENDIDA,2026-07-26T14:46:00-03:00,2026-07-26T15:24:00-03:00,2026-07-26T16:05:00-03:00,2026-07-26T17:09:00-03:00,2026-07-26T17:17:00-03:00,,,,1.5
365,3,1,PLAQUETAS,A,POSITIVO,2,NORMAL,ATENDIDA,2026-07-26T15:23:00-03:00,2026-07-26T17:22:00-03:00,2026-07-26T17:50:00-03:00,2026-07-26T18:29:00-03:00,2026-07-26T18:47:00-03:00,,,,3.9
366,3,1,CRIOPRECIPITADO,B,NEGATIVO,7,NORMAL,ATENDIDA,2026-07-27T00:50:00-03:00,2026-07-27T07:43:00-03:00,2026-07-27T08:52:00-03:00,2026-07-27T09:23:00-03:00,2026-07-27T09:40:00-03:00,,,,3.9
367,10,2,CRIOPRECIPITADO,O,POSITIVO,6,NORMAL,ATENDIDA,2026-07-27T02:09:00-03:00,2026-07-27T07:37:00-03:00,2026-07-27T10:21:00-03:00,2026-07-27T11:00:00-03:00,2026-07-27T12:49:00-03:00,,,,60.6
368,9,2,CRIOPRECIPITADO,A,POSITIVO,6,NORMAL,ATENDIDA,2026-07-27T05:04:00-03:00,2026-07-27T07:22:00-03:00,2026-07-27T08:08:00-03:00,2026-07-27T09:47:00-03:00,2026-07-27T09:59:00-03:00,,,,2.1
369,6,1,HEMACIAS,O,POSITIVO,5,EMERGENCIA,ATENDIDA,2026-07-27T09:12:00-03:00,2026-07-27T09:16:00-03:00,2026-07-27T09:33:00-03:00,2026-07-27T09:36:00-03:00,2026-07-27T10:27:00-03:00,,,,21.8
370,10,2,HEMACIAS,A,POSITIVO,2,NORMAL,ATENDIDA,2026-07-27T09:18:00-03:00,2026-07-27T09:40:00-03:00,2026-07-27T14:31:00-03:00,2026-07-27T15:04:00-03:00,2026-07-27T17:00:00-03:00,,,,60.6
371,7,1,PLASMA,O,POSITIVO,3,NORMAL,ATENDIDA,2026-07-27T09:31:00-03:00,2026-07-27T11:39:00-03:00,2026-07-27T12:34:00-03:00,2026-07-27T14:42:00-03:00,2026-07-27T15:14:00-03:00,,,,15.5
372,7,1,HEMACIAS,O,POSITIVO,2,NORMAL,ATENDIDA,2026-07-27T09:31:00-03:00,2026-07-27T11:01:00-03:00,2026-07-27T12:08:00-03:00,2026-07-27T14:37:00-03:00,2026-07-27T15:18:00-03:00,,,,15.5
373,3,1,CRIOPRECIPITADO,A,NEGATIVO,7,EMERGENCIA,ATENDIDA,2026-07-27T11:21:00-03:00,2026-07-27T11:27:00-03:00,2026-07-27T11:35:00-03:00,2026-07-27T11:47:00-03:00,2026-07-27T12:04:00-03:00,,,,3.9
374,3,1,HEMACIAS,O,POSITIVO,1,URGENCIA,ATENDIDA,2026-07-27T11:35:00-03:00,2026-07-27T11:48:00-03:00,2026-07-27T12:24:00-03:00,2026-07-27T12:36:00-03:00,2026-07-27T12:52:00-03:00,,,,3.9
375,5,1,PLAQUETAS,B,NEGATIVO,1,NORMAL,ATENDIDA,2026-07-27T14:55:00-03:00,2026-07-27T18:06:00-03:00,2026-07-27T19:58:00-03:00,2026-07-27T22:45:00-03:00,2026-07-27T23:00:00-03:00,,,,6.4
376,3,1,CRIOPRECIPITADO,A,NEGATIVO,5,NORMAL,ATENDIDA,2026-07-27T15:25:00-03:00,2026-07-27T17:21:00-03:00,2026-07-27T18:24:00-03:00,2026-07-27T20:23:00-03:00,2026-07-27T20:36:00-03:00,,,,3.9
377,3,1,PLAQUETAS,O,POSITIVO,2,NORMAL,ATENDIDA,2026-07-27T15:52:00-03:00,2026-07-27T16:38:00-03:00,2026-07-27T22:34:00-03:00,2026-07-27T22:52:00-03:00,2026-07-27T23:04:00-03:00,,,,3.9
378,9,2,PLAQUETAS,O,NEGATIVO,2,NORMAL,ATENDIDA,2026-07-27T16:15:00-03:00,2026-07-27T17:10:00-03:00,2026-07-27T20:23:00-03:00,2026-07-27T21:21:00-03:00,2026-07-27T21:28:00-03:00,,,,2.1
379,5,1,PLAQUETAS,A,POSITIVO,2,URGENCIA,ATENDIDA,2026-07-27T16:27:00-03:00,2026-07-27T16:40:00-03:00,2026-07-27T17:07:00-03:00,2026-07-27T17:16:00-03:00,2026-07-27T17:40:00-03:00,,,,6.4
380,10,2,HEMACIAS,A,POSITIVO,4,NORMAL,ATENDIDA,2026-07-27T17:06:00-03:00,2026-07-27T18:45:00-03:00,2026-07-28T00:52:00-03:00,2026-07-28T01:57:00-03:00,2026-07-28T03:39:00-03:00,,,,60.6
381,4,1,PLASMA,A,POSITIVO,1,NORMAL,ATENDIDA,2026-07-27T18:47:00-03:00,2026-07-27T19:45:00-03:00,2026-07-27T21:38:00-03:00,2026-07-27T23:19:00-03:00,2026-07-27T23:37:00-03:00,,,,1.5
382,3,1,PLAQUETAS,O,POSITIVO,2,NORMAL,ATENDIDA,2026-07-27T20:49:00-03:00,2026-07-27T21:23:00-03:00,2026-07-27T22:46:00-03:00,2026-07-27T23:16:00-03:00,2026-07-27T23:40:00-03:00,,,,3.9
383,4,1,PLAQUETAS,O,POSITIVO,5,EMERGENCIA,ATENDIDA,2026-07-28T00:30:00-03:00,2026-07-28T00:41:00-03:00,2026-07-28T00:55:00-03:00,2026-07-28T01:04:00-03:00,2026-07-28T01:20:00-03:00,,,,1.5
384,5,1,HEMACIAS,A,POSITIVO,1,NORMAL,ATENDIDA,2026-07-28T00:56:00-03:00,2026-07-28T07:18:00-03:00,2026-07-28T10:43:00-03:00,2026-07-28T11:06:00-03:00,2026-07-28T11:23:00-03:00,,,,6.4
385,9,2,HEMACIAS,A,POSITIVO,3,EMERGENCIA,ATENDIDA,2026-07-28T04:55:00-03:00,2026-07-28T05:00:00-03:00,2026-07-28T05:15:00-03:00,2026-07-28T05:19:00-03:00,2026-07-28T06:41:00-03:00,,,,2.1
386,8,1,HEMACIAS,A,NEGATIVO,1,NORMAL,ATENDIDA,2026-07-28T05:35:00-03:00,2026-07-28T07:14:00-03:00,2026-07-28T10:16:00-03:00,2026-07-28T11:15:00-03:00,2026-07-28T13:51:00-03:00,,,,14.9
387,4,1,CRIOPRECIPITADO,A,NEGATIVO,5,NORMAL,RECUSADA,2026-07-28T07:36:00-03:00,,,,,2026-07-28T11:27:00-03:00,,Dados da solicitação incompletos,1.5
388,6,1,HEMACIAS,O,POSITIVO,4,URGENCIA,ATENDIDA,2026-07-28T08:59:00-03:00,2026-07-28T09:49:00-03:00,2026-07-28T09:56:00-03:00,2026-07-28T10:11:00-03:00,2026-07-28T13:03:00-03:00,,,,21.8
389,10,2,HEMACIAS,AB,POSITIVO,3,URGENCIA,CANCELADA,2026-07-28T09:28:00-03:00,2026-07-28T09:48:00-03:00,,,,,2026-07-28T10:03:00-03:00,,60.6
390,5,1,PLASMA,O,POSITIVO,2,NORMAL,ATENDIDA,2026-07-28T09:56:00-03:00,2026-07-28T13:09:00-03:00,2026-07-28T23:25:00-03:00,2026-07-28T23:57:00-03:00,2026-07-29T00:19:00-03:00,,,,6.4
391,6,1,PLASMA,A,POSITIVO,3,NORMAL,ATENDIDA,2026-07-28T10:32:00-03:00,2026-07-28T11:18:00-03:00,2026-07-28T17:46:00-03:00,2026-07-28T19:40:00-03:00,2026-07-28T20:46:00-03:00,,,,21.8
392,3,1,PLAQUETAS,A,NEGATIVO,2,NORMAL,ATENDIDA,2026-07-28T10:57:00-03:00,2026-07-28T13:19:00-03:00,2026-07-28T16:24:00-03:00,2026-07-28T16:48:00-03:00,2026-07-28T17:07:00-03:00,,,,3.9
393,4,1,HEMACIAS,O,POSITIVO,2,NORMAL,ATENDIDA,2026-07-28T13:19:00-03:00,2026-07-28T15:35:00-03:00,2026-07-28T17:20:00-03:00,2026-07-28T20:02:00-03:00,2026-07-28T20:13:00-03:00,,,,1.5
394,10,2,PLAQUETAS,O,POSITIVO,1,URGENCIA,ATENDIDA,2026-07-28T13:21:00-03:00,2026-07-28T13:49:00-03:00,2026-07-28T14:18:00-03:00,2026-07-28T14:44:00-03:00,2026-07-28T17:01:00-03:00,,,,60.6
395,6,1,PLASMA,B,POSITIVO,2,NORMAL,ATENDIDA,2026-07-28T17:21:00-03:00,2026-07-28T18:00:00-03:00,2026-07-28T19:26:00-03:00,2026-07-28T20:26:00-03:00,2026-07-28T21:05:00-03:00,,,,21.8
396,6,1,HEMACIAS,B,POSITIVO,1,NORMAL,ATENDIDA,2026-07-28T18:17:00-03:00,2026-07-28T20:31:00-03:00,2026-07-28T22:34:00-03:00,2026-07-29T04:49:00-03:00,2026-07-29T05:38:00-03:00,,,,21.8
397,8,1,HEMACIAS,A,POSITIVO,4,NORMAL,ATENDIDA,2026-07-28T18:41:00-03:00,2026-07-28T19:57:00-03:00,2026-07-28T21:20:00-03:00,2026-07-28T22:09:00-03:00,2026-07-28T23:42:00-03:00,,,,14.9
398,5,1,PLAQUETAS,O,POSITIVO,2,NORMAL,ATENDIDA,2026-07-28T18:43:00-03:00,2026-07-28T21:23:00-03:00,2026-07-29T04:49:00-03:00,2026-07-29T06:31:00-03:00,2026-07-29T06:42:00-03:00,,,,6.4
399,9,2,PLAQUETAS,O,POSITIVO,3,NORMAL,ATENDIDA,2026-07-28T20:08:00-03:00,2026-07-28T23:37:00-03:00,2026-07-29T01:52:00-03:00,2026-07-29T04:30:00-03:00,2026-07-29T04:39:00-03:00,,,,2.1
400,3,1,HEMACIAS,O,POSITIVO,1,NORMAL,ATENDIDA,2026-07-29T03:00:00-03:00,2026-07-29T07:07:00-03:00,2026-07-29T07:46:00-03:00,2026-07-29T08:32:00-03:00,2026-07-29T08:47:00-03:00,,,,3.9
401,4,1,HEMACIAS,A,POSITIVO,3,NORMAL,ATENDIDA,2026-07-29T08:50:00-03:00,2026-07-29T09:32:00-03:00,2026-07-29T10:05:00-03:00,2026-07-29T11:21:00-03:00,2026-07-29T11:37:00-03:00,,,,1.5
402,4,1,HEMACIAS,B,POSITIVO,4,URGENCIA,ATENDIDA,2026-07-29T08:56:00-03:00,2026-07-29T09:08:00-03:00,2026-07-29T09:26:00-03:00,2026-07-29T09:38:00-03:00,2026-07-29T09:55:00-03:00,,,,1.5
403,4,1,PLASMA,B,POSITIVO,3,NORMAL,ATENDIDA,2026-07-29T09:19:00-03:00,2026-07-29T10:31:00-03:00,2026-07-29T15:58:00-03:00,2026-07-29T16:56:00-03:00,2026-07-29T17:12:00-03:00,,,,1.5
404,9,2,PLAQUETAS,O,POSITIVO,1,NORMAL,ATENDIDA,2026-07-29T10:14:00-03:00,2026-07-29T13:31:00-03:00,2026-07-29T14:11:00-03:00,2026-07-29T18:08:00-03:00,2026-07-29T18:19:00-03:00,,,,2.1
405,9,2,PLASMA,A,POSITIVO,1,NORMAL,ATENDIDA,2026-07-29T10:44:00-03:00,2026-07-29T11:09:00-03:00,2026-07-29T13:58:00-03:00,2026-07-29T15:24:00-03:00,2026-07-29T15:38:00-03:00,,,,2.1
406,9,2,PLASMA,B,POSITIVO,1,URGENCIA,ATENDIDA,2026-07-29T12:38:00-03:00,2026-07-29T12:51:00-03:00,2026-07-29T13:14:00-03:00,2026-07-29T13:26:00-03:00,2026-07-29T13:44:00-03:00,,,,2.1
407,4,1,HEMACIAS,O,POSITIVO,2,NORMAL,CANCELADA,2026-07-29T13:06:00-03:00,2026-07-29T13:39:00-03:00,,,,,2026-07-29T14:46:00-03:00,,1.5
408,9,2,HEMACIAS,A,POSITIVO,5,EMERGENCIA,ATENDIDA,2026-07-29T15:02:00-03:00,2026-07-29T15:10:00-03:00,2026-07-29T15:17:00-03:00,2026-07-29T15:21:00-03:00,2026-07-29T15:33:00-03:00,,,,2.1
409,10,2,CRIOPRECIPITADO,O,POSITIVO,5,NORMAL,ATENDIDA,2026-07-29T15:06:00-03:00,2026-07-29T15:43:00-03:00,2026-07-29T19:47:00-03:00,2026-07-29T20:45:00-03:00,2026-07-29T21:58:00-03:00,,,,60.6
410,5,1,CRIOPRECIPITADO,A,POSITIVO,6,URGENCIA,ATENDIDA,2026-07-29T15:20:00-03:00,2026-07-29T16:01:00-03:00,2026-07-29T16:36:00-03:00,2026-07-29T16:42:00-03:00,2026-07-29T16:54:00-03:00,,,,6.4
411,4,1,HEMACIAS,A,POSITIVO,1,NORMAL,ATENDIDA,2026-07-29T15:45:00-03:00,2026-07-29T17:19:00-03:00,2026-07-29T18:25:00-03:00,2026-07-29T20:20:00-03:00,2026-07-29T20:32:00-03:00,,,,1.5
412,7,1,PLAQUETAS,A,NEGATIVO,3,NORMAL,ATENDIDA,2026-07-29T16:12:00-03:00,2026-07-29T17:00:00-03:00,2026-07-29T19:39:00-03:00,2026-07-29T20:49:00-03:00,2026-07-29T21:30:00-03:00,,,,15.5
413,9,2,HEMACIAS,A,NEGATIVO,4,NORMAL,ATENDIDA,2026-07-29T16:55:00-03:00,2026-07-29T18:07:00-03:00,2026-07-29T19:10:00-03:00,2026-07-29T19:29:00-03:00,2026-07-29T19:52:00-03:00,,,,2.1
414,4,1,HEMACIAS,B,POSITIVO,3,NORMAL,ATENDIDA,2026-07-29T18:34:00-03:00,2026-07-29T19:19:00-03:00,2026-07-29T20:31:00-03:00,2026-07-29T22:10:00-03:00,2026-07-29T22:21:00-03:00,,,,1.5
415,5,1,HEMACIAS,O,POSITIVO,1,URGENCIA,ATENDIDA,2026-07-30T08:05:00-03:00,2026-07-30T08:16:00-03:00,2026-07-30T08:57:00-03:00,2026-07-30T09:20:00-03:00,2026-07-30T09:38:00-03:00,,,,6.4
416,8,1,PLASMA,O,POSITIVO,3,NORMAL,ATENDIDA,2026-07-30T11:11:00-03:00,2026-07-30T11:51:00-03:00,2026-07-30T12:40:00-03:00,2026-07-30T14:20:00-03:00,2026-07-30T14:50:00-03:00,,,,14.9
417,3,1,HEMACIAS,B,POSITIVO,1,NORMAL,ATENDIDA,2026-07-30T12:30:00-03:00,2026-07-30T14:48:00-03:00,2026-07-30T17:08:00-03:00,2026-07-30T18:07:00-03:00,2026-07-30T18:25:00-03:00,,,,3.9
418,5,1,PLAQUETAS,O,NEGATIVO,2,URGENCIA,ATENDIDA,2026-07-30T12:45:00-03:00,2026-07-30T12:58:00-03:00,2026-07-30T13:41:00-03:00,2026-07-30T13:57:00-03:00,2026-07-30T14:18:00-03:00,,,,6.4
419,6,1,CRIOPRECIPITADO,A,POSITIVO,4,NORMAL,ATENDIDA,2026-07-30T13:01:00-03:00,2026-07-30T15:49:00-03:00,2026-07-30T16:20:00-03:00,2026-07-30T17:22:00-03:00,2026-07-30T18:35:00-03:00,,,,21.8
420,3,1,HEMACIAS,A,POSITIVO,1,URGENCIA,ATENDIDA,2026-07-30T13:17:00-03:00,2026-07-30T14:01:00-03:00,2026-07-30T14:22:00-03:00,2026-07-30T14:33:00-03:00,2026-07-30T14:47:00-03:00,,,,3.9
421,4,1,PLASMA,B,POSITIVO,1,NORMAL,CANCELADA,2026-07-30T13:36:00-03:00,2026-07-30T13:45:00-03:00,,,,,2026-07-30T14:00:00-03:00,,1.5
422,4,1,HEMACIAS,A,POSITIVO,1,NORMAL,ATENDIDA,2026-07-30T14:39:00-03:00,2026-07-30T17:28:00-03:00,2026-07-30T18:02:00-03:00,2026-07-30T19:25:00-03:00,2026-07-30T19:34:00-03:00,,,,1.5
423,6,2,HEMACIAS,O,POSITIVO,1,URGENCIA,ATENDIDA,2026-07-30T14:48:00-03:00,2026-07-30T15:01:00-03:00,2026-07-30T15:35:00-03:00,2026-07-30T16:08:00-03:00,2026-07-30T18:22:00-03:00,,,,140.4
424,3,1,HEMACIAS,O,POSITIVO,2,URGENCIA,RECUSADA,2026-07-30T14:53:00-03:00,,,,,2026-07-30T15:09:00-03:00,,Dados da solicitação incompletos,3.9
425,6,1,HEMACIAS,B,POSITIVO,1,NORMAL,ATENDIDA,2026-07-30T15:22:00-03:00,2026-07-30T16:55:00-03:00,2026-07-30T18:21:00-03:00,2026-07-30T19:18:00-03:00,2026-07-30T20:15:00-03:00,,,,21.8
426,9,2,HEMACIAS,B,POSITIVO,3,NORMAL,ATENDIDA,2026-07-30T15:34:00-03:00,2026-07-30T19:47:00-03:00,2026-07-30T23:42:00-03:00,2026-07-31T01:41:00-03:00,2026-07-31T01:59:00-03:00,,,,2.1
427,5,1,HEMACIAS,O,POSITIVO,4,URGENCIA,ATENDIDA,2026-07-30T16:38:00-03:00,2026-07-30T16:51:00-03:00,2026-07-30T19:03:00-03:00,2026-07-30T19:19:00-03:00,2026-07-30T19:43:00-03:00,,,,6.4
428,3,2,HEMACIAS,O,POSITIVO,3,NORMAL,ATENDIDA,2026-07-30T16:47:00-03:00,2026-07-30T20:40:00-03:00,2026-07-31T05:03:00-03:00,2026-07-31T07:58:00-03:00,2026-07-31T10:39:00-03:00,,,,158.0
429,3,1,HEMACIAS,O,POSITIVO,3,EMERGENCIA,ATENDIDA,2026-07-30T17:52:00-03:00,2026-07-30T18:05:00-03:00,2026-07-30T18:14:00-03:00,2026-07-30T18:19:00-03:00,2026-07-30T18:35:00-03:00,,,,3.9
430,3,1,HEMACIAS,A,POSITIVO,3,NORMAL,ATENDIDA,2026-07-30T18:28:00-03:00,2026-07-30T20:16:00-03:00,2026-07-30T20:56:00-03:00,2026-07-30T21:54:00-03:00,2026-07-30T22:05:00-03:00,,,,3.9
431,8,1,PLASMA,O,POSITIVO,2,URGENCIA,ATENDIDA,2026-07-30T18:56:00-03:00,2026-07-30T19:56:00-03:00,2026-07-30T20:14:00-03:00,2026-07-30T20:29:00-03:00,2026-07-30T21:12:00-03:00,,,,14.9
432,10,2,PLASMA,A,POSITIVO,2,NORMAL,ATENDIDA,2026-07-31T03:52:00-03:00,2026-07-31T07:27:00-03:00,2026-07-31T07:57:00-03:00,2026-07-31T08:11:00-03:00,2026-07-31T09:29:00-03:00,,,,60.6
433,3,1,HEMACIAS,O,POSITIVO,2,NORMAL,ATENDIDA,2026-07-31T07:58:00-03:00,2026-07-31T08:16:00-03:00,2026-07-31T11:52:00-03:00,2026-07-31T13:10:00-03:00,2026-07-31T13:20:00-03:00,,,,3.9
434,7,,HEMACIAS,O,POSITIVO,4,NORMAL,CANCELADA,2026-07-31T08:36:00-03:00,,,,,,2026-07-31T13:14:00-03:00,,
435,3,1,PLASMA,A,POSITIVO,1,NORMAL,ATENDIDA,2026-07-31T10:23:00-03:00,2026-07-31T11:58:00-03:00,2026-07-31T13:32:00-03:00,2026-07-31T14:50:00-03:00,2026-07-31T15:08:00-03:00,,,,3.9
436,3,1,HEMACIAS,O,POSITIVO,5,EMERGENCIA,ATENDIDA,2026-07-31T11:14:00-03:00,2026-07-31T11:29:00-03:00,2026-07-31T11:37:00-03:00,2026-07-31T11:42:00-03:00,2026-07-31T11:56:00-03:00,,,,3.9
437,3,1,PLASMA,B,POSITIVO,3,NORMAL,ATENDIDA,2026-07-31T13:04:00-03:00,2026-07-31T13:31:00-03:00,2026-07-31T15:18:00-03:00,2026-07-31T16:06:00-03:00,2026-07-31T16:21:00-03:00,,,,3.9
438,8,1,HEMACIAS,O,POSITIVO,2,NORMAL,ATENDIDA,2026-07-31T13:07:00-03:00,2026-07-31T14:02:00-03:00,2026-07-31T15:02:00-03:00,2026-07-31T15:33:00-03:00,2026-07-31T16:07:00-03:00,,,,14.9
439,9,2,HEMACIAS,A,POSITIVO,1,NORMAL,RECUSADA,2026-07-31T13:22:00-03:00,,,,,2026-07-31T14:33:00-03:00,,Dados da solicitação incompletos,2.1
440,6,1,HEMACIAS,A,POSITIVO,4,URGENCIA,ATENDIDA,2026-07-31T14:02:00-03:00,2026-07-31T14:18:00-03:00,2026-07-31T15:01:00-03:00,2026-07-31T15:16:00-03:00,2026-07-31T15:57:00-03:00,,,,21.8
441,10,2,HEMACIAS,O,POSITIVO,2,NORMAL,ATENDIDA,2026-07-31T14:29:00-03:00,2026-07-31T21:42:00-03:00,2026-07-31T21:59:00-03:00,2026-07-31T22:27:00-03:00,2026-08-01T00:19:00-03:00,,,,60.6
442,9,2,HEMACIAS,O,POSITIVO,3,NORMAL,ATENDIDA,2026-07-31T15:26:00-03:00,2026-07-31T19:16:00-03:00,2026-07-31T20:07:00-03:00,2026-07-31T21:06:00-03:00,2026-07-31T21:22:00-03:00,,,,2.1
443,3,1,HEMACIAS,A,POSITIVO,3,URGENCIA,ATENDIDA,2026-07-31T16:10:00-03:00,2026-07-31T16:53:00-03:00,2026-07-31T17:45:00-03:00,2026-07-31T17:56:00-03:00,2026-07-31T18:15:00-03:00,,,,3.9
444,9,1,HEMACIAS,A,NEGATIVO,1,NORMAL,ATENDIDA,2026-07-31T18:39:00-03:00,2026-07-31T20:02:00-03:00,2026-07-31T21:07:00-03:00,2026-07-31T21:36:00-03:00,2026-08-01T03:13:00-03:00,,,,160.1
445,6,1,HEMACIAS,O,POSITIVO,2,URGENCIA,ATENDIDA,2026-07-31T19:40:00-03:00,2026-07-31T19:59:00-03:00,2026-07-31T20:14:00-03:00,2026-07-31T20:26:00-03:00,2026-07-31T20:52:00-03:00,,,,21.8
446,8,1,HEMACIAS,A,POSITIVO,3,URGENCIA,ATENDIDA,2026-07-31T20:05:00-03:00,2026-07-31T20:25:00-03:00,2026-07-31T21:18:00-03:00,2026-07-31T21:41:00-03:00,2026-07-31T22:22:00-03:00,,,,14.9
447,7,1,PLASMA,A,POSITIVO,2,URGENCIA,ATENDIDA,2026-07-31T20:12:00-03:00,2026-07-31T20:32:00-03:00,2026-07-31T20:55:00-03:00,2026-07-31T21:07:00-03:00,2026-07-31T21:49:00-03:00,,,,15.5
448,7,1,HEMACIAS,A,POSITIVO,1,NORMAL,ATENDIDA,2026-07-31T20:26:00-03:00,2026-08-01T00:37:00-03:00,2026-08-01T01:18:00-03:00,2026-08-01T02:50:00-03:00,2026-08-01T04:43:00-03:00,,,,15.5
449,3,1,HEMACIAS,O,POSITIVO,2,NORMAL,ATENDIDA,2026-08-01T09:40:00-03:00,2026-08-01T10:04:00-03:00,2026-08-01T12:00:00-03:00,2026-08-01T12:56:00-03:00,2026-08-01T13:11:00-03:00,,,,3.9
450,3,1,HEMACIAS,B,POSITIVO,1,NORMAL,ATENDIDA,2026-08-01T09:59:00-03:00,2026-08-01T10:52:00-03:00,2026-08-01T18:21:00-03:00,2026-08-01T19:51:00-03:00,2026-08-01T20:06:00-03:00,,,,3.9
451,4,1,PLASMA,A,POSITIVO,3,NORMAL,ATENDIDA,2026-08-01T10:33:00-03:00,2026-08-01T11:23:00-03:00,2026-08-01T14:24:00-03:00,2026-08-01T14:35:00-03:00,2026-08-01T14:46:00-03:00,,,,1.5
452,10,2,HEMACIAS,A,POSITIVO,3,NORMAL,ATENDIDA,2026-08-01T11:24:00-03:00,2026-08-01T11:49:00-03:00,2026-08-01T13:09:00-03:00,2026-08-01T14:48:00-03:00,2026-08-01T16:18:00-03:00,,,,60.6
453,3,1,HEMACIAS,O,POSITIVO,6,EMERGENCIA,CANCELADA,2026-08-01T12:34:00-03:00,2026-08-01T12:40:00-03:00,,,,,2026-08-01T12:50:00-03:00,,3.9
454,3,1,PLAQUETAS,A,POSITIVO,4,NORMAL,ATENDIDA,2026-08-01T15:49:00-03:00,2026-08-01T19:53:00-03:00,2026-08-01T21:12:00-03:00,2026-08-01T21:38:00-03:00,2026-08-01T21:52:00-03:00,,,,3.9
455,10,2,CRIOPRECIPITADO,O,POSITIVO,8,NORMAL,ATENDIDA,2026-08-01T17:18:00-03:00,2026-08-01T18:57:00-03:00,2026-08-01T20:44:00-03:00,2026-08-01T22:32:00-03:00,2026-08-02T00:25:00-03:00,,,,60.6
456,9,2,PLAQUETAS,O,POSITIVO,1,NORMAL,ATENDIDA,2026-08-01T22:08:00-03:00,2026-08-02T07:47:00-03:00,2026-08-02T09:31:00-03:00,2026-08-02T10:51:00-03:00,2026-08-02T11:03:00-03:00,,,,2.1
457,10,2,HEMACIAS,A,POSITIVO,2,URGENCIA,ATENDIDA,2026-08-02T04:18:00-03:00,2026-08-02T04:31:00-03:00,2026-08-02T04:45:00-03:00,2026-08-02T05:17:00-03:00,2026-08-02T07:06:00-03:00,,,,60.6
458,3,1,CRIOPRECIPITADO,O,POSITIVO,6,NORMAL,ATENDIDA,2026-08-02T07:21:00-03:00,2026-08-02T11:32:00-03:00,2026-08-02T13:42:00-03:00,2026-08-02T14:05:00-03:00,2026-08-02T14:25:00-03:00,,,,3.9
459,9,2,HEMACIAS,B,POSITIVO,2,URGENCIA,ATENDIDA,2026-08-02T07:43:00-03:00,2026-08-02T07:59:00-03:00,2026-08-02T08:33:00-03:00,2026-08-02T09:05:00-03:00,2026-08-02T09:13:00-03:00,,,,2.1
460,10,2,HEMACIAS,A,POSITIVO,2,URGENCIA,RECUSADA,2026-08-02T08:39:00-03:00,,,,,2026-08-02T08:57:00-03:00,,Dados da solicitação incompletos,60.6
461,7,1,PLAQUETAS,A,POSITIVO,1,URGENCIA,ATENDIDA,2026-08-02T10:29:00-03:00,2026-08-02T11:29:00-03:00,2026-08-02T11:52:00-03:00,2026-08-02T12:21:00-03:00,2026-08-02T12:51:00-03:00,,,,15.5
462,3,1,PLAQUETAS,O,POSITIVO,2,URGENCIA,ATENDIDA,2026-08-02T11:40:00-03:00,2026-08-02T11:56:00-03:00,2026-08-02T12:06:00-03:00,2026-08-02T12:17:00-03:00,2026-08-02T12:29:00-03:00,,,,3.9
463,6,1,HEMACIAS,O,POSITIVO,3,NORMAL,ATENDIDA,2026-08-02T13:31:00-03:00,2026-08-02T14:14:00-03:00,2026-08-02T21:50:00-03:00,2026-08-02T22:52:00-03:00,2026-08-02T23:35:00-03:00,,,,21.8
464,3,,HEMACIAS,A,POSITIVO,3,NORMAL,CANCELADA,2026-08-02T14:03:00-03:00,,,,,,2026-08-02T15:21:00-03:00,,
465,3,1,HEMACIAS,A,NEGATIVO,3,URGENCIA,ATENDIDA,2026-08-02T15:23:00-03:00,2026-08-02T15:39:00-03:00,2026-08-02T16:23:00-03:00,2026-08-02T16:39:00-03:00,2026-08-02T16:58:00-03:00,,,,3.9
466,4,1,HEMACIAS,O,POSITIVO,1,URGENCIA,ATENDIDA,2026-08-02T15:25:00-03:00,2026-08-02T15:59:00-03:00,2026-08-02T16:12:00-03:00,2026-08-02T16:29:00-03:00,2026-08-02T16:44:00-03:00,,,,1.5
467,9,2,HEMACIAS,B,NEGATIVO,1,NORMAL,ATENDIDA,2026-08-02T23:42:00-03:00,2026-08-03T07:26:00-03:00,2026-08-03T10:50:00-03:00,2026-08-03T11:31:00-03:00,2026-08-03T11:42:00-03:00,,,,2.1
468,3,1,HEMACIAS,O,POSITIVO,1,NORMAL,ATENDIDA,2026-08-03T06:42:00-03:00,2026-08-03T09:01:00-03:00,2026-08-03T11:18:00-03:00,2026-08-03T13:36:00-03:00,2026-08-03T13:51:00-03:00,,,,3.9
469,4,1,HEMACIAS,A,POSITIVO,2,NORMAL,ATENDIDA,2026-08-03T07:05:00-03:00,2026-08-03T08:18:00-03:00,2026-08-03T08:56:00-03:00,2026-08-03T09:54:00-03:00,2026-08-03T10:05:00-03:00,,,,1.5
470,3,1,CRIOPRECIPITADO,A,POSITIVO,5,NORMAL,ATENDIDA,2026-08-03T08:29:00-03:00,2026-08-03T09:14:00-03:00,2026-08-03T10:05:00-03:00,2026-08-03T11:43:00-03:00,2026-08-03T11:58:00-03:00,,,,3.9
471,5,1,PLASMA,A,POSITIVO,2,URGENCIA,ATENDIDA,2026-08-03T09:16:00-03:00,2026-08-03T09:27:00-03:00,2026-08-03T10:30:00-03:00,2026-08-03T10:44:00-03:00,2026-08-03T11:05:00-03:00,,,,6.4
472,7,1,HEMACIAS,A,POSITIVO,3,NORMAL,ATENDIDA,2026-08-03T09:20:00-03:00,2026-08-03T10:46:00-03:00,2026-08-03T12:10:00-03:00,2026-08-03T15:33:00-03:00,2026-08-03T17:43:00-03:00,,,,15.5
473,9,2,PLAQUETAS,O,POSITIVO,2,NORMAL,ATENDIDA,2026-08-03T09:53:00-03:00,2026-08-03T14:52:00-03:00,2026-08-03T19:07:00-03:00,2026-08-03T19:38:00-03:00,2026-08-03T19:50:00-03:00,,,,2.1
474,3,1,PLASMA,A,POSITIVO,4,EMERGENCIA,ATENDIDA,2026-08-03T10:32:00-03:00,2026-08-03T10:40:00-03:00,2026-08-03T10:59:00-03:00,2026-08-03T11:06:00-03:00,2026-08-03T11:22:00-03:00,,,,3.9
475,3,1,PLAQUETAS,A,POSITIVO,4,NORMAL,ATENDIDA,2026-08-03T10:37:00-03:00,2026-08-03T10:53:00-03:00,2026-08-03T13:31:00-03:00,2026-08-03T15:00:00-03:00,2026-08-03T15:13:00-03:00,,,,3.9
476,5,1,PLAQUETAS,A,POSITIVO,2,NORMAL,ATENDIDA,2026-08-03T11:16:00-03:00,2026-08-03T12:45:00-03:00,2026-08-03T13:50:00-03:00,2026-08-03T14:24:00-03:00,2026-08-03T14:39:00-03:00,,,,6.4
477,3,2,HEMACIAS,O,POSITIVO,5,EMERGENCIA,ATENDIDA,2026-08-03T14:12:00-03:00,2026-08-03T14:19:00-03:00,2026-08-03T14:34:00-03:00,2026-08-03T14:41:00-03:00,2026-08-03T18:49:00-03:00,,,,158.0
478,7,1,HEMACIAS,O,POSITIVO,2,NORMAL,ATENDIDA,2026-08-03T15:52:00-03:00,2026-08-03T16:24:00-03:00,2026-08-03T20:33:00-03:00,2026-08-03T21:37:00-03:00,2026-08-03T22:00:00-03:00,,,,15.5
479,9,2,HEMACIAS,A,POSITIVO,4,URGENCIA,ATENDIDA,2026-08-03T15:56:00-03:00,2026-08-03T16:27:00-03:00,2026-08-03T17:04:00-03:00,2026-08-03T17:29:00-03:00,2026-08-03T17:41:00-03:00,,,,2.1
480,4,1,HEMACIAS,A,POSITIVO,2,NORMAL,ATENDIDA,2026-08-03T16:51:00-03:00,2026-08-03T18:47:00-03:00,2026-08-03T20:09:00-03:00,2026-08-04T00:52:00-03:00,2026-08-04T01:03:00-03:00,,,,1.5
481,8,1,PLAQUETAS,O,NEGATIVO,3,NORMAL,RECUSADA,2026-08-03T17:08:00-03:00,,,,,2026-08-03T17:34:00-03:00,,Sem bolsas compatíveis disponíveis,14.9
482,3,1,CRIOPRECIPITADO,A,POSITIVO,5,URGENCIA,ATENDIDA,2026-08-03T18:32:00-03:00,2026-08-03T18:51:00-03:00,2026-08-03T19:34:00-03:00,2026-08-03T19:40:00-03:00,2026-08-03T20:02:00-03:00,,,,3.9
483,3,1,HEMACIAS,O,POSITIVO,1,NORMAL,ATENDIDA,2026-08-03T19:43:00-03:00,2026-08-03T22:11:00-03:00,2026-08-04T03:29:00-03:00,2026-08-04T03:38:00-03:00,2026-08-04T03:51:00-03:00,,,,3.9
484,10,2,HEMACIAS,A,POSITIVO,1,NORMAL,ATENDIDA,2026-08-03T20:09:00-03:00,2026-08-03T21:02:00-03:00,2026-08-03T22:08:00-03:00,2026-08-03T22:47:00-03:00,2026-08-04T00:25:00-03:00,,,,60.6
485,4,1,HEMACIAS,B,POSITIVO,1,NORMAL,ATENDIDA,2026-08-03T20:35:00-03:00,2026-08-03T21:59:00-03:00,2026-08-03T22:33:00-03:00,2026-08-03T23:05:00-03:00,2026-08-03T23:18:00-03:00,,,,1.5
486,6,1,HEMACIAS,O,NEGATIVO,3,NORMAL,ATENDIDA,2026-08-03T22:16:00-03:00,2026-08-04T07:17:00-03:00,2026-08-04T10:15:00-03:00,2026-08-04T10:34:00-03:00,2026-08-04T11:19:00-03:00,,,,21.8
487,4,1,HEMACIAS,A,POSITIVO,2,URGENCIA,ATENDIDA,2026-08-03T22:45:00-03:00,2026-08-03T22:59:00-03:00,2026-08-03T23:16:00-03:00,2026-08-03T23:30:00-03:00,2026-08-03T23:40:00-03:00,,,,1.5
488,4,1,CRIOPRECIPITADO,A,POSITIVO,5,NORMAL,ATENDIDA,2026-08-04T00:33:00-03:00,2026-08-04T08:06:00-03:00,2026-08-04T08:44:00-03:00,2026-08-04T09:20:00-03:00,2026-08-04T09:34:00-03:00,,,,1.5
489,7,2,HEMACIAS,O,POSITIVO,4,EMERGENCIA,ATENDIDA,2026-08-04T01:47:00-03:00,2026-08-04T01:50:00-03:00,2026-08-04T02:05:00-03:00,2026-08-04T02:10:00-03:00,2026-08-04T07:36:00-03:00,,,,166.0
490,4,,CRIOPRECIPITADO,A,POSITIVO,6,NORMAL,CANCELADA,2026-08-04T03:46:00-03:00,,,,,,2026-08-04T06:20:00-03:00,,
491,9,2,HEMACIAS,O,POSITIVO,3,EMERGENCIA,ATENDIDA,2026-08-04T07:17:00-03:00,2026-08-04T07:22:00-03:00,2026-08-04T07:30:00-03:00,2026-08-04T07:36:00-03:00,2026-08-04T07:44:00-03:00,,,,2.1
492,5,1,PLAQUETAS,A,POSITIVO,2,NORMAL,ATENDIDA,2026-08-04T08:00:00-03:00,2026-08-04T09:35:00-03:00,2026-08-04T10:07:00-03:00,2026-08-04T10:27:00-03:00,2026-08-04T10:42:00-03:00,,,,6.4
493,10,2,HEMACIAS,O,POSITIVO,3,NORMAL,ATENDIDA,2026-08-04T09:38:00-03:00,2026-08-04T11:43:00-03:00,2026-08-04T13:13:00-03:00,2026-08-04T13:32:00-03:00,2026-08-04T15:06:00-03:00,,,,60.6
494,7,1,HEMACIAS,O,POSITIVO,4,URGENCIA,ATENDIDA,2026-08-04T09:59:00-03:00,2026-08-04T10:27:00-03:00,2026-08-04T10:44:00-03:00,2026-08-04T11:10:00-03:00,2026-08-04T11:31:00-03:00,,,,15.5
495,7,1,HEMACIAS,A,POSITIVO,2,NORMAL,ATENDIDA,2026-08-04T10:10:00-03:00,2026-08-04T11:23:00-03:00,2026-08-04T12:30:00-03:00,2026-08-04T12:53:00-03:00,2026-08-04T13:26:00-03:00,,,,15.5
496,10,2,HEMACIAS,B,NEGATIVO,2,NORMAL,ATENDIDA,2026-08-04T10:23:00-03:00,2026-08-04T11:57:00-03:00,2026-08-04T14:50:00-03:00,2026-08-04T15:11:00-03:00,2026-08-04T16:55:00-03:00,,,,60.6
497,5,1,HEMACIAS,A,POSITIVO,3,NORMAL,ATENDIDA,2026-08-04T10:27:00-03:00,2026-08-04T10:34:00-03:00,2026-08-04T13:15:00-03:00,2026-08-04T13:42:00-03:00,2026-08-04T13:59:00-03:00,,,,6.4
498,6,1,CRIOPRECIPITADO,O,POSITIVO,7,NORMAL,ATENDIDA,2026-08-04T12:01:00-03:00,2026-08-04T12:44:00-03:00,2026-08-04T14:52:00-03:00,2026-08-04T15:27:00-03:00,2026-08-04T16:20:00-03:00,,,,21.8
499,6,1,HEMACIAS,O,POSITIVO,1,NORMAL,ATENDIDA,2026-08-04T13:43:00-03:00,2026-08-04T15:21:00-03:00,2026-08-04T16:04:00-03:00,2026-08-04T16:13:00-03:00,2026-08-04T16:40:00-03:00,,,,21.8
500,9,2,HEMACIAS,A,NEGATIVO,1,NORMAL,ATENDIDA,2026-08-04T14:04:00-03:00,2026-08-04T14:40:00-03:00,2026-08-04T19:59:00-03:00,2026-08-04T20:38:00-03:00,2026-08-04T20:50:00-03:00,,,,2.1
501,7,1,HEMACIAS,O,POSITIVO,6,EMERGENCIA,ATENDIDA,2026-08-04T17:18:00-03:00,2026-08-04T17:21:00-03:00,2026-08-04T17:34:00-03:00,2026-08-04T17:39:00-03:00,2026-08-04T18:18:00-03:00,,,,15.5
502,9,2,HEMACIAS,A,POSITIVO,2,NORMAL,ATENDIDA,2026-08-04T18:00:00-03:00,2026-08-04T19:19:00-03:00,2026-08-04T20:03:00-03:00,2026-08-04T21:00:00-03:00,2026-08-04T21:13:00-03:00,,,,2.1
503,10,2,CRIOPRECIPITADO,A,POSITIVO,4,EMERGENCIA,RECUSADA,2026-08-04T18:06:00-03:00,,,,,2026-08-04T18:14:00-03:00,,Prioridade redirecionada para outra unidade,60.6
504,10,2,HEMACIAS,O,POSITIVO,4,NORMAL,ATENDIDA,2026-08-05T00:30:00-03:00,2026-08-05T07:27:00-03:00,2026-08-05T08:51:00-03:00,2026-08-05T10:20:00-03:00,2026-08-05T12:02:00-03:00,,,,60.6
505,4,1,HEMACIAS,B,POSITIVO,1,NORMAL,ATENDIDA,2026-08-05T01:34:00-03:00,2026-08-05T07:19:00-03:00,2026-08-05T08:55:00-03:00,2026-08-05T10:17:00-03:00,2026-08-05T10:35:00-03:00,,,,1.5
506,3,1,PLAQUETAS,A,POSITIVO,3,EMERGENCIA,ATENDIDA,2026-08-05T03:48:00-03:00,2026-08-05T03:53:00-03:00,2026-08-05T04:02:00-03:00,2026-08-05T04:10:00-03:00,2026-08-05T04:27:00-03:00,,,,3.9
507,3,1,HEMACIAS,B,POSITIVO,3,EMERGENCIA,ATENDIDA,2026-08-05T03:51:00-03:00,2026-08-05T03:54:00-03:00,2026-08-05T04:02:00-03:00,2026-08-05T04:06:00-03:00,2026-08-05T04:18:00-03:00,,,,3.9
508,5,1,HEMACIAS,A,POSITIVO,3,URGENCIA,ATENDIDA,2026-08-05T07:17:00-03:00,2026-08-05T07:25:00-03:00,2026-08-05T08:02:00-03:00,2026-08-05T08:11:00-03:00,2026-08-05T08:35:00-03:00,,,,6.4
509,3,1,PLASMA,A,POSITIVO,1,NORMAL,ATENDIDA,2026-08-05T07:50:00-03:00,2026-08-05T08:21:00-03:00,2026-08-05T10:14:00-03:00,2026-08-05T11:03:00-03:00,2026-08-05T11:24:00-03:00,,,,3.9
510,9,2,PLAQUETAS,O,POSITIVO,4,NORMAL,RECUSADA,2026-08-05T08:58:00-03:00,,,,,2026-08-05T09:49:00-03:00,,Dados da solicitação incompletos,2.1
511,3,1,CRIOPRECIPITADO,O,POSITIVO,8,NORMAL,ATENDIDA,2026-08-05T09:01:00-03:00,2026-08-05T09:50:00-03:00,2026-08-05T15:51:00-03:00,2026-08-05T17:57:00-03:00,2026-08-05T18:16:00-03:00,,,,3.9
512,3,1,PLAQUETAS,A,POSITIVO,2,NORMAL,ATENDIDA,2026-08-05T10:00:00-03:00,2026-08-05T10:35:00-03:00,2026-08-05T11:54:00-03:00,2026-08-05T12:40:00-03:00,2026-08-05T12:56:00-03:00,,,,3.9
513,3,1,HEMACIAS,O,POSITIVO,3,EMERGENCIA,ATENDIDA,2026-08-05T11:21:00-03:00,2026-08-05T11:30:00-03:00,2026-08-05T12:21:00-03:00,2026-08-05T12:30:00-03:00,2026-08-05T12:42:00-03:00,,,,3.9
514,7,1,HEMACIAS,O,POSITIVO,3,NORMAL,ATENDIDA,2026-08-05T12:28:00-03:00,2026-08-05T12:54:00-03:00,2026-08-05T14:27:00-03:00,2026-08-05T19:17:00-03:00,2026-08-05T19:45:00-03:00,,,,15.5
515,4,1,HEMACIAS,O,NEGATIVO,4,URGENCIA,ATENDIDA,2026-08-05T14:42:00-03:00,2026-08-05T14:54:00-03:00,2026-08-05T15:21:00-03:00,2026-08-05T15:42:00-03:00,2026-08-05T15:56:00-03:00,,,,1.5
516,3,1,HEMACIAS,A,POSITIVO,4,EMERGENCIA,ATENDIDA,2026-08-05T15:09:00-03:00,2026-08-05T15:17:00-03:00,2026-08-05T15:32:00-03:00,2026-08-05T15:37:00-03:00,2026-08-05T17:47:00-03:00,,,,3.9
517,3,2,HEMACIAS,O,POSITIVO,3,EMERGENCIA,ATENDIDA,2026-08-05T16:00:00-03:00,2026-08-05T16:04:00-03:00,2026-08-05T16:10:00-03:00,2026-08-05T16:17:00-03:00,2026-08-05T21:34:00-03:00,,,,158.0
518,9,2,PLASMA,A,POSITIVO,2,URGENCIA,ATENDIDA,2026-08-05T16:40:00-03:00,2026-08-05T17:20:00-03:00,2026-08-05T18:10:00-03:00,2026-08-05T18:23:00-03:00,2026-08-05T18:37:00-03:00,,,,2.1
519,3,1,HEMACIAS,O,POSITIVO,2,NORMAL,ATENDIDA,2026-08-05T17:28:00-03:00,2026-08-05T21:51:00-03:00,2026-08-06T00:16:00-03:00,2026-08-06T01:28:00-03:00,2026-08-06T01:41:00-03:00,,,,3.9
520,9,2,PLAQUETAS,A,POSITIVO,2,NORMAL,ATENDIDA,2026-08-05T18:31:00-03:00,2026-08-05T18:54:00-03:00,2026-08-05T20:05:00-03:00,2026-08-05T22:48:00-03:00,2026-08-05T23:01:00-03:00,,,,2.1
521,7,1,HEMACIAS,AB,POSITIVO,3,NORMAL,ATENDIDA,2026-08-05T18:49:00-03:00,2026-08-05T22:09:00-03:00,2026-08-05T23:45:00-03:00,2026-08-06T00:24:00-03:00,2026-08-06T01:01:00-03:00,,,,15.5
522,3,1,HEMACIAS,O,POSITIVO,1,NORMAL,ATENDIDA,2026-08-05T18:59:00-03:00,2026-08-05T20:16:00-03:00,2026-08-05T23:07:00-03:00,2026-08-06T00:02:00-03:00,2026-08-06T00:20:00-03:00,,,,3.9
523,7,1,PLAQUETAS,O,POSITIVO,2,NORMAL,ATENDIDA,2026-08-05T19:10:00-03:00,2026-08-05T20:51:00-03:00,2026-08-06T00:24:00-03:00,2026-08-06T01:28:00-03:00,2026-08-06T02:30:00-03:00,,,,15.5
524,9,2,CRIOPRECIPITADO,O,POSITIVO,6,URGENCIA,ATENDIDA,2026-08-05T20:44:00-03:00,2026-08-05T21:11:00-03:00,2026-08-05T21:47:00-03:00,2026-08-05T22:04:00-03:00,2026-08-05T22:21:00-03:00,,,,2.1
525,9,2,PLASMA,A,POSITIVO,4,URGENCIA,ATENDIDA,2026-08-05T20:58:00-03:00,2026-08-05T21:18:00-03:00,2026-08-05T21:56:00-03:00,2026-08-05T22:10:00-03:00,2026-08-05T22:24:00-03:00,,,,2.1
526,6,1,HEMACIAS,A,POSITIVO,4,NORMAL,ATENDIDA,2026-08-06T01:26:00-03:00,2026-08-06T07:42:00-03:00,2026-08-06T08:20:00-03:00,2026-08-06T08:39:00-03:00,2026-08-06T09:32:00-03:00,,,,21.8
527,8,1,PLASMA,A,POSITIVO,1,URGENCIA,ATENDIDA,2026-08-06T05:44:00-03:00,2026-08-06T06:03:00-03:00,2026-08-06T06:23:00-03:00,2026-08-06T06:36:00-03:00,2026-08-06T07:01:00-03:00,,,,14.9
528,5,1,HEMACIAS,B,POSITIVO,4,NORMAL,ATENDIDA,2026-08-06T07:34:00-03:00,2026-08-06T11:32:00-03:00,2026-08-06T14:30:00-03:00,2026-08-06T15:24:00-03:00,2026-08-06T15:46:00-03:00,,,,6.4
529,6,1,CRIOPRECIPITADO,O,NEGATIVO,8,URGENCIA,ATENDIDA,2026-08-06T10:50:00-03:00,2026-08-06T11:05:00-03:00,2026-08-06T11:45:00-03:00,2026-08-06T12:09:00-03:00,2026-08-06T13:03:00-03:00,,,,21.8
530,6,1,HEMACIAS,A,NEGATIVO,5,EMERGENCIA,ATENDIDA,2026-08-06T12:45:00-03:00,2026-08-06T13:04:00-03:00,2026-08-06T13:14:00-03:00,2026-08-06T13:19:00-03:00,2026-08-06T16:32:00-03:00,,,,21.8
531,8,1,PLAQUETAS,A,POSITIVO,4,NORMAL,ATENDIDA,2026-08-06T14:10:00-03:00,2026-08-06T17:43:00-03:00,2026-08-06T19:13:00-03:00,2026-08-06T19:36:00-03:00,2026-08-06T20:45:00-03:00,,,,14.9
532,8,1,PLASMA,O,NEGATIVO,2,URGENCIA,ATENDIDA,2026-08-06T18:27:00-03:00,2026-08-06T19:11:00-03:00,2026-08-06T19:32:00-03:00,2026-08-06T19:38:00-03:00,2026-08-06T20:17:00-03:00,,,,14.9
533,7,1,HEMACIAS,A,POSITIVO,2,NORMAL,RECUSADA,2026-08-06T20:43:00-03:00,,,,,2026-08-06T22:00:00-03:00,,Sem bolsas compatíveis disponíveis,15.5
534,9,2,HEMACIAS,O,NEGATIVO,2,URGENCIA,ATENDIDA,2026-08-06T20:52:00-03:00,2026-08-06T21:29:00-03:00,2026-08-06T22:22:00-03:00,2026-08-06T22:48:00-03:00,2026-08-06T22:57:00-03:00,,,,2.1
535,4,1,HEMACIAS,O,NEGATIVO,1,NORMAL,ATENDIDA,2026-08-07T05:26:00-03:00,2026-08-07T07:16:00-03:00,2026-08-07T09:03:00-03:00,2026-08-07T10:27:00-03:00,2026-08-07T10:38:00-03:00,,,,1.5
536,6,1,HEMACIAS,O,POSITIVO,1,URGENCIA,ATENDIDA,2026-08-07T07:47:00-03:00,2026-08-07T08:03:00-03:00,2026-08-07T08:34:00-03:00,2026-08-07T08:57:00-03:00,2026-08-07T09:33:00-03:00,,,,21.8
537,5,1,HEMACIAS,O,POSITIVO,2,URGENCIA,ATENDIDA,2026-08-07T08:13:00-03:00,2026-08-07T08:27:00-03:00,2026-08-07T09:33:00-03:00,2026-08-07T09:52:00-03:00,2026-08-07T10:22:00-03:00,,,,6.4
538,3,1,PLAQUETAS,O,POSITIVO,3,NORMAL,ATENDIDA,2026-08-07T09:08:00-03:00,2026-08-07T14:01:00-03:00,2026-08-07T16:59:00-03:00,2026-08-07T18:09:00-03:00,2026-08-07T18:25:00-03:00,,,,3.9
539,6,1,HEMACIAS,O,POSITIVO,2,NORMAL,ATENDIDA,2026-08-07T09:52:00-03:00,2026-08-07T12:55:00-03:00,2026-08-07T14:41:00-03:00,2026-08-07T20:05:00-03:00,2026-08-07T21:10:00-03:00,,,,21.8
540,9,2,PLAQUETAS,O,POSITIVO,1,NORMAL,ATENDIDA,2026-08-07T11:20:00-03:00,2026-08-07T14:19:00-03:00,2026-08-07T16:27:00-03:00,2026-08-07T17:39:00-03:00,2026-08-07T18:00:00-03:00,,,,2.1
541,3,1,PLASMA,A,POSITIVO,2,NORMAL,ATENDIDA,2026-08-07T12:10:00-03:00,2026-08-07T14:08:00-03:00,2026-08-07T16:52:00-03:00,2026-08-07T17:49:00-03:00,2026-08-07T18:00:00-03:00,,,,3.9
542,10,2,PLASMA,B,POSITIVO,2,URGENCIA,ATENDIDA,2026-08-07T12:51:00-03:00,2026-08-07T13:18:00-03:00,2026-08-07T13:35:00-03:00,2026-08-07T14:13:00-03:00,2026-08-07T15:57:00-03:00,,,,60.6
543,3,1,HEMACIAS,A,POSITIVO,3,NORMAL,ATENDIDA,2026-08-07T14:20:00-03:00,2026-08-07T14:59:00-03:00,2026-08-07T17:31:00-03:00,2026-08-07T19:02:00-03:00,2026-08-07T19:16:00-03:00,,,,3.9
544,9,2,HEMACIAS,O,NEGATIVO,3,NORMAL,ATENDIDA,2026-08-07T14:43:00-03:00,2026-08-07T15:07:00-03:00,2026-08-07T15:49:00-03:00,2026-08-07T16:48:00-03:00,2026-08-07T18:01:00-03:00,,,,2.1
545,4,1,HEMACIAS,O,POSITIVO,2,URGENCIA,ATENDIDA,2026-08-07T17:38:00-03:00,2026-08-07T17:46:00-03:00,2026-08-07T18:27:00-03:00,2026-08-07T18:40:00-03:00,2026-08-07T18:50:00-03:00,,,,1.5
546,4,1,HEMACIAS,AB,POSITIVO,1,NORMAL,ATENDIDA,2026-08-07T18:11:00-03:00,2026-08-07T18:31:00-03:00,2026-08-07T23:41:00-03:00,2026-08-08T00:09:00-03:00,2026-08-08T00:20:00-03:00,,,,1.5
547,9,2,PLASMA,O,NEGATIVO,1,URGENCIA,ATENDIDA,2026-08-07T18:43:00-03:00,2026-08-07T18:57:00-03:00,2026-08-07T19:36:00-03:00,2026-08-07T19:48:00-03:00,2026-08-07T20:06:00-03:00,,,,2.1
548,3,1,PLASMA,O,NEGATIVO,3,NORMAL,ATENDIDA,2026-08-07T18:56:00-03:00,2026-08-07T20:10:00-03:00,2026-08-07T20:59:00-03:00,2026-08-07T23:13:00-03:00,2026-08-07T23:32:00-03:00,,,,3.9
549,3,1,PLASMA,AB,POSITIVO,3,NORMAL,ATENDIDA,2026-08-07T19:47:00-03:00,2026-08-07T20:18:00-03:00,2026-08-07T23:18:00-03:00,2026-08-07T23:51:00-03:00,2026-08-08T00:14:00-03:00,,,,3.9
550,5,1,PLASMA,O,POSITIVO,1,NORMAL,ATENDIDA,2026-08-07T23:06:00-03:00,2026-08-08T07:16:00-03:00,2026-08-08T07:45:00-03:00,2026-08-08T08:43:00-03:00,2026-08-08T09:14:00-03:00,,,,6.4
551,10,2,HEMACIAS,A,POSITIVO,3,NORMAL,ATENDIDA,2026-08-07T23:45:00-03:00,2026-08-08T07:26:00-03:00,2026-08-08T08:34:00-03:00,2026-08-08T10:29:00-03:00,2026-08-08T12:22:00-03:00,,,,60.6
552,4,1,HEMACIAS,O,POSITIVO,5,EMERGENCIA,ATENDIDA,2026-08-08T04:35:00-03:00,2026-08-08T04:39:00-03:00,2026-08-08T04:50:00-03:00,2026-08-08T04:53:00-03:00,2026-08-08T05:04:00-03:00,,,,1.5
553,5,1,PLASMA,O,NEGATIVO,2,NORMAL,ATENDIDA,2026-08-08T06:29:00-03:00,2026-08-08T07:18:00-03:00,2026-08-08T08:51:00-03:00,2026-08-08T10:10:00-03:00,2026-08-08T10:33:00-03:00,,,,6.4
554,3,1,HEMACIAS,AB,POSITIVO,1,NORMAL,ATENDIDA,2026-08-08T09:37:00-03:00,2026-08-08T10:28:00-03:00,2026-08-08T13:43:00-03:00,2026-08-08T15:08:00-03:00,2026-08-08T15:23:00-03:00,,,,3.9
555,6,2,CRIOPRECIPITADO,A,POSITIVO,8,NORMAL,ATENDIDA,2026-08-08T12:25:00-03:00,2026-08-08T14:39:00-03:00,2026-08-08T17:22:00-03:00,2026-08-08T18:25:00-03:00,2026-08-08T21:16:00-03:00,,,,140.4
556,3,1,PLASMA,A,POSITIVO,1,URGENCIA,ATENDIDA,2026-08-08T16:37:00-03:00,2026-08-08T17:05:00-03:00,2026-08-08T17:36:00-03:00,2026-08-08T17:47:00-03:00,2026-08-08T18:07:00-03:00,,,,3.9
557,6,1,HEMACIAS,O,POSITIVO,4,NORMAL,ATENDIDA,2026-08-08T16:53:00-03:00,2026-08-08T18:06:00-03:00,2026-08-08T21:27:00-03:00,2026-08-08T22:38:00-03:00,2026-08-08T23:15:00-03:00,,,,21.8
558,3,1,HEMACIAS,A,POSITIVO,3,NORMAL,RECUSADA,2026-08-08T21:02:00-03:00,,,,,2026-08-08T22:40:00-03:00,,Prioridade redirecionada para outra unidade,3.9
559,10,2,HEMACIAS,A,POSITIVO,2,NORMAL,ATENDIDA,2026-08-08T22:29:00-03:00,2026-08-09T07:15:00-03:00,2026-08-09T09:19:00-03:00,2026-08-09T09:36:00-03:00,2026-08-09T11:34:00-03:00,,,,60.6
560,8,1,HEMACIAS,O,POSITIVO,1,NORMAL,ATENDIDA,2026-08-09T00:29:00-03:00,2026-08-09T02:14:00-03:00,2026-08-09T06:09:00-03:00,2026-08-09T06:40:00-03:00,2026-08-09T07:17:00-03:00,,,,14.9
561,3,1,PLASMA,A,POSITIVO,4,NORMAL,ATENDIDA,2026-08-09T07:02:00-03:00,2026-08-09T08:38:00-03:00,2026-08-09T10:21:00-03:00,2026-08-09T10:56:00-03:00,2026-08-09T11:12:00-03:00,,,,3.9
562,4,2,HEMACIAS,O,POSITIVO,1,URGENCIA,ATENDIDA,2026-08-09T08:35:00-03:00,2026-08-09T08:43:00-03:00,2026-08-09T09:31:00-03:00,2026-08-09T09:41:00-03:00,2026-08-09T15:52:00-03:00,,,,160.2
563,5,1,HEMACIAS,O,POSITIVO,2,NORMAL,ATENDIDA,2026-08-09T10:02:00-03:00,2026-08-09T13:16:00-03:00,2026-08-10T02:57:00-03:00,2026-08-10T03:22:00-03:00,2026-08-10T03:44:00-03:00,,,,6.4
564,3,1,HEMACIAS,A,NEGATIVO,3,NORMAL,ATENDIDA,2026-08-09T16:07:00-03:00,2026-08-09T16:31:00-03:00,2026-08-09T17:26:00-03:00,2026-08-09T18:07:00-03:00,2026-08-09T18:20:00-03:00,,,,3.9
565,3,1,HEMACIAS,A,POSITIVO,3,NORMAL,ATENDIDA,2026-08-10T01:47:00-03:00,2026-08-10T07:27:00-03:00,2026-08-10T08:39:00-03:00,2026-08-10T10:12:00-03:00,2026-08-10T10:24:00-03:00,,,,3.9
566,3,1,PLAQUETAS,A,POSITIVO,3,EMERGENCIA,ATENDIDA,2026-08-10T06:59:00-03:00,2026-08-10T07:06:00-03:00,2026-08-10T07:24:00-03:00,2026-08-10T07:33:00-03:00,2026-08-10T07:54:00-03:00,,,,3.9
567,10,1,HEMACIAS,O,NEGATIVO,2,NORMAL,ATENDIDA,2026-08-10T07:27:00-03:00,2026-08-10T09:54:00-03:00,2026-08-10T10:52:00-03:00,2026-08-10T11:10:00-03:00,2026-08-10T13:16:00-03:00,,,,100.9
568,3,1,HEMACIAS,A,POSITIVO,2,URGENCIA,ATENDIDA,2026-08-10T11:10:00-03:00,2026-08-10T11:27:00-03:00,2026-08-10T12:11:00-03:00,2026-08-10T12:22:00-03:00,2026-08-10T12:42:00-03:00,,,,3.9
569,5,1,HEMACIAS,A,POSITIVO,3,NORMAL,ATENDIDA,2026-08-10T11:56:00-03:00,2026-08-10T13:13:00-03:00,2026-08-10T14:22:00-03:00,2026-08-10T14:41:00-03:00,2026-08-10T15:05:00-03:00,,,,6.4
570,5,1,PLAQUETAS,A,POSITIVO,5,EMERGENCIA,ATENDIDA,2026-08-10T12:26:00-03:00,2026-08-10T12:34:00-03:00,2026-08-10T12:55:00-03:00,2026-08-10T13:01:00-03:00,2026-08-10T13:15:00-03:00,,,,6.4
571,5,1,HEMACIAS,O,POSITIVO,2,URGENCIA,ATENDIDA,2026-08-10T13:34:00-03:00,2026-08-10T13:49:00-03:00,2026-08-10T13:59:00-03:00,2026-08-10T14:25:00-03:00,2026-08-10T14:53:00-03:00,,,,6.4
572,3,1,PLAQUETAS,A,POSITIVO,2,URGENCIA,ATENDIDA,2026-08-10T13:59:00-03:00,2026-08-10T14:10:00-03:00,2026-08-10T14:50:00-03:00,2026-08-10T15:07:00-03:00,2026-08-10T15:20:00-03:00,,,,3.9
573,3,1,HEMACIAS,O,POSITIVO,4,NORMAL,ATENDIDA,2026-08-10T14:24:00-03:00,2026-08-10T15:12:00-03:00,2026-08-11T03:13:00-03:00,2026-08-11T04:03:00-03:00,2026-08-11T04:20:00-03:00,,,,3.9
574,8,1,PLAQUETAS,O,NEGATIVO,4,EMERGENCIA,ATENDIDA,2026-08-10T15:54:00-03:00,2026-08-10T15:59:00-03:00,2026-08-10T16:17:00-03:00,2026-08-10T16:27:00-03:00,2026-08-10T16:56:00-03:00,,,,14.9
575,10,2,PLAQUETAS,A,NEGATIVO,5,EMERGENCIA,ATENDIDA,2026-08-10T16:11:00-03:00,2026-08-10T16:14:00-03:00,2026-08-10T16:20:00-03:00,2026-08-10T16:31:00-03:00,2026-08-10T18:55:00-03:00,,,,60.6
576,10,2,HEMACIAS,A,POSITIVO,2,NORMAL,ATENDIDA,2026-08-10T18:20:00-03:00,2026-08-10T21:26:00-03:00,2026-08-11T07:12:00-03:00,2026-08-11T08:02:00-03:00,2026-08-11T09:49:00-03:00,,,,60.6
577,6,1,HEMACIAS,A,NEGATIVO,3,EMERGENCIA,ATENDIDA,2026-08-10T19:38:00-03:00,2026-08-10T19:41:00-03:00,2026-08-10T19:57:00-03:00,2026-08-10T20:02:00-03:00,2026-08-10T21:10:00-03:00,,,,21.8
578,4,1,HEMACIAS,O,POSITIVO,2,NORMAL,ATENDIDA,2026-08-10T22:14:00-03:00,2026-08-11T07:30:00-03:00,2026-08-11T10:22:00-03:00,2026-08-11T11:25:00-03:00,2026-08-11T11:41:00-03:00,,,,1.5
579,9,2,PLASMA,O,POSITIVO,1,URGENCIA,ATENDIDA,2026-08-11T03:27:00-03:00,2026-08-11T03:54:00-03:00,2026-08-11T04:25:00-03:00,2026-08-11T04:39:00-03:00,2026-08-11T04:55:00-03:00,,,,2.1
580,5,1,HEMACIAS,O,POSITIVO,1,NORMAL,ATENDIDA,2026-08-11T03:27:00-03:00,2026-08-11T06:41:00-03:00,2026-08-11T08:26:00-03:00,2026-08-11T09:33:00-03:00,2026-08-11T09:57:00-03:00,,,,6.4
581,4,2,PLAQUETAS,A,POSITIVO,2,NORMAL,ATENDIDA,2026-08-11T03:50:00-03:00,2026-08-11T05:53:00-03:00,2026-08-11T09:30:00-03:00,2026-08-11T11:36:00-03:00,2026-08-11T14:58:00-03:00,,,,160.2
582,10,2,HEMACIAS,O,POSITIVO,2,NORMAL,ATENDIDA,2026-08-11T09:42:00-03:00,2026-08-11T12:16:00-03:00,2026-08-11T13:40:00-03:00,2026-08-11T14:30:00-03:00,2026-08-11T15:56:00-03:00,,,,60.6
583,3,1,HEMACIAS,B,POSITIVO,4,NORMAL,ATENDIDA,2026-08-11T10:12:00-03:00,2026-08-11T11:50:00-03:00,2026-08-11T17:21:00-03:00,2026-08-11T17:52:00-03:00,2026-08-11T18:06:00-03:00,,,,3.9
584,3,1,HEMACIAS,O,POSITIVO,2,NORMAL,ATENDIDA,2026-08-11T10:30:00-03:00,2026-08-11T12:02:00-03:00,2026-08-11T13:07:00-03:00,2026-08-11T14:06:00-03:00,2026-08-11T14:35:00-03:00,,,,3.9
585,8,1,HEMACIAS,A,POSITIVO,1,URGENCIA,ATENDIDA,2026-08-11T11:00:00-03:00,2026-08-11T11:09:00-03:00,2026-08-11T11:34:00-03:00,2026-08-11T11:51:00-03:00,2026-08-11T12:24:00-03:00,,,,14.9
586,6,1,HEMACIAS,A,NEGATIVO,2,URGENCIA,ATENDIDA,2026-08-11T11:22:00-03:00,2026-08-11T11:38:00-03:00,2026-08-11T11:57:00-03:00,2026-08-11T12:07:00-03:00,2026-08-11T12:50:00-03:00,,,,21.8
587,4,1,CRIOPRECIPITADO,A,POSITIVO,4,EMERGENCIA,ATENDIDA,2026-08-11T12:48:00-03:00,2026-08-11T12:52:00-03:00,2026-08-11T13:04:00-03:00,2026-08-11T13:14:00-03:00,2026-08-11T13:22:00-03:00,,,,1.5
588,3,1,PLAQUETAS,O,POSITIVO,1,URGENCIA,ATENDIDA,2026-08-11T17:47:00-03:00,2026-08-11T18:44:00-03:00,2026-08-11T19:22:00-03:00,2026-08-11T19:33:00-03:00,2026-08-11T19:48:00-03:00,,,,3.9
589,3,1,PLAQUETAS,O,POSITIVO,1,NORMAL,ATENDIDA,2026-08-11T19:11:00-03:00,2026-08-11T21:19:00-03:00,2026-08-12T08:07:00-03:00,2026-08-12T09:19:00-03:00,2026-08-12T09:36:00-03:00,,,,3.9
590,9,2,PLAQUETAS,A,NEGATIVO,3,URGENCIA,ATENDIDA,2026-08-11T19:45:00-03:00,2026-08-11T20:08:00-03:00,2026-08-11T20:26:00-03:00,2026-08-11T21:03:00-03:00,2026-08-11T21:12:00-03:00,,,,2.1
591,4,2,PLASMA,A,NEGATIVO,2,NORMAL,ATENDIDA,2026-08-11T20:42:00-03:00,2026-08-11T22:01:00-03:00,2026-08-11T23:12:00-03:00,2026-08-11T23:46:00-03:00,2026-08-12T04:12:00-03:00,,,,160.2
592,3,1,PLAQUETAS,O,POSITIVO,1,NORMAL,ATENDIDA,2026-08-11T23:51:00-03:00,2026-08-12T07:22:00-03:00,2026-08-12T10:21:00-03:00,2026-08-12T11:19:00-03:00,2026-08-12T11:36:00-03:00,,,,3.9
593,10,2,HEMACIAS,O,POSITIVO,2,NORMAL,ATENDIDA,2026-08-12T00:12:00-03:00,2026-08-12T07:48:00-03:00,2026-08-12T11:08:00-03:00,2026-08-12T11:33:00-03:00,2026-08-12T13:53:00-03:00,,,,60.6
594,9,2,HEMACIAS,O,POSITIVO,3,NORMAL,ATENDIDA,2026-08-12T03:34:00-03:00,2026-08-12T04:32:00-03:00,2026-08-12T05:22:00-03:00,2026-08-12T06:02:00-03:00,2026-08-12T06:15:00-03:00,,,,2.1
595,4,1,HEMACIAS,A,POSITIVO,1,NORMAL,ATENDIDA,2026-08-12T04:05:00-03:00,2026-08-12T04:38:00-03:00,2026-08-12T06:07:00-03:00,2026-08-12T06:48:00-03:00,2026-08-12T06:59:00-03:00,,,,1.5
596,3,2,HEMACIAS,A,POSITIVO,3,NORMAL,ATENDIDA,2026-08-12T07:14:00-03:00,2026-08-12T08:11:00-03:00,2026-08-12T10:34:00-03:00,2026-08-12T11:39:00-03:00,2026-08-12T16:40:00-03:00,,,,158.0
597,4,1,PLAQUETAS,O,POSITIVO,1,NORMAL,ATENDIDA,2026-08-12T07:23:00-03:00,2026-08-12T08:21:00-03:00,2026-08-12T09:43:00-03:00,2026-08-12T11:01:00-03:00,2026-08-12T11:11:00-03:00,,,,1.5
598,9,2,CRIOPRECIPITADO,O,POSITIVO,6,URGENCIA,ATENDIDA,2026-08-12T08:06:00-03:00,2026-08-12T08:12:00-03:00,2026-08-12T08:46:00-03:00,2026-08-12T09:01:00-03:00,2026-08-12T09:13:00-03:00,,,,2.1
599,9,2,HEMACIAS,O,POSITIVO,2,NORMAL,RECUSADA,2026-08-12T09:24:00-03:00,,,,,2026-08-12T11:04:00-03:00,,Sem bolsas compatíveis disponíveis,2.1
600,9,2,CRIOPRECIPITADO,A,POSITIVO,4,NORMAL,ATENDIDA,2026-08-12T09:42:00-03:00,2026-08-12T10:16:00-03:00,2026-08-12T12:16:00-03:00,2026-08-12T12:54:00-03:00,2026-08-12T13:09:00-03:00,,,,2.1
601,8,1,HEMACIAS,A,POSITIVO,3,NORMAL,ATENDIDA,2026-08-12T13:13:00-03:00,2026-08-12T14:45:00-03:00,2026-08-12T16:37:00-03:00,2026-08-12T17:52:00-03:00,2026-08-12T18:30:00-03:00,,,,14.9
602,4,1,CRIOPRECIPITADO,A,POSITIVO,4,NORMAL,ATENDIDA,2026-08-13T02:29:00-03:00,2026-08-13T04:05:00-03:00,2026-08-13T05:50:00-03:00,2026-08-13T08:23:00-03:00,2026-08-13T08:35:00-03:00,,,,1.5
603,8,1,PLAQUETAS,B,NEGATIVO,2,NORMAL,ATENDIDA,2026-08-13T02:33:00-03:00,2026-08-13T03:31:00-03:00,2026-08-13T04:40:00-03:00,2026-08-13T05:44:00-03:00,2026-08-13T06:21:00-03:00,,,,14.9
604,4,1,HEMACIAS,O,POSITIVO,4,EMERGENCIA,ATENDIDA,2026-08-13T12:08:00-03:00,2026-08-13T12:11:00-03:00,2026-08-13T12:23:00-03:00,2026-08-13T12:29:00-03:00,2026-08-13T12:39:00-03:00,,,,1.5
605,3,1,HEMACIAS,O,NEGATIVO,3,NORMAL,ATENDIDA,2026-08-13T13:00:00-03:00,2026-08-13T14:37:00-03:00,2026-08-13T16:12:00-03:00,2026-08-13T17:09:00-03:00,2026-08-13T17:24:00-03:00,,,,3.9
606,3,1,HEMACIAS,A,NEGATIVO,4,NORMAL,ATENDIDA,2026-08-13T14:14:00-03:00,2026-08-13T15:34:00-03:00,2026-08-13T16:30:00-03:00,2026-08-13T17:37:00-03:00,2026-08-13T17:54:00-03:00,,,,3.9
607,9,2,PLASMA,A,POSITIVO,3,NORMAL,ATENDIDA,2026-08-13T15:02:00-03:00,2026-08-13T15:36:00-03:00,2026-08-13T18:33:00-03:00,2026-08-13T19:03:00-03:00,2026-08-13T19:17:00-03:00,,,,2.1
608,3,1,PLAQUETAS,O,POSITIVO,4,EMERGENCIA,ATENDIDA,2026-08-13T15:13:00-03:00,2026-08-13T15:18:00-03:00,2026-08-13T15:25:00-03:00,2026-08-13T15:28:00-03:00,2026-08-13T15:41:00-03:00,,,,3.9
609,5,1,HEMACIAS,O,POSITIVO,2,NORMAL,ATENDIDA,2026-08-13T17:29:00-03:00,2026-08-13T19:57:00-03:00,2026-08-14T04:26:00-03:00,2026-08-14T08:30:00-03:00,2026-08-14T09:00:00-03:00,,,,6.4
610,4,1,HEMACIAS,O,POSITIVO,2,NORMAL,ATENDIDA,2026-08-13T18:19:00-03:00,2026-08-13T18:56:00-03:00,2026-08-13T19:46:00-03:00,2026-08-13T20:15:00-03:00,2026-08-13T20:27:00-03:00,,,,1.5
611,7,1,HEMACIAS,A,POSITIVO,6,EMERGENCIA,ATENDIDA,2026-08-13T18:27:00-03:00,2026-08-13T18:33:00-03:00,2026-08-13T18:53:00-03:00,2026-08-13T18:56:00-03:00,2026-08-13T19:35:00-03:00,,,,15.5
612,3,1,PLASMA,A,POSITIVO,2,URGENCIA,ATENDIDA,2026-08-13T20:06:00-03:00,2026-08-13T20:43:00-03:00,2026-08-13T21:09:00-03:00,2026-08-13T21:27:00-03:00,2026-08-13T21:46:00-03:00,,,,3.9
613,9,2,CRIOPRECIPITADO,B,POSITIVO,4,NORMAL,ATENDIDA,2026-08-13T20:47:00-03:00,2026-08-13T22:39:00-03:00,2026-08-14T00:58:00-03:00,2026-08-14T01:19:00-03:00,2026-08-14T01:36:00-03:00,,,,2.1
614,10,2,HEMACIAS,O,NEGATIVO,1,URGENCIA,RECUSADA,2026-08-13T21:44:00-03:00,,,,,2026-08-13T22:18:00-03:00,,Sem bolsas compatíveis disponíveis,60.6
615,10,2,PLASMA,O,NEGATIVO,2,URGENCIA,ATENDIDA,2026-08-14T05:12:00-03:00,2026-08-14T05:31:00-03:00,2026-08-14T06:25:00-03:00,2026-08-14T06:37:00-03:00,2026-08-14T07:31:00-03:00,,,,60.6
616,4,1,PLAQUETAS,AB,POSITIVO,2,NORMAL,ATENDIDA,2026-08-14T08:41:00-03:00,2026-08-14T09:17:00-03:00,2026-08-14T11:14:00-03:00,2026-08-14T14:02:00-03:00,2026-08-14T14:13:00-03:00,,,,1.5
617,10,2,HEMACIAS,O,NEGATIVO,2,NORMAL,ATENDIDA,2026-08-14T09:16:00-03:00,2026-08-14T12:46:00-03:00,2026-08-14T14:50:00-03:00,2026-08-14T15:27:00-03:00,2026-08-14T17:38:00-03:00,,,,60.6
618,9,2,HEMACIAS,B,POSITIVO,5,EMERGENCIA,ATENDIDA,2026-08-14T10:27:00-03:00,2026-08-14T10:30:00-03:00,2026-08-14T10:48:00-03:00,2026-08-14T10:51:00-03:00,2026-08-14T11:02:00-03:00,,,,2.1
619,8,1,HEMACIAS,O,NEGATIVO,2,NORMAL,ATENDIDA,2026-08-14T10:47:00-03:00,2026-08-14T11:25:00-03:00,2026-08-14T12:38:00-03:00,2026-08-14T14:30:00-03:00,2026-08-14T14:53:00-03:00,,,,14.9
620,5,1,PLASMA,A,POSITIVO,4,EMERGENCIA,ATENDIDA,2026-08-14T11:05:00-03:00,2026-08-14T11:12:00-03:00,2026-08-14T11:23:00-03:00,2026-08-14T11:30:00-03:00,2026-08-14T11:43:00-03:00,,,,6.4
621,6,1,HEMACIAS,A,POSITIVO,3,NORMAL,ATENDIDA,2026-08-14T13:24:00-03:00,2026-08-14T15:17:00-03:00,2026-08-14T16:06:00-03:00,2026-08-14T17:32:00-03:00,2026-08-14T18:17:00-03:00,,,,21.8
622,7,1,HEMACIAS,O,POSITIVO,3,NORMAL,RECUSADA,2026-08-14T14:37:00-03:00,,,,,2026-08-14T15:55:00-03:00,,Sem bolsas compatíveis disponíveis,15.5
623,8,2,PLAQUETAS,A,POSITIVO,3,NORMAL,ATENDIDA,2026-08-14T14:39:00-03:00,2026-08-14T15:21:00-03:00,2026-08-14T19:02:00-03:00,2026-08-14T19:25:00-03:00,2026-08-14T23:49:00-03:00,,,,148.2
624,3,1,PLAQUETAS,A,NEGATIVO,1,URGENCIA,ATENDIDA,2026-08-14T14:57:00-03:00,2026-08-14T15:33:00-03:00,2026-08-14T16:02:00-03:00,2026-08-14T16:10:00-03:00,2026-08-14T16:31:00-03:00,,,,3.9
625,4,1,HEMACIAS,A,NEGATIVO,3,NORMAL,ATENDIDA,2026-08-14T15:39:00-03:00,2026-08-14T16:19:00-03:00,2026-08-14T17:54:00-03:00,2026-08-14T19:39:00-03:00,2026-08-14T19:50:00-03:00,,,,1.5
626,6,1,HEMACIAS,O,POSITIVO,3,NORMAL,ATENDIDA,2026-08-14T16:02:00-03:00,2026-08-14T20:48:00-03:00,2026-08-14T22:21:00-03:00,2026-08-15T00:19:00-03:00,2026-08-15T00:49:00-03:00,,,,21.8
627,10,1,PLAQUETAS,A,POSITIVO,3,URGENCIA,ATENDIDA,2026-08-14T16:08:00-03:00,2026-08-14T16:37:00-03:00,2026-08-14T17:01:00-03:00,2026-08-14T17:06:00-03:00,2026-08-14T19:26:00-03:00,,,,100.9
628,10,2,PLAQUETAS,A,POSITIVO,1,NORMAL,ATENDIDA,2026-08-14T18:37:00-03:00,2026-08-14T20:12:00-03:00,2026-08-14T23:28:00-03:00,2026-08-15T00:22:00-03:00,2026-08-15T02:10:00-03:00,,,,60.6
629,8,2,CRIOPRECIPITADO,O,POSITIVO,8,URGENCIA,ATENDIDA,2026-08-14T19:47:00-03:00,2026-08-14T20:24:00-03:00,2026-08-14T20:38:00-03:00,2026-08-14T20:54:00-03:00,2026-08-15T04:45:00-03:00,,,,148.2
630,7,1,HEMACIAS,A,POSITIVO,2,NORMAL,ATENDIDA,2026-08-14T20:52:00-03:00,2026-08-15T00:11:00-03:00,2026-08-15T02:12:00-03:00,2026-08-15T03:13:00-03:00,2026-08-15T03:54:00-03:00,,,,15.5
631,4,1,HEMACIAS,AB,NEGATIVO,1,URGENCIA,ATENDIDA,2026-08-15T07:44:00-03:00,2026-08-15T08:18:00-03:00,2026-08-15T09:04:00-03:00,2026-08-15T09:23:00-03:00,2026-08-15T09:37:00-03:00,,,,1.5
632,3,1,PLAQUETAS,A,NEGATIVO,3,NORMAL,ATENDIDA,2026-08-15T08:43:00-03:00,2026-08-15T13:40:00-03:00,2026-08-15T17:53:00-03:00,2026-08-15T20:03:00-03:00,2026-08-15T20:15:00-03:00,,,,3.9
633,4,1,HEMACIAS,O,POSITIVO,3,URGENCIA,ATENDIDA,2026-08-15T12:14:00-03:00,2026-08-15T12:57:00-03:00,2026-08-15T13:08:00-03:00,2026-08-15T13:25:00-03:00,2026-08-15T13:37:00-03:00,,,,1.5
634,6,1,HEMACIAS,AB,POSITIVO,2,NORMAL,ATENDIDA,2026-08-15T12:45:00-03:00,2026-08-15T15:42:00-03:00,2026-08-15T23:24:00-03:00,2026-08-16T03:35:00-03:00,2026-08-16T04:06:00-03:00,,,,21.8
635,5,1,PLASMA,B,POSITIVO,1,NORMAL,ATENDIDA,2026-08-15T13:52:00-03:00,2026-08-15T14:55:00-03:00,2026-08-15T19:07:00-03:00,2026-08-15T22:29:00-03:00,2026-08-15T22:59:00-03:00,,,,6.4
636,6,1,HEMACIAS,O,POSITIVO,1,NORMAL,ATENDIDA,2026-08-15T14:06:00-03:00,2026-08-15T19:33:00-03:00,2026-08-15T20:59:00-03:00,2026-08-16T03:04:00-03:00,2026-08-16T04:00:00-03:00,,,,21.8
637,8,1,HEMACIAS,A,NEGATIVO,2,NORMAL,ATENDIDA,2026-08-15T16:19:00-03:00,2026-08-15T17:33:00-03:00,2026-08-15T18:02:00-03:00,2026-08-15T19:29:00-03:00,2026-08-15T20:07:00-03:00,,,,14.9
638,4,1,HEMACIAS,O,POSITIVO,2,URGENCIA,RECUSADA,2026-08-15T18:01:00-03:00,,,,,2026-08-15T18:09:00-03:00,,Prioridade redirecionada para outra unidade,1.5
639,3,1,HEMACIAS,A,POSITIVO,3,EMERGENCIA,ATENDIDA,2026-08-15T21:10:00-03:00,2026-08-15T21:16:00-03:00,2026-08-15T21:25:00-03:00,2026-08-15T21:30:00-03:00,2026-08-15T21:48:00-03:00,,,,3.9
640,3,1,HEMACIAS,B,POSITIVO,3,NORMAL,ATENDIDA,2026-08-15T23:32:00-03:00,2026-08-16T04:02:00-03:00,2026-08-16T06:17:00-03:00,2026-08-16T06:46:00-03:00,2026-08-16T06:58:00-03:00,,,,3.9
641,5,,CRIOPRECIPITADO,O,POSITIVO,6,NORMAL,CANCELADA,2026-08-16T01:21:00-03:00,,,,,,2026-08-16T03:27:00-03:00,,
642,3,1,HEMACIAS,O,POSITIVO,2,NORMAL,ATENDIDA,2026-08-16T01:50:00-03:00,2026-08-16T02:49:00-03:00,2026-08-16T04:00:00-03:00,2026-08-16T05:07:00-03:00,2026-08-16T05:24:00-03:00,,,,3.9
643,5,1,PLAQUETAS,A,POSITIVO,4,URGENCIA,ATENDIDA,2026-08-16T06:27:00-03:00,2026-08-16T07:00:00-03:00,2026-08-16T07:10:00-03:00,2026-08-16T07:19:00-03:00,2026-08-16T09:40:00-03:00,,,,6.4
644,9,2,HEMACIAS,O,NEGATIVO,3,NORMAL,ATENDIDA,2026-08-16T09:09:00-03:00,2026-08-16T10:55:00-03:00,2026-08-16T13:28:00-03:00,2026-08-16T15:18:00-03:00,2026-08-16T15:32:00-03:00,,,,2.1
645,4,1,HEMACIAS,A,NEGATIVO,2,URGENCIA,RECUSADA,2026-08-16T09:22:00-03:00,,,,,2026-08-16T09:43:00-03:00,,Dados da solicitação incompletos,1.5
646,9,2,HEMACIAS,A,POSITIVO,2,NORMAL,ATENDIDA,2026-08-16T10:47:00-03:00,2026-08-16T13:13:00-03:00,2026-08-16T18:44:00-03:00,2026-08-16T19:10:00-03:00,2026-08-16T19:24:00-03:00,,,,2.1
647,6,1,HEMACIAS,O,POSITIVO,4,NORMAL,ATENDIDA,2026-08-16T14:30:00-03:00,2026-08-16T15:57:00-03:00,2026-08-16T18:18:00-03:00,2026-08-16T19:06:00-03:00,2026-08-16T20:13:00-03:00,,,,21.8
648,6,1,HEMACIAS,A,POSITIVO,4,NORMAL,ATENDIDA,2026-08-16T17:13:00-03:00,2026-08-16T19:07:00-03:00,2026-08-16T22:01:00-03:00,2026-08-16T22:46:00-03:00,2026-08-16T23:38:00-03:00,,,,21.8
649,10,2,HEMACIAS,A,POSITIVO,2,NORMAL,ATENDIDA,2026-08-16T17:41:00-03:00,2026-08-16T19:37:00-03:00,2026-08-16T22:49:00-03:00,2026-08-16T23:51:00-03:00,2026-08-17T01:33:00-03:00,,,,60.6
650,3,1,HEMACIAS,A,POSITIVO,4,URGENCIA,ATENDIDA,2026-08-16T19:17:00-03:00,2026-08-16T19:33:00-03:00,2026-08-16T20:03:00-03:00,2026-08-16T21:24:00-03:00,2026-08-16T21:37:00-03:00,,,,3.9
651,3,1,PLAQUETAS,O,NEGATIVO,1,NORMAL,ATENDIDA,2026-08-16T22:57:00-03:00,2026-08-17T07:27:00-03:00,2026-08-17T14:54:00-03:00,2026-08-17T16:23:00-03:00,2026-08-17T16:38:00-03:00,,,,3.9
652,5,1,HEMACIAS,O,POSITIVO,2,URGENCIA,ATENDIDA,2026-08-17T04:20:00-03:00,2026-08-17T04:28:00-03:00,2026-08-17T04:50:00-03:00,2026-08-17T04:58:00-03:00,2026-08-17T05:12:00-03:00,,,,6.4
653,4,1,PLAQUETAS,A,POSITIVO,1,NORMAL,ATENDIDA,2026-08-17T05:30:00-03:00,2026-08-17T07:09:00-03:00,2026-08-17T08:17:00-03:00,2026-08-17T09:40:00-03:00,2026-08-17T09:52:00-03:00,,,,1.5
654,10,2,HEMACIAS,O,POSITIVO,2,NORMAL,CANCELADA,2026-08-17T07:25:00-03:00,2026-08-17T07:54:00-03:00,,,,,2026-08-17T08:08:00-03:00,,60.6
655,5,1,HEMACIAS,A,NEGATIVO,2,NORMAL,ATENDIDA,2026-08-17T07:26:00-03:00,2026-08-17T07:45:00-03:00,2026-08-17T08:30:00-03:00,2026-08-17T09:27:00-03:00,2026-08-17T09:40:00-03:00,,,,6.4
656,8,1,HEMACIAS,A,NEGATIVO,1,NORMAL,ATENDIDA,2026-08-17T08:28:00-03:00,2026-08-17T09:39:00-03:00,2026-08-17T10:57:00-03:00,2026-08-17T12:15:00-03:00,2026-08-17T12:46:00-03:00,,,,14.9
657,4,1,HEMACIAS,A,POSITIVO,2,URGENCIA,ATENDIDA,2026-08-17T11:07:00-03:00,2026-08-17T11:34:00-03:00,2026-08-17T12:04:00-03:00,2026-08-17T12:49:00-03:00,2026-08-17T13:01:00-03:00,,,,1.5
658,4,1,PLAQUETAS,A,POSITIVO,1,NORMAL,ATENDIDA,2026-08-17T11:35:00-03:00,2026-08-17T12:50:00-03:00,2026-08-17T16:11:00-03:00,2026-08-17T17:11:00-03:00,2026-08-17T17:22:00-03:00,,,,1.5
659,3,1,HEMACIAS,A,POSITIVO,2,URGENCIA,ATENDIDA,2026-08-17T12:29:00-03:00,2026-08-17T13:03:00-03:00,2026-08-17T13:43:00-03:00,2026-08-17T14:14:00-03:00,2026-08-17T14:39:00-03:00,,,,3.9
660,6,1,HEMACIAS,A,POSITIVO,3,NORMAL,ATENDIDA,2026-08-17T14:01:00-03:00,2026-08-18T02:36:00-03:00,2026-08-18T03:53:00-03:00,2026-08-18T04:58:00-03:00,2026-08-18T05:48:00-03:00,,,,21.8
661,9,2,HEMACIAS,O,POSITIVO,1,NORMAL,ATENDIDA,2026-08-17T14:17:00-03:00,2026-08-17T16:00:00-03:00,2026-08-17T21:44:00-03:00,2026-08-17T23:37:00-03:00,2026-08-17T23:48:00-03:00,,,,2.1
662,3,1,HEMACIAS,A,POSITIVO,2,NORMAL,ATENDIDA,2026-08-17T15:01:00-03:00,2026-08-17T15:34:00-03:00,2026-08-17T20:08:00-03:00,2026-08-17T22:46:00-03:00,2026-08-17T23:12:00-03:00,,,,3.9
663,3,1,HEMACIAS,A,NEGATIVO,2,URGENCIA,RECUSADA,2026-08-17T16:31:00-03:00,,,,,2026-08-17T16:43:00-03:00,,Sem bolsas compatíveis disponíveis,3.9
664,5,1,HEMACIAS,O,POSITIVO,2,NORMAL,ATENDIDA,2026-08-17T16:32:00-03:00,2026-08-17T18:13:00-03:00,2026-08-17T18:48:00-03:00,2026-08-17T20:52:00-03:00,2026-08-17T21:05:00-03:00,,,,6.4
665,3,1,PLASMA,O,POSITIVO,3,NORMAL,ATENDIDA,2026-08-17T16:32:00-03:00,2026-08-17T17:46:00-03:00,2026-08-17T20:45:00-03:00,2026-08-17T23:11:00-03:00,2026-08-17T23:31:00-03:00,,,,3.9
666,5,1,HEMACIAS,AB,POSITIVO,3,NORMAL,ATENDIDA,2026-08-17T17:02:00-03:00,2026-08-17T17:51:00-03:00,2026-08-17T19:06:00-03:00,2026-08-17T21:40:00-03:00,2026-08-17T21:57:00-03:00,,,,6.4
667,3,1,CRIOPRECIPITADO,O,POSITIVO,8,EMERGENCIA,ATENDIDA,2026-08-18T00:36:00-03:00,2026-08-18T00:41:00-03:00,2026-08-18T00:56:00-03:00,2026-08-18T01:01:00-03:00,2026-08-18T01:18:00-03:00,,,,3.9
668,4,1,HEMACIAS,O,POSITIVO,4,NORMAL,ATENDIDA,2026-08-18T00:50:00-03:00,2026-08-18T07:23:00-03:00,2026-08-18T08:12:00-03:00,2026-08-18T08:41:00-03:00,2026-08-18T08:48:00-03:00,,,,1.5
669,4,1,HEMACIAS,O,NEGATIVO,1,NORMAL,ATENDIDA,2026-08-18T03:26:00-03:00,2026-08-18T04:58:00-03:00,2026-08-18T07:16:00-03:00,2026-08-18T07:52:00-03:00,2026-08-18T08:02:00-03:00,,,,1.5
670,4,1,HEMACIAS,O,POSITIVO,1,NORMAL,ATENDIDA,2026-08-18T03:34:00-03:00,2026-08-18T04:30:00-03:00,2026-08-18T06:18:00-03:00,2026-08-18T08:57:00-03:00,2026-08-18T09:16:00-03:00,,,,1.5
671,9,2,HEMACIAS,A,POSITIVO,3,NORMAL,ATENDIDA,2026-08-18T05:00:00-03:00,2026-08-18T09:10:00-03:00,2026-08-18T14:17:00-03:00,2026-08-18T15:17:00-03:00,2026-08-18T15:29:00-03:00,,,,2.1
672,10,2,PLAQUETAS,AB,POSITIVO,4,NORMAL,ATENDIDA,2026-08-18T05:25:00-03:00,2026-08-18T08:54:00-03:00,2026-08-18T11:01:00-03:00,2026-08-18T12:01:00-03:00,2026-08-18T13:19:00-03:00,,,,60.6
673,3,1,PLASMA,B,POSITIVO,3,NORMAL,ATENDIDA,2026-08-18T06:50:00-03:00,2026-08-18T10:50:00-03:00,2026-08-18T13:18:00-03:00,2026-08-18T13:57:00-03:00,2026-08-18T14:19:00-03:00,,,,3.9
674,4,1,HEMACIAS,A,POSITIVO,3,URGENCIA,ATENDIDA,2026-08-18T07:35:00-03:00,2026-08-18T08:34:00-03:00,2026-08-18T08:53:00-03:00,2026-08-18T09:45:00-03:00,2026-08-18T09:54:00-03:00,,,,1.5
675,4,1,PLASMA,A,POSITIVO,1,NORMAL,ATENDIDA,2026-08-18T08:33:00-03:00,2026-08-18T11:18:00-03:00,2026-08-18T16:25:00-03:00,2026-08-18T17:21:00-03:00,2026-08-18T17:36:00-03:00,,,,1.5
676,7,1,PLAQUETAS,O,NEGATIVO,1,NORMAL,ATENDIDA,2026-08-18T09:19:00-03:00,2026-08-18T09:53:00-03:00,2026-08-18T12:35:00-03:00,2026-08-18T13:02:00-03:00,2026-08-18T13:46:00-03:00,,,,15.5
677,3,1,HEMACIAS,O,POSITIVO,2,NORMAL,ATENDIDA,2026-08-18T10:30:00-03:00,2026-08-18T13:01:00-03:00,2026-08-18T14:56:00-03:00,2026-08-18T15:32:00-03:00,2026-08-18T15:45:00-03:00,,,,3.9
678,5,1,HEMACIAS,A,POSITIVO,4,NORMAL,ATENDIDA,2026-08-18T13:08:00-03:00,2026-08-18T14:05:00-03:00,2026-08-18T16:01:00-03:00,2026-08-18T17:27:00-03:00,2026-08-18T17:42:00-03:00,,,,6.4
679,5,1,HEMACIAS,O,POSITIVO,2,URGENCIA,ATENDIDA,2026-08-18T14:16:00-03:00,2026-08-18T14:28:00-03:00,2026-08-18T14:38:00-03:00,2026-08-18T14:46:00-03:00,2026-08-18T15:03:00-03:00,,,,6.4
680,8,1,HEMACIAS,A,POSITIVO,1,NORMAL,ATENDIDA,2026-08-18T14:17:00-03:00,2026-08-18T14:40:00-03:00,2026-08-18T20:10:00-03:00,2026-08-18T20:57:00-03:00,2026-08-18T21:37:00-03:00,,,,14.9
681,6,1,HEMACIAS,O,POSITIVO,2,NORMAL,ATENDIDA,2026-08-18T14:24:00-03:00,2026-08-18T14:54:00-03:00,2026-08-18T16:49:00-03:00,2026-08-18T18:59:00-03:00,2026-08-18T19:44:00-03:00,,,,21.8
682,6,1,HEMACIAS,O,POSITIVO,3,NORMAL,ATENDIDA,2026-08-18T15:13:00-03:00,2026-08-18T15:32:00-03:00,2026-08-18T17:02:00-03:00,2026-08-18T17:32:00-03:00,2026-08-18T18:38:00-03:00,,,,21.8
683,7,1,HEMACIAS,A,POSITIVO,1,NORMAL,ATENDIDA,2026-08-18T16:31:00-03:00,2026-08-18T22:49:00-03:00,2026-08-19T00:10:00-03:00,2026-08-19T01:06:00-03:00,2026-08-19T01:31:00-03:00,,,,15.5
684,9,2,PLASMA,O,NEGATIVO,3,URGENCIA,ATENDIDA,2026-08-18T17:48:00-03:00,2026-08-18T18:00:00-03:00,2026-08-18T18:29:00-03:00,2026-08-18T18:50:00-03:00,2026-08-18T19:03:00-03:00,,,,2.1
685,6,1,HEMACIAS,A,POSITIVO,4,NORMAL,ATENDIDA,2026-08-18T18:54:00-03:00,2026-08-18T21:49:00-03:00,2026-08-19T07:28:00-03:00,2026-08-19T07:45:00-03:00,2026-08-19T08:13:00-03:00,,,,21.8
686,4,1,PLASMA,A,POSITIVO,1,URGENCIA,ATENDIDA,2026-08-18T19:53:00-03:00,2026-08-18T20:12:00-03:00,2026-08-18T21:03:00-03:00,2026-08-18T21:15:00-03:00,2026-08-18T21:29:00-03:00,,,,1.5
687,3,1,HEMACIAS,A,POSITIVO,2,URGENCIA,ATENDIDA,2026-08-18T21:14:00-03:00,2026-08-18T21:23:00-03:00,2026-08-18T21:57:00-03:00,2026-08-18T22:15:00-03:00,2026-08-18T22:27:00-03:00,,,,3.9
688,8,1,PLASMA,O,POSITIVO,4,URGENCIA,ATENDIDA,2026-08-19T01:59:00-03:00,2026-08-19T02:20:00-03:00,2026-08-19T02:35:00-03:00,2026-08-19T02:47:00-03:00,2026-08-19T03:10:00-03:00,,,,14.9
689,7,1,PLAQUETAS,A,POSITIVO,3,NORMAL,ATENDIDA,2026-08-19T02:51:00-03:00,2026-08-19T07:33:00-03:00,2026-08-19T09:59:00-03:00,2026-08-19T10:41:00-03:00,2026-08-19T11:14:00-03:00,,,,15.5
690,3,1,PLAQUETAS,O,POSITIVO,4,NORMAL,ATENDIDA,2026-08-19T04:33:00-03:00,2026-08-19T07:11:00-03:00,2026-08-19T10:28:00-03:00,2026-08-19T11:54:00-03:00,2026-08-19T12:22:00-03:00,,,,3.9
691,9,2,HEMACIAS,A,POSITIVO,2,NORMAL,ATENDIDA,2026-08-19T08:16:00-03:00,2026-08-19T11:26:00-03:00,2026-08-19T13:07:00-03:00,2026-08-19T13:36:00-03:00,2026-08-19T13:54:00-03:00,,,,2.1
692,5,1,HEMACIAS,A,POSITIVO,3,EMERGENCIA,ATENDIDA,2026-08-19T08:41:00-03:00,2026-08-19T08:47:00-03:00,2026-08-19T09:06:00-03:00,2026-08-19T09:12:00-03:00,2026-08-19T09:32:00-03:00,,,,6.4
693,9,2,HEMACIAS,O,NEGATIVO,2,URGENCIA,ATENDIDA,2026-08-19T09:40:00-03:00,2026-08-19T09:58:00-03:00,2026-08-19T10:37:00-03:00,2026-08-19T10:54:00-03:00,2026-08-19T11:16:00-03:00,,,,2.1
694,6,1,PLASMA,A,POSITIVO,2,URGENCIA,ATENDIDA,2026-08-19T10:13:00-03:00,2026-08-19T10:58:00-03:00,2026-08-19T14:52:00-03:00,2026-08-19T15:08:00-03:00,2026-08-19T16:01:00-03:00,,,,21.8
695,7,1,HEMACIAS,A,POSITIVO,5,EMERGENCIA,ATENDIDA,2026-08-19T11:49:00-03:00,2026-08-19T11:52:00-03:00,2026-08-19T12:01:00-03:00,2026-08-19T12:05:00-03:00,2026-08-19T12:37:00-03:00,,,,15.5
696,7,1,HEMACIAS,O,NEGATIVO,1,NORMAL,ATENDIDA,2026-08-19T12:22:00-03:00,2026-08-19T12:37:00-03:00,2026-08-19T13:54:00-03:00,2026-08-19T14:19:00-03:00,2026-08-19T14:55:00-03:00,,,,15.5
697,7,1,PLASMA,O,POSITIVO,1,NORMAL,ATENDIDA,2026-08-19T12:45:00-03:00,2026-08-19T15:01:00-03:00,2026-08-19T16:46:00-03:00,2026-08-19T17:22:00-03:00,2026-08-19T18:21:00-03:00,,,,15.5
698,4,1,PLASMA,A,POSITIVO,2,URGENCIA,ATENDIDA,2026-08-19T16:26:00-03:00,2026-08-19T16:37:00-03:00,2026-08-19T17:15:00-03:00,2026-08-19T17:33:00-03:00,2026-08-19T17:46:00-03:00,,,,1.5
699,4,1,HEMACIAS,A,POSITIVO,3,URGENCIA,ATENDIDA,2026-08-19T17:37:00-03:00,2026-08-19T17:53:00-03:00,2026-08-19T18:36:00-03:00,2026-08-19T18:49:00-03:00,2026-08-19T18:59:00-03:00,,,,1.5
700,8,1,HEMACIAS,A,POSITIVO,3,EMERGENCIA,ATENDIDA,2026-08-19T18:00:00-03:00,2026-08-19T18:06:00-03:00,2026-08-19T18:16:00-03:00,2026-08-19T18:23:00-03:00,2026-08-19T18:59:00-03:00,,,,14.9
701,7,1,HEMACIAS,O,POSITIVO,2,NORMAL,ATENDIDA,2026-08-19T18:35:00-03:00,2026-08-19T20:28:00-03:00,2026-08-19T21:23:00-03:00,2026-08-20T00:32:00-03:00,2026-08-20T01:22:00-03:00,,,,15.5
702,4,1,PLASMA,B,POSITIVO,1,NORMAL,ATENDIDA,2026-08-19T20:05:00-03:00,2026-08-19T20:55:00-03:00,2026-08-20T05:16:00-03:00,2026-08-20T05:24:00-03:00,2026-08-20T05:38:00-03:00,,,,1.5
703,7,1,HEMACIAS,O,NEGATIVO,2,NORMAL,ATENDIDA,2026-08-20T05:32:00-03:00,2026-08-20T09:18:00-03:00,2026-08-20T10:31:00-03:00,2026-08-20T11:04:00-03:00,2026-08-20T11:56:00-03:00,,,,15.5
704,5,1,PLASMA,A,POSITIVO,3,URGENCIA,ATENDIDA,2026-08-20T07:17:00-03:00,2026-08-20T07:46:00-03:00,2026-08-20T08:41:00-03:00,2026-08-20T08:52:00-03:00,2026-08-20T09:18:00-03:00,,,,6.4
705,5,1,PLAQUETAS,O,NEGATIVO,1,NORMAL,ATENDIDA,2026-08-20T08:58:00-03:00,2026-08-20T09:29:00-03:00,2026-08-20T12:03:00-03:00,2026-08-20T13:18:00-03:00,2026-08-20T13:46:00-03:00,,,,6.4
706,3,1,HEMACIAS,O,POSITIVO,2,EMERGENCIA,ATENDIDA,2026-08-20T09:37:00-03:00,2026-08-20T09:42:00-03:00,2026-08-20T09:47:00-03:00,2026-08-20T09:56:00-03:00,2026-08-20T10:14:00-03:00,,,,3.9
707,4,1,PLASMA,A,POSITIVO,4,NORMAL,ATENDIDA,2026-08-20T11:46:00-03:00,2026-08-20T14:16:00-03:00,2026-08-20T16:50:00-03:00,2026-08-20T17:46:00-03:00,2026-08-20T17:56:00-03:00,,,,1.5
708,6,1,PLAQUETAS,O,POSITIVO,3,NORMAL,ATENDIDA,2026-08-20T13:40:00-03:00,2026-08-20T15:43:00-03:00,2026-08-20T17:57:00-03:00,2026-08-20T20:12:00-03:00,2026-08-20T21:18:00-03:00,,,,21.8
709,7,1,PLASMA,A,POSITIVO,2,NORMAL,CANCELADA,2026-08-20T16:09:00-03:00,2026-08-20T17:43:00-03:00,,,,,2026-08-20T20:54:00-03:00,,15.5
710,3,1,HEMACIAS,O,POSITIVO,4,NORMAL,ATENDIDA,2026-08-20T17:29:00-03:00,2026-08-20T21:23:00-03:00,2026-08-21T01:38:00-03:00,2026-08-21T02:58:00-03:00,2026-08-21T03:09:00-03:00,,,,3.9
711,5,1,HEMACIAS,O,POSITIVO,1,NORMAL,ATENDIDA,2026-08-20T18:02:00-03:00,2026-08-20T18:44:00-03:00,2026-08-20T19:49:00-03:00,2026-08-20T20:57:00-03:00,2026-08-20T21:17:00-03:00,,,,6.4
712,5,1,HEMACIAS,O,NEGATIVO,3,EMERGENCIA,ATENDIDA,2026-08-20T18:10:00-03:00,2026-08-20T18:13:00-03:00,2026-08-20T18:25:00-03:00,2026-08-20T18:29:00-03:00,2026-08-20T18:43:00-03:00,,,,6.4
713,3,1,HEMACIAS,B,POSITIVO,2,URGENCIA,ATENDIDA,2026-08-20T18:13:00-03:00,2026-08-20T18:23:00-03:00,2026-08-20T19:15:00-03:00,2026-08-20T19:48:00-03:00,2026-08-20T20:03:00-03:00,,,,3.9
714,10,2,CRIOPRECIPITADO,A,POSITIVO,7,URGENCIA,ATENDIDA,2026-08-20T18:16:00-03:00,2026-08-20T18:56:00-03:00,2026-08-20T19:17:00-03:00,2026-08-20T19:28:00-03:00,2026-08-20T21:18:00-03:00,,,,60.6
715,4,2,HEMACIAS,A,POSITIVO,6,EMERGENCIA,ATENDIDA,2026-08-20T18:34:00-03:00,2026-08-20T18:38:00-03:00,2026-08-20T18:45:00-03:00,2026-08-20T18:48:00-03:00,2026-08-21T00:04:00-03:00,,,,160.2
716,6,1,HEMACIAS,B,POSITIVO,2,URGENCIA,ATENDIDA,2026-08-20T18:40:00-03:00,2026-08-20T18:56:00-03:00,2026-08-20T19:18:00-03:00,2026-08-20T19:46:00-03:00,2026-08-20T20:15:00-03:00,,,,21.8
717,6,1,PLAQUETAS,O,POSITIVO,2,URGENCIA,ATENDIDA,2026-08-20T21:13:00-03:00,2026-08-20T21:43:00-03:00,2026-08-20T22:04:00-03:00,2026-08-20T22:10:00-03:00,2026-08-20T23:04:00-03:00,,,,21.8
718,4,1,PLASMA,AB,POSITIVO,4,EMERGENCIA,ATENDIDA,2026-08-21T00:55:00-03:00,2026-08-21T00:57:00-03:00,2026-08-21T01:07:00-03:00,2026-08-21T01:12:00-03:00,2026-08-21T01:18:00-03:00,,,,1.5
719,3,1,HEMACIAS,A,POSITIVO,2,NORMAL,ATENDIDA,2026-08-21T03:43:00-03:00,2026-08-21T07:12:00-03:00,2026-08-21T08:58:00-03:00,2026-08-21T10:32:00-03:00,2026-08-21T10:53:00-03:00,,,,3.9
720,3,1,HEMACIAS,O,NEGATIVO,3,URGENCIA,ATENDIDA,2026-08-21T07:19:00-03:00,2026-08-21T08:02:00-03:00,2026-08-21T08:42:00-03:00,2026-08-21T08:57:00-03:00,2026-08-21T09:19:00-03:00,,,,3.9
721,6,1,HEMACIAS,A,POSITIVO,3,URGENCIA,ATENDIDA,2026-08-21T07:47:00-03:00,2026-08-21T08:12:00-03:00,2026-08-21T08:32:00-03:00,2026-08-21T09:16:00-03:00,2026-08-21T10:30:00-03:00,,,,21.8
722,3,1,HEMACIAS,O,NEGATIVO,1,URGENCIA,ATENDIDA,2026-08-21T08:15:00-03:00,2026-08-21T08:30:00-03:00,2026-08-21T09:01:00-03:00,2026-08-21T09:16:00-03:00,2026-08-21T09:38:00-03:00,,,,3.9
723,7,1,HEMACIAS,O,POSITIVO,4,NORMAL,ATENDIDA,2026-08-21T11:26:00-03:00,2026-08-21T12:32:00-03:00,2026-08-21T14:24:00-03:00,2026-08-21T15:17:00-03:00,2026-08-21T15:45:00-03:00,,,,15.5
724,9,2,HEMACIAS,O,NEGATIVO,1,URGENCIA,ATENDIDA,2026-08-21T12:19:00-03:00,2026-08-21T13:02:00-03:00,2026-08-21T14:00:00-03:00,2026-08-21T14:22:00-03:00,2026-08-21T14:32:00-03:00,,,,2.1
725,3,1,CRIOPRECIPITADO,A,POSITIVO,5,NORMAL,ATENDIDA,2026-08-21T12:22:00-03:00,2026-08-21T13:37:00-03:00,2026-08-21T15:15:00-03:00,2026-08-21T15:47:00-03:00,2026-08-21T16:03:00-03:00,,,,3.9
726,5,1,PLAQUETAS,O,POSITIVO,4,NORMAL,ATENDIDA,2026-08-21T12:42:00-03:00,2026-08-21T16:51:00-03:00,2026-08-21T18:03:00-03:00,2026-08-21T18:42:00-03:00,2026-08-21T18:58:00-03:00,,,,6.4
727,6,1,HEMACIAS,O,POSITIVO,3,EMERGENCIA,ATENDIDA,2026-08-21T13:35:00-03:00,2026-08-21T13:43:00-03:00,2026-08-21T13:51:00-03:00,2026-08-21T13:54:00-03:00,2026-08-21T16:31:00-03:00,,,,21.8
728,5,1,HEMACIAS,O,POSITIVO,3,URGENCIA,ATENDIDA,2026-08-21T14:17:00-03:00,2026-08-21T14:36:00-03:00,2026-08-21T15:41:00-03:00,2026-08-21T15:55:00-03:00,2026-08-21T16:11:00-03:00,,,,6.4
729,8,1,HEMACIAS,B,POSITIVO,2,URGENCIA,ATENDIDA,2026-08-21T14:36:00-03:00,2026-08-21T14:57:00-03:00,2026-08-21T15:24:00-03:00,2026-08-21T15:38:00-03:00,2026-08-21T16:21:00-03:00,,,,14.9
730,7,1,PLASMA,O,NEGATIVO,2,URGENCIA,ATENDIDA,2026-08-21T16:50:00-03:00,2026-08-21T17:15:00-03:00,2026-08-21T17:59:00-03:00,2026-08-21T18:26:00-03:00,2026-08-21T18:56:00-03:00,,,,15.5
731,7,2,HEMACIAS,A,POSITIVO,5,EMERGENCIA,ATENDIDA,2026-08-21T18:30:00-03:00,2026-08-21T18:33:00-03:00,2026-08-21T18:44:00-03:00,2026-08-21T18:52:00-03:00,2026-08-22T01:03:00-03:00,,,,166.0
732,3,1,HEMACIAS,A,NEGATIVO,3,NORMAL,ATENDIDA,2026-08-21T18:46:00-03:00,2026-08-21T19:38:00-03:00,2026-08-21T21:20:00-03:00,2026-08-21T21:46:00-03:00,2026-08-21T22:05:00-03:00,,,,3.9
733,5,1,HEMACIAS,B,NEGATIVO,2,NORMAL,ATENDIDA,2026-08-21T20:19:00-03:00,2026-08-22T05:25:00-03:00,2026-08-22T06:31:00-03:00,2026-08-22T06:55:00-03:00,2026-08-22T07:11:00-03:00,,,,6.4
734,4,1,PLAQUETAS,A,POSITIVO,4,URGENCIA,ATENDIDA,2026-08-21T23:47:00-03:00,2026-08-22T00:08:00-03:00,2026-08-22T00:27:00-03:00,2026-08-22T00:49:00-03:00,2026-08-22T03:06:00-03:00,,,,1.5
735,4,1,HEMACIAS,O,POSITIVO,2,NORMAL,ATENDIDA,2026-08-22T03:49:00-03:00,2026-08-22T05:39:00-03:00,2026-08-22T07:10:00-03:00,2026-08-22T07:39:00-03:00,2026-08-22T07:53:00-03:00,,,,1.5
736,3,1,HEMACIAS,A,POSITIVO,2,NORMAL,ATENDIDA,2026-08-22T06:24:00-03:00,2026-08-22T07:50:00-03:00,2026-08-22T08:06:00-03:00,2026-08-22T08:37:00-03:00,2026-08-22T08:55:00-03:00,,,,3.9
737,7,1,PLASMA,B,POSITIVO,1,NORMAL,ATENDIDA,2026-08-22T07:31:00-03:00,2026-08-22T08:50:00-03:00,2026-08-22T09:34:00-03:00,2026-08-22T10:07:00-03:00,2026-08-22T11:02:00-03:00,,,,15.5
738,10,2,HEMACIAS,O,POSITIVO,2,NORMAL,ATENDIDA,2026-08-22T09:08:00-03:00,2026-08-22T10:23:00-03:00,2026-08-22T12:11:00-03:00,2026-08-22T12:50:00-03:00,2026-08-22T14:25:00-03:00,,,,60.6
739,5,1,HEMACIAS,A,POSITIVO,5,EMERGENCIA,ATENDIDA,2026-08-22T09:29:00-03:00,2026-08-22T09:33:00-03:00,2026-08-22T09:50:00-03:00,2026-08-22T10:01:00-03:00,2026-08-22T10:16:00-03:00,,,,6.4
740,9,2,HEMACIAS,O,NEGATIVO,3,URGENCIA,RECUSADA,2026-08-22T09:30:00-03:00,,,,,2026-08-22T09:40:00-03:00,,Sem bolsas compatíveis disponíveis,2.1
741,10,2,HEMACIAS,B,POSITIVO,3,EMERGENCIA,ATENDIDA,2026-08-22T13:38:00-03:00,2026-08-22T13:44:00-03:00,2026-08-22T14:03:00-03:00,2026-08-22T14:08:00-03:00,2026-08-22T16:20:00-03:00,,,,60.6
742,4,1,HEMACIAS,O,POSITIVO,1,URGENCIA,ATENDIDA,2026-08-22T13:49:00-03:00,2026-08-22T14:02:00-03:00,2026-08-22T14:46:00-03:00,2026-08-22T15:05:00-03:00,2026-08-22T15:18:00-03:00,,,,1.5
743,6,1,PLASMA,A,POSITIVO,5,EMERGENCIA,ATENDIDA,2026-08-22T14:04:00-03:00,2026-08-22T14:06:00-03:00,2026-08-22T14:22:00-03:00,2026-08-22T14:26:00-03:00,2026-08-22T15:17:00-03:00,,,,21.8
744,3,1,HEMACIAS,B,POSITIVO,1,NORMAL,ATENDIDA,2026-08-22T14:18:00-03:00,2026-08-22T16:43:00-03:00,2026-08-22T17:33:00-03:00,2026-08-22T18:13:00-03:00,2026-08-22T18:30:00-03:00,,,,3.9
745,3,1,HEMACIAS,O,POSITIVO,4,EMERGENCIA,ATENDIDA,2026-08-22T14:28:00-03:00,2026-08-22T14:33:00-03:00,2026-08-22T14:45:00-03:00,2026-08-22T14:51:00-03:00,2026-08-22T15:05:00-03:00,,,,3.9
746,10,2,PLAQUETAS,O,POSITIVO,4,NORMAL,ATENDIDA,2026-08-22T15:05:00-03:00,2026-08-22T16:36:00-03:00,2026-08-22T20:01:00-03:00,2026-08-22T20:35:00-03:00,2026-08-22T23:01:00-03:00,,,,60.6
747,4,1,HEMACIAS,B,POSITIVO,1,NORMAL,ATENDIDA,2026-08-22T15:18:00-03:00,2026-08-22T16:56:00-03:00,2026-08-22T18:56:00-03:00,2026-08-22T20:22:00-03:00,2026-08-22T20:30:00-03:00,,,,1.5
748,3,2,PLAQUETAS,O,POSITIVO,2,EMERGENCIA,ATENDIDA,2026-08-22T17:15:00-03:00,2026-08-22T17:17:00-03:00,2026-08-22T17:50:00-03:00,2026-08-22T18:01:00-03:00,2026-08-22T20:57:00-03:00,,,,158.0
749,3,1,HEMACIAS,O,POSITIVO,2,URGENCIA,ATENDIDA,2026-08-22T17:21:00-03:00,2026-08-22T19:44:00-03:00,2026-08-22T20:28:00-03:00,2026-08-22T20:53:00-03:00,2026-08-22T21:08:00-03:00,,,,3.9
750,10,2,HEMACIAS,B,POSITIVO,3,NORMAL,ATENDIDA,2026-08-22T19:20:00-03:00,2026-08-22T20:50:00-03:00,2026-08-22T23:27:00-03:00,2026-08-23T04:56:00-03:00,2026-08-23T07:03:00-03:00,,,,60.6
751,6,1,PLASMA,O,POSITIVO,1,NORMAL,ATENDIDA,2026-08-23T02:46:00-03:00,2026-08-23T07:14:00-03:00,2026-08-23T13:06:00-03:00,2026-08-23T14:00:00-03:00,2026-08-23T14:35:00-03:00,,,,21.8
752,6,1,CRIOPRECIPITADO,A,POSITIVO,8,URGENCIA,ATENDIDA,2026-08-23T07:18:00-03:00,2026-08-23T07:43:00-03:00,2026-08-23T08:35:00-03:00,2026-08-23T08:48:00-03:00,2026-08-23T09:43:00-03:00,,,,21.8
753,5,,CRIOPRECIPITADO,O,POSITIVO,7,NORMAL,CANCELADA,2026-08-23T07:36:00-03:00,,,,,,2026-08-23T07:47:00-03:00,,
754,3,1,CRIOPRECIPITADO,O,NEGATIVO,8,NORMAL,ATENDIDA,2026-08-23T08:24:00-03:00,2026-08-23T10:35:00-03:00,2026-08-23T11:36:00-03:00,2026-08-23T12:14:00-03:00,2026-08-23T12:39:00-03:00,,,,3.9
755,6,1,HEMACIAS,O,POSITIVO,4,EMERGENCIA,ATENDIDA,2026-08-23T08:28:00-03:00,2026-08-23T08:35:00-03:00,2026-08-23T08:47:00-03:00,2026-08-23T08:54:00-03:00,2026-08-23T09:37:00-03:00,,,,21.8
756,9,2,HEMACIAS,A,POSITIVO,1,URGENCIA,ATENDIDA,2026-08-23T10:06:00-03:00,2026-08-23T10:33:00-03:00,2026-08-23T11:26:00-03:00,2026-08-23T11:53:00-03:00,2026-08-23T12:03:00-03:00,,,,2.1
757,10,2,PLAQUETAS,A,POSITIVO,2,NORMAL,ATENDIDA,2026-08-23T10:47:00-03:00,2026-08-23T12:03:00-03:00,2026-08-23T12:52:00-03:00,2026-08-23T14:20:00-03:00,2026-08-23T16:19:00-03:00,,,,60.6
758,3,1,HEMACIAS,A,POSITIVO,1,NORMAL,ATENDIDA,2026-08-23T13:22:00-03:00,2026-08-23T13:59:00-03:00,2026-08-23T16:15:00-03:00,2026-08-23T18:09:00-03:00,2026-08-23T18:24:00-03:00,,,,3.9
759,9,2,PLASMA,O,POSITIVO,4,NORMAL,ATENDIDA,2026-08-23T17:36:00-03:00,2026-08-23T19:32:00-03:00,2026-08-23T20:22:00-03:00,2026-08-23T20:45:00-03:00,2026-08-23T20:54:00-03:00,,,,2.1
760,4,1,HEMACIAS,B,POSITIVO,1,URGENCIA,CANCELADA,2026-08-23T18:59:00-03:00,2026-08-23T19:29:00-03:00,,,,,2026-08-23T19:32:00-03:00,,1.5
761,7,1,HEMACIAS,O,POSITIVO,2,URGENCIA,ATENDIDA,2026-08-24T00:26:00-03:00,2026-08-24T00:38:00-03:00,2026-08-24T01:20:00-03:00,2026-08-24T01:49:00-03:00,2026-08-24T02:21:00-03:00,,,,15.5
762,3,1,HEMACIAS,B,NEGATIVO,2,NORMAL,ATENDIDA,2026-08-24T01:03:00-03:00,2026-08-24T07:14:00-03:00,2026-08-24T09:02:00-03:00,2026-08-24T10:59:00-03:00,2026-08-24T11:12:00-03:00,,,,3.9
763,7,1,HEMACIAS,A,NEGATIVO,2,URGENCIA,RECUSADA,2026-08-24T01:21:00-03:00,,,,,2026-08-24T01:28:00-03:00,,Dados da solicitação incompletos,15.5
764,8,1,PLASMA,A,POSITIVO,2,URGENCIA,ATENDIDA,2026-08-24T01:31:00-03:00,2026-08-24T02:01:00-03:00,2026-08-24T02:21:00-03:00,2026-08-24T02:32:00-03:00,2026-08-24T03:14:00-03:00,,,,14.9
765,3,1,HEMACIAS,A,POSITIVO,1,NORMAL,ATENDIDA,2026-08-24T07:03:00-03:00,2026-08-24T08:18:00-03:00,2026-08-24T09:17:00-03:00,2026-08-24T10:39:00-03:00,2026-08-24T10:57:00-03:00,,,,3.9
766,6,1,HEMACIAS,A,POSITIVO,3,URGENCIA,ATENDIDA,2026-08-24T07:24:00-03:00,2026-08-24T07:39:00-03:00,2026-08-24T08:38:00-03:00,2026-08-24T08:48:00-03:00,2026-08-24T09:46:00-03:00,,,,21.8
767,3,1,HEMACIAS,O,POSITIVO,4,EMERGENCIA,ATENDIDA,2026-08-24T07:38:00-03:00,2026-08-24T08:04:00-03:00,2026-08-24T08:10:00-03:00,2026-08-24T08:13:00-03:00,2026-08-24T08:33:00-03:00,,,,3.9
768,7,1,HEMACIAS,A,POSITIVO,3,EMERGENCIA,ATENDIDA,2026-08-24T08:30:00-03:00,2026-08-24T08:34:00-03:00,2026-08-24T08:43:00-03:00,2026-08-24T08:54:00-03:00,2026-08-24T09:28:00-03:00,,,,15.5
769,4,1,PLAQUETAS,A,POSITIVO,1,NORMAL,ATENDIDA,2026-08-24T08:41:00-03:00,2026-08-24T12:05:00-03:00,2026-08-24T14:13:00-03:00,2026-08-24T14:43:00-03:00,2026-08-24T14:57:00-03:00,,,,1.5
770,10,2,HEMACIAS,O,POSITIVO,2,EMERGENCIA,RECUSADA,2026-08-24T09:37:00-03:00,,,,,2026-08-24T09:40:00-03:00,,Dados da solicitação incompletos,60.6
771,9,2,HEMACIAS,O,POSITIVO,2,URGENCIA,ATENDIDA,2026-08-24T10:07:00-03:00,2026-08-24T10:30:00-03:00,2026-08-24T10:53:00-03:00,2026-08-24T10:58:00-03:00,2026-08-24T11:12:00-03:00,,,,2.1
772,5,1,HEMACIAS,O,POSITIVO,1,NORMAL,ATENDIDA,2026-08-24T10:20:00-03:00,2026-08-24T11:04:00-03:00,2026-08-24T15:23:00-03:00,2026-08-24T20:06:00-03:00,2026-08-24T20:28:00-03:00,,,,6.4
773,5,1,HEMACIAS,O,POSITIVO,4,EMERGENCIA,RECUSADA,2026-08-24T10:29:00-03:00,,,,,2026-08-24T10:32:00-03:00,,Estoque insuficiente do hemocomponente,6.4
774,9,1,HEMACIAS,A,NEGATIVO,3,NORMAL,RECUSADA,2026-08-24T12:09:00-03:00,,,,,2026-08-24T12:52:00-03:00,,Sem bolsas compatíveis disponíveis,160.1
775,6,1,HEMACIAS,A,POSITIVO,4,URGENCIA,ATENDIDA,2026-08-24T14:33:00-03:00,2026-08-24T14:55:00-03:00,2026-08-24T15:33:00-03:00,2026-08-24T15:55:00-03:00,2026-08-24T16:41:00-03:00,,,,21.8
776,6,1,PLASMA,A,POSITIVO,3,EMERGENCIA,ATENDIDA,2026-08-24T14:55:00-03:00,2026-08-24T15:03:00-03:00,2026-08-24T15:18:00-03:00,2026-08-24T15:23:00-03:00,2026-08-24T16:01:00-03:00,,,,21.8
777,10,2,PLAQUETAS,A,POSITIVO,3,NORMAL,ATENDIDA,2026-08-24T14:58:00-03:00,2026-08-24T17:38:00-03:00,2026-08-24T20:04:00-03:00,2026-08-24T20:13:00-03:00,2026-08-24T21:39:00-03:00,,,,60.6
778,3,1,HEMACIAS,A,NEGATIVO,1,NORMAL,ATENDIDA,2026-08-24T16:49:00-03:00,2026-08-24T17:46:00-03:00,2026-08-24T20:11:00-03:00,2026-08-24T21:09:00-03:00,2026-08-24T21:31:00-03:00,,,,3.9
779,5,,HEMACIAS,A,POSITIVO,1,URGENCIA,CANCELADA,2026-08-24T18:18:00-03:00,,,,,,2026-08-24T18:19:00-03:00,,
780,9,2,HEMACIAS,O,NEGATIVO,2,NORMAL,ATENDIDA,2026-08-24T19:33:00-03:00,2026-08-24T20:28:00-03:00,2026-08-25T01:28:00-03:00,2026-08-25T02:01:00-03:00,2026-08-25T02:22:00-03:00,,,,2.1
781,5,2,HEMACIAS,A,POSITIVO,5,EMERGENCIA,ATENDIDA,2026-08-24T21:32:00-03:00,2026-08-24T21:37:00-03:00,2026-08-24T21:50:00-03:00,2026-08-24T21:59:00-03:00,2026-08-25T03:32:00-03:00,,,,165.8
782,4,1,HEMACIAS,O,POSITIVO,3,URGENCIA,ATENDIDA,2026-08-25T00:45:00-03:00,2026-08-25T01:08:00-03:00,2026-08-25T01:28:00-03:00,2026-08-25T01:45:00-03:00,2026-08-25T01:55:00-03:00,,,,1.5
783,3,1,HEMACIAS,O,POSITIVO,1,NORMAL,ATENDIDA,2026-08-25T03:45:00-03:00,2026-08-25T07:25:00-03:00,2026-08-25T09:14:00-03:00,2026-08-25T11:46:00-03:00,2026-08-25T11:59:00-03:00,,,,3.9
784,6,1,HEMACIAS,O,POSITIVO,2,NORMAL,ATENDIDA,2026-08-25T04:00:00-03:00,2026-08-25T07:12:00-03:00,2026-08-25T09:31:00-03:00,2026-08-25T11:38:00-03:00,2026-08-25T12:08:00-03:00,,,,21.8
785,9,2,PLAQUETAS,A,POSITIVO,1,URGENCIA,ATENDIDA,2026-08-25T10:46:00-03:00,2026-08-25T11:07:00-03:00,2026-08-25T11:33:00-03:00,2026-08-25T11:49:00-03:00,2026-08-25T12:14:00-03:00,,,,2.1
786,10,1,HEMACIAS,O,POSITIVO,2,NORMAL,ATENDIDA,2026-08-25T11:20:00-03:00,2026-08-25T13:19:00-03:00,2026-08-25T19:19:00-03:00,2026-08-25T20:12:00-03:00,2026-08-25T22:31:00-03:00,,,,100.9
787,4,2,HEMACIAS,A,POSITIVO,3,EMERGENCIA,ATENDIDA,2026-08-25T12:40:00-03:00,2026-08-25T12:46:00-03:00,2026-08-25T12:55:00-03:00,2026-08-25T13:07:00-03:00,2026-08-25T15:49:00-03:00,,,,160.2
788,9,2,HEMACIAS,A,POSITIVO,1,NORMAL,ATENDIDA,2026-08-25T14:27:00-03:00,2026-08-25T15:02:00-03:00,2026-08-25T23:57:00-03:00,2026-08-26T01:11:00-03:00,2026-08-26T01:25:00-03:00,,,,2.1
789,9,2,HEMACIAS,O,NEGATIVO,2,NORMAL,ATENDIDA,2026-08-25T15:10:00-03:00,2026-08-25T16:43:00-03:00,2026-08-25T19:07:00-03:00,2026-08-25T22:19:00-03:00,2026-08-25T22:33:00-03:00,,,,2.1
790,4,1,HEMACIAS,O,POSITIVO,2,NORMAL,ATENDIDA,2026-08-25T15:48:00-03:00,2026-08-25T16:54:00-03:00,2026-08-25T17:42:00-03:00,2026-08-25T18:15:00-03:00,2026-08-25T18:32:00-03:00,,,,1.5
791,9,1,PLAQUETAS,O,POSITIVO,1,NORMAL,ATENDIDA,2026-08-25T16:12:00-03:00,2026-08-26T00:58:00-03:00,2026-08-26T05:24:00-03:00,2026-08-26T06:19:00-03:00,2026-08-26T09:39:00-03:00,,,,160.1
792,5,1,HEMACIAS,A,POSITIVO,2,URGENCIA,CANCELADA,2026-08-25T16:34:00-03:00,2026-08-25T16:45:00-03:00,,,,,2026-08-25T16:53:00-03:00,,6.4
793,7,1,HEMACIAS,A,POSITIVO,1,URGENCIA,ATENDIDA,2026-08-25T17:57:00-03:00,2026-08-25T18:12:00-03:00,2026-08-25T18:34:00-03:00,2026-08-25T18:43:00-03:00,2026-08-25T19:18:00-03:00,,,,15.5
794,6,1,PLAQUETAS,A,POSITIVO,4,URGENCIA,ATENDIDA,2026-08-25T18:14:00-03:00,2026-08-25T18:36:00-03:00,2026-08-25T19:16:00-03:00,2026-08-25T19:33:00-03:00,2026-08-25T20:10:00-03:00,,,,21.8
795,3,2,HEMACIAS,A,POSITIVO,4,NORMAL,ATENDIDA,2026-08-25T20:04:00-03:00,2026-08-25T20:43:00-03:00,2026-08-26T01:13:00-03:00,2026-08-26T02:40:00-03:00,2026-08-26T07:30:00-03:00,,,,158.0
796,4,1,HEMACIAS,A,POSITIVO,1,NORMAL,ATENDIDA,2026-08-25T23:22:00-03:00,2026-08-26T07:14:00-03:00,2026-08-26T12:14:00-03:00,2026-08-26T13:15:00-03:00,2026-08-26T13:24:00-03:00,,,,1.5
797,5,1,PLASMA,O,POSITIVO,3,NORMAL,ATENDIDA,2026-08-26T01:06:00-03:00,2026-08-26T07:39:00-03:00,2026-08-26T09:12:00-03:00,2026-08-26T10:06:00-03:00,2026-08-26T10:26:00-03:00,,,,6.4
798,3,2,HEMACIAS,A,NEGATIVO,2,NORMAL,ATENDIDA,2026-08-26T01:36:00-03:00,2026-08-26T07:14:00-03:00,2026-08-26T07:59:00-03:00,2026-08-26T08:14:00-03:00,2026-08-26T14:23:00-03:00,,,,158.0
799,9,2,HEMACIAS,O,POSITIVO,1,NORMAL,ATENDIDA,2026-08-26T03:14:00-03:00,2026-08-26T04:11:00-03:00,2026-08-26T06:18:00-03:00,2026-08-26T07:32:00-03:00,2026-08-26T07:42:00-03:00,,,,2.1
800,9,2,HEMACIAS,A,NEGATIVO,1,NORMAL,ATENDIDA,2026-08-26T06:18:00-03:00,2026-08-26T06:44:00-03:00,2026-08-26T09:20:00-03:00,2026-08-26T09:59:00-03:00,2026-08-26T10:10:00-03:00,,,,2.1
801,7,1,HEMACIAS,O,POSITIVO,2,NORMAL,ATENDIDA,2026-08-26T07:31:00-03:00,2026-08-26T11:32:00-03:00,2026-08-26T16:07:00-03:00,2026-08-26T17:18:00-03:00,2026-08-26T17:45:00-03:00,,,,15.5
802,10,2,HEMACIAS,A,POSITIVO,2,NORMAL,ATENDIDA,2026-08-26T08:14:00-03:00,2026-08-26T10:05:00-03:00,2026-08-26T11:53:00-03:00,2026-08-26T12:50:00-03:00,2026-08-26T14:19:00-03:00,,,,60.6
803,4,1,HEMACIAS,B,POSITIVO,1,URGENCIA,ATENDIDA,2026-08-26T10:00:00-03:00,2026-08-26T10:26:00-03:00,2026-08-26T10:53:00-03:00,2026-08-26T11:04:00-03:00,2026-08-26T11:18:00-03:00,,,,1.5
804,6,1,CRIOPRECIPITADO,A,NEGATIVO,5,EMERGENCIA,ATENDIDA,2026-08-26T11:38:00-03:00,2026-08-26T11:41:00-03:00,2026-08-26T11:48:00-03:00,2026-08-26T11:54:00-03:00,2026-08-26T12:33:00-03:00,,,,21.8
805,4,1,HEMACIAS,O,POSITIVO,4,URGENCIA,ATENDIDA,2026-08-26T11:53:00-03:00,2026-08-26T12:30:00-03:00,2026-08-26T13:53:00-03:00,2026-08-26T14:06:00-03:00,2026-08-26T14:24:00-03:00,,,,1.5
806,9,2,HEMACIAS,A,POSITIVO,2,NORMAL,ATENDIDA,2026-08-26T12:19:00-03:00,2026-08-26T13:36:00-03:00,2026-08-26T15:25:00-03:00,2026-08-26T17:41:00-03:00,2026-08-26T17:50:00-03:00,,,,2.1
807,5,1,PLASMA,A,POSITIVO,2,NORMAL,ATENDIDA,2026-08-26T13:12:00-03:00,2026-08-26T18:14:00-03:00,2026-08-26T19:40:00-03:00,2026-08-26T22:31:00-03:00,2026-08-26T22:56:00-03:00,,,,6.4
808,10,2,PLAQUETAS,O,NEGATIVO,2,NORMAL,ATENDIDA,2026-08-26T15:30:00-03:00,2026-08-26T22:29:00-03:00,2026-08-27T04:06:00-03:00,2026-08-27T10:53:00-03:00,2026-08-27T13:01:00-03:00,,,,60.6
809,6,1,HEMACIAS,A,NEGATIVO,1,NORMAL,ATENDIDA,2026-08-26T15:33:00-03:00,2026-08-26T17:41:00-03:00,2026-08-26T19:30:00-03:00,2026-08-26T20:03:00-03:00,2026-08-26T21:26:00-03:00,,,,21.8
810,6,1,HEMACIAS,O,POSITIVO,2,NORMAL,ATENDIDA,2026-08-26T16:05:00-03:00,2026-08-26T17:28:00-03:00,2026-08-26T18:58:00-03:00,2026-08-26T19:31:00-03:00,2026-08-26T20:40:00-03:00,,,,21.8
811,3,1,PLAQUETAS,A,POSITIVO,1,URGENCIA,ATENDIDA,2026-08-26T16:12:00-03:00,2026-08-26T17:04:00-03:00,2026-08-26T17:50:00-03:00,2026-08-26T18:29:00-03:00,2026-08-26T18:52:00-03:00,,,,3.9
812,9,2,HEMACIAS,O,POSITIVO,4,NORMAL,ATENDIDA,2026-08-26T16:39:00-03:00,2026-08-26T17:27:00-03:00,2026-08-26T18:45:00-03:00,2026-08-26T19:31:00-03:00,2026-08-26T19:42:00-03:00,,,,2.1
813,3,1,PLAQUETAS,B,POSITIVO,3,EMERGENCIA,ATENDIDA,2026-08-26T16:42:00-03:00,2026-08-26T16:53:00-03:00,2026-08-26T17:11:00-03:00,2026-08-26T17:13:00-03:00,2026-08-26T18:35:00-03:00,,,,3.9
814,3,1,CRIOPRECIPITADO,A,NEGATIVO,6,NORMAL,RECUSADA,2026-08-26T17:15:00-03:00,,,,,2026-08-26T17:47:00-03:00,,Sem bolsas compatíveis disponíveis,3.9
815,8,1,HEMACIAS,A,POSITIVO,2,URGENCIA,ATENDIDA,2026-08-26T21:14:00-03:00,2026-08-26T21:33:00-03:00,2026-08-26T21:51:00-03:00,2026-08-26T22:06:00-03:00,2026-08-26T22:53:00-03:00,,,,14.9
816,8,2,HEMACIAS,A,POSITIVO,2,URGENCIA,ATENDIDA,2026-08-27T03:07:00-03:00,2026-08-27T03:29:00-03:00,2026-08-27T04:21:00-03:00,2026-08-27T04:33:00-03:00,2026-08-27T08:26:00-03:00,,,,148.2
817,9,2,PLASMA,O,POSITIVO,1,NORMAL,ATENDIDA,2026-08-27T03:37:00-03:00,2026-08-27T07:10:00-03:00,2026-08-27T12:09:00-03:00,2026-08-27T12:58:00-03:00,2026-08-27T13:11:00-03:00,,,,2.1
818,8,1,HEMACIAS,A,NEGATIVO,2,URGENCIA,ATENDIDA,2026-08-27T08:56:00-03:00,2026-08-27T09:15:00-03:00,2026-08-27T09:32:00-03:00,2026-08-27T09:50:00-03:00,2026-08-27T10:46:00-03:00,,,,14.9
819,6,1,HEMACIAS,B,POSITIVO,1,NORMAL,ATENDIDA,2026-08-27T11:05:00-03:00,2026-08-27T13:32:00-03:00,2026-08-27T17:47:00-03:00,2026-08-27T18:06:00-03:00,2026-08-27T18:46:00-03:00,,,,21.8
820,10,2,HEMACIAS,A,POSITIVO,1,NORMAL,ATENDIDA,2026-08-27T11:09:00-03:00,2026-08-27T13:08:00-03:00,2026-08-27T15:08:00-03:00,2026-08-27T15:37:00-03:00,2026-08-27T17:07:00-03:00,,,,60.6
821,5,1,HEMACIAS,O,POSITIVO,3,NORMAL,ATENDIDA,2026-08-27T12:07:00-03:00,2026-08-27T13:27:00-03:00,2026-08-27T16:02:00-03:00,2026-08-27T16:43:00-03:00,2026-08-27T17:03:00-03:00,,,,6.4
822,6,1,HEMACIAS,A,POSITIVO,4,EMERGENCIA,ATENDIDA,2026-08-27T13:07:00-03:00,2026-08-27T13:27:00-03:00,2026-08-27T13:41:00-03:00,2026-08-27T13:51:00-03:00,2026-08-27T14:24:00-03:00,,,,21.8
823,9,2,HEMACIAS,A,POSITIVO,2,NORMAL,ATENDIDA,2026-08-27T13:32:00-03:00,2026-08-27T16:53:00-03:00,2026-08-27T18:57:00-03:00,2026-08-27T20:24:00-03:00,2026-08-27T20:37:00-03:00,,,,2.1
824,3,,HEMACIAS,O,POSITIVO,3,NORMAL,CANCELADA,2026-08-27T14:27:00-03:00,,,,,,2026-08-27T15:04:00-03:00,,
825,3,1,HEMACIAS,O,POSITIVO,3,NORMAL,ATENDIDA,2026-08-27T15:54:00-03:00,2026-08-27T19:24:00-03:00,2026-08-28T00:43:00-03:00,2026-08-28T01:39:00-03:00,2026-08-28T01:55:00-03:00,,,,3.9
826,5,1,HEMACIAS,B,POSITIVO,3,NORMAL,ATENDIDA,2026-08-27T17:19:00-03:00,2026-08-27T19:00:00-03:00,2026-08-27T22:20:00-03:00,2026-08-27T23:02:00-03:00,2026-08-27T23:29:00-03:00,,,,6.4
827,9,2,PLASMA,A,NEGATIVO,2,NORMAL,ATENDIDA,2026-08-27T22:43:00-03:00,2026-08-28T07:30:00-03:00,2026-08-28T10:25:00-03:00,2026-08-28T13:33:00-03:00,2026-08-28T13:45:00-03:00,,,,2.1
828,6,1,HEMACIAS,A,POSITIVO,3,NORMAL,ATENDIDA,2026-08-28T04:42:00-03:00,2026-08-28T07:08:00-03:00,2026-08-28T11:56:00-03:00,2026-08-28T13:56:00-03:00,2026-08-28T14:28:00-03:00,,,,21.8
829,4,2,PLAQUETAS,A,NEGATIVO,1,NORMAL,ATENDIDA,2026-08-28T05:39:00-03:00,2026-08-28T07:06:00-03:00,2026-08-28T07:57:00-03:00,2026-08-28T10:07:00-03:00,2026-08-28T15:05:00-03:00,,,,160.2
830,9,2,HEMACIAS,O,POSITIVO,2,NORMAL,ATENDIDA,2026-08-28T06:42:00-03:00,2026-08-28T07:45:00-03:00,2026-08-28T08:32:00-03:00,2026-08-28T08:51:00-03:00,2026-08-28T09:02:00-03:00,,,,2.1
831,7,1,HEMACIAS,O,POSITIVO,3,NORMAL,ATENDIDA,2026-08-28T07:56:00-03:00,2026-08-28T09:32:00-03:00,2026-08-28T12:16:00-03:00,2026-08-28T12:35:00-03:00,2026-08-28T13:07:00-03:00,,,,15.5
832,3,1,CRIOPRECIPITADO,A,NEGATIVO,7,URGENCIA,ATENDIDA,2026-08-28T09:49:00-03:00,2026-08-28T09:54:00-03:00,2026-08-28T10:46:00-03:00,2026-08-28T11:02:00-03:00,2026-08-28T11:22:00-03:00,,,,3.9
833,4,1,HEMACIAS,O,POSITIVO,2,EMERGENCIA,ATENDIDA,2026-08-28T10:16:00-03:00,2026-08-28T10:21:00-03:00,2026-08-28T10:32:00-03:00,2026-08-28T10:36:00-03:00,2026-08-28T10:49:00-03:00,,,,1.5
834,3,1,HEMACIAS,O,NEGATIVO,1,NORMAL,ATENDIDA,2026-08-28T12:33:00-03:00,2026-08-28T14:07:00-03:00,2026-08-28T16:57:00-03:00,2026-08-28T17:56:00-03:00,2026-08-28T18:10:00-03:00,,,,3.9
835,9,2,HEMACIAS,O,POSITIVO,2,NORMAL,ATENDIDA,2026-08-28T13:17:00-03:00,2026-08-28T14:09:00-03:00,2026-08-28T16:02:00-03:00,2026-08-28T17:09:00-03:00,2026-08-28T17:19:00-03:00,,,,2.1
836,10,2,HEMACIAS,A,POSITIVO,1,NORMAL,ATENDIDA,2026-08-28T14:30:00-03:00,2026-08-28T15:21:00-03:00,2026-08-28T17:26:00-03:00,2026-08-28T18:20:00-03:00,2026-08-28T19:38:00-03:00,,,,60.6
837,6,2,HEMACIAS,O,POSITIVO,1,NORMAL,ATENDIDA,2026-08-28T15:04:00-03:00,2026-08-28T16:03:00-03:00,2026-08-28T17:16:00-03:00,2026-08-28T18:26:00-03:00,2026-08-28T22:36:00-03:00,,,,140.4
838,6,1,HEMACIAS,O,POSITIVO,1,NORMAL,ATENDIDA,2026-08-28T18:47:00-03:00,2026-08-28T22:20:00-03:00,2026-08-29T10:07:00-03:00,2026-08-29T13:11:00-03:00,2026-08-29T14:22:00-03:00,,,,21.8
839,5,1,HEMACIAS,A,POSITIVO,1,NORMAL,ATENDIDA,2026-08-28T21:41:00-03:00,2026-08-29T00:22:00-03:00,2026-08-29T01:17:00-03:00,2026-08-29T02:22:00-03:00,2026-08-29T02:41:00-03:00,,,,6.4
840,5,1,HEMACIAS,O,POSITIVO,4,EMERGENCIA,ATENDIDA,2026-08-29T06:14:00-03:00,2026-08-29T06:18:00-03:00,2026-08-29T06:30:00-03:00,2026-08-29T06:34:00-03:00,2026-08-29T06:48:00-03:00,,,,6.4
841,9,2,HEMACIAS,A,POSITIVO,1,NORMAL,ATENDIDA,2026-08-29T07:08:00-03:00,2026-08-29T08:11:00-03:00,2026-08-29T10:19:00-03:00,2026-08-29T12:18:00-03:00,2026-08-29T12:34:00-03:00,,,,2.1
842,3,2,HEMACIAS,AB,POSITIVO,1,NORMAL,ATENDIDA,2026-08-29T09:00:00-03:00,2026-08-29T11:33:00-03:00,2026-08-29T15:05:00-03:00,2026-08-29T18:46:00-03:00,2026-08-29T23:25:00-03:00,,,,158.0
843,4,1,HEMACIAS,B,POSITIVO,2,URGENCIA,ATENDIDA,2026-08-29T09:33:00-03:00,2026-08-29T10:11:00-03:00,2026-08-29T10:45:00-03:00,2026-08-29T10:52:00-03:00,2026-08-29T11:05:00-03:00,,,,1.5
844,3,1,PLASMA,O,POSITIVO,2,NORMAL,ATENDIDA,2026-08-29T09:44:00-03:00,2026-08-29T11:51:00-03:00,2026-08-30T00:09:00-03:00,2026-08-30T00:58:00-03:00,2026-08-30T01:18:00-03:00,,,,3.9
845,9,2,HEMACIAS,O,POSITIVO,4,URGENCIA,ATENDIDA,2026-08-29T10:09:00-03:00,2026-08-29T10:29:00-03:00,2026-08-29T10:58:00-03:00,2026-08-29T11:12:00-03:00,2026-08-29T11:23:00-03:00,,,,2.1
846,9,2,HEMACIAS,O,POSITIVO,1,URGENCIA,ATENDIDA,2026-08-29T10:13:00-03:00,2026-08-29T10:28:00-03:00,2026-08-29T11:05:00-03:00,2026-08-29T11:13:00-03:00,2026-08-29T11:22:00-03:00,,,,2.1
847,9,2,PLASMA,O,POSITIVO,2,NORMAL,ATENDIDA,2026-08-29T10:14:00-03:00,2026-08-29T13:26:00-03:00,2026-08-29T15:10:00-03:00,2026-08-29T15:44:00-03:00,2026-08-29T15:58:00-03:00,,,,2.1
848,9,2,HEMACIAS,B,POSITIVO,4,URGENCIA,ATENDIDA,2026-08-29T11:45:00-03:00,2026-08-29T11:55:00-03:00,2026-08-29T12:35:00-03:00,2026-08-29T12:44:00-03:00,2026-08-29T12:57:00-03:00,,,,2.1
849,4,1,PLASMA,A,POSITIVO,2,NORMAL,ATENDIDA,2026-08-29T13:27:00-03:00,2026-08-29T14:05:00-03:00,2026-08-29T16:05:00-03:00,2026-08-29T17:50:00-03:00,2026-08-29T18:02:00-03:00,,,,1.5
850,3,1,HEMACIAS,A,POSITIVO,1,URGENCIA,ATENDIDA,2026-08-29T15:46:00-03:00,2026-08-29T15:55:00-03:00,2026-08-29T16:12:00-03:00,2026-08-29T16:53:00-03:00,2026-08-29T17:21:00-03:00,,,,3.9
851,3,1,HEMACIAS,A,NEGATIVO,2,NORMAL,ATENDIDA,2026-08-29T21:56:00-03:00,2026-08-30T01:41:00-03:00,2026-08-30T02:10:00-03:00,2026-08-30T02:44:00-03:00,2026-08-30T03:00:00-03:00,,,,3.9
852,5,1,PLASMA,O,POSITIVO,1,URGENCIA,ATENDIDA,2026-08-29T22:20:00-03:00,2026-08-29T22:28:00-03:00,2026-08-29T23:09:00-03:00,2026-08-29T23:23:00-03:00,2026-08-29T23:48:00-03:00,,,,6.4
853,9,2,HEMACIAS,O,POSITIVO,1,NORMAL,ATENDIDA,2026-08-29T23:01:00-03:00,2026-08-30T00:43:00-03:00,2026-08-30T05:02:00-03:00,2026-08-30T05:55:00-03:00,2026-08-30T06:04:00-03:00,,,,2.1
854,3,2,HEMACIAS,O,POSITIVO,2,NORMAL,ATENDIDA,2026-08-29T23:15:00-03:00,2026-08-30T07:32:00-03:00,2026-08-30T11:41:00-03:00,2026-08-30T12:03:00-03:00,2026-08-30T15:47:00-03:00,,,,158.0
855,3,1,PLASMA,O,POSITIVO,1,NORMAL,ATENDIDA,2026-08-30T05:32:00-03:00,2026-08-30T07:20:00-03:00,2026-08-30T10:39:00-03:00,2026-08-30T11:24:00-03:00,2026-08-30T11:32:00-03:00,,,,3.9
856,6,1,HEMACIAS,B,POSITIVO,2,NORMAL,ATENDIDA,2026-08-30T06:24:00-03:00,2026-08-30T10:16:00-03:00,2026-08-30T17:26:00-03:00,2026-08-30T18:23:00-03:00,2026-08-30T19:15:00-03:00,,,,21.8
857,10,2,HEMACIAS,A,POSITIVO,2,NORMAL,ATENDIDA,2026-08-30T09:17:00-03:00,2026-08-30T13:21:00-03:00,2026-08-30T15:36:00-03:00,2026-08-30T16:00:00-03:00,2026-08-30T17:41:00-03:00,,,,60.6
858,6,1,HEMACIAS,A,POSITIVO,3,URGENCIA,ATENDIDA,2026-08-30T10:53:00-03:00,2026-08-30T12:34:00-03:00,2026-08-30T13:02:00-03:00,2026-08-30T13:17:00-03:00,2026-08-30T14:09:00-03:00,,,,21.8
859,3,2,HEMACIAS,B,NEGATIVO,4,NORMAL,ATENDIDA,2026-08-30T10:57:00-03:00,2026-08-30T13:16:00-03:00,2026-08-30T16:07:00-03:00,2026-08-30T17:02:00-03:00,2026-08-30T19:53:00-03:00,,,,158.0
860,4,1,HEMACIAS,A,POSITIVO,1,NORMAL,ATENDIDA,2026-08-30T11:06:00-03:00,2026-08-30T12:07:00-03:00,2026-08-30T13:28:00-03:00,2026-08-30T14:01:00-03:00,2026-08-30T14:13:00-03:00,,,,1.5
861,3,1,CRIOPRECIPITADO,A,POSITIVO,7,EMERGENCIA,ATENDIDA,2026-08-30T17:36:00-03:00,2026-08-30T17:41:00-03:00,2026-08-30T17:49:00-03:00,2026-08-30T17:52:00-03:00,2026-08-30T18:08:00-03:00,,,,3.9
862,7,1,HEMACIAS,B,NEGATIVO,3,NORMAL,ATENDIDA,2026-08-30T18:51:00-03:00,2026-08-30T19:58:00-03:00,2026-08-30T23:45:00-03:00,2026-08-31T00:52:00-03:00,2026-08-31T01:20:00-03:00,,,,15.5
863,4,2,PLASMA,O,POSITIVO,3,NORMAL,ATENDIDA,2026-08-30T22:30:00-03:00,2026-08-31T07:22:00-03:00,2026-08-31T08:04:00-03:00,2026-08-31T08:24:00-03:00,2026-08-31T13:58:00-03:00,,,,160.2
864,6,1,PLASMA,A,POSITIVO,4,NORMAL,ATENDIDA,2026-08-31T03:22:00-03:00,2026-08-31T07:20:00-03:00,2026-08-31T11:21:00-03:00,2026-08-31T12:36:00-03:00,2026-08-31T13:48:00-03:00,,,,21.8
865,7,1,PLAQUETAS,B,POSITIVO,2,NORMAL,ATENDIDA,2026-08-31T04:14:00-03:00,2026-08-31T05:29:00-03:00,2026-08-31T07:03:00-03:00,2026-08-31T08:28:00-03:00,2026-08-31T08:58:00-03:00,,,,15.5
866,9,2,HEMACIAS,O,POSITIVO,2,NORMAL,ATENDIDA,2026-08-31T04:29:00-03:00,2026-08-31T07:38:00-03:00,2026-08-31T11:54:00-03:00,2026-08-31T13:16:00-03:00,2026-08-31T13:25:00-03:00,,,,2.1
867,7,1,HEMACIAS,B,POSITIVO,1,NORMAL,ATENDIDA,2026-08-31T07:34:00-03:00,2026-08-31T08:21:00-03:00,2026-08-31T12:17:00-03:00,2026-08-31T13:05:00-03:00,2026-08-31T14:00:00-03:00,,,,15.5
868,8,1,PLASMA,B,POSITIVO,2,NORMAL,ATENDIDA,2026-08-31T08:52:00-03:00,2026-08-31T11:20:00-03:00,2026-08-31T12:47:00-03:00,2026-08-31T14:34:00-03:00,2026-08-31T15:01:00-03:00,,,,14.9
869,9,2,PLASMA,A,POSITIVO,3,NORMAL,ATENDIDA,2026-08-31T13:43:00-03:00,2026-08-31T16:12:00-03:00,2026-08-31T17:33:00-03:00,2026-08-31T18:42:00-03:00,2026-08-31T18:56:00-03:00,,,,2.1
870,10,1,HEMACIAS,O,POSITIVO,3,NORMAL,ATENDIDA,2026-08-31T14:00:00-03:00,2026-08-31T14:41:00-03:00,2026-08-31T18:14:00-03:00,2026-08-31T19:28:00-03:00,2026-08-31T22:53:00-03:00,,,,100.9
871,3,1,HEMACIAS,O,POSITIVO,2,NORMAL,RECUSADA,2026-08-31T16:43:00-03:00,,,,,2026-08-31T20:49:00-03:00,,Estoque insuficiente do hemocomponente,3.9
872,6,1,PLAQUETAS,A,POSITIVO,2,NORMAL,ATENDIDA,2026-08-31T16:52:00-03:00,2026-08-31T17:24:00-03:00,2026-08-31T18:39:00-03:00,2026-08-31T20:08:00-03:00,2026-08-31T20:52:00-03:00,,,,21.8
873,4,1,HEMACIAS,A,POSITIVO,1,NORMAL,ATENDIDA,2026-08-31T17:12:00-03:00,2026-09-01T01:37:00-03:00,2026-09-01T03:09:00-03:00,2026-09-01T03:38:00-03:00,2026-09-01T03:47:00-03:00,,,,1.5
874,6,1,PLASMA,A,POSITIVO,1,URGENCIA,ATENDIDA,2026-08-31T17:40:00-03:00,2026-08-31T17:58:00-03:00,2026-08-31T18:50:00-03:00,2026-08-31T18:59:00-03:00,2026-08-31T19:33:00-03:00,,,,21.8
875,7,1,HEMACIAS,O,POSITIVO,2,NORMAL,RECUSADA,2026-08-31T19:58:00-03:00,,,,,2026-08-31T23:33:00-03:00,,Dados da solicitação incompletos,15.5
876,3,1,HEMACIAS,O,POSITIVO,4,URGENCIA,ATENDIDA,2026-08-31T21:40:00-03:00,2026-08-31T21:58:00-03:00,2026-08-31T22:53:00-03:00,2026-08-31T23:00:00-03:00,2026-08-31T23:21:00-03:00,,,,3.9
877,3,1,HEMACIAS,A,POSITIVO,2,URGENCIA,ATENDIDA,2026-09-01T04:43:00-03:00,2026-09-01T05:20:00-03:00,2026-09-01T05:33:00-03:00,2026-09-01T05:44:00-03:00,2026-09-01T05:54:00-03:00,,,,3.9
878,5,1,HEMACIAS,A,POSITIVO,2,NORMAL,ATENDIDA,2026-09-01T06:40:00-03:00,2026-09-01T10:15:00-03:00,2026-09-01T11:00:00-03:00,2026-09-01T11:45:00-03:00,2026-09-01T12:04:00-03:00,,,,6.4
879,4,1,HEMACIAS,O,POSITIVO,2,NORMAL,ATENDIDA,2026-09-01T07:01:00-03:00,2026-09-01T09:16:00-03:00,2026-09-01T10:07:00-03:00,2026-09-01T11:42:00-03:00,2026-09-01T11:57:00-03:00,,,,1.5
880,4,1,HEMACIAS,A,POSITIVO,2,URGENCIA,ATENDIDA,2026-09-01T07:51:00-03:00,2026-09-01T08:25:00-03:00,2026-09-01T08:38:00-03:00,2026-09-01T09:35:00-03:00,2026-09-01T09:46:00-03:00,,,,1.5
881,5,1,CRIOPRECIPITADO,A,POSITIVO,5,NORMAL,ATENDIDA,2026-09-01T08:13:00-03:00,2026-09-01T11:09:00-03:00,2026-09-01T21:41:00-03:00,2026-09-02T00:42:00-03:00,2026-09-02T00:58:00-03:00,,,,6.4
882,3,1,HEMACIAS,A,NEGATIVO,4,EMERGENCIA,ATENDIDA,2026-09-01T09:26:00-03:00,2026-09-01T09:35:00-03:00,2026-09-01T09:49:00-03:00,2026-09-01T09:53:00-03:00,2026-09-01T10:06:00-03:00,,,,3.9
883,5,1,HEMACIAS,A,POSITIVO,3,NORMAL,ATENDIDA,2026-09-01T12:02:00-03:00,2026-09-01T13:33:00-03:00,2026-09-01T16:11:00-03:00,2026-09-01T16:56:00-03:00,2026-09-01T17:19:00-03:00,,,,6.4
884,4,1,HEMACIAS,O,POSITIVO,2,NORMAL,ATENDIDA,2026-09-01T13:05:00-03:00,2026-09-01T15:19:00-03:00,2026-09-01T17:02:00-03:00,2026-09-01T17:22:00-03:00,2026-09-01T17:32:00-03:00,,,,1.5
885,7,1,PLASMA,B,POSITIVO,2,NORMAL,ATENDIDA,2026-09-01T13:25:00-03:00,2026-09-01T14:57:00-03:00,2026-09-01T15:32:00-03:00,2026-09-01T16:06:00-03:00,2026-09-01T16:38:00-03:00,,,,15.5
886,5,1,HEMACIAS,A,POSITIVO,2,URGENCIA,ATENDIDA,2026-09-01T14:50:00-03:00,2026-09-01T15:07:00-03:00,2026-09-01T16:13:00-03:00,2026-09-01T16:55:00-03:00,2026-09-01T17:13:00-03:00,,,,6.4
887,3,1,CRIOPRECIPITADO,O,NEGATIVO,8,NORMAL,ATENDIDA,2026-09-01T17:07:00-03:00,2026-09-01T18:19:00-03:00,2026-09-01T22:22:00-03:00,2026-09-01T23:12:00-03:00,2026-09-02T01:49:00-03:00,,,,3.9
888,3,1,HEMACIAS,A,POSITIVO,3,EMERGENCIA,ATENDIDA,2026-09-01T17:09:00-03:00,2026-09-01T17:21:00-03:00,2026-09-01T17:30:00-03:00,2026-09-01T17:37:00-03:00,2026-09-01T17:54:00-03:00,,,,3.9
889,9,2,HEMACIAS,A,NEGATIVO,4,NORMAL,ATENDIDA,2026-09-01T17:37:00-03:00,2026-09-01T18:43:00-03:00,2026-09-01T19:04:00-03:00,2026-09-01T19:54:00-03:00,2026-09-01T20:06:00-03:00,,,,2.1
890,3,1,HEMACIAS,A,NEGATIVO,3,NORMAL,ATENDIDA,2026-09-01T18:18:00-03:00,2026-09-02T02:42:00-03:00,2026-09-02T14:35:00-03:00,2026-09-02T15:06:00-03:00,2026-09-02T15:20:00-03:00,,,,3.9
891,3,1,HEMACIAS,A,NEGATIVO,2,NORMAL,ATENDIDA,2026-09-01T18:41:00-03:00,2026-09-01T19:31:00-03:00,2026-09-01T21:14:00-03:00,2026-09-02T00:13:00-03:00,2026-09-02T00:31:00-03:00,,,,3.9
892,5,1,HEMACIAS,B,POSITIVO,2,NORMAL,ATENDIDA,2026-09-01T18:44:00-03:00,2026-09-01T20:08:00-03:00,2026-09-01T21:05:00-03:00,2026-09-01T21:27:00-03:00,2026-09-01T21:43:00-03:00,,,,6.4
893,10,2,HEMACIAS,A,POSITIVO,2,NORMAL,ATENDIDA,2026-09-02T01:38:00-03:00,2026-09-02T07:17:00-03:00,2026-09-02T08:25:00-03:00,2026-09-02T10:39:00-03:00,2026-09-02T13:38:00-03:00,,,,60.6
894,9,2,HEMACIAS,A,POSITIVO,2,URGENCIA,ATENDIDA,2026-09-02T13:30:00-03:00,2026-09-02T13:47:00-03:00,2026-09-02T14:19:00-03:00,2026-09-02T14:33:00-03:00,2026-09-02T14:44:00-03:00,,,,2.1
895,9,2,PLAQUETAS,A,POSITIVO,2,NORMAL,ATENDIDA,2026-09-02T15:32:00-03:00,2026-09-02T17:48:00-03:00,2026-09-02T18:34:00-03:00,2026-09-02T18:46:00-03:00,2026-09-02T19:02:00-03:00,,,,2.1
896,3,1,HEMACIAS,A,POSITIVO,4,NORMAL,ATENDIDA,2026-09-02T16:37:00-03:00,2026-09-02T18:26:00-03:00,2026-09-02T20:49:00-03:00,2026-09-02T22:05:00-03:00,2026-09-02T22:27:00-03:00,,,,3.9
897,3,1,HEMACIAS,A,POSITIVO,1,NORMAL,ATENDIDA,2026-09-02T17:32:00-03:00,2026-09-03T03:02:00-03:00,2026-09-03T05:16:00-03:00,2026-09-03T05:53:00-03:00,2026-09-03T06:12:00-03:00,,,,3.9
898,6,2,PLAQUETAS,B,POSITIVO,1,URGENCIA,ATENDIDA,2026-09-02T18:10:00-03:00,2026-09-02T18:25:00-03:00,2026-09-02T19:01:00-03:00,2026-09-02T19:10:00-03:00,2026-09-02T22:59:00-03:00,,,,140.4
899,8,1,PLASMA,O,POSITIVO,2,NORMAL,ATENDIDA,2026-09-02T21:49:00-03:00,2026-09-02T22:42:00-03:00,2026-09-03T03:43:00-03:00,2026-09-03T04:37:00-03:00,2026-09-03T05:17:00-03:00,,,,14.9
900,9,2,HEMACIAS,O,POSITIVO,2,NORMAL,ATENDIDA,2026-09-03T01:50:00-03:00,2026-09-03T04:15:00-03:00,2026-09-03T16:08:00-03:00,2026-09-03T16:59:00-03:00,2026-09-03T17:15:00-03:00,,,,2.1
901,3,1,HEMACIAS,A,POSITIVO,2,URGENCIA,ATENDIDA,2026-09-03T02:56:00-03:00,2026-09-03T03:03:00-03:00,2026-09-03T03:24:00-03:00,2026-09-03T03:57:00-03:00,2026-09-03T04:13:00-03:00,,,,3.9
902,7,1,HEMACIAS,O,POSITIVO,2,URGENCIA,ATENDIDA,2026-09-03T05:24:00-03:00,2026-09-03T05:50:00-03:00,2026-09-03T06:34:00-03:00,2026-09-03T06:48:00-03:00,2026-09-03T07:20:00-03:00,,,,15.5
903,7,1,HEMACIAS,O,POSITIVO,2,URGENCIA,ATENDIDA,2026-09-03T07:43:00-03:00,2026-09-03T07:56:00-03:00,2026-09-03T08:01:00-03:00,2026-09-03T08:24:00-03:00,2026-09-03T09:04:00-03:00,,,,15.5
904,9,2,CRIOPRECIPITADO,O,NEGATIVO,7,NORMAL,ATENDIDA,2026-09-03T08:01:00-03:00,2026-09-03T08:30:00-03:00,2026-09-03T09:02:00-03:00,2026-09-03T10:00:00-03:00,2026-09-03T10:13:00-03:00,,,,2.1
905,5,2,HEMACIAS,O,NEGATIVO,2,NORMAL,ATENDIDA,2026-09-03T08:41:00-03:00,2026-09-03T09:33:00-03:00,2026-09-03T12:27:00-03:00,2026-09-03T13:56:00-03:00,2026-09-03T18:27:00-03:00,,,,165.8
906,6,1,HEMACIAS,A,POSITIVO,1,NORMAL,ATENDIDA,2026-09-03T08:49:00-03:00,2026-09-03T12:01:00-03:00,2026-09-03T19:59:00-03:00,2026-09-03T20:39:00-03:00,2026-09-03T21:17:00-03:00,,,,21.8
907,9,,HEMACIAS,A,POSITIVO,5,EMERGENCIA,CANCELADA,2026-09-03T09:19:00-03:00,,,,,,2026-09-03T09:20:00-03:00,,
908,4,1,HEMACIAS,O,POSITIVO,1,NORMAL,ATENDIDA,2026-09-03T09:45:00-03:00,2026-09-03T11:32:00-03:00,2026-09-03T12:29:00-03:00,2026-09-03T13:02:00-03:00,2026-09-03T13:15:00-03:00,,,,1.5
909,10,2,CRIOPRECIPITADO,O,POSITIVO,5,URGENCIA,ATENDIDA,2026-09-03T10:06:00-03:00,2026-09-03T10:15:00-03:00,2026-09-03T10:33:00-03:00,2026-09-03T11:02:00-03:00,2026-09-03T12:32:00-03:00,,,,60.6
910,9,2,HEMACIAS,O,POSITIVO,1,NORMAL,ATENDIDA,2026-09-03T13:46:00-03:00,2026-09-03T14:37:00-03:00,2026-09-03T17:39:00-03:00,2026-09-03T20:37:00-03:00,2026-09-03T20:46:00-03:00,,,,2.1
911,5,1,CRIOPRECIPITADO,A,POSITIVO,7,NORMAL,ATENDIDA,2026-09-03T14:07:00-03:00,2026-09-03T15:53:00-03:00,2026-09-03T18:13:00-03:00,2026-09-03T20:13:00-03:00,2026-09-03T20:30:00-03:00,,,,6.4
912,3,1,HEMACIAS,O,POSITIVO,1,NORMAL,ATENDIDA,2026-09-03T17:34:00-03:00,2026-09-03T20:20:00-03:00,2026-09-03T21:13:00-03:00,2026-09-03T21:43:00-03:00,2026-09-03T22:03:00-03:00,,,,3.9
913,7,1,HEMACIAS,AB,POSITIVO,2,NORMAL,ATENDIDA,2026-09-03T22:43:00-03:00,2026-09-04T07:27:00-03:00,2026-09-04T10:34:00-03:00,2026-09-04T11:42:00-03:00,2026-09-04T12:10:00-03:00,,,,15.5
914,9,2,HEMACIAS,B,NEGATIVO,4,NORMAL,ATENDIDA,2026-09-03T23:50:00-03:00,2026-09-04T07:07:00-03:00,2026-09-04T10:47:00-03:00,2026-09-04T12:35:00-03:00,2026-09-04T12:53:00-03:00,,,,2.1
915,4,1,HEMACIAS,A,POSITIVO,3,NORMAL,ATENDIDA,2026-09-04T00:14:00-03:00,2026-09-04T07:37:00-03:00,2026-09-04T08:42:00-03:00,2026-09-04T10:07:00-03:00,2026-09-04T10:23:00-03:00,,,,1.5
916,4,1,PLASMA,A,POSITIVO,2,NORMAL,ATENDIDA,2026-09-04T03:50:00-03:00,2026-09-04T07:06:00-03:00,2026-09-04T11:34:00-03:00,2026-09-04T13:26:00-03:00,2026-09-04T13:37:00-03:00,,,,1.5
917,8,1,HEMACIAS,O,NEGATIVO,1,NORMAL,ATENDIDA,2026-09-04T07:59:00-03:00,2026-09-04T08:40:00-03:00,2026-09-04T09:44:00-03:00,2026-09-04T11:48:00-03:00,2026-09-04T12:13:00-03:00,,,,14.9
918,3,1,HEMACIAS,O,NEGATIVO,2,NORMAL,ATENDIDA,2026-09-04T12:19:00-03:00,2026-09-04T14:19:00-03:00,2026-09-04T17:57:00-03:00,2026-09-04T19:03:00-03:00,2026-09-04T19:14:00-03:00,,,,3.9
919,5,1,PLAQUETAS,A,POSITIVO,2,NORMAL,ATENDIDA,2026-09-04T12:24:00-03:00,2026-09-04T12:57:00-03:00,2026-09-04T14:39:00-03:00,2026-09-05T01:16:00-03:00,2026-09-05T02:26:00-03:00,,,,6.4
920,3,1,HEMACIAS,A,POSITIVO,4,NORMAL,ATENDIDA,2026-09-04T14:10:00-03:00,2026-09-04T17:05:00-03:00,2026-09-04T19:18:00-03:00,2026-09-04T20:37:00-03:00,2026-09-04T20:57:00-03:00,,,,3.9
921,3,1,HEMACIAS,B,NEGATIVO,4,EMERGENCIA,ATENDIDA,2026-09-04T15:10:00-03:00,2026-09-04T15:15:00-03:00,2026-09-04T15:42:00-03:00,2026-09-04T15:50:00-03:00,2026-09-04T16:04:00-03:00,,,,3.9
922,4,1,HEMACIAS,A,POSITIVO,3,URGENCIA,ATENDIDA,2026-09-04T16:00:00-03:00,2026-09-04T16:31:00-03:00,2026-09-04T17:00:00-03:00,2026-09-04T17:10:00-03:00,2026-09-04T17:19:00-03:00,,,,1.5
923,10,2,HEMACIAS,B,NEGATIVO,3,NORMAL,ATENDIDA,2026-09-04T16:59:00-03:00,2026-09-04T19:14:00-03:00,2026-09-04T21:39:00-03:00,2026-09-04T22:34:00-03:00,2026-09-05T00:13:00-03:00,,,,60.6
924,3,1,PLASMA,A,POSITIVO,4,EMERGENCIA,ATENDIDA,2026-09-04T17:56:00-03:00,2026-09-04T18:02:00-03:00,2026-09-04T18:17:00-03:00,2026-09-04T18:26:00-03:00,2026-09-04T18:46:00-03:00,,,,3.9
925,6,1,PLAQUETAS,O,POSITIVO,4,URGENCIA,ATENDIDA,2026-09-04T21:43:00-03:00,2026-09-04T21:55:00-03:00,2026-09-04T22:32:00-03:00,2026-09-04T22:43:00-03:00,2026-09-04T23:39:00-03:00,,,,21.8
926,3,1,PLAQUETAS,B,POSITIVO,2,NORMAL,ATENDIDA,2026-09-04T22:01:00-03:00,2026-09-05T00:56:00-03:00,2026-09-05T03:05:00-03:00,2026-09-05T03:43:00-03:00,2026-09-05T03:55:00-03:00,,,,3.9
927,9,2,HEMACIAS,A,POSITIVO,1,URGENCIA,ATENDIDA,2026-09-04T23:16:00-03:00,2026-09-04T23:27:00-03:00,2026-09-04T23:56:00-03:00,2026-09-05T00:09:00-03:00,2026-09-05T00:22:00-03:00,,,,2.1
928,8,,HEMACIAS,A,POSITIVO,2,NORMAL,CANCELADA,2026-09-05T00:31:00-03:00,,,,,,2026-09-05T03:28:00-03:00,,
929,8,2,HEMACIAS,A,POSITIVO,4,URGENCIA,ATENDIDA,2026-09-05T05:05:00-03:00,2026-09-05T05:21:00-03:00,2026-09-05T05:51:00-03:00,2026-09-05T06:18:00-03:00,2026-09-05T12:07:00-03:00,,,,148.2
930,3,1,PLAQUETAS,O,POSITIVO,3,NORMAL,ATENDIDA,2026-09-05T08:36:00-03:00,2026-09-05T10:29:00-03:00,2026-09-05T15:16:00-03:00,2026-09-05T16:57:00-03:00,2026-09-05T17:16:00-03:00,,,,3.9
931,3,1,HEMACIAS,O,POSITIVO,1,NORMAL,ATENDIDA,2026-09-05T08:50:00-03:00,2026-09-05T10:23:00-03:00,2026-09-05T12:51:00-03:00,2026-09-05T13:05:00-03:00,2026-09-05T13:20:00-03:00,,,,3.9
932,7,2,HEMACIAS,A,POSITIVO,2,NORMAL,ATENDIDA,2026-09-05T08:54:00-03:00,2026-09-05T10:05:00-03:00,2026-09-05T11:16:00-03:00,2026-09-05T18:56:00-03:00,2026-09-06T00:06:00-03:00,,,,166.0
933,9,2,HEMACIAS,A,NEGATIVO,4,NORMAL,RECUSADA,2026-09-05T12:50:00-03:00,,,,,2026-09-05T13:37:00-03:00,,Prioridade redirecionada para outra unidade,2.1
934,10,2,HEMACIAS,O,POSITIVO,2,NORMAL,ATENDIDA,2026-09-05T14:46:00-03:00,2026-09-05T21:42:00-03:00,2026-09-05T23:18:00-03:00,2026-09-06T03:32:00-03:00,2026-09-06T04:59:00-03:00,,,,60.6
935,3,1,PLASMA,A,NEGATIVO,3,URGENCIA,ATENDIDA,2026-09-05T16:55:00-03:00,2026-09-05T17:05:00-03:00,2026-09-05T17:37:00-03:00,2026-09-05T18:04:00-03:00,2026-09-05T18:17:00-03:00,,,,3.9
936,4,1,PLAQUETAS,A,POSITIVO,2,URGENCIA,ATENDIDA,2026-09-05T17:21:00-03:00,2026-09-05T17:35:00-03:00,2026-09-05T18:39:00-03:00,2026-09-05T19:06:00-03:00,2026-09-05T19:16:00-03:00,,,,1.5
937,3,1,PLAQUETAS,O,NEGATIVO,1,NORMAL,ATENDIDA,2026-09-05T18:12:00-03:00,2026-09-05T18:36:00-03:00,2026-09-06T00:16:00-03:00,2026-09-06T01:14:00-03:00,2026-09-06T01:34:00-03:00,,,,3.9
938,8,1,HEMACIAS,A,POSITIVO,3,NORMAL,ATENDIDA,2026-09-05T18:51:00-03:00,2026-09-05T19:58:00-03:00,2026-09-05T23:07:00-03:00,2026-09-06T01:42:00-03:00,2026-09-06T02:16:00-03:00,,,,14.9
939,5,1,PLAQUETAS,A,NEGATIVO,3,NORMAL,ATENDIDA,2026-09-05T19:19:00-03:00,2026-09-05T21:27:00-03:00,2026-09-05T22:14:00-03:00,2026-09-05T23:05:00-03:00,2026-09-05T23:31:00-03:00,,,,6.4
940,9,2,PLASMA,O,POSITIVO,2,NORMAL,ATENDIDA,2026-09-05T23:38:00-03:00,2026-09-06T07:40:00-03:00,2026-09-06T10:31:00-03:00,2026-09-06T11:08:00-03:00,2026-09-06T11:24:00-03:00,,,,2.1
941,5,1,HEMACIAS,A,POSITIVO,1,NORMAL,ATENDIDA,2026-09-05T23:51:00-03:00,2026-09-06T07:43:00-03:00,2026-09-06T09:54:00-03:00,2026-09-06T11:26:00-03:00,2026-09-06T12:29:00-03:00,,,,6.4
942,5,1,HEMACIAS,AB,POSITIVO,1,URGENCIA,ATENDIDA,2026-09-06T08:57:00-03:00,2026-09-06T09:15:00-03:00,2026-09-06T09:36:00-03:00,2026-09-06T09:44:00-03:00,2026-09-06T10:04:00-03:00,,,,6.4
943,4,1,CRIOPRECIPITADO,A,POSITIVO,5,EMERGENCIA,ATENDIDA,2026-09-06T09:59:00-03:00,2026-09-06T10:06:00-03:00,2026-09-06T10:14:00-03:00,2026-09-06T10:20:00-03:00,2026-09-06T10:37:00-03:00,,,,1.5
944,9,2,PLAQUETAS,B,POSITIVO,1,NORMAL,ATENDIDA,2026-09-06T11:17:00-03:00,2026-09-06T16:21:00-03:00,2026-09-06T18:14:00-03:00,2026-09-06T19:01:00-03:00,2026-09-06T19:14:00-03:00,,,,2.1
945,3,1,HEMACIAS,O,NEGATIVO,2,URGENCIA,ATENDIDA,2026-09-06T12:01:00-03:00,2026-09-06T12:32:00-03:00,2026-09-06T14:13:00-03:00,2026-09-06T14:39:00-03:00,2026-09-06T14:56:00-03:00,,,,3.9
946,9,1,PLAQUETAS,A,NEGATIVO,2,NORMAL,ATENDIDA,2026-09-06T12:35:00-03:00,2026-09-06T18:26:00-03:00,2026-09-07T00:17:00-03:00,2026-09-07T01:50:00-03:00,2026-09-07T05:45:00-03:00,,,,160.1
947,3,1,HEMACIAS,O,NEGATIVO,3,NORMAL,ATENDIDA,2026-09-06T13:29:00-03:00,2026-09-06T15:01:00-03:00,2026-09-06T16:35:00-03:00,2026-09-06T17:51:00-03:00,2026-09-06T18:11:00-03:00,,,,3.9
948,4,1,PLAQUETAS,O,POSITIVO,1,NORMAL,ATENDIDA,2026-09-06T15:35:00-03:00,2026-09-06T18:21:00-03:00,2026-09-06T21:54:00-03:00,2026-09-06T23:46:00-03:00,2026-09-06T23:58:00-03:00,,,,1.5
949,4,1,HEMACIAS,O,NEGATIVO,2,NORMAL,RECUSADA,2026-09-06T16:01:00-03:00,,,,,2026-09-06T17:37:00-03:00,,Sem bolsas compatíveis disponíveis,1.5
950,6,2,PLASMA,A,POSITIVO,3,NORMAL,ATENDIDA,2026-09-06T16:04:00-03:00,2026-09-06T17:51:00-03:00,2026-09-06T19:04:00-03:00,2026-09-06T19:53:00-03:00,2026-09-07T00:09:00-03:00,,,,140.4
951,4,1,HEMACIAS,B,POSITIVO,2,URGENCIA,ATENDIDA,2026-09-06T16:45:00-03:00,2026-09-06T16:57:00-03:00,2026-09-06T17:45:00-03:00,2026-09-06T18:01:00-03:00,2026-09-06T18:12:00-03:00,,,,1.5
952,4,1,HEMACIAS,A,POSITIVO,1,URGENCIA,ATENDIDA,2026-09-06T16:53:00-03:00,2026-09-06T17:11:00-03:00,2026-09-06T17:34:00-03:00,2026-09-06T17:44:00-03:00,2026-09-06T17:54:00-03:00,,,,1.5
953,7,1,HEMACIAS,O,POSITIVO,3,NORMAL,ATENDIDA,2026-09-06T18:02:00-03:00,2026-09-06T18:20:00-03:00,2026-09-06T19:29:00-03:00,2026-09-06T20:11:00-03:00,2026-09-06T20:43:00-03:00,,,,15.5
954,10,2,HEMACIAS,A,POSITIVO,2,NORMAL,ATENDIDA,2026-09-06T22:04:00-03:00,2026-09-06T22:54:00-03:00,2026-09-07T00:39:00-03:00,2026-09-07T02:55:00-03:00,2026-09-07T04:08:00-03:00,,,,60.6
955,4,1,PLAQUETAS,B,NEGATIVO,2,NORMAL,ATENDIDA,2026-09-07T07:48:00-03:00,2026-09-07T08:11:00-03:00,2026-09-07T09:55:00-03:00,2026-09-07T11:03:00-03:00,2026-09-07T11:16:00-03:00,,,,1.5
956,7,1,HEMACIAS,A,NEGATIVO,1,URGENCIA,ATENDIDA,2026-09-07T07:52:00-03:00,2026-09-07T08:09:00-03:00,2026-09-07T09:08:00-03:00,2026-09-07T09:27:00-03:00,2026-09-07T09:59:00-03:00,,,,15.5
957,3,1,HEMACIAS,A,NEGATIVO,2,NORMAL,ATENDIDA,2026-09-07T09:07:00-03:00,2026-09-07T11:16:00-03:00,2026-09-07T15:28:00-03:00,2026-09-07T16:44:00-03:00,2026-09-07T18:50:00-03:00,,,,3.9
958,9,2,HEMACIAS,A,POSITIVO,1,NORMAL,ATENDIDA,2026-09-07T11:13:00-03:00,2026-09-07T16:58:00-03:00,2026-09-07T19:41:00-03:00,2026-09-07T20:15:00-03:00,2026-09-07T20:27:00-03:00,,,,2.1
959,9,2,HEMACIAS,A,POSITIVO,1,NORMAL,ATENDIDA,2026-09-07T12:09:00-03:00,2026-09-07T13:31:00-03:00,2026-09-07T14:23:00-03:00,2026-09-07T17:01:00-03:00,2026-09-07T17:15:00-03:00,,,,2.1
960,4,1,HEMACIAS,B,POSITIVO,2,NORMAL,ATENDIDA,2026-09-07T13:10:00-03:00,2026-09-07T14:02:00-03:00,2026-09-07T14:36:00-03:00,2026-09-07T16:11:00-03:00,2026-09-07T16:24:00-03:00,,,,1.5
961,6,1,HEMACIAS,O,POSITIVO,4,URGENCIA,ATENDIDA,2026-09-07T14:16:00-03:00,2026-09-07T14:26:00-03:00,2026-09-07T15:01:00-03:00,2026-09-07T15:14:00-03:00,2026-09-07T16:03:00-03:00,,,,21.8
962,7,1,HEMACIAS,B,POSITIVO,2,NORMAL,ATENDIDA,2026-09-07T14:16:00-03:00,2026-09-07T19:45:00-03:00,2026-09-07T21:24:00-03:00,2026-09-07T21:35:00-03:00,2026-09-07T22:12:00-03:00,,,,15.5
963,5,1,HEMACIAS,A,NEGATIVO,3,NORMAL,ATENDIDA,2026-09-07T15:48:00-03:00,2026-09-07T17:20:00-03:00,2026-09-07T18:01:00-03:00,2026-09-07T18:27:00-03:00,2026-09-07T19:00:00-03:00,,,,6.4
964,3,1,PLASMA,O,POSITIVO,2,NORMAL,ATENDIDA,2026-09-07T16:38:00-03:00,2026-09-07T19:14:00-03:00,2026-09-07T19:51:00-03:00,2026-09-07T22:35:00-03:00,2026-09-07T22:49:00-03:00,,,,3.9
965,6,1,PLASMA,B,NEGATIVO,4,NORMAL,ATENDIDA,2026-09-07T16:49:00-03:00,2026-09-07T18:17:00-03:00,2026-09-07T21:49:00-03:00,2026-09-08T00:08:00-03:00,2026-09-08T00:53:00-03:00,,,,21.8
966,9,2,HEMACIAS,B,POSITIVO,1,NORMAL,ATENDIDA,2026-09-07T17:47:00-03:00,2026-09-07T18:47:00-03:00,2026-09-07T22:59:00-03:00,2026-09-07T23:21:00-03:00,2026-09-07T23:37:00-03:00,,,,2.1
967,6,1,PLAQUETAS,O,POSITIVO,1,NORMAL,ATENDIDA,2026-09-07T19:14:00-03:00,2026-09-07T22:57:00-03:00,2026-09-08T00:23:00-03:00,2026-09-08T00:49:00-03:00,2026-09-08T01:32:00-03:00,,,,21.8
968,6,1,PLASMA,A,POSITIVO,1,URGENCIA,ATENDIDA,2026-09-07T20:03:00-03:00,2026-09-07T20:24:00-03:00,2026-09-07T20:54:00-03:00,2026-09-07T21:17:00-03:00,2026-09-07T22:01:00-03:00,,,,21.8
969,9,2,PLASMA,A,POSITIVO,1,NORMAL,RECUSADA,2026-09-07T20:13:00-03:00,,,,,2026-09-07T21:05:00-03:00,,Sem bolsas compatíveis disponíveis,2.1
970,9,2,HEMACIAS,A,POSITIVO,4,URGENCIA,ATENDIDA,2026-09-08T03:20:00-03:00,2026-09-08T03:31:00-03:00,2026-09-08T04:03:00-03:00,2026-09-08T04:13:00-03:00,2026-09-08T04:28:00-03:00,,,,2.1
971,10,2,HEMACIAS,O,POSITIVO,3,NORMAL,ATENDIDA,2026-09-08T04:09:00-03:00,2026-09-08T07:08:00-03:00,2026-09-08T16:19:00-03:00,2026-09-08T16:44:00-03:00,2026-09-08T18:54:00-03:00,,,,60.6
972,6,1,PLAQUETAS,O,POSITIVO,3,URGENCIA,ATENDIDA,2026-09-08T07:08:00-03:00,2026-09-08T07:19:00-03:00,2026-09-08T07:46:00-03:00,2026-09-08T07:58:00-03:00,2026-09-08T08:41:00-03:00,,,,21.8
973,6,1,PLAQUETAS,O,POSITIVO,2,NORMAL,ATENDIDA,2026-09-08T10:48:00-03:00,2026-09-08T12:07:00-03:00,2026-09-08T15:06:00-03:00,2026-09-08T15:37:00-03:00,2026-09-08T16:08:00-03:00,,,,21.8
974,9,2,HEMACIAS,A,POSITIVO,3,URGENCIA,ATENDIDA,2026-09-08T14:50:00-03:00,2026-09-08T15:02:00-03:00,2026-09-08T15:52:00-03:00,2026-09-08T16:11:00-03:00,2026-09-08T16:23:00-03:00,,,,2.1
975,3,1,PLASMA,O,NEGATIVO,1,NORMAL,ATENDIDA,2026-09-08T15:12:00-03:00,2026-09-08T16:32:00-03:00,2026-09-09T01:16:00-03:00,2026-09-09T01:48:00-03:00,2026-09-09T02:11:00-03:00,,,,3.9
976,4,1,HEMACIAS,O,POSITIVO,1,NORMAL,ATENDIDA,2026-09-08T15:37:00-03:00,2026-09-08T17:31:00-03:00,2026-09-08T22:05:00-03:00,2026-09-08T22:54:00-03:00,2026-09-08T23:09:00-03:00,,,,1.5
977,3,1,HEMACIAS,A,POSITIVO,3,NORMAL,ATENDIDA,2026-09-08T18:48:00-03:00,2026-09-08T21:13:00-03:00,2026-09-08T23:57:00-03:00,2026-09-09T00:36:00-03:00,2026-09-09T00:49:00-03:00,,,,3.9
978,6,1,HEMACIAS,O,POSITIVO,4,NORMAL,ATENDIDA,2026-09-08T19:36:00-03:00,2026-09-08T22:05:00-03:00,2026-09-09T00:35:00-03:00,2026-09-09T02:44:00-03:00,2026-09-09T05:46:00-03:00,,,,21.8
979,6,1,PLAQUETAS,A,POSITIVO,2,NORMAL,ATENDIDA,2026-09-08T20:09:00-03:00,2026-09-09T03:27:00-03:00,2026-09-09T04:52:00-03:00,2026-09-09T05:07:00-03:00,2026-09-09T05:52:00-03:00,,,,21.8
980,7,1,HEMACIAS,O,POSITIVO,2,NORMAL,ATENDIDA,2026-09-09T00:56:00-03:00,2026-09-09T07:11:00-03:00,2026-09-09T09:45:00-03:00,2026-09-09T10:04:00-03:00,2026-09-09T10:48:00-03:00,,,,15.5
981,6,1,PLAQUETAS,O,POSITIVO,1,URGENCIA,ATENDIDA,2026-09-09T04:38:00-03:00,2026-09-09T05:04:00-03:00,2026-09-09T05:23:00-03:00,2026-09-09T05:46:00-03:00,2026-09-09T06:20:00-03:00,,,,21.8
982,6,1,HEMACIAS,A,NEGATIVO,4,EMERGENCIA,ATENDIDA,2026-09-09T04:55:00-03:00,2026-09-09T05:01:00-03:00,2026-09-09T05:17:00-03:00,2026-09-09T05:22:00-03:00,2026-09-09T05:55:00-03:00,,,,21.8
983,8,1,HEMACIAS,O,POSITIVO,2,NORMAL,ATENDIDA,2026-09-09T08:56:00-03:00,2026-09-09T10:14:00-03:00,2026-09-09T11:05:00-03:00,2026-09-09T15:10:00-03:00,2026-09-09T15:42:00-03:00,,,,14.9
984,9,1,HEMACIAS,A,NEGATIVO,2,NORMAL,ATENDIDA,2026-09-09T09:00:00-03:00,2026-09-09T10:47:00-03:00,2026-09-09T13:01:00-03:00,2026-09-09T17:02:00-03:00,2026-09-09T21:06:00-03:00,,,,160.1
985,3,1,HEMACIAS,B,POSITIVO,2,NORMAL,ATENDIDA,2026-09-09T09:02:00-03:00,2026-09-09T12:40:00-03:00,2026-09-09T19:19:00-03:00,2026-09-09T20:32:00-03:00,2026-09-09T20:44:00-03:00,,,,3.9
986,4,1,CRIOPRECIPITADO,A,POSITIVO,4,URGENCIA,ATENDIDA,2026-09-09T09:25:00-03:00,2026-09-09T09:41:00-03:00,2026-09-09T10:14:00-03:00,2026-09-09T10:39:00-03:00,2026-09-09T10:48:00-03:00,,,,1.5
987,6,1,HEMACIAS,O,POSITIVO,2,URGENCIA,ATENDIDA,2026-09-09T09:35:00-03:00,2026-09-09T10:01:00-03:00,2026-09-09T10:53:00-03:00,2026-09-09T11:05:00-03:00,2026-09-09T11:39:00-03:00,,,,21.8
988,8,1,HEMACIAS,AB,POSITIVO,3,NORMAL,RECUSADA,2026-09-09T10:08:00-03:00,,,,,2026-09-09T12:58:00-03:00,,Sem bolsas compatíveis disponíveis,14.9
989,3,1,HEMACIAS,A,POSITIVO,2,NORMAL,ATENDIDA,2026-09-09T10:31:00-03:00,2026-09-09T11:33:00-03:00,2026-09-09T12:17:00-03:00,2026-09-09T17:02:00-03:00,2026-09-09T17:19:00-03:00,,,,3.9
990,6,2,HEMACIAS,O,POSITIVO,1,NORMAL,ATENDIDA,2026-09-09T11:20:00-03:00,2026-09-09T17:07:00-03:00,2026-09-09T18:55:00-03:00,2026-09-09T20:19:00-03:00,2026-09-10T00:58:00-03:00,,,,140.4
991,9,2,HEMACIAS,O,POSITIVO,3,NORMAL,ATENDIDA,2026-09-09T13:27:00-03:00,2026-09-09T14:03:00-03:00,2026-09-09T15:34:00-03:00,2026-09-09T17:55:00-03:00,2026-09-09T18:06:00-03:00,,,,2.1
992,4,1,PLAQUETAS,A,POSITIVO,5,EMERGENCIA,ATENDIDA,2026-09-09T14:51:00-03:00,2026-09-09T15:01:00-03:00,2026-09-09T15:12:00-03:00,2026-09-09T15:17:00-03:00,2026-09-09T15:29:00-03:00,,,,1.5
993,3,1,PLASMA,AB,POSITIVO,1,NORMAL,ATENDIDA,2026-09-09T16:45:00-03:00,2026-09-09T17:27:00-03:00,2026-09-09T19:28:00-03:00,2026-09-09T20:10:00-03:00,2026-09-09T20:21:00-03:00,,,,3.9
994,3,1,HEMACIAS,B,POSITIVO,2,URGENCIA,ATENDIDA,2026-09-09T17:22:00-03:00,2026-09-09T17:55:00-03:00,2026-09-09T18:24:00-03:00,2026-09-09T18:49:00-03:00,2026-09-09T19:04:00-03:00,,,,3.9
995,4,2,HEMACIAS,O,POSITIVO,3,NORMAL,ATENDIDA,2026-09-09T20:27:00-03:00,2026-09-09T21:09:00-03:00,2026-09-09T23:09:00-03:00,2026-09-10T00:41:00-03:00,2026-09-10T04:49:00-03:00,,,,160.2
996,6,1,PLASMA,O,NEGATIVO,1,URGENCIA,ATENDIDA,2026-09-09T22:07:00-03:00,2026-09-09T22:19:00-03:00,2026-09-10T00:36:00-03:00,2026-09-10T00:47:00-03:00,2026-09-10T01:26:00-03:00,,,,21.8
997,3,1,PLASMA,A,POSITIVO,4,NORMAL,ATENDIDA,2026-09-10T01:16:00-03:00,2026-09-10T02:16:00-03:00,2026-09-10T03:44:00-03:00,2026-09-10T06:34:00-03:00,2026-09-10T06:46:00-03:00,,,,3.9
998,7,1,PLAQUETAS,O,POSITIVO,1,NORMAL,ATENDIDA,2026-09-10T03:28:00-03:00,2026-09-10T07:16:00-03:00,2026-09-10T09:49:00-03:00,2026-09-10T11:02:00-03:00,2026-09-10T11:35:00-03:00,,,,15.5
999,8,1,PLASMA,B,NEGATIVO,2,URGENCIA,ATENDIDA,2026-09-10T07:39:00-03:00,2026-09-10T08:13:00-03:00,2026-09-10T09:08:00-03:00,2026-09-10T09:21:00-03:00,2026-09-10T09:53:00-03:00,,,,14.9
1000,8,1,HEMACIAS,O,POSITIVO,3,URGENCIA,ATENDIDA,2026-09-10T08:05:00-03:00,2026-09-10T08:40:00-03:00,2026-09-10T09:10:00-03:00,2026-09-10T09:41:00-03:00,2026-09-10T10:07:00-03:00,,,,14.9
1001,10,2,PLAQUETAS,A,POSITIVO,5,EMERGENCIA,ATENDIDA,2026-09-10T08:34:00-03:00,2026-09-10T08:41:00-03:00,2026-09-10T09:00:00-03:00,2026-09-10T09:04:00-03:00,2026-09-10T10:52:00-03:00,,,,60.6
1002,9,2,HEMACIAS,A,POSITIVO,3,NORMAL,ATENDIDA,2026-09-10T10:29:00-03:00,2026-09-10T11:45:00-03:00,2026-09-10T14:26:00-03:00,2026-09-10T15:53:00-03:00,2026-09-10T18:19:00-03:00,,,,2.1
1003,7,2,PLASMA,A,POSITIVO,2,NORMAL,ATENDIDA,2026-09-10T11:39:00-03:00,2026-09-10T17:21:00-03:00,2026-09-10T18:50:00-03:00,2026-09-10T20:05:00-03:00,2026-09-11T03:07:00-03:00,,,,166.0
1004,3,1,HEMACIAS,O,POSITIVO,1,URGENCIA,ATENDIDA,2026-09-10T11:41:00-03:00,2026-09-10T12:04:00-03:00,2026-09-10T12:30:00-03:00,2026-09-10T12:41:00-03:00,2026-09-10T13:00:00-03:00,,,,3.9
1005,3,1,HEMACIAS,A,POSITIVO,2,NORMAL,ATENDIDA,2026-09-10T11:42:00-03:00,2026-09-10T15:00:00-03:00,2026-09-10T19:04:00-03:00,2026-09-10T19:20:00-03:00,2026-09-10T19:41:00-03:00,,,,3.9
1006,8,1,HEMACIAS,AB,POSITIVO,4,NORMAL,ATENDIDA,2026-09-10T11:49:00-03:00,2026-09-10T12:42:00-03:00,2026-09-10T14:33:00-03:00,2026-09-10T15:32:00-03:00,2026-09-10T16:10:00-03:00,,,,14.9
1007,4,1,HEMACIAS,A,POSITIVO,3,EMERGENCIA,ATENDIDA,2026-09-10T11:54:00-03:00,2026-09-10T12:05:00-03:00,2026-09-10T12:16:00-03:00,2026-09-10T12:21:00-03:00,2026-09-10T12:36:00-03:00,,,,1.5
1008,3,1,HEMACIAS,A,POSITIVO,2,EMERGENCIA,ATENDIDA,2026-09-10T12:21:00-03:00,2026-09-10T12:27:00-03:00,2026-09-10T12:33:00-03:00,2026-09-10T12:36:00-03:00,2026-09-10T12:53:00-03:00,,,,3.9
1009,3,1,CRIOPRECIPITADO,A,POSITIVO,6,NORMAL,ATENDIDA,2026-09-10T12:49:00-03:00,2026-09-10T15:32:00-03:00,2026-09-10T17:50:00-03:00,2026-09-10T18:36:00-03:00,2026-09-10T18:52:00-03:00,,,,3.9
1010,8,1,HEMACIAS,A,POSITIVO,2,NORMAL,ATENDIDA,2026-09-10T14:29:00-03:00,2026-09-10T19:33:00-03:00,2026-09-10T20:12:00-03:00,2026-09-10T21:56:00-03:00,2026-09-10T22:27:00-03:00,,,,14.9
1011,9,2,HEMACIAS,A,POSITIVO,1,NORMAL,ATENDIDA,2026-09-10T15:21:00-03:00,2026-09-10T19:26:00-03:00,2026-09-10T21:30:00-03:00,2026-09-10T22:46:00-03:00,2026-09-10T22:58:00-03:00,,,,2.1
1012,4,1,PLASMA,O,POSITIVO,1,NORMAL,ATENDIDA,2026-09-10T15:36:00-03:00,2026-09-10T22:05:00-03:00,2026-09-11T03:01:00-03:00,2026-09-11T06:42:00-03:00,2026-09-11T07:01:00-03:00,,,,1.5
1013,9,2,PLASMA,O,POSITIVO,2,NORMAL,ATENDIDA,2026-09-10T15:43:00-03:00,2026-09-10T16:07:00-03:00,2026-09-10T17:41:00-03:00,2026-09-10T19:24:00-03:00,2026-09-10T19:38:00-03:00,,,,2.1
1014,4,1,PLASMA,O,POSITIVO,2,NORMAL,ATENDIDA,2026-09-10T15:50:00-03:00,2026-09-10T20:03:00-03:00,2026-09-11T00:39:00-03:00,2026-09-11T00:59:00-03:00,2026-09-11T01:17:00-03:00,,,,1.5
1015,9,2,CRIOPRECIPITADO,O,POSITIVO,7,NORMAL,ATENDIDA,2026-09-10T16:43:00-03:00,2026-09-11T04:53:00-03:00,2026-09-11T05:37:00-03:00,2026-09-11T05:54:00-03:00,2026-09-11T06:12:00-03:00,,,,2.1
1016,7,1,HEMACIAS,AB,POSITIVO,4,EMERGENCIA,ATENDIDA,2026-09-10T17:53:00-03:00,2026-09-10T17:56:00-03:00,2026-09-10T18:07:00-03:00,2026-09-10T18:12:00-03:00,2026-09-10T19:16:00-03:00,,,,15.5
1017,4,1,HEMACIAS,A,POSITIVO,5,EMERGENCIA,ATENDIDA,2026-09-10T18:15:00-03:00,2026-09-10T18:22:00-03:00,2026-09-10T18:35:00-03:00,2026-09-10T18:44:00-03:00,2026-09-10T18:59:00-03:00,,,,1.5
1018,4,1,HEMACIAS,AB,POSITIVO,4,NORMAL,ATENDIDA,2026-09-10T18:16:00-03:00,2026-09-10T18:41:00-03:00,2026-09-11T00:32:00-03:00,2026-09-11T05:42:00-03:00,2026-09-11T05:55:00-03:00,,,,1.5
1019,10,2,HEMACIAS,O,POSITIVO,1,NORMAL,ATENDIDA,2026-09-10T20:26:00-03:00,2026-09-10T21:09:00-03:00,2026-09-10T23:06:00-03:00,2026-09-11T01:31:00-03:00,2026-09-11T03:06:00-03:00,,,,60.6
1020,9,2,HEMACIAS,B,POSITIVO,1,URGENCIA,ATENDIDA,2026-09-10T23:37:00-03:00,2026-09-10T23:49:00-03:00,2026-09-11T00:09:00-03:00,2026-09-11T00:29:00-03:00,2026-09-11T02:19:00-03:00,,,,2.1
1021,5,1,HEMACIAS,A,POSITIVO,4,NORMAL,ATENDIDA,2026-09-11T02:39:00-03:00,2026-09-11T07:34:00-03:00,2026-09-11T10:20:00-03:00,2026-09-11T10:51:00-03:00,2026-09-11T11:17:00-03:00,,,,6.4
1022,3,1,PLAQUETAS,O,POSITIVO,1,URGENCIA,ATENDIDA,2026-09-11T03:37:00-03:00,2026-09-11T04:06:00-03:00,2026-09-11T04:27:00-03:00,2026-09-11T04:42:00-03:00,2026-09-11T05:03:00-03:00,,,,3.9
1023,4,1,CRIOPRECIPITADO,A,POSITIVO,6,URGENCIA,ATENDIDA,2026-09-11T08:36:00-03:00,2026-09-11T09:05:00-03:00,2026-09-11T09:34:00-03:00,2026-09-11T09:55:00-03:00,2026-09-11T10:11:00-03:00,,,,1.5
1024,3,1,HEMACIAS,A,POSITIVO,3,URGENCIA,ATENDIDA,2026-09-11T08:46:00-03:00,2026-09-11T08:59:00-03:00,2026-09-11T09:45:00-03:00,2026-09-11T10:02:00-03:00,2026-09-11T10:21:00-03:00,,,,3.9
1025,6,1,PLAQUETAS,O,POSITIVO,1,NORMAL,ATENDIDA,2026-09-11T09:55:00-03:00,2026-09-11T14:25:00-03:00,2026-09-11T17:06:00-03:00,2026-09-11T17:43:00-03:00,2026-09-11T18:23:00-03:00,,,,21.8
1026,3,1,HEMACIAS,A,POSITIVO,4,NORMAL,ATENDIDA,2026-09-11T10:28:00-03:00,2026-09-11T11:33:00-03:00,2026-09-11T12:48:00-03:00,2026-09-11T14:10:00-03:00,2026-09-11T14:28:00-03:00,,,,3.9
1027,6,1,PLASMA,O,POSITIVO,1,NORMAL,CANCELADA,2026-09-11T10:55:00-03:00,2026-09-11T11:33:00-03:00,,,,,2026-09-11T11:35:00-03:00,,21.8
1028,3,1,HEMACIAS,O,POSITIVO,2,NORMAL,ATENDIDA,2026-09-11T12:45:00-03:00,2026-09-11T13:15:00-03:00,2026-09-11T13:48:00-03:00,2026-09-11T14:16:00-03:00,2026-09-11T14:29:00-03:00,,,,3.9
1029,3,2,HEMACIAS,A,POSITIVO,4,NORMAL,ATENDIDA,2026-09-11T13:07:00-03:00,2026-09-12T04:27:00-03:00,2026-09-12T06:32:00-03:00,2026-09-12T07:27:00-03:00,2026-09-12T12:28:00-03:00,,,,158.0
1030,7,1,HEMACIAS,O,NEGATIVO,2,URGENCIA,ATENDIDA,2026-09-11T13:34:00-03:00,2026-09-11T13:57:00-03:00,2026-09-11T14:29:00-03:00,2026-09-11T14:46:00-03:00,2026-09-11T15:27:00-03:00,,,,15.5
1031,5,1,HEMACIAS,O,POSITIVO,4,URGENCIA,ATENDIDA,2026-09-11T17:27:00-03:00,2026-09-11T17:53:00-03:00,2026-09-11T18:55:00-03:00,2026-09-11T19:33:00-03:00,2026-09-11T19:56:00-03:00,,,,6.4
1032,9,2,HEMACIAS,A,POSITIVO,1,URGENCIA,ATENDIDA,2026-09-11T17:53:00-03:00,2026-09-11T18:13:00-03:00,2026-09-11T18:43:00-03:00,2026-09-11T18:47:00-03:00,2026-09-11T19:02:00-03:00,,,,2.1
1033,7,1,HEMACIAS,O,POSITIVO,1,NORMAL,ATENDIDA,2026-09-11T18:04:00-03:00,2026-09-11T20:21:00-03:00,2026-09-11T22:32:00-03:00,2026-09-12T00:03:00-03:00,2026-09-12T00:40:00-03:00,,,,15.5
1034,6,1,HEMACIAS,A,POSITIVO,3,EMERGENCIA,ATENDIDA,2026-09-11T18:45:00-03:00,2026-09-11T18:57:00-03:00,2026-09-11T19:14:00-03:00,2026-09-11T19:19:00-03:00,2026-09-11T19:58:00-03:00,,,,21.8
1035,5,1,CRIOPRECIPITADO,A,POSITIVO,4,NORMAL,ATENDIDA,2026-09-11T23:13:00-03:00,2026-09-12T07:16:00-03:00,2026-09-12T16:03:00-03:00,2026-09-12T16:30:00-03:00,2026-09-12T16:49:00-03:00,,,,6.4
1036,10,2,HEMACIAS,A,NEGATIVO,1,NORMAL,ATENDIDA,2026-09-12T13:15:00-03:00,2026-09-12T15:12:00-03:00,2026-09-12T18:02:00-03:00,2026-09-12T18:51:00-03:00,2026-09-12T20:15:00-03:00,,,,60.6
1037,6,1,HEMACIAS,A,POSITIVO,1,NORMAL,ATENDIDA,2026-09-12T13:43:00-03:00,2026-09-12T14:18:00-03:00,2026-09-12T15:42:00-03:00,2026-09-12T17:18:00-03:00,2026-09-12T17:49:00-03:00,,,,21.8
1038,8,1,HEMACIAS,B,POSITIVO,3,NORMAL,ATENDIDA,2026-09-12T15:43:00-03:00,2026-09-12T17:25:00-03:00,2026-09-12T19:09:00-03:00,2026-09-12T19:41:00-03:00,2026-09-12T20:29:00-03:00,,,,14.9
1039,5,1,HEMACIAS,A,POSITIVO,1,NORMAL,ATENDIDA,2026-09-12T17:42:00-03:00,2026-09-12T21:39:00-03:00,2026-09-12T23:49:00-03:00,2026-09-13T01:31:00-03:00,2026-09-13T01:51:00-03:00,,,,6.4
1040,5,1,HEMACIAS,O,POSITIVO,2,NORMAL,ATENDIDA,2026-09-12T18:22:00-03:00,2026-09-12T19:25:00-03:00,2026-09-12T22:38:00-03:00,2026-09-13T01:16:00-03:00,2026-09-13T01:50:00-03:00,,,,6.4
1041,6,1,HEMACIAS,A,POSITIVO,2,URGENCIA,ATENDIDA,2026-09-12T18:37:00-03:00,2026-09-12T19:05:00-03:00,2026-09-12T19:25:00-03:00,2026-09-12T19:47:00-03:00,2026-09-12T20:35:00-03:00,,,,21.8
1042,5,2,HEMACIAS,O,POSITIVO,2,NORMAL,ATENDIDA,2026-09-12T19:10:00-03:00,2026-09-12T23:24:00-03:00,2026-09-13T04:27:00-03:00,2026-09-13T05:42:00-03:00,2026-09-13T09:12:00-03:00,,,,165.8
1043,4,1,PLASMA,A,POSITIVO,4,URGENCIA,ATENDIDA,2026-09-12T23:08:00-03:00,2026-09-12T23:27:00-03:00,2026-09-13T00:01:00-03:00,2026-09-13T00:14:00-03:00,2026-09-13T00:27:00-03:00,,,,1.5
1044,3,1,PLAQUETAS,O,POSITIVO,1,NORMAL,ATENDIDA,2026-09-13T07:55:00-03:00,2026-09-13T09:14:00-03:00,2026-09-13T10:35:00-03:00,2026-09-13T11:15:00-03:00,2026-09-13T11:28:00-03:00,,,,3.9
1045,10,2,HEMACIAS,B,NEGATIVO,1,NORMAL,RECUSADA,2026-09-13T10:04:00-03:00,,,,,2026-09-13T11:37:00-03:00,,Sem bolsas compatíveis disponíveis,60.6
1046,4,1,PLAQUETAS,A,POSITIVO,2,NORMAL,ATENDIDA,2026-09-13T10:44:00-03:00,2026-09-13T13:27:00-03:00,2026-09-13T19:39:00-03:00,2026-09-13T20:07:00-03:00,2026-09-13T20:15:00-03:00,,,,1.5
1047,9,2,HEMACIAS,A,POSITIVO,1,NORMAL,ATENDIDA,2026-09-13T12:27:00-03:00,2026-09-13T15:03:00-03:00,2026-09-13T19:49:00-03:00,2026-09-13T20:58:00-03:00,2026-09-13T21:24:00-03:00,,,,2.1
1048,9,2,CRIOPRECIPITADO,O,POSITIVO,6,URGENCIA,ATENDIDA,2026-09-13T12:56:00-03:00,2026-09-13T13:33:00-03:00,2026-09-13T14:05:00-03:00,2026-09-13T14:18:00-03:00,2026-09-13T17:21:00-03:00,,,,2.1
1049,10,2,PLAQUETAS,O,POSITIVO,2,NORMAL,ATENDIDA,2026-09-13T16:14:00-03:00,2026-09-13T18:42:00-03:00,2026-09-13T21:01:00-03:00,2026-09-14T02:43:00-03:00,2026-09-14T04:58:00-03:00,,,,60.6
1050,10,2,HEMACIAS,A,POSITIVO,1,NORMAL,ATENDIDA,2026-09-13T17:14:00-03:00,2026-09-13T19:45:00-03:00,2026-09-13T21:08:00-03:00,2026-09-13T22:17:00-03:00,2026-09-14T02:42:00-03:00,,,,60.6
1051,4,1,PLASMA,A,POSITIVO,2,NORMAL,ATENDIDA,2026-09-14T01:23:00-03:00,2026-09-14T08:13:00-03:00,2026-09-14T10:32:00-03:00,2026-09-14T12:22:00-03:00,2026-09-14T12:35:00-03:00,,,,1.5
1052,6,1,HEMACIAS,AB,POSITIVO,2,NORMAL,ATENDIDA,2026-09-14T04:33:00-03:00,2026-09-14T07:11:00-03:00,2026-09-14T08:56:00-03:00,2026-09-14T10:07:00-03:00,2026-09-14T11:03:00-03:00,,,,21.8
1053,3,1,PLASMA,O,POSITIVO,4,NORMAL,ATENDIDA,2026-09-14T09:26:00-03:00,2026-09-14T11:25:00-03:00,2026-09-14T12:02:00-03:00,2026-09-14T14:53:00-03:00,2026-09-14T15:13:00-03:00,,,,3.9
1054,10,2,HEMACIAS,O,POSITIVO,2,NORMAL,ATENDIDA,2026-09-14T09:58:00-03:00,2026-09-14T10:44:00-03:00,2026-09-14T11:55:00-03:00,2026-09-14T12:09:00-03:00,2026-09-14T13:31:00-03:00,,,,60.6
1055,3,1,CRIOPRECIPITADO,A,POSITIVO,4,NORMAL,ATENDIDA,2026-09-14T12:24:00-03:00,2026-09-14T15:18:00-03:00,2026-09-14T16:42:00-03:00,2026-09-14T18:32:00-03:00,2026-09-14T18:42:00-03:00,,,,3.9
1056,9,2,PLASMA,A,POSITIVO,2,NORMAL,ATENDIDA,2026-09-14T12:52:00-03:00,2026-09-14T14:39:00-03:00,2026-09-14T15:24:00-03:00,2026-09-14T17:04:00-03:00,2026-09-14T17:20:00-03:00,,,,2.1
1057,7,1,HEMACIAS,A,NEGATIVO,2,NORMAL,ATENDIDA,2026-09-14T13:21:00-03:00,2026-09-14T13:33:00-03:00,2026-09-14T14:21:00-03:00,2026-09-14T16:02:00-03:00,2026-09-14T16:33:00-03:00,,,,15.5
1058,4,1,HEMACIAS,B,POSITIVO,2,URGENCIA,ATENDIDA,2026-09-14T14:27:00-03:00,2026-09-14T15:04:00-03:00,2026-09-14T15:23:00-03:00,2026-09-14T15:54:00-03:00,2026-09-14T16:07:00-03:00,,,,1.5
1059,5,1,HEMACIAS,O,POSITIVO,3,NORMAL,ATENDIDA,2026-09-14T14:27:00-03:00,2026-09-14T15:07:00-03:00,2026-09-14T16:10:00-03:00,2026-09-14T17:23:00-03:00,2026-09-14T17:40:00-03:00,,,,6.4
1060,7,2,PLAQUETAS,A,POSITIVO,1,NORMAL,ATENDIDA,2026-09-14T14:51:00-03:00,2026-09-14T23:26:00-03:00,2026-09-15T01:02:00-03:00,2026-09-15T01:25:00-03:00,2026-09-15T08:46:00-03:00,,,,166.0
1061,10,2,PLAQUETAS,O,POSITIVO,3,NORMAL,ATENDIDA,2026-09-14T16:37:00-03:00,2026-09-14T17:50:00-03:00,2026-09-14T18:18:00-03:00,2026-09-14T20:44:00-03:00,2026-09-14T22:14:00-03:00,,,,60.6
1062,4,1,CRIOPRECIPITADO,O,POSITIVO,4,EMERGENCIA,RECUSADA,2026-09-14T17:10:00-03:00,,,,,2026-09-14T17:14:00-03:00,,Estoque insuficiente do hemocomponente,1.5
1063,5,1,PLAQUETAS,A,NEGATIVO,2,URGENCIA,ATENDIDA,2026-09-14T17:23:00-03:00,2026-09-14T18:07:00-03:00,2026-09-14T18:49:00-03:00,2026-09-14T19:15:00-03:00,2026-09-14T19:44:00-03:00,,,,6.4
1064,4,1,HEMACIAS,O,POSITIVO,1,URGENCIA,ATENDIDA,2026-09-14T20:26:00-03:00,2026-09-14T20:42:00-03:00,2026-09-14T21:25:00-03:00,2026-09-14T21:46:00-03:00,2026-09-14T22:04:00-03:00,,,,1.5
1065,7,1,HEMACIAS,O,POSITIVO,1,NORMAL,RECUSADA,2026-09-14T21:50:00-03:00,,,,,2026-09-15T00:16:00-03:00,,Estoque insuficiente do hemocomponente,15.5
1066,5,1,HEMACIAS,A,POSITIVO,3,URGENCIA,ATENDIDA,2026-09-15T00:06:00-03:00,2026-09-15T00:23:00-03:00,2026-09-15T00:59:00-03:00,2026-09-15T01:35:00-03:00,2026-09-15T01:55:00-03:00,,,,6.4
1067,6,1,HEMACIAS,A,POSITIVO,2,EMERGENCIA,ATENDIDA,2026-09-15T09:51:00-03:00,2026-09-15T09:57:00-03:00,2026-09-15T10:12:00-03:00,2026-09-15T10:18:00-03:00,2026-09-15T11:16:00-03:00,,,,21.8
1068,3,1,HEMACIAS,A,POSITIVO,2,URGENCIA,ATENDIDA,2026-09-15T11:05:00-03:00,2026-09-15T11:40:00-03:00,2026-09-15T12:11:00-03:00,2026-09-15T12:17:00-03:00,2026-09-15T12:40:00-03:00,,,,3.9
1069,6,1,HEMACIAS,A,POSITIVO,3,EMERGENCIA,ATENDIDA,2026-09-15T11:14:00-03:00,2026-09-15T11:26:00-03:00,2026-09-15T11:35:00-03:00,2026-09-15T11:36:00-03:00,2026-09-15T12:14:00-03:00,,,,21.8
1070,3,1,HEMACIAS,O,POSITIVO,4,NORMAL,CANCELADA,2026-09-15T15:10:00-03:00,2026-09-15T16:05:00-03:00,,,,,2026-09-15T17:26:00-03:00,,3.9
1071,4,1,HEMACIAS,O,NEGATIVO,3,NORMAL,ATENDIDA,2026-09-15T16:28:00-03:00,2026-09-15T18:02:00-03:00,2026-09-15T19:31:00-03:00,2026-09-15T19:59:00-03:00,2026-09-15T20:11:00-03:00,,,,1.5
1072,10,2,HEMACIAS,A,POSITIVO,3,EMERGENCIA,ATENDIDA,2026-09-15T17:57:00-03:00,2026-09-15T18:01:00-03:00,2026-09-15T18:10:00-03:00,2026-09-15T18:13:00-03:00,2026-09-15T19:08:00-03:00,,,,60.6
1073,3,1,HEMACIAS,B,POSITIVO,3,NORMAL,RECUSADA,2026-09-15T19:09:00-03:00,,,,,2026-09-15T20:28:00-03:00,,Sem bolsas compatíveis disponíveis,3.9
1074,4,1,HEMACIAS,B,POSITIVO,2,NORMAL,ATENDIDA,2026-09-16T02:24:00-03:00,2026-09-16T07:07:00-03:00,2026-09-16T12:28:00-03:00,2026-09-16T13:03:00-03:00,2026-09-16T13:22:00-03:00,,,,1.5
1075,4,1,HEMACIAS,O,POSITIVO,1,NORMAL,ATENDIDA,2026-09-16T08:36:00-03:00,2026-09-16T09:21:00-03:00,2026-09-16T10:04:00-03:00,2026-09-16T11:05:00-03:00,2026-09-16T11:19:00-03:00,,,,1.5
1076,9,2,HEMACIAS,A,POSITIVO,3,NORMAL,ATENDIDA,2026-09-16T10:56:00-03:00,2026-09-16T11:25:00-03:00,2026-09-16T13:41:00-03:00,2026-09-16T14:17:00-03:00,2026-09-16T14:38:00-03:00,,,,2.1
1077,9,2,PLAQUETAS,O,POSITIVO,1,URGENCIA,ATENDIDA,2026-09-16T11:11:00-03:00,2026-09-16T11:14:00-03:00,2026-09-16T11:46:00-03:00,2026-09-16T11:56:00-03:00,2026-09-16T12:08:00-03:00,,,,2.1
1078,3,1,HEMACIAS,O,POSITIVO,4,EMERGENCIA,ATENDIDA,2026-09-16T13:20:00-03:00,2026-09-16T13:25:00-03:00,2026-09-16T13:36:00-03:00,2026-09-16T13:38:00-03:00,2026-09-16T13:52:00-03:00,,,,3.9
1079,5,1,CRIOPRECIPITADO,A,POSITIVO,7,NORMAL,ATENDIDA,2026-09-16T14:02:00-03:00,2026-09-16T16:12:00-03:00,2026-09-17T11:31:00-03:00,2026-09-17T12:34:00-03:00,2026-09-17T12:57:00-03:00,,,,6.4
1080,10,2,HEMACIAS,O,NEGATIVO,4,URGENCIA,ATENDIDA,2026-09-16T16:53:00-03:00,2026-09-16T17:19:00-03:00,2026-09-16T17:57:00-03:00,2026-09-16T18:10:00-03:00,2026-09-16T19:59:00-03:00,,,,60.6
1081,10,1,PLAQUETAS,O,POSITIVO,2,NORMAL,ATENDIDA,2026-09-17T00:39:00-03:00,2026-09-17T07:54:00-03:00,2026-09-17T09:45:00-03:00,2026-09-17T10:43:00-03:00,2026-09-17T13:02:00-03:00,,,,100.9
1082,3,1,HEMACIAS,O,POSITIVO,2,NORMAL,ATENDIDA,2026-09-17T03:36:00-03:00,2026-09-17T07:49:00-03:00,2026-09-17T13:50:00-03:00,2026-09-17T14:56:00-03:00,2026-09-17T15:17:00-03:00,,,,3.9
1083,8,1,HEMACIAS,O,POSITIVO,2,NORMAL,ATENDIDA,2026-09-17T04:43:00-03:00,2026-09-17T07:26:00-03:00,2026-09-17T08:44:00-03:00,2026-09-17T09:33:00-03:00,2026-09-17T10:03:00-03:00,,,,14.9
1084,5,1,HEMACIAS,A,POSITIVO,4,NORMAL,ATENDIDA,2026-09-17T08:35:00-03:00,2026-09-17T10:12:00-03:00,2026-09-17T13:18:00-03:00,2026-09-17T14:59:00-03:00,2026-09-17T15:25:00-03:00,,,,6.4
1085,4,1,PLAQUETAS,B,NEGATIVO,1,NORMAL,ATENDIDA,2026-09-17T10:12:00-03:00,2026-09-17T10:44:00-03:00,2026-09-17T14:03:00-03:00,2026-09-17T14:35:00-03:00,2026-09-17T14:48:00-03:00,,,,1.5
1086,4,1,PLAQUETAS,A,POSITIVO,3,EMERGENCIA,ATENDIDA,2026-09-17T10:15:00-03:00,2026-09-17T10:22:00-03:00,2026-09-17T10:40:00-03:00,2026-09-17T10:44:00-03:00,2026-09-17T11:04:00-03:00,,,,1.5
1087,8,1,PLASMA,O,POSITIVO,4,NORMAL,CANCELADA,2026-09-17T10:47:00-03:00,2026-09-17T11:58:00-03:00,,,,,2026-09-17T12:05:00-03:00,,14.9
1088,6,1,PLAQUETAS,O,POSITIVO,3,NORMAL,ATENDIDA,2026-09-17T13:44:00-03:00,2026-09-17T14:46:00-03:00,2026-09-17T15:31:00-03:00,2026-09-17T15:57:00-03:00,2026-09-17T17:00:00-03:00,,,,21.8
1089,3,1,PLASMA,O,POSITIVO,1,NORMAL,ATENDIDA,2026-09-17T14:00:00-03:00,2026-09-17T14:58:00-03:00,2026-09-17T17:29:00-03:00,2026-09-17T18:11:00-03:00,2026-09-17T18:23:00-03:00,,,,3.9
1090,3,1,HEMACIAS,A,POSITIVO,1,NORMAL,ATENDIDA,2026-09-17T14:17:00-03:00,2026-09-17T14:53:00-03:00,2026-09-17T18:35:00-03:00,2026-09-17T21:17:00-03:00,2026-09-17T21:37:00-03:00,,,,3.9
1091,4,1,HEMACIAS,A,POSITIVO,2,NORMAL,ATENDIDA,2026-09-17T15:29:00-03:00,2026-09-17T18:22:00-03:00,2026-09-17T19:20:00-03:00,2026-09-17T20:59:00-03:00,2026-09-17T21:11:00-03:00,,,,1.5
1092,9,2,HEMACIAS,O,POSITIVO,2,NORMAL,ATENDIDA,2026-09-17T15:50:00-03:00,2026-09-17T22:07:00-03:00,2026-09-18T08:59:00-03:00,2026-09-18T09:18:00-03:00,2026-09-18T09:31:00-03:00,,,,2.1
1093,3,1,HEMACIAS,A,POSITIVO,3,URGENCIA,ATENDIDA,2026-09-17T16:22:00-03:00,2026-09-17T16:50:00-03:00,2026-09-17T17:16:00-03:00,2026-09-17T17:23:00-03:00,2026-09-17T17:36:00-03:00,,,,3.9
1094,9,1,HEMACIAS,O,POSITIVO,3,NORMAL,ATENDIDA,2026-09-17T18:28:00-03:00,2026-09-17T19:23:00-03:00,2026-09-17T23:11:00-03:00,2026-09-18T00:55:00-03:00,2026-09-18T05:09:00-03:00,,,,160.1
1095,9,2,HEMACIAS,O,POSITIVO,3,URGENCIA,ATENDIDA,2026-09-18T07:13:00-03:00,2026-09-18T07:31:00-03:00,2026-09-18T08:06:00-03:00,2026-09-18T08:12:00-03:00,2026-09-18T08:22:00-03:00,,,,2.1
1096,6,1,HEMACIAS,A,POSITIVO,2,URGENCIA,ATENDIDA,2026-09-18T07:36:00-03:00,2026-09-18T07:58:00-03:00,2026-09-18T08:58:00-03:00,2026-09-18T09:17:00-03:00,2026-09-18T10:03:00-03:00,,,,21.8
1097,3,1,HEMACIAS,O,POSITIVO,3,NORMAL,ATENDIDA,2026-09-18T10:48:00-03:00,2026-09-18T11:16:00-03:00,2026-09-18T13:34:00-03:00,2026-09-18T15:22:00-03:00,2026-09-18T15:37:00-03:00,,,,3.9
1098,3,1,PLAQUETAS,O,POSITIVO,2,NORMAL,RECUSADA,2026-09-18T10:56:00-03:00,,,,,2026-09-18T11:58:00-03:00,,Estoque insuficiente do hemocomponente,3.9
1099,9,2,HEMACIAS,B,NEGATIVO,2,NORMAL,ATENDIDA,2026-09-18T12:20:00-03:00,2026-09-18T15:37:00-03:00,2026-09-18T17:06:00-03:00,2026-09-18T19:54:00-03:00,2026-09-18T20:15:00-03:00,,,,2.1
1100,7,1,PLAQUETAS,A,POSITIVO,1,NORMAL,ATENDIDA,2026-09-18T12:21:00-03:00,2026-09-18T14:20:00-03:00,2026-09-18T18:04:00-03:00,2026-09-18T18:32:00-03:00,2026-09-18T19:07:00-03:00,,,,15.5
1101,4,1,PLAQUETAS,O,POSITIVO,4,NORMAL,ATENDIDA,2026-09-18T13:02:00-03:00,2026-09-18T16:13:00-03:00,2026-09-18T16:52:00-03:00,2026-09-18T17:20:00-03:00,2026-09-18T17:36:00-03:00,,,,1.5
1102,4,1,HEMACIAS,A,NEGATIVO,1,URGENCIA,ATENDIDA,2026-09-18T13:27:00-03:00,2026-09-18T13:36:00-03:00,2026-09-18T14:06:00-03:00,2026-09-18T14:27:00-03:00,2026-09-18T14:38:00-03:00,,,,1.5
1103,9,2,HEMACIAS,O,NEGATIVO,1,NORMAL,ATENDIDA,2026-09-18T13:44:00-03:00,2026-09-18T14:59:00-03:00,2026-09-18T16:53:00-03:00,2026-09-18T19:50:00-03:00,2026-09-18T20:04:00-03:00,,,,2.1
1104,5,1,HEMACIAS,A,POSITIVO,6,EMERGENCIA,ATENDIDA,2026-09-18T14:04:00-03:00,2026-09-18T14:10:00-03:00,2026-09-18T14:22:00-03:00,2026-09-18T14:25:00-03:00,2026-09-18T14:43:00-03:00,,,,6.4
1105,10,2,PLASMA,O,POSITIVO,4,EMERGENCIA,ATENDIDA,2026-09-18T14:07:00-03:00,2026-09-18T14:10:00-03:00,2026-09-18T14:29:00-03:00,2026-09-18T14:39:00-03:00,2026-09-18T17:08:00-03:00,,,,60.6
1106,6,2,HEMACIAS,A,POSITIVO,1,NORMAL,ATENDIDA,2026-09-18T15:11:00-03:00,2026-09-18T15:39:00-03:00,2026-09-18T16:33:00-03:00,2026-09-18T17:29:00-03:00,2026-09-18T23:09:00-03:00,,,,140.4
1107,6,1,HEMACIAS,O,POSITIVO,4,NORMAL,ATENDIDA,2026-09-18T15:11:00-03:00,2026-09-18T18:28:00-03:00,2026-09-18T21:27:00-03:00,2026-09-18T21:40:00-03:00,2026-09-18T22:31:00-03:00,,,,21.8
1108,8,1,HEMACIAS,A,POSITIVO,1,NORMAL,ATENDIDA,2026-09-18T15:12:00-03:00,2026-09-18T16:33:00-03:00,2026-09-18T18:20:00-03:00,2026-09-18T22:11:00-03:00,2026-09-18T22:44:00-03:00,,,,14.9
1109,10,2,HEMACIAS,A,POSITIVO,2,NORMAL,ATENDIDA,2026-09-18T16:10:00-03:00,2026-09-18T17:40:00-03:00,2026-09-18T20:32:00-03:00,2026-09-18T21:00:00-03:00,2026-09-18T22:35:00-03:00,,,,60.6
1110,8,1,PLASMA,O,NEGATIVO,3,NORMAL,RECUSADA,2026-09-18T16:58:00-03:00,,,,,2026-09-18T17:48:00-03:00,,Estoque insuficiente do hemocomponente,14.9
1111,5,1,HEMACIAS,O,POSITIVO,5,EMERGENCIA,ATENDIDA,2026-09-18T17:46:00-03:00,2026-09-18T17:53:00-03:00,2026-09-18T18:07:00-03:00,2026-09-18T18:14:00-03:00,2026-09-18T18:40:00-03:00,,,,6.4
1112,5,1,CRIOPRECIPITADO,O,NEGATIVO,7,NORMAL,ATENDIDA,2026-09-18T19:26:00-03:00,2026-09-18T20:00:00-03:00,2026-09-19T00:13:00-03:00,2026-09-19T01:03:00-03:00,2026-09-19T01:21:00-03:00,,,,6.4
1113,6,1,HEMACIAS,A,POSITIVO,3,NORMAL,ATENDIDA,2026-09-18T20:14:00-03:00,2026-09-18T21:25:00-03:00,2026-09-18T22:31:00-03:00,2026-09-18T23:44:00-03:00,2026-09-19T00:28:00-03:00,,,,21.8
1114,9,2,HEMACIAS,A,NEGATIVO,2,NORMAL,ATENDIDA,2026-09-18T23:05:00-03:00,2026-09-19T07:06:00-03:00,2026-09-19T09:07:00-03:00,2026-09-19T09:23:00-03:00,2026-09-19T09:41:00-03:00,,,,2.1
1115,9,2,HEMACIAS,O,POSITIVO,3,NORMAL,ATENDIDA,2026-09-18T23:27:00-03:00,2026-09-19T07:47:00-03:00,2026-09-19T09:21:00-03:00,2026-09-19T10:31:00-03:00,2026-09-19T10:50:00-03:00,,,,2.1
1116,7,1,HEMACIAS,O,POSITIVO,2,NORMAL,RECUSADA,2026-09-19T02:20:00-03:00,,,,,2026-09-19T07:17:00-03:00,,Estoque insuficiente do hemocomponente,15.5
1117,4,1,HEMACIAS,O,POSITIVO,4,EMERGENCIA,ATENDIDA,2026-09-19T06:08:00-03:00,2026-09-19T06:09:00-03:00,2026-09-19T06:22:00-03:00,2026-09-19T06:29:00-03:00,2026-09-19T06:40:00-03:00,,,,1.5
1118,7,1,PLASMA,O,NEGATIVO,4,NORMAL,ATENDIDA,2026-09-19T07:23:00-03:00,2026-09-19T08:54:00-03:00,2026-09-19T11:12:00-03:00,2026-09-19T14:38:00-03:00,2026-09-19T15:10:00-03:00,,,,15.5
1119,9,2,HEMACIAS,B,NEGATIVO,2,NORMAL,RECUSADA,2026-09-19T07:28:00-03:00,,,,,2026-09-19T09:08:00-03:00,,Sem bolsas compatíveis disponíveis,2.1
1120,7,1,PLAQUETAS,O,POSITIVO,2,URGENCIA,ATENDIDA,2026-09-19T08:00:00-03:00,2026-09-19T08:11:00-03:00,2026-09-19T08:56:00-03:00,2026-09-19T09:17:00-03:00,2026-09-19T09:48:00-03:00,,,,15.5
1121,4,1,HEMACIAS,O,POSITIVO,2,NORMAL,ATENDIDA,2026-09-19T11:00:00-03:00,2026-09-19T15:42:00-03:00,2026-09-19T21:14:00-03:00,2026-09-19T22:35:00-03:00,2026-09-19T22:46:00-03:00,,,,1.5
1122,4,1,HEMACIAS,O,POSITIVO,2,URGENCIA,ATENDIDA,2026-09-19T11:00:00-03:00,2026-09-19T11:11:00-03:00,2026-09-19T11:42:00-03:00,2026-09-19T11:56:00-03:00,2026-09-19T12:07:00-03:00,,,,1.5
1123,9,2,CRIOPRECIPITADO,O,POSITIVO,8,URGENCIA,ATENDIDA,2026-09-19T12:27:00-03:00,2026-09-19T12:40:00-03:00,2026-09-19T13:25:00-03:00,2026-09-19T13:38:00-03:00,2026-09-19T13:51:00-03:00,,,,2.1
1124,3,1,HEMACIAS,O,POSITIVO,2,NORMAL,ATENDIDA,2026-09-19T12:34:00-03:00,2026-09-19T17:25:00-03:00,2026-09-19T19:14:00-03:00,2026-09-19T20:00:00-03:00,2026-09-19T20:11:00-03:00,,,,3.9
1125,9,2,HEMACIAS,O,POSITIVO,2,NORMAL,ATENDIDA,2026-09-19T16:33:00-03:00,2026-09-19T17:47:00-03:00,2026-09-19T23:02:00-03:00,2026-09-20T01:48:00-03:00,2026-09-20T02:06:00-03:00,,,,2.1
1126,5,1,HEMACIAS,O,POSITIVO,2,NORMAL,ATENDIDA,2026-09-19T17:44:00-03:00,2026-09-19T18:48:00-03:00,2026-09-19T22:23:00-03:00,2026-09-19T23:16:00-03:00,2026-09-19T23:49:00-03:00,,,,6.4
1127,10,2,HEMACIAS,O,POSITIVO,3,URGENCIA,ATENDIDA,2026-09-19T21:50:00-03:00,2026-09-19T22:09:00-03:00,2026-09-19T22:28:00-03:00,2026-09-19T22:48:00-03:00,2026-09-20T00:46:00-03:00,,,,60.6
1128,3,1,PLASMA,AB,POSITIVO,2,URGENCIA,ATENDIDA,2026-09-20T07:05:00-03:00,2026-09-20T07:16:00-03:00,2026-09-20T07:50:00-03:00,2026-09-20T08:03:00-03:00,2026-09-20T08:16:00-03:00,,,,3.9
1129,7,1,HEMACIAS,B,POSITIVO,2,EMERGENCIA,ATENDIDA,2026-09-20T08:55:00-03:00,2026-09-20T09:00:00-03:00,2026-09-20T09:11:00-03:00,2026-09-20T09:14:00-03:00,2026-09-20T09:51:00-03:00,,,,15.5
1130,9,2,HEMACIAS,O,NEGATIVO,3,URGENCIA,ATENDIDA,2026-09-20T10:26:00-03:00,2026-09-20T10:46:00-03:00,2026-09-20T11:15:00-03:00,2026-09-20T11:41:00-03:00,2026-09-20T12:04:00-03:00,,,,2.1
1131,3,1,CRIOPRECIPITADO,A,POSITIVO,8,URGENCIA,ATENDIDA,2026-09-20T10:39:00-03:00,2026-09-20T11:13:00-03:00,2026-09-20T12:11:00-03:00,2026-09-20T12:22:00-03:00,2026-09-20T12:36:00-03:00,,,,3.9
1132,9,2,PLAQUETAS,O,NEGATIVO,1,URGENCIA,ATENDIDA,2026-09-20T11:44:00-03:00,2026-09-20T12:18:00-03:00,2026-09-20T13:08:00-03:00,2026-09-20T13:26:00-03:00,2026-09-20T13:40:00-03:00,,,,2.1
1133,9,2,HEMACIAS,A,POSITIVO,2,NORMAL,ATENDIDA,2026-09-20T13:24:00-03:00,2026-09-20T13:48:00-03:00,2026-09-20T17:19:00-03:00,2026-09-20T17:44:00-03:00,2026-09-20T17:56:00-03:00,,,,2.1
1134,9,2,HEMACIAS,O,NEGATIVO,2,URGENCIA,ATENDIDA,2026-09-20T15:45:00-03:00,2026-09-20T15:59:00-03:00,2026-09-20T16:17:00-03:00,2026-09-20T16:24:00-03:00,2026-09-20T16:34:00-03:00,,,,2.1
1135,4,1,HEMACIAS,A,POSITIVO,2,URGENCIA,ATENDIDA,2026-09-20T16:25:00-03:00,2026-09-20T16:49:00-03:00,2026-09-20T17:47:00-03:00,2026-09-20T18:01:00-03:00,2026-09-20T18:14:00-03:00,,,,1.5
1136,3,1,HEMACIAS,A,POSITIVO,2,URGENCIA,ATENDIDA,2026-09-20T18:04:00-03:00,2026-09-20T18:24:00-03:00,2026-09-20T18:38:00-03:00,2026-09-20T18:46:00-03:00,2026-09-20T19:08:00-03:00,,,,3.9
1137,3,1,HEMACIAS,A,POSITIVO,2,NORMAL,ATENDIDA,2026-09-21T01:08:00-03:00,2026-09-21T01:39:00-03:00,2026-09-21T03:16:00-03:00,2026-09-21T05:14:00-03:00,2026-09-21T05:27:00-03:00,,,,3.9
1138,5,1,HEMACIAS,A,POSITIVO,1,NORMAL,ATENDIDA,2026-09-21T02:13:00-03:00,2026-09-21T07:15:00-03:00,2026-09-21T08:22:00-03:00,2026-09-21T08:43:00-03:00,2026-09-21T09:16:00-03:00,,,,6.4
1139,6,1,PLAQUETAS,A,POSITIVO,2,NORMAL,ATENDIDA,2026-09-21T03:20:00-03:00,2026-09-21T07:09:00-03:00,2026-09-21T08:52:00-03:00,2026-09-21T09:13:00-03:00,2026-09-21T09:57:00-03:00,,,,21.8
1140,9,2,PLAQUETAS,O,NEGATIVO,2,NORMAL,RECUSADA,2026-09-21T06:38:00-03:00,,,,,2026-09-21T08:51:00-03:00,,Estoque insuficiente do hemocomponente,2.1
1141,3,1,HEMACIAS,A,POSITIVO,4,URGENCIA,ATENDIDA,2026-09-21T07:22:00-03:00,2026-09-21T07:37:00-03:00,2026-09-21T08:09:00-03:00,2026-09-21T08:16:00-03:00,2026-09-21T08:38:00-03:00,,,,3.9
1142,6,1,HEMACIAS,A,NEGATIVO,1,NORMAL,ATENDIDA,2026-09-21T07:36:00-03:00,2026-09-21T11:09:00-03:00,2026-09-21T13:12:00-03:00,2026-09-21T14:05:00-03:00,2026-09-21T14:51:00-03:00,,,,21.8
1143,7,1,HEMACIAS,O,POSITIVO,4,URGENCIA,ATENDIDA,2026-09-21T07:57:00-03:00,2026-09-21T08:13:00-03:00,2026-09-21T08:40:00-03:00,2026-09-21T08:54:00-03:00,2026-09-21T09:54:00-03:00,,,,15.5
1144,6,2,PLAQUETAS,O,NEGATIVO,1,URGENCIA,ATENDIDA,2026-09-21T09:56:00-03:00,2026-09-21T10:18:00-03:00,2026-09-21T10:39:00-03:00,2026-09-21T10:49:00-03:00,2026-09-21T14:09:00-03:00,,,,140.4
1145,5,1,CRIOPRECIPITADO,O,POSITIVO,8,NORMAL,ATENDIDA,2026-09-21T10:05:00-03:00,2026-09-21T10:51:00-03:00,2026-09-21T11:32:00-03:00,2026-09-21T11:51:00-03:00,2026-09-21T12:11:00-03:00,,,,6.4
1146,7,1,HEMACIAS,O,NEGATIVO,2,NORMAL,ATENDIDA,2026-09-21T10:08:00-03:00,2026-09-21T10:18:00-03:00,2026-09-21T12:36:00-03:00,2026-09-21T14:20:00-03:00,2026-09-21T15:13:00-03:00,,,,15.5
1147,6,1,HEMACIAS,O,NEGATIVO,1,NORMAL,ATENDIDA,2026-09-21T11:01:00-03:00,2026-09-21T11:46:00-03:00,2026-09-21T15:03:00-03:00,2026-09-21T15:24:00-03:00,2026-09-21T15:56:00-03:00,,,,21.8
1148,6,1,CRIOPRECIPITADO,A,NEGATIVO,7,NORMAL,ATENDIDA,2026-09-21T12:03:00-03:00,2026-09-21T13:18:00-03:00,2026-09-21T15:57:00-03:00,2026-09-21T16:50:00-03:00,2026-09-21T17:23:00-03:00,,,,21.8
1149,10,2,HEMACIAS,O,NEGATIVO,4,URGENCIA,RECUSADA,2026-09-21T12:55:00-03:00,,,,,2026-09-21T13:10:00-03:00,,Estoque insuficiente do hemocomponente,60.6
1150,9,2,PLASMA,O,NEGATIVO,4,URGENCIA,ATENDIDA,2026-09-21T15:07:00-03:00,2026-09-21T15:25:00-03:00,2026-09-21T15:42:00-03:00,2026-09-21T15:47:00-03:00,2026-09-21T16:02:00-03:00,,,,2.1
1151,3,1,PLAQUETAS,O,NEGATIVO,2,URGENCIA,ATENDIDA,2026-09-21T17:32:00-03:00,2026-09-21T17:50:00-03:00,2026-09-21T18:25:00-03:00,2026-09-21T18:35:00-03:00,2026-09-21T18:53:00-03:00,,,,3.9
1152,9,2,HEMACIAS,O,POSITIVO,1,NORMAL,ATENDIDA,2026-09-22T00:56:00-03:00,2026-09-22T03:31:00-03:00,2026-09-22T14:26:00-03:00,2026-09-22T15:08:00-03:00,2026-09-22T15:22:00-03:00,,,,2.1
1153,4,1,HEMACIAS,B,POSITIVO,1,NORMAL,ATENDIDA,2026-09-22T01:29:00-03:00,2026-09-22T07:12:00-03:00,2026-09-22T12:11:00-03:00,2026-09-22T12:46:00-03:00,2026-09-22T13:00:00-03:00,,,,1.5
1154,4,1,PLAQUETAS,A,POSITIVO,4,EMERGENCIA,ATENDIDA,2026-09-22T08:07:00-03:00,2026-09-22T08:12:00-03:00,2026-09-22T08:28:00-03:00,2026-09-22T08:31:00-03:00,2026-09-22T08:41:00-03:00,,,,1.5
1155,5,1,PLASMA,O,POSITIVO,3,NORMAL,ATENDIDA,2026-09-22T08:30:00-03:00,2026-09-22T09:26:00-03:00,2026-09-22T10:15:00-03:00,2026-09-22T10:45:00-03:00,2026-09-22T11:09:00-03:00,,,,6.4
1156,4,1,CRIOPRECIPITADO,O,POSITIVO,5,URGENCIA,ATENDIDA,2026-09-22T09:07:00-03:00,2026-09-22T09:47:00-03:00,2026-09-22T09:55:00-03:00,2026-09-22T10:03:00-03:00,2026-09-22T10:17:00-03:00,,,,1.5
1157,3,1,HEMACIAS,A,POSITIVO,4,NORMAL,ATENDIDA,2026-09-22T09:31:00-03:00,2026-09-22T09:54:00-03:00,2026-09-22T11:47:00-03:00,2026-09-22T14:21:00-03:00,2026-09-22T14:32:00-03:00,,,,3.9
1158,6,1,PLAQUETAS,O,POSITIVO,4,EMERGENCIA,ATENDIDA,2026-09-22T11:25:00-03:00,2026-09-22T11:32:00-03:00,2026-09-22T11:39:00-03:00,2026-09-22T11:48:00-03:00,2026-09-22T12:23:00-03:00,,,,21.8
1159,10,1,HEMACIAS,O,POSITIVO,2,NORMAL,ATENDIDA,2026-09-22T11:38:00-03:00,2026-09-22T12:04:00-03:00,2026-09-22T13:16:00-03:00,2026-09-22T14:17:00-03:00,2026-09-22T16:45:00-03:00,,,,100.9
1160,3,1,HEMACIAS,B,NEGATIVO,4,URGENCIA,RECUSADA,2026-09-22T11:47:00-03:00,,,,,2026-09-22T12:43:00-03:00,,Sem bolsas compatíveis disponíveis,3.9
1161,9,2,HEMACIAS,O,POSITIVO,2,NORMAL,ATENDIDA,2026-09-22T11:51:00-03:00,2026-09-22T19:37:00-03:00,2026-09-22T19:57:00-03:00,2026-09-22T20:47:00-03:00,2026-09-22T21:10:00-03:00,,,,2.1
1162,3,1,HEMACIAS,O,POSITIVO,1,URGENCIA,ATENDIDA,2026-09-22T11:56:00-03:00,2026-09-22T12:16:00-03:00,2026-09-22T12:31:00-03:00,2026-09-22T12:50:00-03:00,2026-09-22T13:02:00-03:00,,,,3.9
1163,8,1,PLAQUETAS,O,POSITIVO,2,URGENCIA,ATENDIDA,2026-09-22T13:17:00-03:00,2026-09-22T13:43:00-03:00,2026-09-22T14:35:00-03:00,2026-09-22T14:55:00-03:00,2026-09-22T15:26:00-03:00,,,,14.9
1164,8,1,HEMACIAS,A,POSITIVO,4,NORMAL,ATENDIDA,2026-09-22T13:50:00-03:00,2026-09-22T15:11:00-03:00,2026-09-22T17:03:00-03:00,2026-09-22T17:55:00-03:00,2026-09-22T18:44:00-03:00,,,,14.9
1165,6,1,HEMACIAS,A,POSITIVO,2,NORMAL,ATENDIDA,2026-09-22T14:19:00-03:00,2026-09-22T15:04:00-03:00,2026-09-22T16:03:00-03:00,2026-09-22T16:48:00-03:00,2026-09-22T17:22:00-03:00,,,,21.8
1166,9,2,PLASMA,O,POSITIVO,2,EMERGENCIA,ATENDIDA,2026-09-22T16:33:00-03:00,2026-09-22T16:39:00-03:00,2026-09-22T16:51:00-03:00,2026-09-22T17:00:00-03:00,2026-09-22T17:11:00-03:00,,,,2.1
1167,7,1,HEMACIAS,O,NEGATIVO,2,NORMAL,ATENDIDA,2026-09-22T16:59:00-03:00,2026-09-22T19:56:00-03:00,2026-09-22T20:44:00-03:00,2026-09-22T22:23:00-03:00,2026-09-22T22:56:00-03:00,,,,15.5
1168,10,1,HEMACIAS,A,POSITIVO,5,EMERGENCIA,CANCELADA,2026-09-22T17:16:00-03:00,2026-09-22T17:20:00-03:00,,,,,2026-09-22T17:33:00-03:00,,100.9
1169,10,2,HEMACIAS,A,POSITIVO,2,NORMAL,ATENDIDA,2026-09-22T18:47:00-03:00,2026-09-22T19:34:00-03:00,2026-09-22T21:26:00-03:00,2026-09-22T22:32:00-03:00,2026-09-23T00:27:00-03:00,,,,60.6
1170,6,1,PLASMA,O,POSITIVO,2,NORMAL,ATENDIDA,2026-09-22T21:16:00-03:00,2026-09-22T23:28:00-03:00,2026-09-23T01:18:00-03:00,2026-09-23T02:03:00-03:00,2026-09-23T02:40:00-03:00,,,,21.8
1171,7,1,PLAQUETAS,A,POSITIVO,3,NORMAL,ATENDIDA,2026-09-23T01:10:00-03:00,2026-09-23T07:23:00-03:00,2026-09-23T11:05:00-03:00,2026-09-23T11:29:00-03:00,2026-09-23T12:13:00-03:00,,,,15.5
1172,9,2,HEMACIAS,O,POSITIVO,1,NORMAL,ATENDIDA,2026-09-23T04:29:00-03:00,2026-09-23T07:09:00-03:00,2026-09-23T08:16:00-03:00,2026-09-23T08:47:00-03:00,2026-09-23T09:02:00-03:00,,,,2.1
1173,10,2,HEMACIAS,AB,POSITIVO,2,EMERGENCIA,ATENDIDA,2026-09-23T07:42:00-03:00,2026-09-23T07:52:00-03:00,2026-09-23T08:08:00-03:00,2026-09-23T08:19:00-03:00,2026-09-23T09:55:00-03:00,,,,60.6
1174,10,2,PLAQUETAS,A,POSITIVO,3,NORMAL,ATENDIDA,2026-09-23T08:43:00-03:00,2026-09-23T13:32:00-03:00,2026-09-23T18:56:00-03:00,2026-09-23T21:23:00-03:00,2026-09-23T22:53:00-03:00,,,,60.6
1175,10,2,CRIOPRECIPITADO,A,NEGATIVO,8,NORMAL,ATENDIDA,2026-09-23T08:52:00-03:00,2026-09-23T10:33:00-03:00,2026-09-23T12:01:00-03:00,2026-09-23T12:33:00-03:00,2026-09-23T14:46:00-03:00,,,,60.6
1176,9,2,HEMACIAS,A,POSITIVO,2,URGENCIA,ATENDIDA,2026-09-23T10:28:00-03:00,2026-09-23T10:49:00-03:00,2026-09-23T11:11:00-03:00,2026-09-23T11:17:00-03:00,2026-09-23T11:26:00-03:00,,,,2.1
1177,4,1,PLASMA,A,POSITIVO,1,URGENCIA,ATENDIDA,2026-09-23T10:44:00-03:00,2026-09-23T11:07:00-03:00,2026-09-23T11:24:00-03:00,2026-09-23T11:33:00-03:00,2026-09-23T12:02:00-03:00,,,,1.5
1178,6,1,HEMACIAS,A,NEGATIVO,3,EMERGENCIA,ATENDIDA,2026-09-23T16:09:00-03:00,2026-09-23T16:14:00-03:00,2026-09-23T16:35:00-03:00,2026-09-23T16:40:00-03:00,2026-09-23T17:35:00-03:00,,,,21.8
1179,10,2,HEMACIAS,A,POSITIVO,2,NORMAL,ATENDIDA,2026-09-23T17:19:00-03:00,2026-09-23T19:18:00-03:00,2026-09-23T20:41:00-03:00,2026-09-24T00:12:00-03:00,2026-09-24T02:12:00-03:00,,,,60.6
1180,9,2,HEMACIAS,O,NEGATIVO,1,NORMAL,ATENDIDA,2026-09-23T17:51:00-03:00,2026-09-23T18:28:00-03:00,2026-09-23T19:14:00-03:00,2026-09-23T20:10:00-03:00,2026-09-23T20:25:00-03:00,,,,2.1
1181,4,1,PLAQUETAS,B,POSITIVO,1,URGENCIA,ATENDIDA,2026-09-23T18:19:00-03:00,2026-09-23T18:31:00-03:00,2026-09-23T19:25:00-03:00,2026-09-23T19:40:00-03:00,2026-09-23T19:54:00-03:00,,,,1.5
1182,4,1,HEMACIAS,O,POSITIVO,3,NORMAL,ATENDIDA,2026-09-23T18:19:00-03:00,2026-09-23T18:54:00-03:00,2026-09-23T21:53:00-03:00,2026-09-23T22:22:00-03:00,2026-09-23T22:37:00-03:00,,,,1.5
1183,5,1,HEMACIAS,A,NEGATIVO,2,NORMAL,ATENDIDA,2026-09-23T19:55:00-03:00,2026-09-23T20:33:00-03:00,2026-09-23T21:14:00-03:00,2026-09-24T01:42:00-03:00,2026-09-24T02:00:00-03:00,,,,6.4
1184,10,2,HEMACIAS,A,POSITIVO,5,EMERGENCIA,RECUSADA,2026-09-23T20:40:00-03:00,,,,,2026-09-23T20:49:00-03:00,,Estoque insuficiente do hemocomponente,60.6
1185,5,2,HEMACIAS,O,POSITIVO,3,NORMAL,ATENDIDA,2026-09-24T00:47:00-03:00,2026-09-24T07:11:00-03:00,2026-09-24T13:10:00-03:00,2026-09-24T13:36:00-03:00,2026-09-24T18:33:00-03:00,,,,165.8
1186,8,1,PLASMA,O,POSITIVO,1,NORMAL,ATENDIDA,2026-09-24T01:27:00-03:00,2026-09-24T04:54:00-03:00,2026-09-24T05:34:00-03:00,2026-09-24T08:10:00-03:00,2026-09-24T08:37:00-03:00,,,,14.9
1187,8,1,HEMACIAS,A,NEGATIVO,2,URGENCIA,ATENDIDA,2026-09-24T05:39:00-03:00,2026-09-24T06:17:00-03:00,2026-09-24T06:37:00-03:00,2026-09-24T07:14:00-03:00,2026-09-24T08:05:00-03:00,,,,14.9
1188,7,1,HEMACIAS,A,POSITIVO,3,NORMAL,ATENDIDA,2026-09-24T07:09:00-03:00,2026-09-24T07:46:00-03:00,2026-09-24T09:33:00-03:00,2026-09-24T11:52:00-03:00,2026-09-24T12:34:00-03:00,,,,15.5
1189,9,2,PLASMA,O,POSITIVO,1,NORMAL,ATENDIDA,2026-09-24T07:59:00-03:00,2026-09-24T09:34:00-03:00,2026-09-24T10:41:00-03:00,2026-09-24T10:57:00-03:00,2026-09-24T11:10:00-03:00,,,,2.1
1190,5,1,HEMACIAS,O,POSITIVO,1,NORMAL,ATENDIDA,2026-09-24T09:02:00-03:00,2026-09-24T09:31:00-03:00,2026-09-24T11:08:00-03:00,2026-09-24T11:24:00-03:00,2026-09-24T11:42:00-03:00,,,,6.4
1191,4,1,PLASMA,B,POSITIVO,3,NORMAL,ATENDIDA,2026-09-24T09:57:00-03:00,2026-09-24T12:42:00-03:00,2026-09-24T15:19:00-03:00,2026-09-24T15:45:00-03:00,2026-09-24T15:56:00-03:00,,,,1.5
1192,7,1,HEMACIAS,O,POSITIVO,3,NORMAL,ATENDIDA,2026-09-24T10:09:00-03:00,2026-09-24T13:51:00-03:00,2026-09-24T22:01:00-03:00,2026-09-24T22:27:00-03:00,2026-09-24T22:42:00-03:00,,,,15.5
1193,4,1,PLAQUETAS,O,POSITIVO,1,URGENCIA,ATENDIDA,2026-09-24T11:01:00-03:00,2026-09-24T11:43:00-03:00,2026-09-24T11:57:00-03:00,2026-09-24T12:03:00-03:00,2026-09-24T12:18:00-03:00,,,,1.5
1194,8,1,PLAQUETAS,A,POSITIVO,3,EMERGENCIA,ATENDIDA,2026-09-24T11:30:00-03:00,2026-09-24T11:35:00-03:00,2026-09-24T11:55:00-03:00,2026-09-24T12:03:00-03:00,2026-09-24T12:44:00-03:00,,,,14.9
1195,4,1,HEMACIAS,A,NEGATIVO,1,URGENCIA,ATENDIDA,2026-09-24T15:31:00-03:00,2026-09-24T15:55:00-03:00,2026-09-24T16:27:00-03:00,2026-09-24T16:37:00-03:00,2026-09-24T16:49:00-03:00,,,,1.5
1196,3,1,PLAQUETAS,O,POSITIVO,4,NORMAL,ATENDIDA,2026-09-24T17:04:00-03:00,2026-09-24T18:37:00-03:00,2026-09-24T21:53:00-03:00,2026-09-24T22:51:00-03:00,2026-09-24T23:04:00-03:00,,,,3.9
1197,9,2,PLASMA,O,POSITIVO,3,NORMAL,ATENDIDA,2026-09-24T17:09:00-03:00,2026-09-25T04:51:00-03:00,2026-09-25T06:37:00-03:00,2026-09-25T07:13:00-03:00,2026-09-25T07:26:00-03:00,,,,2.1
1198,4,2,CRIOPRECIPITADO,A,POSITIVO,7,EMERGENCIA,ATENDIDA,2026-09-24T17:18:00-03:00,2026-09-24T17:26:00-03:00,2026-09-24T17:43:00-03:00,2026-09-24T17:56:00-03:00,2026-09-24T23:15:00-03:00,,,,160.2
1199,3,1,CRIOPRECIPITADO,O,NEGATIVO,8,NORMAL,RECUSADA,2026-09-24T18:12:00-03:00,,,,,2026-09-24T20:27:00-03:00,,Sem bolsas compatíveis disponíveis,3.9
1200,4,1,HEMACIAS,O,POSITIVO,1,NORMAL,ATENDIDA,2026-09-24T19:25:00-03:00,2026-09-24T20:52:00-03:00,2026-09-25T09:00:00-03:00,2026-09-25T09:54:00-03:00,2026-09-25T10:07:00-03:00,,,,1.5
1201,6,1,HEMACIAS,O,POSITIVO,4,EMERGENCIA,ATENDIDA,2026-09-25T02:27:00-03:00,2026-09-25T02:30:00-03:00,2026-09-25T02:42:00-03:00,2026-09-25T02:46:00-03:00,2026-09-25T03:25:00-03:00,,,,21.8
1202,3,1,CRIOPRECIPITADO,B,POSITIVO,5,EMERGENCIA,ATENDIDA,2026-09-25T07:49:00-03:00,2026-09-25T07:58:00-03:00,2026-09-25T08:10:00-03:00,2026-09-25T08:17:00-03:00,2026-09-25T08:36:00-03:00,,,,3.9
1203,4,1,PLASMA,B,POSITIVO,1,NORMAL,ATENDIDA,2026-09-25T08:17:00-03:00,2026-09-25T09:25:00-03:00,2026-09-25T12:57:00-03:00,2026-09-25T17:15:00-03:00,2026-09-25T17:23:00-03:00,,,,1.5
1204,5,1,HEMACIAS,A,POSITIVO,2,NORMAL,ATENDIDA,2026-09-25T11:24:00-03:00,2026-09-25T11:58:00-03:00,2026-09-25T13:16:00-03:00,2026-09-25T14:09:00-03:00,2026-09-25T14:27:00-03:00,,,,6.4
1205,3,1,HEMACIAS,AB,POSITIVO,4,NORMAL,ATENDIDA,2026-09-25T14:44:00-03:00,2026-09-25T17:14:00-03:00,2026-09-25T22:13:00-03:00,2026-09-25T23:42:00-03:00,2026-09-25T23:56:00-03:00,,,,3.9
1206,5,1,PLAQUETAS,A,NEGATIVO,4,NORMAL,ATENDIDA,2026-09-25T15:01:00-03:00,2026-09-25T15:42:00-03:00,2026-09-25T17:16:00-03:00,2026-09-25T17:51:00-03:00,2026-09-25T18:16:00-03:00,,,,6.4
1207,7,1,HEMACIAS,O,POSITIVO,2,URGENCIA,CANCELADA,2026-09-25T17:06:00-03:00,2026-09-25T17:21:00-03:00,,,,,2026-09-25T17:29:00-03:00,,15.5
1208,4,1,PLAQUETAS,O,POSITIVO,2,NORMAL,ATENDIDA,2026-09-25T17:08:00-03:00,2026-09-25T20:55:00-03:00,2026-09-25T22:09:00-03:00,2026-09-25T23:58:00-03:00,2026-09-26T00:16:00-03:00,,,,1.5
1209,9,2,HEMACIAS,B,POSITIVO,3,NORMAL,RECUSADA,2026-09-25T18:05:00-03:00,,,,,2026-09-25T19:09:00-03:00,,Dados da solicitação incompletos,2.1
1210,7,1,PLASMA,O,POSITIVO,3,NORMAL,ATENDIDA,2026-09-25T20:37:00-03:00,2026-09-25T22:35:00-03:00,2026-09-26T03:33:00-03:00,2026-09-26T03:55:00-03:00,2026-09-26T04:25:00-03:00,,,,15.5
1211,4,2,PLASMA,O,NEGATIVO,1,NORMAL,ATENDIDA,2026-09-25T21:54:00-03:00,2026-09-26T01:40:00-03:00,2026-09-26T07:34:00-03:00,2026-09-26T08:29:00-03:00,2026-09-26T11:56:00-03:00,,,,160.2
1212,3,1,PLAQUETAS,A,POSITIVO,4,URGENCIA,ATENDIDA,2026-09-26T03:05:00-03:00,2026-09-26T03:23:00-03:00,2026-09-26T04:09:00-03:00,2026-09-26T04:39:00-03:00,2026-09-26T04:53:00-03:00,,,,3.9
1213,3,1,PLAQUETAS,A,POSITIVO,1,URGENCIA,ATENDIDA,2026-09-26T04:33:00-03:00,2026-09-26T05:01:00-03:00,2026-09-26T05:33:00-03:00,2026-09-26T05:49:00-03:00,2026-09-26T06:11:00-03:00,,,,3.9
1214,3,1,HEMACIAS,A,NEGATIVO,3,EMERGENCIA,ATENDIDA,2026-09-26T07:23:00-03:00,2026-09-26T07:31:00-03:00,2026-09-26T07:44:00-03:00,2026-09-26T07:47:00-03:00,2026-09-26T08:02:00-03:00,,,,3.9
1215,7,1,HEMACIAS,AB,POSITIVO,4,NORMAL,ATENDIDA,2026-09-26T08:33:00-03:00,2026-09-26T10:13:00-03:00,2026-09-26T12:01:00-03:00,2026-09-26T12:19:00-03:00,2026-09-26T12:51:00-03:00,,,,15.5
1216,6,,PLASMA,O,POSITIVO,3,EMERGENCIA,CANCELADA,2026-09-26T13:52:00-03:00,,,,,,2026-09-26T13:54:00-03:00,,
1217,9,2,PLAQUETAS,O,POSITIVO,2,NORMAL,ATENDIDA,2026-09-26T14:00:00-03:00,2026-09-26T16:15:00-03:00,2026-09-26T22:07:00-03:00,2026-09-26T22:52:00-03:00,2026-09-26T23:04:00-03:00,,,,2.1
1218,7,1,HEMACIAS,A,POSITIVO,1,NORMAL,ATENDIDA,2026-09-26T14:29:00-03:00,2026-09-26T15:27:00-03:00,2026-09-26T21:06:00-03:00,2026-09-26T21:21:00-03:00,2026-09-26T21:48:00-03:00,,,,15.5
1219,4,1,PLAQUETAS,O,POSITIVO,2,NORMAL,ATENDIDA,2026-09-26T15:54:00-03:00,2026-09-26T23:03:00-03:00,2026-09-27T00:41:00-03:00,2026-09-27T01:21:00-03:00,2026-09-27T01:35:00-03:00,,,,1.5
1220,7,1,PLAQUETAS,A,POSITIVO,2,EMERGENCIA,ATENDIDA,2026-09-26T16:14:00-03:00,2026-09-26T16:20:00-03:00,2026-09-26T16:33:00-03:00,2026-09-26T16:35:00-03:00,2026-09-26T17:15:00-03:00,,,,15.5
1221,10,1,HEMACIAS,A,POSITIVO,1,URGENCIA,ATENDIDA,2026-09-26T16:20:00-03:00,2026-09-26T16:39:00-03:00,2026-09-26T17:07:00-03:00,2026-09-26T17:21:00-03:00,2026-09-26T23:11:00-03:00,,,,100.9
1222,4,1,HEMACIAS,A,POSITIVO,3,EMERGENCIA,ATENDIDA,2026-09-26T16:35:00-03:00,2026-09-26T16:41:00-03:00,2026-09-26T16:48:00-03:00,2026-09-26T16:50:00-03:00,2026-09-26T17:02:00-03:00,,,,1.5
1223,4,1,HEMACIAS,A,POSITIVO,2,NORMAL,ATENDIDA,2026-09-26T17:37:00-03:00,2026-09-27T01:36:00-03:00,2026-09-27T02:15:00-03:00,2026-09-27T02:54:00-03:00,2026-09-27T03:07:00-03:00,,,,1.5
1224,9,2,HEMACIAS,A,POSITIVO,1,NORMAL,ATENDIDA,2026-09-26T22:18:00-03:00,2026-09-27T07:15:00-03:00,2026-09-27T08:02:00-03:00,2026-09-27T11:31:00-03:00,2026-09-27T11:45:00-03:00,,,,2.1
1225,5,1,HEMACIAS,O,POSITIVO,1,NORMAL,ATENDIDA,2026-09-26T22:29:00-03:00,2026-09-27T07:18:00-03:00,2026-09-27T08:17:00-03:00,2026-09-27T09:04:00-03:00,2026-09-27T09:21:00-03:00,,,,6.4
1226,6,1,HEMACIAS,A,POSITIVO,4,NORMAL,ATENDIDA,2026-09-27T00:56:00-03:00,2026-09-27T07:24:00-03:00,2026-09-27T09:12:00-03:00,2026-09-27T10:35:00-03:00,2026-09-27T11:19:00-03:00,,,,21.8
1227,3,,PLAQUETAS,B,POSITIVO,1,URGENCIA,CANCELADA,2026-09-27T03:35:00-03:00,,,,,,2026-09-27T03:52:00-03:00,,
1228,7,1,HEMACIAS,O,NEGATIVO,3,NORMAL,ATENDIDA,2026-09-27T05:24:00-03:00,2026-09-27T07:54:00-03:00,2026-09-27T08:35:00-03:00,2026-09-27T11:54:00-03:00,2026-09-27T12:42:00-03:00,,,,15.5
1229,10,2,PLASMA,O,POSITIVO,4,URGENCIA,ATENDIDA,2026-09-27T07:38:00-03:00,2026-09-27T07:47:00-03:00,2026-09-27T09:01:00-03:00,2026-09-27T09:16:00-03:00,2026-09-27T10:53:00-03:00,,,,60.6
1230,3,1,HEMACIAS,O,POSITIVO,1,NORMAL,ATENDIDA,2026-09-27T08:33:00-03:00,2026-09-28T02:38:00-03:00,2026-09-28T03:48:00-03:00,2026-09-28T06:33:00-03:00,2026-09-28T06:48:00-03:00,,,,3.9
1231,3,1,HEMACIAS,A,POSITIVO,4,URGENCIA,ATENDIDA,2026-09-27T14:03:00-03:00,2026-09-27T14:28:00-03:00,2026-09-27T15:36:00-03:00,2026-09-27T15:56:00-03:00,2026-09-27T16:15:00-03:00,,,,3.9
1232,7,2,HEMACIAS,O,NEGATIVO,1,NORMAL,ATENDIDA,2026-09-27T14:14:00-03:00,2026-09-27T16:10:00-03:00,2026-09-27T16:50:00-03:00,2026-09-27T17:23:00-03:00,2026-09-27T21:25:00-03:00,,,,166.0
1233,6,1,HEMACIAS,A,POSITIVO,3,EMERGENCIA,ATENDIDA,2026-09-27T16:47:00-03:00,2026-09-27T16:58:00-03:00,2026-09-27T17:14:00-03:00,2026-09-27T17:20:00-03:00,2026-09-27T17:55:00-03:00,,,,21.8
1234,9,2,HEMACIAS,O,POSITIVO,3,URGENCIA,ATENDIDA,2026-09-28T05:15:00-03:00,2026-09-28T05:51:00-03:00,2026-09-28T06:01:00-03:00,2026-09-28T06:11:00-03:00,2026-09-28T09:15:00-03:00,,,,2.1
1235,7,1,HEMACIAS,O,POSITIVO,3,NORMAL,ATENDIDA,2026-09-28T07:11:00-03:00,2026-09-28T07:22:00-03:00,2026-09-28T08:54:00-03:00,2026-09-28T09:47:00-03:00,2026-09-28T10:33:00-03:00,,,,15.5
1236,6,1,HEMACIAS,A,POSITIVO,1,NORMAL,ATENDIDA,2026-09-28T07:38:00-03:00,2026-09-28T08:05:00-03:00,2026-09-28T09:12:00-03:00,2026-09-28T10:18:00-03:00,2026-09-28T10:51:00-03:00,,,,21.8
1237,4,1,HEMACIAS,O,POSITIVO,1,URGENCIA,ATENDIDA,2026-09-28T07:57:00-03:00,2026-09-28T08:26:00-03:00,2026-09-28T09:00:00-03:00,2026-09-28T09:20:00-03:00,2026-09-28T09:33:00-03:00,,,,1.5
1238,4,1,HEMACIAS,AB,POSITIVO,1,NORMAL,ATENDIDA,2026-09-28T10:40:00-03:00,2026-09-28T13:44:00-03:00,2026-09-28T16:24:00-03:00,2026-09-28T19:06:00-03:00,2026-09-28T19:17:00-03:00,,,,1.5
1239,10,1,HEMACIAS,A,POSITIVO,1,NORMAL,ATENDIDA,2026-09-28T11:36:00-03:00,2026-09-28T12:17:00-03:00,2026-09-28T13:36:00-03:00,2026-09-28T14:15:00-03:00,2026-09-28T18:18:00-03:00,,,,100.9
1240,3,1,HEMACIAS,A,NEGATIVO,4,NORMAL,ATENDIDA,2026-09-28T12:36:00-03:00,2026-09-28T15:32:00-03:00,2026-09-28T17:45:00-03:00,2026-09-28T22:11:00-03:00,2026-09-28T22:28:00-03:00,,,,3.9
1241,3,1,HEMACIAS,O,POSITIVO,1,URGENCIA,ATENDIDA,2026-09-28T17:57:00-03:00,2026-09-28T18:14:00-03:00,2026-09-28T18:37:00-03:00,2026-09-28T18:56:00-03:00,2026-09-28T19:10:00-03:00,,,,3.9
1242,9,2,CRIOPRECIPITADO,A,POSITIVO,5,EMERGENCIA,ATENDIDA,2026-09-28T18:03:00-03:00,2026-09-28T18:06:00-03:00,2026-09-28T18:18:00-03:00,2026-09-28T18:30:00-03:00,2026-09-28T18:43:00-03:00,,,,2.1
1243,10,2,PLAQUETAS,O,POSITIVO,3,NORMAL,ATENDIDA,2026-09-28T20:30:00-03:00,2026-09-28T21:04:00-03:00,2026-09-29T01:34:00-03:00,2026-09-29T02:39:00-03:00,2026-09-29T04:20:00-03:00,,,,60.6
1244,3,2,HEMACIAS,A,POSITIVO,2,NORMAL,ATENDIDA,2026-09-28T22:54:00-03:00,2026-09-29T07:12:00-03:00,2026-09-29T12:23:00-03:00,2026-09-29T14:07:00-03:00,2026-09-29T18:11:00-03:00,,,,158.0
1245,10,2,HEMACIAS,B,NEGATIVO,3,URGENCIA,ATENDIDA,2026-09-29T07:25:00-03:00,2026-09-29T07:33:00-03:00,2026-09-29T07:57:00-03:00,2026-09-29T08:16:00-03:00,2026-09-29T10:04:00-03:00,,,,60.6
1246,4,1,PLASMA,O,POSITIVO,3,EMERGENCIA,ATENDIDA,2026-09-29T08:13:00-03:00,2026-09-29T08:18:00-03:00,2026-09-29T08:26:00-03:00,2026-09-29T08:30:00-03:00,2026-09-29T08:43:00-03:00,,,,1.5
1247,3,1,HEMACIAS,O,POSITIVO,1,NORMAL,ATENDIDA,2026-09-29T08:22:00-03:00,2026-09-29T12:01:00-03:00,2026-09-29T13:19:00-03:00,2026-09-29T13:42:00-03:00,2026-09-29T13:59:00-03:00,,,,3.9
1248,3,1,HEMACIAS,A,POSITIVO,2,NORMAL,ATENDIDA,2026-09-29T11:32:00-03:00,2026-09-29T13:29:00-03:00,2026-09-29T14:27:00-03:00,2026-09-29T14:49:00-03:00,2026-09-29T15:04:00-03:00,,,,3.9
1249,8,2,PLASMA,O,POSITIVO,1,NORMAL,ATENDIDA,2026-09-29T12:07:00-03:00,2026-09-30T00:18:00-03:00,2026-09-30T06:13:00-03:00,2026-09-30T07:24:00-03:00,2026-09-30T11:39:00-03:00,,,,148.2
1250,3,1,HEMACIAS,O,POSITIVO,3,NORMAL,ATENDIDA,2026-09-29T13:35:00-03:00,2026-09-29T17:27:00-03:00,2026-09-29T18:31:00-03:00,2026-09-29T19:27:00-03:00,2026-09-29T19:47:00-03:00,,,,3.9
1251,4,1,HEMACIAS,A,POSITIVO,1,NORMAL,RECUSADA,2026-09-29T14:01:00-03:00,,,,,2026-09-29T14:50:00-03:00,,Estoque insuficiente do hemocomponente,1.5
1252,4,1,HEMACIAS,O,POSITIVO,3,URGENCIA,ATENDIDA,2026-09-29T15:53:00-03:00,2026-09-29T16:14:00-03:00,2026-09-29T16:37:00-03:00,2026-09-29T16:42:00-03:00,2026-09-29T16:57:00-03:00,,,,1.5
1253,3,1,HEMACIAS,A,POSITIVO,2,NORMAL,RECUSADA,2026-09-29T16:36:00-03:00,,,,,2026-09-29T21:46:00-03:00,,Prioridade redirecionada para outra unidade,3.9
1254,3,1,PLAQUETAS,AB,POSITIVO,2,NORMAL,ATENDIDA,2026-09-29T17:30:00-03:00,2026-09-29T18:03:00-03:00,2026-09-29T21:49:00-03:00,2026-09-29T22:36:00-03:00,2026-09-29T22:55:00-03:00,,,,3.9
1255,3,1,HEMACIAS,A,POSITIVO,2,NORMAL,ATENDIDA,2026-09-29T17:35:00-03:00,2026-09-29T19:30:00-03:00,2026-09-29T21:55:00-03:00,2026-09-30T04:40:00-03:00,2026-09-30T04:55:00-03:00,,,,3.9
1256,3,1,HEMACIAS,AB,POSITIVO,2,URGENCIA,ATENDIDA,2026-09-29T17:47:00-03:00,2026-09-29T18:05:00-03:00,2026-09-29T18:39:00-03:00,2026-09-29T19:05:00-03:00,2026-09-29T19:18:00-03:00,,,,3.9
1257,3,1,HEMACIAS,A,POSITIVO,4,URGENCIA,ATENDIDA,2026-09-30T06:33:00-03:00,2026-09-30T06:47:00-03:00,2026-09-30T07:33:00-03:00,2026-09-30T07:47:00-03:00,2026-09-30T08:12:00-03:00,,,,3.9
1258,3,2,HEMACIAS,A,POSITIVO,3,NORMAL,ATENDIDA,2026-09-30T07:34:00-03:00,2026-09-30T08:03:00-03:00,2026-09-30T08:58:00-03:00,2026-09-30T09:27:00-03:00,2026-09-30T14:55:00-03:00,,,,158.0
1259,9,2,PLAQUETAS,O,POSITIVO,3,URGENCIA,ATENDIDA,2026-09-30T08:00:00-03:00,2026-09-30T08:40:00-03:00,2026-09-30T08:58:00-03:00,2026-09-30T09:14:00-03:00,2026-09-30T09:30:00-03:00,,,,2.1
1260,3,1,HEMACIAS,O,NEGATIVO,2,NORMAL,ATENDIDA,2026-09-30T08:21:00-03:00,2026-09-30T09:38:00-03:00,2026-09-30T11:19:00-03:00,2026-09-30T14:25:00-03:00,2026-09-30T14:41:00-03:00,,,,3.9
1261,5,1,HEMACIAS,O,POSITIVO,1,NORMAL,ATENDIDA,2026-09-30T09:33:00-03:00,2026-09-30T10:22:00-03:00,2026-09-30T13:44:00-03:00,2026-09-30T14:30:00-03:00,2026-09-30T14:53:00-03:00,,,,6.4
1262,7,1,HEMACIAS,O,POSITIVO,2,EMERGENCIA,ATENDIDA,2026-09-30T09:36:00-03:00,2026-09-30T09:39:00-03:00,2026-09-30T09:47:00-03:00,2026-09-30T09:50:00-03:00,2026-09-30T10:30:00-03:00,,,,15.5
1263,4,1,PLAQUETAS,A,POSITIVO,1,NORMAL,ALOCADA,2026-09-30T09:56:00-03:00,2026-09-30T10:33:00-03:00,2026-09-30T14:03:00-03:00,,,,,,1.5
1264,7,1,CRIOPRECIPITADO,A,POSITIVO,6,NORMAL,ATENDIDA,2026-09-30T10:01:00-03:00,2026-09-30T10:58:00-03:00,2026-09-30T11:10:00-03:00,2026-09-30T12:59:00-03:00,2026-09-30T13:23:00-03:00,,,,15.5
1265,7,1,HEMACIAS,O,NEGATIVO,4,NORMAL,ATENDIDA,2026-09-30T10:29:00-03:00,2026-09-30T11:50:00-03:00,2026-09-30T13:30:00-03:00,2026-09-30T13:48:00-03:00,2026-09-30T14:10:00-03:00,,,,15.5
1266,5,1,HEMACIAS,A,POSITIVO,3,URGENCIA,ATENDIDA,2026-09-30T11:56:00-03:00,2026-09-30T12:03:00-03:00,2026-09-30T12:35:00-03:00,2026-09-30T12:48:00-03:00,2026-09-30T14:32:00-03:00,,,,6.4
1267,10,,PLAQUETAS,A,POSITIVO,2,NORMAL,ABERTA,2026-09-30T14:48:00-03:00,,,,,,,,
