requisicaoId,instante,tipo,latitude,longitude,temperaturaC
1,2026-07-02T06:10:00-03:00,HEMACIAS,-8.04570,-34.87775,4.3
1,2026-07-02T06:15:00-03:00,HEMACIAS,-8.05226,-34.88443,4.4
1,2026-07-02T06:20:00-03:00,HEMACIAS,-8.05866,-34.89034,4.2
1,2026-07-02T06:25:00-03:00,HEMACIAS,-8.06318,-34.89955,4.4
2,2026-07-02T08:14:00-03:00,HEMACIAS,-8.04724,-34.87687,3.9
2,2026-07-02T08:19:00-03:00,HEMACIAS,-8.03578,-34.87643,3.6
2,2026-07-02T08:24:00-03:00,HEMACIAS,-8.02360,-34.87595,3.4
2,2026-07-02T08:29:00-03:00,HEMACIAS,-8.01334,-34.87544,4.1
2,2026-07-02T08:34:00-03:00,HEMACIAS,-8.00001,-34.87487,3.9
2,2026-07-02T08:39:00-03:00,HEMACIAS,-7.98917,-34.87408,4.0
2,2026-07-02T08:44:00-03:00,HEMACIAS,-7.97608,-34.87238,4.0
2,2026-07-02T08:49:00-03:00,HEMACIAS,-7.96494,-34.87251,3.7
2,2026-07-02T08:54:00-03:00,HEMACIAS,-7.95512,-34.87429,4.2
2,2026-07-02T08:59:00-03:00,HEMACIAS,-7.94066,-34.87400,3.7
3,2026-07-02T10:36:00-03:00,HEMACIAS,-8.04735,-34.87675,3.9
3,2026-07-02T10:41:00-03:00,HEMACIAS,-8.05201,-34.88067,4.2
3,2026-07-02T10:46:00-03:00,HEMACIAS,-8.05360,-34.88653,4.0
3,2026-07-02T10:51:00-03:00,HEMACIAS,-8.05801,-34.89166,4.3
3,2026-07-02T10:56:00-03:00,HEMACIAS,-8.06196,-34.89793,4.0
5,2026-07-02T13:47:00-03:00,HEMACIAS,-8.04776,-34.87598,4.5
5,2026-07-02T13:52:00-03:00,HEMACIAS,-8.03649,-34.87624,3.7
5,2026-07-02T13:57:00-03:00,HEMACIAS,-8.02207,-34.87645,3.7
5,2026-07-02T14:02:00-03:00,HEMACIAS,-8.00906,-34.87503,3.7
5,2026-07-02T14:07:00-03:00,HEMACIAS,-7.99830,-34.87354,4.1
5,2026-07-02T14:12:00-03:00,HEMACIAS,-7.98538,-34.87512,4.1
5,2026-07-02T14:17:00-03:00,HEMACIAS,-7.97329,-34.87459,4.6
5,2026-07-02T14:22:00-03:00,HEMACIAS,-7.96027,-34.87326,4.6
5,2026-07-02T14:27:00-03:00,HEMACIAS,-7.94701,-34.87292,4.4
6,2026-07-02T16:54:00-03:00,HEMACIAS,-8.04804,-34.87670,4.3
6,2026-07-02T16:59:00-03:00,HEMACIAS,-8.05672,-34.89559,3.7
6,2026-07-02T17:04:00-03:00,HEMACIAS,-8.06616,-34.91451,3.4
6,2026-07-02T17:09:00-03:00,HEMACIAS,-8.07448,-34.93268,3.8
6,2026-07-02T17:14:00-03:00,HEMACIAS,-8.08218,-34.95290,4.1
6,2026-07-02T17:19:00-03:00,HEMACIAS,-8.09061,-34.96924,3.9
6,2026-07-02T17:24:00-03:00,HEMACIAS,-8.09891,-34.98949,3.5
6,2026-07-02T17:29:00-03:00,HEMACIAS,-8.10995,-35.00738,2.9
7,2026-07-02T23:43:00-03:00,HEMACIAS,-8.27648,-35.98179,3.8
7,2026-07-02T23:48:00-03:00,HEMACIAS,-8.27304,-35.97291,4.3
7,2026-07-02T23:53:00-03:00,HEMACIAS,-8.27056,-35.95994,4.3
7,2026-07-02T23:58:00-03:00,HEMACIAS,-8.27051,-35.95053,3.7
7,2026-07-03T00:03:00-03:00,HEMACIAS,-8.26877,-35.93900,4.7
7,2026-07-03T00:08:00-03:00,HEMACIAS,-8.26462,-35.92878,4.4
7,2026-07-03T00:13:00-03:00,HEMACIAS,-8.26239,-35.91762,3.5
7,2026-07-03T00:18:00-03:00,HEMACIAS,-8.26074,-35.90776,3.3
7,2026-07-03T00:23:00-03:00,HEMACIAS,-8.25822,-35.89664,3.5
7,2026-07-03T00:28:00-03:00,HEMACIAS,-8.25770,-35.88597,3.3
7,2026-07-03T00:33:00-03:00,HEMACIAS,-8.25476,-35.87561,3.5
7,2026-07-03T00:38:00-03:00,HEMACIAS,-8.25226,-35.86474,3.7
7,2026-07-03T00:43:00-03:00,HEMACIAS,-8.25106,-35.85432,3.9
7,2026-07-03T00:48:00-03:00,HEMACIAS,-8.24832,-35.84362,4.4
7,2026-07-03T00:53:00-03:00,HEMACIAS,-8.24591,-35.83221,4.1
7,2026-07-03T00:58:00-03:00,HEMACIAS,-8.24127,-35.82236,4.0
7,2026-07-03T01:03:00-03:00,HEMACIAS,-8.24135,-35.81089,3.7
7,2026-07-03T01:08:00-03:00,HEMACIAS,-8.23974,-35.80089,4.1
7,2026-07-03T01:13:00-03:00,HEMACIAS,-8.23763,-35.78869,3.9
7,2026-07-03T01:18:00-03:00,HEMACIAS,-8.23419,-35.77974,3.4
7,2026-07-03T01:23:00-03:00,HEMACIAS,-8.23328,-35.76935,3.7
7,2026-07-03T01:28:00-03:00,HEMACIAS,-8.23265,-35.75825,3.7
7,2026-07-03T01:33:00-03:00,HEMACIAS,-8.22771,-35.74689,4.3
7,2026-07-03T01:38:00-03:00,HEMACIAS,-8.22696,-35.73646,3.4
7,2026-07-03T01:43:00-03:00,HEMACIAS,-8.22374,-35.72549,3.8
7,2026-07-03T01:48:00-03:00,HEMACIAS,-8.22265,-35.71493,4.2
7,2026-07-03T01:53:00-03:00,HEMACIAS,-8.22075,-35.70441,4.4
7,2026-07-03T01:58:00-03:00,HEMACIAS,-8.21686,-35.69570,4.6
7,2026-07-03T02:03:00-03:00,HEMACIAS,-8.21493,-35.68299,5.1
7,2026-07-03T02:08:00-03:00,HEMACIAS,-8.21440,-35.67129,4.7
7,2026-07-03T02:13:00-03:00,HEMACIAS,-8.21075,-35.66031,4.7
7,2026-07-03T02:18:00-03:00,HEMACIAS,-8.20979,-35.65107,4.8
7,2026-07-03T02:23:00-03:00,HEMACIAS,-8.20743,-35.63965,4.7
7,2026-07-03T02:28:00-03:00,HEMACIAS,-8.20531,-35.62891,4.1
7,2026-07-03T02:33:00-03:00,HEMACIAS,-8.20236,-35.61816,4.5
7,2026-07-03T02:38:00-03:00,HEMACIAS,-8.20011,-35.60913,4.2
7,2026-07-03T02:43:00-03:00,HEMACIAS,-8.19753,-35.59876,4.6
7,2026-07-03T02:48:00-03:00,HEMACIAS,-8.19689,-35.58816,4.9
7,2026-07-03T02:53:00-03:00,HEMACIAS,-8.19305,-35.57740,5.9
7,2026-07-03T02:58:00-03:00,HEMACIAS,-8.19089,-35.56651,5.0
7,2026-07-03T03:03:00-03:00,HEMACIAS,-8.18977,-35.55590,4.9
7,2026-07-03T03:08:00-03:00,HEMACIAS,-8.18890,-35.54325,4.5
7,2026-07-03T03:13:00-03:00,HEMACIAS,-8.18501,-35.53363,4.5
7,2026-07-03T03:18:00-03:00,HEMACIAS,-8.18329,-35.52326,4.2
7,2026-07-03T03:23:00-03:00,HEMACIAS,-8.18121,-35.51322,3.9
7,2026-07-03T03:28:00-03:00,HEMACIAS,-8.17870,-35.50205,4.1
7,2026-07-03T03:33:00-03:00,HEMACIAS,-8.17628,-35.49265,3.9
7,2026-07-03T03:38:00-03:00,HEMACIAS,-8.17590,-35.48285,4.4
7,2026-07-03T03:43:00-03:00,HEMACIAS,-8.17195,-35.47047,4.3
7,2026-07-03T03:48:00-03:00,HEMACIAS,-8.17034,-35.45989,4.3
7,2026-07-03T03:53:00-03:00,HEMACIAS,-8.16778,-35.44814,4.3
7,2026-07-03T03:58:00-03:00,HEMACIAS,-8.16711,-35.43786,5.0
7,2026-07-03T04:03:00-03:00,HEMACIAS,-8.16370,-35.42726,5.1
7,2026-07-03T04:08:00-03:00,HEMACIAS,-8.16178,-35.41667,4.6
7,2026-07-03T04:13:00-03:00,HEMACIAS,-8.16007,-35.40487,4.5
7,2026-07-03T04:18:00-03:00,HEMACIAS,-8.15836,-35.39386,4.2
7,2026-07-03T04:23:00-03:00,HEMACIAS,-8.15543,-35.38443,4.1
7,2026-07-03T04:28:00-03:00,HEMACIAS,-8.15259,-35.37387,4.5
7,2026-07-03T04:33:00-03:00,HEMACIAS,-8.15184,-35.36249,4.5
7,2026-07-03T04:38:00-03:00,HEMACIAS,-8.14955,-35.35372,4.7
7,2026-07-03T04:43:00-03:00,HEMACIAS,-8.14665,-35.34353,4.3
7,2026-07-03T04:48:00-03:00,HEMACIAS,-8.14484,-35.33063,4.9
7,2026-07-03T04:53:00-03:00,HEMACIAS,-8.14299,-35.32148,4.9
7,2026-07-03T04:58:00-03:00,HEMACIAS,-8.14026,-35.30870,5.2
7,2026-07-03T05:03:00-03:00,HEMACIAS,-8.13632,-35.29889,4.6
7,2026-07-03T05:08:00-03:00,HEMACIAS,-8.13688,-35.28819,4.4
7,2026-07-03T05:13:00-03:00,HEMACIAS,-8.13456,-35.27890,4.8
7,2026-07-03T05:18:00-03:00,HEMACIAS,-8.13026,-35.26564,4.4
7,2026-07-03T05:23:00-03:00,HEMACIAS,-8.12806,-35.25664,4.4
7,2026-07-03T05:28:00-03:00,HEMACIAS,-8.12652,-35.24415,4.7
7,2026-07-03T05:33:00-03:00,HEMACIAS,-8.12485,-35.23622,4.8
7,2026-07-03T05:38:00-03:00,HEMACIAS,-8.12132,-35.22456,4.7
7,2026-07-03T05:43:00-03:00,HEMACIAS,-8.12038,-35.21290,4.6
7,2026-07-03T05:48:00-03:00,HEMACIAS,-8.11821,-35.20407,3.9
7,2026-07-03T05:53:00-03:00,HEMACIAS,-8.11575,-35.19244,4.0
7,2026-07-03T05:58:00-03:00,HEMACIAS,-8.11543,-35.18158,4.1
7,2026-07-03T06:03:00-03:00,HEMACIAS,-8.11131,-35.17041,4.1
7,2026-07-03T06:08:00-03:00,HEMACIAS,-8.10851,-35.15969,3.8
7,2026-07-03T06:13:00-03:00,HEMACIAS,-8.10760,-35.14981,3.9
7,2026-07-03T06:18:00-03:00,HEMACIAS,-8.10666,-35.13797,3.4
7,2026-07-03T06:23:00-03:00,HEMACIAS,-8.10354,-35.12891,3.2
7,2026-07-03T06:28:00-03:00,HEMACIAS,-8.10112,-35.11830,4.1
7,2026-07-03T06:33:00-03:00,HEMACIAS,-8.09929,-35.10697,4.5
7,2026-07-03T06:38:00-03:00,HEMACIAS,-8.09679,-35.09689,4.3
7,2026-07-03T06:43:00-03:00,HEMACIAS,-8.09662,-35.08615,3.8
7,2026-07-03T06:48:00-03:00,HEMACIAS,-8.09209,-35.07508,3.1
7,2026-07-03T06:53:00-03:00,HEMACIAS,-8.09056,-35.06427,3.5
7,2026-07-03T06:58:00-03:00,HEMACIAS,-8.08833,-35.05346,3.3
7,2026-07-03T07:03:00-03:00,HEMACIAS,-8.08504,-35.04361,3.2
7,2026-07-03T07:08:00-03:00,HEMACIAS,-8.08426,-35.03192,3.4
7,2026-07-03T07:13:00-03:00,HEMACIAS,-8.08132,-35.02153,3.5
7,2026-07-03T07:18:00-03:00,HEMACIAS,-8.08033,-35.01230,3.5
7,2026-07-03T07:23:00-03:00,HEMACIAS,-8.07778,-35.00041,3.5
7,2026-07-03T07:28:00-03:00,HEMACIAS,-8.07420,-34.98922,3.3
7,2026-07-03T07:33:00-03:00,HEMACIAS,-8.07523,-34.98015,3.9
7,2026-07-03T07:38:00-03:00,HEMACIAS,-8.07182,-34.96998,3.8
7,2026-07-03T07:43:00-03:00,HEMACIAS,-8.06832,-34.95723,3.9
7,2026-07-03T07:48:00-03:00,HEMACIAS,-8.06505,-34.94752,3.9
7,2026-07-03T07:53:00-03:00,HEMACIAS,-8.06450,-34.93660,4.7
7,2026-07-03T07:58:00-03:00,HEMACIAS,-8.06260,-34.92556,4.8
7,2026-07-03T08:03:00-03:00,HEMACIAS,-8.05965,-34.91545,4.3
7,2026-07-03T08:08:00-03:00,HEMACIAS,-8.05737,-34.90371,4.1
7,2026-07-03T08:13:00-03:00,HEMACIAS,-8.05480,-34.89364,4.4
8,2026-07-03T00:37:00-03:00,HEMACIAS,-8.04746,-34.87685,3.8
8,2026-07-03T00:42:00-03:00,HEMACIAS,-8.05022,-34.88056,4.3
8,2026-07-03T00:47:00-03:00,HEMACIAS,-8.05143,-34.88323,4.0
9,2026-07-03T00:47:00-03:00,PLASMA,-8.04850,-34.87817,-29.9
9,2026-07-03T00:52:00-03:00,PLASMA,-8.03503,-34.86999,-28.0
9,2026-07-03T00:57:00-03:00,PLASMA,-8.02400,-34.86381,-28.0
9,2026-07-03T01:02:00-03:00,PLASMA,-8.01080,-34.85534,-28.7
10,2026-07-03T02:07:00-03:00,HEMACIAS,-8.04799,-34.87662,4.2
10,2026-07-03T02:12:00-03:00,HEMACIAS,-8.04801,-34.87652,4.4
10,2026-07-03T02:17:00-03:00,HEMACIAS,-8.05054,-34.87880,4.2
10,2026-07-03T02:22:00-03:00,HEMACIAS,-8.04975,-34.88000,4.1
10,2026-07-03T02:27:00-03:00,HEMACIAS,-8.05226,-34.88278,4.0
10,2026-07-03T02:32:00-03:00,HEMACIAS,-8.05388,-34.88389,4.0
10,2026-07-03T02:37:00-03:00,HEMACIAS,-8.05388,-34.88520,3.9
12,2026-07-03T14:16:00-03:00,HEMACIAS,-8.04715,-34.87717,3.9
12,2026-07-03T14:21:00-03:00,HEMACIAS,-8.04446,-34.88882,3.8
12,2026-07-03T14:26:00-03:00,HEMACIAS,-8.04051,-34.90286,3.5
12,2026-07-03T14:31:00-03:00,HEMACIAS,-8.03707,-34.91468,2.6
12,2026-07-03T14:36:00-03:00,HEMACIAS,-8.03538,-34.92730,2.7
12,2026-07-03T14:41:00-03:00,HEMACIAS,-8.03128,-34.94014,2.6
12,2026-07-03T14:46:00-03:00,HEMACIAS,-8.02926,-34.95365,3.1
12,2026-07-03T14:51:00-03:00,HEMACIAS,-8.02612,-34.96684,3.0
12,2026-07-03T14:56:00-03:00,HEMACIAS,-8.02440,-34.97870,3.5
13,2026-07-03T13:08:00-03:00,HEMACIAS,-8.27502,-35.98229,4.4
13,2026-07-03T13:13:00-03:00,HEMACIAS,-8.27993,-35.97731,4.3
13,2026-07-03T13:18:00-03:00,HEMACIAS,-8.28155,-35.97307,4.4
14,2026-07-03T12:52:00-03:00,HEMACIAS,-8.04736,-34.87585,4.4
14,2026-07-03T12:57:00-03:00,HEMACIAS,-8.05364,-34.88657,9.8
14,2026-07-03T13:02:00-03:00,HEMACIAS,-8.06326,-34.89809,9.7
15,2026-07-03T09:26:00-03:00,HEMACIAS,-8.04767,-34.87629,3.6
15,2026-07-03T09:31:00-03:00,HEMACIAS,-8.04481,-34.88973,4.1
15,2026-07-03T09:36:00-03:00,HEMACIAS,-8.04320,-34.89978,4.2
15,2026-07-03T09:41:00-03:00,HEMACIAS,-8.03906,-34.91066,3.8
15,2026-07-03T09:46:00-03:00,HEMACIAS,-8.03703,-34.92308,4.0
15,2026-07-03T09:51:00-03:00,HEMACIAS,-8.03492,-34.93446,4.3
15,2026-07-03T09:56:00-03:00,HEMACIAS,-8.03152,-34.94513,3.9
15,2026-07-03T10:01:00-03:00,HEMACIAS,-8.02925,-34.95768,4.3
15,2026-07-03T10:06:00-03:00,HEMACIAS,-8.02561,-34.96800,4.7
16,2026-07-03T15:07:00-03:00,HEMACIAS,-8.27705,-35.98233,4.1
16,2026-07-03T15:12:00-03:00,HEMACIAS,-8.27946,-35.97642,3.7
16,2026-07-03T15:17:00-03:00,HEMACIAS,-8.28336,-35.97293,4.1
17,2026-07-03T11:59:00-03:00,HEMACIAS,-8.04754,-34.87606,4.1
17,2026-07-03T12:04:00-03:00,HEMACIAS,-8.04722,-34.87728,4.2
17,2026-07-03T12:09:00-03:00,HEMACIAS,-8.04753,-34.87773,4.2
17,2026-07-03T12:14:00-03:00,HEMACIAS,-8.04893,-34.87719,4.6
17,2026-07-03T12:19:00-03:00,HEMACIAS,-8.04907,-34.87785,4.2
17,2026-07-03T12:24:00-03:00,HEMACIAS,-8.04910,-34.87913,4.5
17,2026-07-03T12:29:00-03:00,HEMACIAS,-8.04970,-34.88040,4.7
17,2026-07-03T12:34:00-03:00,HEMACIAS,-8.04884,-34.87956,4.6
17,2026-07-03T12:39:00-03:00,HEMACIAS,-8.04924,-34.87918,4.6
17,2026-07-03T12:44:00-03:00,HEMACIAS,-8.04941,-34.88047,4.4
17,2026-07-03T12:49:00-03:00,HEMACIAS,-8.05089,-34.88071,4.2
17,2026-07-03T12:54:00-03:00,HEMACIAS,-8.05161,-34.88264,4.4
17,2026-07-03T12:59:00-03:00,HEMACIAS,-8.05093,-34.87978,4.5
17,2026-07-03T13:04:00-03:00,HEMACIAS,-8.05192,-34.88069,4.3
17,2026-07-03T13:09:00-03:00,HEMACIAS,-8.05327,-34.88327,4.2
17,2026-07-03T13:14:00-03:00,HEMACIAS,-8.05297,-34.88242,3.6
17,2026-07-03T13:19:00-03:00,HEMACIAS,-8.05282,-34.88213,3.5
17,2026-07-03T13:24:00-03:00,HEMACIAS,-8.05208,-34.88476,3.9
17,2026-07-03T13:29:00-03:00,HEMACIAS,-8.05413,-34.88427,4.1
17,2026-07-03T13:34:00-03:00,HEMACIAS,-8.05378,-34.88314,4.0
17,2026-07-03T13:39:00-03:00,HEMACIAS,-8.05311,-34.88486,4.1
17,2026-07-03T13:44:00-03:00,HEMACIAS,-8.05422,-34.88380,4.0
18,2026-07-03T19:38:00-03:00,HEMACIAS,-8.04800,-34.87719,3.6
18,2026-07-03T19:43:00-03:00,HEMACIAS,-8.04375,-34.89252,4.0
18,2026-07-03T19:48:00-03:00,HEMACIAS,-8.04026,-34.90891,3.5
18,2026-07-03T19:53:00-03:00,HEMACIAS,-8.03458,-34.92667,3.1
18,2026-07-03T19:58:00-03:00,HEMACIAS,-8.03175,-34.94264,3.3
18,2026-07-03T20:03:00-03:00,HEMACIAS,-8.02788,-34.95703,4.2
18,2026-07-03T20:08:00-03:00,HEMACIAS,-8.02421,-34.97354,3.9
19,2026-07-03T17:31:00-03:00,HEMACIAS,-8.27619,-35.98131,3.5
19,2026-07-03T17:36:00-03:00,HEMACIAS,-8.26925,-35.95737,4.1
19,2026-07-03T17:41:00-03:00,HEMACIAS,-8.26772,-35.93337,4.6
19,2026-07-03T17:46:00-03:00,HEMACIAS,-8.26136,-35.90860,5.1
19,2026-07-03T17:51:00-03:00,HEMACIAS,-8.25743,-35.88171,4.8
19,2026-07-03T17:56:00-03:00,HEMACIAS,-8.25500,-35.85857,4.6
19,2026-07-03T18:01:00-03:00,HEMACIAS,-8.24943,-35.83325,4.4
19,2026-07-03T18:06:00-03:00,HEMACIAS,-8.24523,-35.80866,4.4
19,2026-07-03T18:11:00-03:00,HEMACIAS,-8.23965,-35.78156,3.7
19,2026-07-03T18:16:00-03:00,HEMACIAS,-8.23478,-35.75747,3.4
19,2026-07-03T18:21:00-03:00,HEMACIAS,-8.23111,-35.73381,3.0
19,2026-07-03T18:26:00-03:00,HEMACIAS,-8.22804,-35.70842,3.6
19,2026-07-03T18:31:00-03:00,HEMACIAS,-8.22487,-35.68398,4.5
19,2026-07-03T18:36:00-03:00,HEMACIAS,-8.21860,-35.65965,4.1
19,2026-07-03T18:41:00-03:00,HEMACIAS,-8.21339,-35.63372,4.2
19,2026-07-03T18:46:00-03:00,HEMACIAS,-8.20834,-35.60907,4.0
19,2026-07-03T18:51:00-03:00,HEMACIAS,-8.20461,-35.58388,4.2
20,2026-07-03T18:43:00-03:00,PLAQUETAS,-8.27573,-35.98184,22.1
20,2026-07-03T18:48:00-03:00,PLAQUETAS,-8.27197,-35.95944,22.6
20,2026-07-03T18:53:00-03:00,PLAQUETAS,-8.26845,-35.93745,22.7
20,2026-07-03T18:58:00-03:00,PLAQUETAS,-8.26290,-35.91439,22.4
20,2026-07-03T19:03:00-03:00,PLAQUETAS,-8.25912,-35.89089,22.1
20,2026-07-03T19:08:00-03:00,PLAQUETAS,-8.25570,-35.86857,22.3
20,2026-07-03T19:13:00-03:00,PLAQUETAS,-8.25221,-35.84556,22.0
20,2026-07-03T19:18:00-03:00,PLAQUETAS,-8.24672,-35.82248,22.3
20,2026-07-03T19:23:00-03:00,PLAQUETAS,-8.24495,-35.80029,22.3
20,2026-07-03T19:28:00-03:00,PLAQUETAS,-8.24063,-35.77672,23.2
20,2026-07-03T19:33:00-03:00,PLAQUETAS,-8.23659,-35.75567,22.4
20,2026-07-03T19:38:00-03:00,PLAQUETAS,-8.23167,-35.73283,22.4
20,2026-07-03T19:43:00-03:00,PLAQUETAS,-8.22810,-35.70967,22.3
20,2026-07-03T19:48:00-03:00,PLAQUETAS,-8.22294,-35.68819,22.6
20,2026-07-03T19:53:00-03:00,PLAQUETAS,-8.22082,-35.66548,22.5
20,2026-07-03T19:58:00-03:00,PLAQUETAS,-8.21653,-35.64229,23.0
20,2026-07-03T20:03:00-03:00,PLAQUETAS,-8.21022,-35.61856,22.4
20,2026-07-03T20:08:00-03:00,PLAQUETAS,-8.20680,-35.59718,22.3
20,2026-07-03T20:13:00-03:00,PLAQUETAS,-8.20232,-35.57388,21.5
21,2026-07-03T21:02:00-03:00,CRIOPRECIPITADO,-8.27666,-35.98128,-31.8
21,2026-07-03T21:07:00-03:00,CRIOPRECIPITADO,-8.27816,-35.97781,-30.8
21,2026-07-03T21:12:00-03:00,CRIOPRECIPITADO,-8.28193,-35.97338,-28.3
21,2026-07-03T21:17:00-03:00,CRIOPRECIPITADO,-8.28560,-35.97065,-28.7
22,2026-07-03T16:22:00-03:00,HEMACIAS,-8.27589,-35.98172,4.2
22,2026-07-03T16:27:00-03:00,HEMACIAS,-8.27977,-35.97731,4.1
22,2026-07-03T16:32:00-03:00,HEMACIAS,-8.28412,-35.97198,4.0
23,2026-07-04T00:24:00-03:00,CRIOPRECIPITADO,-8.27640,-35.98380,-29.8
23,2026-07-04T00:29:00-03:00,CRIOPRECIPITADO,-8.27203,-35.96389,-28.0
23,2026-07-04T00:34:00-03:00,CRIOPRECIPITADO,-8.26588,-35.94773,-28.7
23,2026-07-04T00:39:00-03:00,CRIOPRECIPITADO,-8.26016,-35.93158,-27.6
23,2026-07-04T00:44:00-03:00,CRIOPRECIPITADO,-8.25630,-35.91461,-30.5
23,2026-07-04T00:49:00-03:00,CRIOPRECIPITADO,-8.25069,-35.89784,-32.7
23,2026-07-04T00:54:00-03:00,CRIOPRECIPITADO,-8.24430,-35.88010,-31.7
23,2026-07-04T00:59:00-03:00,CRIOPRECIPITADO,-8.24023,-35.86391,-31.3
23,2026-07-04T01:04:00-03:00,CRIOPRECIPITADO,-8.23598,-35.84715,-31.3
23,2026-07-04T01:09:00-03:00,CRIOPRECIPITADO,-8.23004,-35.82937,-31.3
23,2026-07-04T01:14:00-03:00,CRIOPRECIPITADO,-8.22452,-35.81362,-30.0
23,2026-07-04T01:19:00-03:00,CRIOPRECIPITADO,-8.22016,-35.79564,-28.6
23,2026-07-04T01:24:00-03:00,CRIOPRECIPITADO,-8.21456,-35.78027,-29.0
23,2026-07-04T01:29:00-03:00,CRIOPRECIPITADO,-8.21068,-35.76221,-30.7
23,2026-07-04T01:34:00-03:00,CRIOPRECIPITADO,-8.20536,-35.74508,-29.5
23,2026-07-04T01:39:00-03:00,CRIOPRECIPITADO,-8.19925,-35.72803,-30.4
23,2026-07-04T01:44:00-03:00,CRIOPRECIPITADO,-8.19420,-35.71117,-30.4
23,2026-07-04T01:49:00-03:00,CRIOPRECIPITADO,-8.18948,-35.69412,-29.6
23,2026-07-04T01:54:00-03:00,CRIOPRECIPITADO,-8.18410,-35.67636,-29.3
23,2026-07-04T01:59:00-03:00,CRIOPRECIPITADO,-8.18030,-35.66174,-28.5
23,2026-07-04T02:04:00-03:00,CRIOPRECIPITADO,-8.17442,-35.64417,-27.0
23,2026-07-04T02:09:00-03:00,CRIOPRECIPITADO,-8.16827,-35.62826,-28.9
23,2026-07-04T02:14:00-03:00,CRIOPRECIPITADO,-8.16459,-35.60991,-27.3
23,2026-07-04T02:19:00-03:00,CRIOPRECIPITADO,-8.15903,-35.59225,-29.2
23,2026-07-04T02:24:00-03:00,CRIOPRECIPITADO,-8.15204,-35.57571,-30.6
23,2026-07-04T02:29:00-03:00,CRIOPRECIPITADO,-8.14861,-35.55775,-30.8
23,2026-07-04T02:34:00-03:00,CRIOPRECIPITADO,-8.14389,-35.54097,-30.7
23,2026-07-04T02:39:00-03:00,CRIOPRECIPITADO,-8.13710,-35.52466,-31.1
23,2026-07-04T02:44:00-03:00,CRIOPRECIPITADO,-8.13433,-35.50873,-30.1
23,2026-07-04T02:49:00-03:00,CRIOPRECIPITADO,-8.12798,-35.49232,-30.1
23,2026-07-04T02:54:00-03:00,CRIOPRECIPITADO,-8.12285,-35.47520,-30.4
23,2026-07-04T02:59:00-03:00,CRIOPRECIPITADO,-8.11865,-35.45786,-31.7
23,2026-07-04T03:04:00-03:00,CRIOPRECIPITADO,-8.11377,-35.44111,-30.2
23,2026-07-04T03:09:00-03:00,CRIOPRECIPITADO,-8.10571,-35.42417,-29.7
23,2026-07-04T03:14:00-03:00,CRIOPRECIPITADO,-8.10236,-35.40648,-27.2
23,2026-07-04T03:19:00-03:00,CRIOPRECIPITADO,-8.09804,-35.39020,-29.5
23,2026-07-04T03:24:00-03:00,CRIOPRECIPITADO,-8.09209,-35.37162,-28.5
23,2026-07-04T03:29:00-03:00,CRIOPRECIPITADO,-8.08720,-35.35605,-29.7
23,2026-07-04T03:34:00-03:00,CRIOPRECIPITADO,-8.08108,-35.33861,-28.7
23,2026-07-04T03:39:00-03:00,CRIOPRECIPITADO,-8.07753,-35.32052,-29.6
23,2026-07-04T03:44:00-03:00,CRIOPRECIPITADO,-8.07218,-35.30676,-30.1
23,2026-07-04T03:49:00-03:00,CRIOPRECIPITADO,-8.06785,-35.28923,-30.3
23,2026-07-04T03:54:00-03:00,CRIOPRECIPITADO,-8.06033,-35.27223,-28.9
23,2026-07-04T03:59:00-03:00,CRIOPRECIPITADO,-8.05442,-35.25486,-31.1
23,2026-07-04T04:04:00-03:00,CRIOPRECIPITADO,-8.05045,-35.23792,-33.1
23,2026-07-04T04:09:00-03:00,CRIOPRECIPITADO,-8.04744,-35.22195,-32.1
23,2026-07-04T04:14:00-03:00,CRIOPRECIPITADO,-8.04113,-35.20414,-32.6
23,2026-07-04T04:19:00-03:00,CRIOPRECIPITADO,-8.03585,-35.18719,-33.3
23,2026-07-04T04:24:00-03:00,CRIOPRECIPITADO,-8.03018,-35.17050,-31.8
23,2026-07-04T04:29:00-03:00,CRIOPRECIPITADO,-8.02546,-35.15428,-29.9
23,2026-07-04T04:34:00-03:00,CRIOPRECIPITADO,-8.02116,-35.13698,-30.3
23,2026-07-04T04:39:00-03:00,CRIOPRECIPITADO,-8.01576,-35.11888,-28.9
23,2026-07-04T04:44:00-03:00,CRIOPRECIPITADO,-8.01082,-35.10142,-29.6
23,2026-07-04T04:49:00-03:00,CRIOPRECIPITADO,-8.00625,-35.08732,-29.8
23,2026-07-04T04:54:00-03:00,CRIOPRECIPITADO,-8.00007,-35.06821,-30.1
23,2026-07-04T04:59:00-03:00,CRIOPRECIPITADO,-7.99448,-35.05301,-30.6
23,2026-07-04T05:04:00-03:00,CRIOPRECIPITADO,-7.98975,-35.03488,-30.0
23,2026-07-04T05:09:00-03:00,CRIOPRECIPITADO,-7.98534,-35.01848,-31.4
23,2026-07-04T05:14:00-03:00,CRIOPRECIPITADO,-7.97999,-35.00362,-29.2
23,2026-07-04T05:19:00-03:00,CRIOPRECIPITADO,-7.97463,-34.98481,-27.7
23,2026-07-04T05:24:00-03:00,CRIOPRECIPITADO,-7.96868,-34.96652,-29.4
23,2026-07-04T05:29:00-03:00,CRIOPRECIPITADO,-7.96366,-34.95044,-28.0
23,2026-07-04T05:34:00-03:00,CRIOPRECIPITADO,-7.95986,-34.93487,-28.1
23,2026-07-04T05:39:00-03:00,CRIOPRECIPITADO,-7.95293,-34.91674,-28.3
23,2026-07-04T05:44:00-03:00,CRIOPRECIPITADO,-7.94859,-34.90062,-30.2
23,2026-07-04T05:49:00-03:00,CRIOPRECIPITADO,-7.94301,-34.88342,-31.0
24,2026-07-03T23:21:00-03:00,PLAQUETAS,-8.27543,-35.98237,21.9
24,2026-07-03T23:26:00-03:00,PLAQUETAS,-8.27968,-35.97857,21.5
24,2026-07-03T23:31:00-03:00,PLAQUETAS,-8.28185,-35.97259,20.9
25,2026-07-03T20:45:00-03:00,PLASMA,-8.04784,-34.87634,-29.3
25,2026-07-03T20:50:00-03:00,PLASMA,-8.05289,-34.88607,-29.3
25,2026-07-03T20:55:00-03:00,PLASMA,-8.05960,-34.89413,-29.4
26,2026-07-03T21:46:00-03:00,HEMACIAS,-8.04698,-34.87568,4.2
26,2026-07-03T21:51:00-03:00,HEMACIAS,-8.04865,-34.88020,4.0
26,2026-07-03T21:56:00-03:00,HEMACIAS,-8.05084,-34.87996,3.8
26,2026-07-03T22:01:00-03:00,HEMACIAS,-8.05241,-34.88408,3.3
26,2026-07-03T22:06:00-03:00,HEMACIAS,-8.05301,-34.88472,3.5
28,2026-07-04T00:50:00-03:00,HEMACIAS,-8.27579,-35.98197,3.9
28,2026-07-04T00:55:00-03:00,HEMACIAS,-8.27197,-35.95749,3.9
28,2026-07-04T01:00:00-03:00,HEMACIAS,-8.26680,-35.93401,3.6
28,2026-07-04T01:05:00-03:00,HEMACIAS,-8.26181,-35.91114,4.1
28,2026-07-04T01:10:00-03:00,HEMACIAS,-8.25746,-35.88604,3.8
28,2026-07-04T01:15:00-03:00,HEMACIAS,-8.25248,-35.86142,3.6
28,2026-07-04T01:20:00-03:00,HEMACIAS,-8.24840,-35.83816,4.2
28,2026-07-04T01:25:00-03:00,HEMACIAS,-8.24267,-35.81390,4.2
28,2026-07-04T01:30:00-03:00,HEMACIAS,-8.23742,-35.79043,4.5
28,2026-07-04T01:35:00-03:00,HEMACIAS,-8.23306,-35.76608,4.8
28,2026-07-04T01:40:00-03:00,HEMACIAS,-8.22697,-35.74314,4.8
28,2026-07-04T01:45:00-03:00,HEMACIAS,-8.22446,-35.71851,5.0
28,2026-07-04T01:50:00-03:00,HEMACIAS,-8.22004,-35.69415,5.1
28,2026-07-04T01:55:00-03:00,HEMACIAS,-8.21584,-35.66927,5.1
28,2026-07-04T02:00:00-03:00,HEMACIAS,-8.20892,-35.64706,4.5
28,2026-07-04T02:05:00-03:00,HEMACIAS,-8.20476,-35.62249,4.9
28,2026-07-04T02:10:00-03:00,HEMACIAS,-8.20168,-35.59859,4.5
28,2026-07-04T02:15:00-03:00,HEMACIAS,-8.19618,-35.57523,4.2
28,2026-07-04T02:20:00-03:00,HEMACIAS,-8.19228,-35.55099,3.4
28,2026-07-04T02:25:00-03:00,HEMACIAS,-8.18617,-35.52533,3.9
28,2026-07-04T02:30:00-03:00,HEMACIAS,-8.18353,-35.50284,3.0
28,2026-07-04T02:35:00-03:00,HEMACIAS,-8.17625,-35.47849,3.8
28,2026-07-04T02:40:00-03:00,HEMACIAS,-8.17240,-35.45559,2.8
28,2026-07-04T02:45:00-03:00,HEMACIAS,-8.16672,-35.43120,2.7
28,2026-07-04T02:50:00-03:00,HEMACIAS,-8.16324,-35.40724,2.9
28,2026-07-04T02:55:00-03:00,HEMACIAS,-8.15850,-35.38163,3.0
28,2026-07-04T03:00:00-03:00,HEMACIAS,-8.15274,-35.35886,3.0
28,2026-07-04T03:05:00-03:00,HEMACIAS,-8.14923,-35.33397,3.4
28,2026-07-04T03:10:00-03:00,HEMACIAS,-8.14378,-35.31050,3.6
28,2026-07-04T03:15:00-03:00,HEMACIAS,-8.13972,-35.28724,3.8
28,2026-07-04T03:20:00-03:00,HEMACIAS,-8.13414,-35.26313,4.0
28,2026-07-04T03:25:00-03:00,HEMACIAS,-8.12895,-35.23909,4.2
28,2026-07-04T03:30:00-03:00,HEMACIAS,-8.12536,-35.21457,4.0
28,2026-07-04T03:35:00-03:00,HEMACIAS,-8.12079,-35.19101,4.1
28,2026-07-04T03:40:00-03:00,HEMACIAS,-8.11655,-35.16706,4.8
28,2026-07-04T03:45:00-03:00,HEMACIAS,-8.11150,-35.14347,4.3
28,2026-07-04T03:50:00-03:00,HEMACIAS,-8.10528,-35.11952,4.5
28,2026-07-04T03:55:00-03:00,HEMACIAS,-8.10147,-35.09462,4.3
28,2026-07-04T04:00:00-03:00,HEMACIAS,-8.09674,-35.07234,4.3
28,2026-07-04T04:05:00-03:00,HEMACIAS,-8.09152,-35.04768,3.9
28,2026-07-04T04:10:00-03:00,HEMACIAS,-8.08703,-35.02325,4.3
28,2026-07-04T04:15:00-03:00,HEMACIAS,-8.08292,-35.00008,4.0
28,2026-07-04T04:20:00-03:00,HEMACIAS,-8.07956,-34.97619,3.8
28,2026-07-04T04:25:00-03:00,HEMACIAS,-8.07545,-34.95153,3.6
28,2026-07-04T04:30:00-03:00,HEMACIAS,-8.06848,-34.92811,3.4
28,2026-07-04T04:35:00-03:00,HEMACIAS,-8.06434,-34.90370,3.1
29,2026-07-04T09:00:00-03:00,PLASMA,-8.04878,-34.87760,-29.2
29,2026-07-04T09:05:00-03:00,PLASMA,-8.05183,-34.88317,-32.2
29,2026-07-04T09:10:00-03:00,PLASMA,-8.05746,-34.89003,-32.4
29,2026-07-04T09:15:00-03:00,PLASMA,-8.06169,-34.89694,-31.0
30,2026-07-04T05:23:00-03:00,PLASMA,-8.04765,-34.87790,-30.7
30,2026-07-04T05:28:00-03:00,PLASMA,-8.05221,-34.88316,-31.6
30,2026-07-04T05:33:00-03:00,PLASMA,-8.05667,-34.89103,-30.2
30,2026-07-04T05:38:00-03:00,PLASMA,-8.06198,-34.89742,-33.0
31,2026-07-04T06:24:00-03:00,HEMACIAS,-8.04750,-34.87537,4.5
31,2026-07-04T06:29:00-03:00,HEMACIAS,-8.05704,-34.89253,4.8
31,2026-07-04T06:34:00-03:00,HEMACIAS,-8.06384,-34.91079,4.3
31,2026-07-04T06:39:00-03:00,HEMACIAS,-8.07264,-34.92710,3.8
31,2026-07-04T06:44:00-03:00,HEMACIAS,-8.08098,-34.94621,4.0
31,2026-07-04T06:49:00-03:00,HEMACIAS,-8.08982,-34.96320,3.5
31,2026-07-04T06:54:00-03:00,HEMACIAS,-8.09704,-34.98037,3.6
31,2026-07-04T06:59:00-03:00,HEMACIAS,-8.10551,-34.99855,3.4
31,2026-07-04T07:04:00-03:00,HEMACIAS,-8.11198,-35.01480,3.2
32,2026-07-04T12:02:00-03:00,HEMACIAS,-8.04835,-34.87556,4.3
32,2026-07-04T12:07:00-03:00,HEMACIAS,-8.03666,-34.87547,4.1
32,2026-07-04T12:12:00-03:00,HEMACIAS,-8.02181,-34.87628,3.9
32,2026-07-04T12:17:00-03:00,HEMACIAS,-8.01013,-34.87496,4.0
32,2026-07-04T12:22:00-03:00,HEMACIAS,-7.99822,-34.87641,4.4
32,2026-07-04T12:27:00-03:00,HEMACIAS,-7.98544,-34.87601,4.1
32,2026-07-04T12:32:00-03:00,HEMACIAS,-7.97262,-34.87372,4.4
32,2026-07-04T12:37:00-03:00,HEMACIAS,-7.96075,-34.87335,4.5
32,2026-07-04T12:42:00-03:00,HEMACIAS,-7.94903,-34.87203,4.3
33,2026-07-04T14:34:00-03:00,PLASMA,-8.04851,-34.87776,-30.7
33,2026-07-04T14:39:00-03:00,PLASMA,-8.05352,-34.88568,-29.7
33,2026-07-04T14:44:00-03:00,PLASMA,-8.06052,-34.89575,-29.5
34,2026-07-04T14:23:00-03:00,HEMACIAS,-8.27640,-35.98178,4.5
34,2026-07-04T14:28:00-03:00,HEMACIAS,-8.27370,-35.96187,4.1
34,2026-07-04T14:33:00-03:00,HEMACIAS,-8.26964,-35.94398,4.2
34,2026-07-04T14:38:00-03:00,HEMACIAS,-8.26673,-35.92327,3.9
34,2026-07-04T14:43:00-03:00,HEMACIAS,-8.26311,-35.90431,4.2
34,2026-07-04T14:48:00-03:00,HEMACIAS,-8.25888,-35.88547,4.2
34,2026-07-04T14:53:00-03:00,HEMACIAS,-8.25655,-35.86601,3.9
34,2026-07-04T14:58:00-03:00,HEMACIAS,-8.25221,-35.84562,4.0
34,2026-07-04T15:03:00-03:00,HEMACIAS,-8.25026,-35.82633,3.5
34,2026-07-04T15:08:00-03:00,HEMACIAS,-8.24635,-35.80653,3.0
34,2026-07-04T15:13:00-03:00,HEMACIAS,-8.24251,-35.78814,3.4
34,2026-07-04T15:18:00-03:00,HEMACIAS,-8.24124,-35.76705,3.9
34,2026-07-04T15:23:00-03:00,HEMACIAS,-8.23675,-35.74615,3.8
34,2026-07-04T15:28:00-03:00,HEMACIAS,-8.23364,-35.72834,3.5
34,2026-07-04T15:33:00-03:00,HEMACIAS,-8.23035,-35.70823,3.4
34,2026-07-04T15:38:00-03:00,HEMACIAS,-8.22588,-35.68825,3.7
34,2026-07-04T15:43:00-03:00,HEMACIAS,-8.22369,-35.66970,4.2
34,2026-07-04T15:48:00-03:00,HEMACIAS,-8.21836,-35.65015,3.6
34,2026-07-04T15:53:00-03:00,HEMACIAS,-8.21697,-35.63086,4.3
34,2026-07-04T15:58:00-03:00,HEMACIAS,-8.21184,-35.61239,4.6
34,2026-07-04T16:03:00-03:00,HEMACIAS,-8.20990,-35.59214,10.2
34,2026-07-04T16:08:00-03:00,HEMACIAS,-8.20719,-35.57186,10.2
34,2026-07-04T16:13:00-03:00,HEMACIAS,-8.20293,-35.55131,10.1
34,2026-07-04T16:18:00-03:00,HEMACIAS,-8.19988,-35.53332,9.6
34,2026-07-04T16:23:00-03:00,HEMACIAS,-8.19765,-35.51450,10.2
34,2026-07-04T16:28:00-03:00,HEMACIAS,-8.19365,-35.49399,4.1
34,2026-07-04T16:33:00-03:00,HEMACIAS,-8.19157,-35.47609,3.5
34,2026-07-04T16:38:00-03:00,HEMACIAS,-8.18632,-35.45561,3.7
34,2026-07-04T16:43:00-03:00,HEMACIAS,-8.18346,-35.43652,4.0
34,2026-07-04T16:48:00-03:00,HEMACIAS,-8.17930,-35.41655,4.3
34,2026-07-04T16:53:00-03:00,HEMACIAS,-8.17820,-35.39603,4.6
34,2026-07-04T16:58:00-03:00,HEMACIAS,-8.17516,-35.37638,4.6
34,2026-07-04T17:03:00-03:00,HEMACIAS,-8.16966,-35.35815,4.1
34,2026-07-04T17:08:00-03:00,HEMACIAS,-8.16699,-35.33790,3.7
34,2026-07-04T17:13:00-03:00,HEMACIAS,-8.16552,-35.31909,3.3
34,2026-07-04T17:18:00-03:00,HEMACIAS,-8.16131,-35.29878,3.1
34,2026-07-04T17:23:00-03:00,HEMACIAS,-8.15807,-35.27993,3.2
34,2026-07-04T17:28:00-03:00,HEMACIAS,-8.15435,-35.26031,3.5
34,2026-07-04T17:33:00-03:00,HEMACIAS,-8.15045,-35.23970,4.2
34,2026-07-04T17:38:00-03:00,HEMACIAS,-8.14637,-35.22186,4.1
34,2026-07-04T17:43:00-03:00,HEMACIAS,-8.14347,-35.20258,3.8
34,2026-07-04T17:48:00-03:00,HEMACIAS,-8.14209,-35.18092,4.3
34,2026-07-04T17:53:00-03:00,HEMACIAS,-8.13843,-35.16235,4.4
34,2026-07-04T17:58:00-03:00,HEMACIAS,-8.13433,-35.14415,4.5
34,2026-07-04T18:03:00-03:00,HEMACIAS,-8.12958,-35.12452,4.7
34,2026-07-04T18:08:00-03:00,HEMACIAS,-8.12590,-35.10607,4.3
34,2026-07-04T18:13:00-03:00,HEMACIAS,-8.12548,-35.08432,4.3
34,2026-07-04T18:18:00-03:00,HEMACIAS,-8.12155,-35.06607,3.9
34,2026-07-04T18:23:00-03:00,HEMACIAS,-8.11867,-35.04673,3.9
34,2026-07-04T18:28:00-03:00,HEMACIAS,-8.11393,-35.02626,3.6
36,2026-07-04T15:37:00-03:00,HEMACIAS,-8.04682,-34.87653,5.0
36,2026-07-04T15:42:00-03:00,HEMACIAS,-8.05037,-34.88179,4.4
36,2026-07-04T15:47:00-03:00,HEMACIAS,-8.05210,-34.88285,4.2
37,2026-07-04T11:11:00-03:00,PLAQUETAS,-8.04601,-34.87724,21.3
37,2026-07-04T11:16:00-03:00,PLAQUETAS,-8.05478,-34.89245,21.7
37,2026-07-04T11:21:00-03:00,PLAQUETAS,-8.06291,-34.90775,21.7
37,2026-07-04T11:26:00-03:00,PLAQUETAS,-8.06988,-34.92437,21.9
37,2026-07-04T11:31:00-03:00,PLAQUETAS,-8.07774,-34.93953,21.9
37,2026-07-04T11:36:00-03:00,PLAQUETAS,-8.08336,-34.95635,21.8
37,2026-07-04T11:41:00-03:00,PLAQUETAS,-8.09334,-34.97213,21.7
37,2026-07-04T11:46:00-03:00,PLAQUETAS,-8.09957,-34.98750,21.9
37,2026-07-04T11:51:00-03:00,PLAQUETAS,-8.10649,-35.00327,22.0
38,2026-07-04T15:07:00-03:00,HEMACIAS,-8.27709,-35.98115,3.8
38,2026-07-04T15:12:00-03:00,HEMACIAS,-8.27349,-35.95867,4.4
38,2026-07-04T15:17:00-03:00,HEMACIAS,-8.26755,-35.93668,4.6
38,2026-07-04T15:22:00-03:00,HEMACIAS,-8.26251,-35.91396,4.3
38,2026-07-04T15:27:00-03:00,HEMACIAS,-8.25742,-35.89205,3.9
38,2026-07-04T15:32:00-03:00,HEMACIAS,-8.25295,-35.86841,3.5
38,2026-07-04T15:37:00-03:00,HEMACIAS,-8.24831,-35.84575,3.7
38,2026-07-04T15:42:00-03:00,HEMACIAS,-8.24340,-35.82383,3.9
38,2026-07-04T15:47:00-03:00,HEMACIAS,-8.24024,-35.80089,3.6
38,2026-07-04T15:52:00-03:00,HEMACIAS,-8.23325,-35.77839,3.9
38,2026-07-04T15:57:00-03:00,HEMACIAS,-8.23020,-35.75528,4.4
38,2026-07-04T16:02:00-03:00,HEMACIAS,-8.22559,-35.73336,4.1
38,2026-07-04T16:07:00-03:00,HEMACIAS,-8.22051,-35.71073,3.3
38,2026-07-04T16:12:00-03:00,HEMACIAS,-8.21609,-35.68871,3.1
38,2026-07-04T16:17:00-03:00,HEMACIAS,-8.21195,-35.66535,2.9
38,2026-07-04T16:22:00-03:00,HEMACIAS,-8.20822,-35.64434,3.3
38,2026-07-04T16:27:00-03:00,HEMACIAS,-8.20329,-35.61965,4.1
38,2026-07-04T16:32:00-03:00,HEMACIAS,-8.19897,-35.59650,3.3
38,2026-07-04T16:37:00-03:00,HEMACIAS,-8.19429,-35.57670,3.4
38,2026-07-04T16:42:00-03:00,HEMACIAS,-8.18985,-35.55306,3.6
38,2026-07-04T16:47:00-03:00,HEMACIAS,-8.18465,-35.53066,3.4
38,2026-07-04T16:52:00-03:00,HEMACIAS,-8.17843,-35.50813,3.9
38,2026-07-04T16:57:00-03:00,HEMACIAS,-8.17573,-35.48598,3.9
38,2026-07-04T17:02:00-03:00,HEMACIAS,-8.17070,-35.46095,3.3
38,2026-07-04T17:07:00-03:00,HEMACIAS,-8.16514,-35.44006,3.1
38,2026-07-04T17:12:00-03:00,HEMACIAS,-8.16161,-35.41800,2.9
38,2026-07-04T17:17:00-03:00,HEMACIAS,-8.15711,-35.39442,3.0
38,2026-07-04T17:22:00-03:00,HEMACIAS,-8.15202,-35.37384,3.2
38,2026-07-04T17:27:00-03:00,HEMACIAS,-8.14880,-35.34824,2.5
38,2026-07-04T17:32:00-03:00,HEMACIAS,-8.14353,-35.32856,3.1
38,2026-07-04T17:37:00-03:00,HEMACIAS,-8.13980,-35.30620,3.4
38,2026-07-04T17:42:00-03:00,HEMACIAS,-8.13391,-35.28240,4.1
38,2026-07-04T17:47:00-03:00,HEMACIAS,-8.12885,-35.25913,3.9
38,2026-07-04T17:52:00-03:00,HEMACIAS,-8.12470,-35.23676,3.3
38,2026-07-04T17:57:00-03:00,HEMACIAS,-8.12072,-35.21561,3.8
38,2026-07-04T18:02:00-03:00,HEMACIAS,-8.11639,-35.19187,4.2
38,2026-07-04T18:07:00-03:00,HEMACIAS,-8.11105,-35.16828,4.4
38,2026-07-04T18:12:00-03:00,HEMACIAS,-8.10688,-35.14785,4.5
38,2026-07-04T18:17:00-03:00,HEMACIAS,-8.10240,-35.12571,4.0
38,2026-07-04T18:22:00-03:00,HEMACIAS,-8.09774,-35.10171,3.7
38,2026-07-04T18:27:00-03:00,HEMACIAS,-8.09247,-35.07737,3.9
38,2026-07-04T18:32:00-03:00,HEMACIAS,-8.08862,-35.05831,3.7
38,2026-07-04T18:37:00-03:00,HEMACIAS,-8.08538,-35.03597,4.3
38,2026-07-04T18:42:00-03:00,HEMACIAS,-8.07869,-35.01097,4.6
38,2026-07-04T18:47:00-03:00,HEMACIAS,-8.07675,-34.98892,5.3
38,2026-07-04T18:52:00-03:00,HEMACIAS,-8.07055,-34.96458,4.7
38,2026-07-04T18:57:00-03:00,HEMACIAS,-8.06528,-34.94375,4.2
38,2026-07-04T19:02:00-03:00,HEMACIAS,-8.06019,-34.92212,4.0
38,2026-07-04T19:07:00-03:00,HEMACIAS,-8.05636,-34.90031,4.0
39,2026-07-04T14:00:00-03:00,HEMACIAS,-8.04782,-34.87636,3.9
39,2026-07-04T14:05:00-03:00,HEMACIAS,-8.04631,-34.87902,4.0
39,2026-07-04T14:10:00-03:00,HEMACIAS,-8.04633,-34.88199,4.6
39,2026-07-04T14:15:00-03:00,HEMACIAS,-8.04402,-34.88723,4.5
39,2026-07-04T14:20:00-03:00,HEMACIAS,-8.04299,-34.88717,4.3
39,2026-07-04T14:25:00-03:00,HEMACIAS,-8.04497,-34.89069,4.2
39,2026-07-04T14:30:00-03:00,HEMACIAS,-8.04531,-34.89456,3.2
39,2026-07-04T14:35:00-03:00,HEMACIAS,-8.04151,-34.89637,3.0
39,2026-07-04T14:40:00-03:00,HEMACIAS,-8.04093,-34.89891,3.5
39,2026-07-04T14:45:00-03:00,HEMACIAS,-8.04065,-34.90204,3.2
39,2026-07-04T14:50:00-03:00,HEMACIAS,-8.04300,-34.90471,3.6
39,2026-07-04T14:55:00-03:00,HEMACIAS,-8.04154,-34.90515,3.9
39,2026-07-04T15:00:00-03:00,HEMACIAS,-8.03925,-34.90862,3.8
39,2026-07-04T15:05:00-03:00,HEMACIAS,-8.03910,-34.91376,3.9
39,2026-07-04T15:10:00-03:00,HEMACIAS,-8.03856,-34.91619,4.6
39,2026-07-04T15:15:00-03:00,HEMACIAS,-8.03790,-34.91913,4.2
39,2026-07-04T15:20:00-03:00,HEMACIAS,-8.03732,-34.92041,4.3
39,2026-07-04T15:25:00-03:00,HEMACIAS,-8.03671,-34.92360,4.7
39,2026-07-04T15:30:00-03:00,HEMACIAS,-8.03657,-34.92596,4.8
39,2026-07-04T15:35:00-03:00,HEMACIAS,-8.03532,-34.92857,4.3
39,2026-07-04T15:40:00-03:00,HEMACIAS,-8.03494,-34.93161,4.3
39,2026-07-04T15:45:00-03:00,HEMACIAS,-8.03236,-34.93445,4.2
39,2026-07-04T15:50:00-03:00,HEMACIAS,-8.03213,-34.93686,4.4
39,2026-07-04T15:55:00-03:00,HEMACIAS,-8.03266,-34.93958,4.0
39,2026-07-04T16:00:00-03:00,HEMACIAS,-8.03050,-34.94282,4.0
39,2026-07-04T16:05:00-03:00,HEMACIAS,-8.03105,-34.94426,4.4
39,2026-07-04T16:10:00-03:00,HEMACIAS,-8.03134,-34.94746,4.7
39,2026-07-04T16:15:00-03:00,HEMACIAS,-8.03015,-34.95227,5.0
39,2026-07-04T16:20:00-03:00,HEMACIAS,-8.02901,-34.95389,4.9
39,2026-07-04T16:25:00-03:00,HEMACIAS,-8.02772,-34.95577,4.7
39,2026-07-04T16:30:00-03:00,HEMACIAS,-8.02717,-34.95789,4.5
39,2026-07-04T16:35:00-03:00,HEMACIAS,-8.02702,-34.96221,4.4
39,2026-07-04T16:40:00-03:00,HEMACIAS,-8.02708,-34.96540,3.9
39,2026-07-04T16:45:00-03:00,HEMACIAS,-8.02537,-34.96688,3.8
39,2026-07-04T16:50:00-03:00,HEMACIAS,-8.02713,-34.96888,4.2
39,2026-07-04T16:55:00-03:00,HEMACIAS,-8.02414,-34.97246,4.0
39,2026-07-04T17:00:00-03:00,HEMACIAS,-8.02362,-34.97456,4.3
39,2026-07-04T17:05:00-03:00,HEMACIAS,-8.02372,-34.97869,4.7
40,2026-07-04T21:16:00-03:00,CRIOPRECIPITADO,-8.04838,-34.87715,-28.6
40,2026-07-04T21:21:00-03:00,CRIOPRECIPITADO,-8.05090,-34.87876,-28.7
40,2026-07-04T21:26:00-03:00,CRIOPRECIPITADO,-8.05128,-34.88254,-28.8
40,2026-07-04T21:31:00-03:00,CRIOPRECIPITADO,-8.05334,-34.88421,-28.4
41,2026-07-04T19:39:00-03:00,HEMACIAS,-8.27548,-35.98201,4.4
41,2026-07-04T19:44:00-03:00,HEMACIAS,-8.28030,-35.97564,4.5
41,2026-07-04T19:49:00-03:00,HEMACIAS,-8.28315,-35.97052,4.2
42,2026-07-04T19:24:00-03:00,CRIOPRECIPITADO,-8.04819,-34.87709,-30.7
42,2026-07-04T19:29:00-03:00,CRIOPRECIPITADO,-8.05588,-34.89250,-31.9
42,2026-07-04T19:34:00-03:00,CRIOPRECIPITADO,-8.06265,-34.90661,-31.9
42,2026-07-04T19:39:00-03:00,CRIOPRECIPITADO,-8.06810,-34.92142,-31.1
42,2026-07-04T19:44:00-03:00,CRIOPRECIPITADO,-8.07566,-34.93731,-31.1
42,2026-07-04T19:49:00-03:00,CRIOPRECIPITADO,-8.08324,-34.95202,-29.8
42,2026-07-04T19:54:00-03:00,CRIOPRECIPITADO,-8.09056,-34.96751,-28.8
42,2026-07-04T19:59:00-03:00,CRIOPRECIPITADO,-8.09565,-34.98178,-30.4
42,2026-07-04T20:04:00-03:00,CRIOPRECIPITADO,-8.10308,-34.99671,-30.9
42,2026-07-04T20:09:00-03:00,CRIOPRECIPITADO,-8.11143,-35.01256,-30.6
43,2026-07-04T19:17:00-03:00,HEMACIAS,-8.04724,-34.87709,4.4
43,2026-07-04T19:22:00-03:00,HEMACIAS,-8.03859,-34.87118,3.5
43,2026-07-04T19:27:00-03:00,HEMACIAS,-8.02914,-34.86733,3.5
43,2026-07-04T19:32:00-03:00,HEMACIAS,-8.01807,-34.86097,4.0
43,2026-07-04T19:37:00-03:00,HEMACIAS,-8.00804,-34.85421,3.6
44,2026-07-05T01:39:00-03:00,HEMACIAS,-8.04768,-34.87731,3.3
44,2026-07-05T01:44:00-03:00,HEMACIAS,-8.04362,-34.89003,3.3
44,2026-07-05T01:49:00-03:00,HEMACIAS,-8.04162,-34.90263,3.3
44,2026-07-05T01:54:00-03:00,HEMACIAS,-8.03732,-34.91704,3.5
44,2026-07-05T01:59:00-03:00,HEMACIAS,-8.03633,-34.92789,4.0
44,2026-07-05T02:04:00-03:00,HEMACIAS,-8.03247,-34.94167,3.9
44,2026-07-05T02:09:00-03:00,HEMACIAS,-8.02709,-34.95518,3.8
44,2026-07-05T02:14:00-03:00,HEMACIAS,-8.02498,-34.96909,3.1
45,2026-07-04T22:00:00-03:00,CRIOPRECIPITADO,-8.04600,-34.87724,-29.0
45,2026-07-04T22:05:00-03:00,CRIOPRECIPITADO,-8.05425,-34.88481,-29.5
45,2026-07-04T22:10:00-03:00,CRIOPRECIPITADO,-8.05747,-34.89243,-30.4
46,2026-07-05T04:44:00-03:00,HEMACIAS,-8.04804,-34.87758,9.5
46,2026-07-05T04:49:00-03:00,HEMACIAS,-8.05225,-34.88203,9.2
47,2026-07-04T18:55:00-03:00,PLASMA,-8.04685,-34.87719,-29.9
47,2026-07-04T19:00:00-03:00,PLASMA,-8.05290,-34.88364,-29.4
47,2026-07-04T19:05:00-03:00,PLASMA,-8.05908,-34.89145,-14.2
47,2026-07-04T19:10:00-03:00,PLASMA,-8.06270,-34.89872,-14.3
49,2026-07-05T09:49:00-03:00,HEMACIAS,-8.04772,-34.87629,3.5
49,2026-07-05T09:54:00-03:00,HEMACIAS,-8.05354,-34.88588,3.7
49,2026-07-05T09:59:00-03:00,HEMACIAS,-8.05902,-34.89700,4.1
50,2026-07-05T20:53:00-03:00,PLAQUETAS,-8.04755,-34.87547,22.0
50,2026-07-05T20:58:00-03:00,PLAQUETAS,-8.04319,-34.89012,21.9
50,2026-07-05T21:03:00-03:00,PLAQUETAS,-8.04240,-34.90555,22.0
50,2026-07-05T21:08:00-03:00,PLAQUETAS,-8.03712,-34.92067,22.1
50,2026-07-05T21:13:00-03:00,PLAQUETAS,-8.03376,-34.93474,22.4
50,2026-07-05T21:18:00-03:00,PLAQUETAS,-8.02981,-34.95063,22.8
50,2026-07-05T21:23:00-03:00,PLAQUETAS,-8.02871,-34.96368,23.0
50,2026-07-05T21:28:00-03:00,PLAQUETAS,-8.02315,-34.97809,22.3
51,2026-07-05T13:48:00-03:00,CRIOPRECIPITADO,-8.04667,-34.87813,-31.9
51,2026-07-05T13:53:00-03:00,CRIOPRECIPITADO,-8.05085,-34.88017,-31.0
51,2026-07-05T13:58:00-03:00,CRIOPRECIPITADO,-8.05298,-34.88466,-31.4
52,2026-07-05T10:25:00-03:00,HEMACIAS,-8.04838,-34.87732,3.8
52,2026-07-05T10:30:00-03:00,HEMACIAS,-8.05015,-34.87922,2.7
52,2026-07-05T10:35:00-03:00,HEMACIAS,-8.05235,-34.88178,3.4
52,2026-07-05T10:40:00-03:00,HEMACIAS,-8.05220,-34.88435,4.3
53,2026-07-05T17:23:00-03:00,PLASMA,-8.04683,-34.87692,-29.3
53,2026-07-05T17:28:00-03:00,PLASMA,-8.02808,-34.87776,-31.0
53,2026-07-05T17:33:00-03:00,PLASMA,-8.01012,-34.87487,-32.1
53,2026-07-05T17:38:00-03:00,PLASMA,-7.99311,-34.87388,-31.0
53,2026-07-05T17:43:00-03:00,PLASMA,-7.97374,-34.87427,-30.4
53,2026-07-05T17:48:00-03:00,PLASMA,-7.95515,-34.87270,-30.5
54,2026-07-05T16:34:00-03:00,CRIOPRECIPITADO,-8.04663,-34.87681,-29.6
54,2026-07-05T16:39:00-03:00,CRIOPRECIPITADO,-8.05093,-34.89595,-28.9
54,2026-07-05T16:44:00-03:00,CRIOPRECIPITADO,-8.05568,-34.91389,-29.8
54,2026-07-05T16:49:00-03:00,CRIOPRECIPITADO,-8.05978,-34.93423,-29.0
54,2026-07-05T16:54:00-03:00,CRIOPRECIPITADO,-8.06313,-34.95276,-29.6
54,2026-07-05T16:59:00-03:00,CRIOPRECIPITADO,-8.06829,-34.97012,-29.5
54,2026-07-05T17:04:00-03:00,CRIOPRECIPITADO,-8.07206,-34.99004,-29.0
54,2026-07-05T17:09:00-03:00,CRIOPRECIPITADO,-8.07596,-35.00960,-28.4
54,2026-07-05T17:14:00-03:00,CRIOPRECIPITADO,-8.08048,-35.02701,-28.8
54,2026-07-05T17:19:00-03:00,CRIOPRECIPITADO,-8.08509,-35.04732,-30.2
54,2026-07-05T17:24:00-03:00,CRIOPRECIPITADO,-8.08871,-35.06602,-30.7
54,2026-07-05T17:29:00-03:00,CRIOPRECIPITADO,-8.09421,-35.08378,-31.3
54,2026-07-05T17:34:00-03:00,CRIOPRECIPITADO,-8.09689,-35.10315,-31.2
54,2026-07-05T17:39:00-03:00,CRIOPRECIPITADO,-8.10163,-35.12280,-31.6
54,2026-07-05T17:44:00-03:00,CRIOPRECIPITADO,-8.10660,-35.14235,-31.6
54,2026-07-05T17:49:00-03:00,CRIOPRECIPITADO,-8.11077,-35.16102,-30.0
54,2026-07-05T17:54:00-03:00,CRIOPRECIPITADO,-8.11338,-35.17878,-31.1
54,2026-07-05T17:59:00-03:00,CRIOPRECIPITADO,-8.11692,-35.19849,-30.9
54,2026-07-05T18:04:00-03:00,CRIOPRECIPITADO,-8.12217,-35.21916,-30.2
54,2026-07-05T18:09:00-03:00,CRIOPRECIPITADO,-8.12573,-35.23597,-30.3
54,2026-07-05T18:14:00-03:00,CRIOPRECIPITADO,-8.13042,-35.25468,-29.4
54,2026-07-05T18:19:00-03:00,CRIOPRECIPITADO,-8.13477,-35.27398,-30.1
54,2026-07-05T18:24:00-03:00,CRIOPRECIPITADO,-8.13872,-35.29453,-29.2
54,2026-07-05T18:29:00-03:00,CRIOPRECIPITADO,-8.14103,-35.31168,-28.0
54,2026-07-05T18:34:00-03:00,CRIOPRECIPITADO,-8.14668,-35.33148,-28.8
54,2026-07-05T18:39:00-03:00,CRIOPRECIPITADO,-8.15085,-35.35114,-29.2
54,2026-07-05T18:44:00-03:00,CRIOPRECIPITADO,-8.15593,-35.36810,-28.2
54,2026-07-05T18:49:00-03:00,CRIOPRECIPITADO,-8.15786,-35.38912,-28.4
54,2026-07-05T18:54:00-03:00,CRIOPRECIPITADO,-8.16208,-35.40683,-28.5
54,2026-07-05T18:59:00-03:00,CRIOPRECIPITADO,-8.16591,-35.42468,-28.2
54,2026-07-05T19:04:00-03:00,CRIOPRECIPITADO,-8.16971,-35.44439,-27.1
54,2026-07-05T19:09:00-03:00,CRIOPRECIPITADO,-8.17448,-35.46303,-28.5
54,2026-07-05T19:14:00-03:00,CRIOPRECIPITADO,-8.17938,-35.48150,-29.6
54,2026-07-05T19:19:00-03:00,CRIOPRECIPITADO,-8.18349,-35.49975,-32.6
54,2026-07-05T19:24:00-03:00,CRIOPRECIPITADO,-8.18855,-35.52039,-31.6
54,2026-07-05T19:29:00-03:00,CRIOPRECIPITADO,-8.19130,-35.53773,-31.8
54,2026-07-05T19:34:00-03:00,CRIOPRECIPITADO,-8.19535,-35.55818,-31.4
54,2026-07-05T19:39:00-03:00,CRIOPRECIPITADO,-8.19967,-35.57493,-31.4
54,2026-07-05T19:44:00-03:00,CRIOPRECIPITADO,-8.20322,-35.59660,-31.8
54,2026-07-05T19:49:00-03:00,CRIOPRECIPITADO,-8.20690,-35.61346,-33.3
54,2026-07-05T19:54:00-03:00,CRIOPRECIPITADO,-8.21094,-35.63345,-31.2
54,2026-07-05T19:59:00-03:00,CRIOPRECIPITADO,-8.21538,-35.65158,-32.4
54,2026-07-05T20:04:00-03:00,CRIOPRECIPITADO,-8.21958,-35.67228,-31.7
54,2026-07-05T20:09:00-03:00,CRIOPRECIPITADO,-8.22473,-35.68982,-30.4
54,2026-07-05T20:14:00-03:00,CRIOPRECIPITADO,-8.22775,-35.71074,-31.6
54,2026-07-05T20:19:00-03:00,CRIOPRECIPITADO,-8.23281,-35.72802,-30.4
54,2026-07-05T20:24:00-03:00,CRIOPRECIPITADO,-8.23618,-35.74729,-29.7
54,2026-07-05T20:29:00-03:00,CRIOPRECIPITADO,-8.24001,-35.76656,-28.7
54,2026-07-05T20:34:00-03:00,CRIOPRECIPITADO,-8.24521,-35.78591,-27.7
54,2026-07-05T20:39:00-03:00,CRIOPRECIPITADO,-8.24906,-35.80175,-28.3
54,2026-07-05T20:44:00-03:00,CRIOPRECIPITADO,-8.25370,-35.82306,-28.2
54,2026-07-05T20:49:00-03:00,CRIOPRECIPITADO,-8.25634,-35.84315,-28.9
54,2026-07-05T20:54:00-03:00,CRIOPRECIPITADO,-8.26101,-35.85930,-29.0
54,2026-07-05T20:59:00-03:00,CRIOPRECIPITADO,-8.26501,-35.87950,-30.7
54,2026-07-05T21:04:00-03:00,CRIOPRECIPITADO,-8.26929,-35.89841,-30.9
54,2026-07-05T21:09:00-03:00,CRIOPRECIPITADO,-8.27316,-35.91661,-29.5
54,2026-07-05T21:14:00-03:00,CRIOPRECIPITADO,-8.27557,-35.93637,-29.7
54,2026-07-05T21:19:00-03:00,CRIOPRECIPITADO,-8.28098,-35.95630,-31.0
55,2026-07-05T20:34:00-03:00,HEMACIAS,-8.04797,-34.87700,3.9
55,2026-07-05T20:39:00-03:00,HEMACIAS,-8.04387,-34.87677,3.5
55,2026-07-05T20:44:00-03:00,HEMACIAS,-8.04090,-34.87611,3.7
55,2026-07-05T20:49:00-03:00,HEMACIAS,-8.03612,-34.87680,3.6
55,2026-07-05T20:54:00-03:00,HEMACIAS,-8.03301,-34.87547,3.6
55,2026-07-05T20:59:00-03:00,HEMACIAS,-8.02947,-34.87574,3.6
55,2026-07-05T21:04:00-03:00,HEMACIAS,-8.02548,-34.87607,3.8
55,2026-07-05T21:09:00-03:00,HEMACIAS,-8.01985,-34.87653,4.0
55,2026-07-05T21:14:00-03:00,HEMACIAS,-8.01823,-34.87586,3.4
55,2026-07-05T21:19:00-03:00,HEMACIAS,-8.01306,-34.87586,3.9
55,2026-07-05T21:24:00-03:00,HEMACIAS,-8.01017,-34.87498,4.2
55,2026-07-05T21:29:00-03:00,HEMACIAS,-8.00668,-34.87626,4.1
55,2026-07-05T21:34:00-03:00,HEMACIAS,-8.00332,-34.87465,4.0
55,2026-07-05T21:39:00-03:00,HEMACIAS,-7.99918,-34.87481,4.1
55,2026-07-05T21:44:00-03:00,HEMACIAS,-7.99507,-34.87389,4.0
55,2026-07-05T21:49:00-03:00,HEMACIAS,-7.99195,-34.87425,3.9
55,2026-07-05T21:54:00-03:00,HEMACIAS,-7.98809,-34.87465,4.0
55,2026-07-05T21:59:00-03:00,HEMACIAS,-7.98431,-34.87525,4.1
55,2026-07-05T22:04:00-03:00,HEMACIAS,-7.98059,-34.87401,4.2
55,2026-07-05T22:09:00-03:00,HEMACIAS,-7.97630,-34.87516,3.6
55,2026-07-05T22:14:00-03:00,HEMACIAS,-7.97316,-34.87291,3.5
55,2026-07-05T22:19:00-03:00,HEMACIAS,-7.96864,-34.87372,3.8
55,2026-07-05T22:24:00-03:00,HEMACIAS,-7.96609,-34.87342,3.9
55,2026-07-05T22:29:00-03:00,HEMACIAS,-7.96222,-34.87251,4.2
55,2026-07-05T22:34:00-03:00,HEMACIAS,-7.95933,-34.87213,4.7
55,2026-07-05T22:39:00-03:00,HEMACIAS,-7.95529,-34.87235,4.4
55,2026-07-05T22:44:00-03:00,HEMACIAS,-7.95099,-34.87355,3.7
55,2026-07-05T22:49:00-03:00,HEMACIAS,-7.94713,-34.87325,3.5
55,2026-07-05T22:54:00-03:00,HEMACIAS,-7.94405,-34.87257,4.2
57,2026-07-05T23:52:00-03:00,HEMACIAS,-8.04746,-34.87825,3.3
57,2026-07-05T23:57:00-03:00,HEMACIAS,-8.03512,-34.86980,3.3
57,2026-07-06T00:02:00-03:00,HEMACIAS,-8.02118,-34.86253,3.9
57,2026-07-06T00:07:00-03:00,HEMACIAS,-8.00916,-34.85516,3.6
58,2026-07-05T19:02:00-03:00,PLAQUETAS,-8.27670,-35.98282,22.3
58,2026-07-05T19:07:00-03:00,PLAQUETAS,-8.27791,-35.97853,22.4
58,2026-07-05T19:12:00-03:00,PLAQUETAS,-8.28249,-35.97248,22.4
58,2026-07-05T19:17:00-03:00,PLAQUETAS,-8.28500,-35.97023,22.4
59,2026-07-06T00:32:00-03:00,HEMACIAS,-8.27569,-35.98132,3.8
59,2026-07-06T00:37:00-03:00,HEMACIAS,-8.26738,-35.93851,4.2
59,2026-07-06T00:42:00-03:00,HEMACIAS,-8.26139,-35.89671,4.0
59,2026-07-06T00:47:00-03:00,HEMACIAS,-8.25337,-35.85193,3.5
59,2026-07-06T00:52:00-03:00,HEMACIAS,-8.24628,-35.81380,4.3
59,2026-07-06T00:57:00-03:00,HEMACIAS,-8.23741,-35.76911,4.6
59,2026-07-06T01:02:00-03:00,HEMACIAS,-8.23095,-35.72682,4.5
59,2026-07-06T01:07:00-03:00,HEMACIAS,-8.22299,-35.68352,4.3
59,2026-07-06T01:12:00-03:00,HEMACIAS,-8.21576,-35.64249,4.7
59,2026-07-06T01:17:00-03:00,HEMACIAS,-8.20808,-35.59890,4.7
60,2026-07-05T21:11:00-03:00,CRIOPRECIPITADO,-8.04659,-34.87830,-31.0
60,2026-07-05T21:16:00-03:00,CRIOPRECIPITADO,-8.05528,-34.89433,-31.3
60,2026-07-05T21:21:00-03:00,CRIOPRECIPITADO,-8.06506,-34.91380,-32.0
60,2026-07-05T21:26:00-03:00,CRIOPRECIPITADO,-8.07419,-34.93119,-32.8
60,2026-07-05T21:31:00-03:00,CRIOPRECIPITADO,-8.08326,-34.94902,-32.2
60,2026-07-05T21:36:00-03:00,CRIOPRECIPITADO,-8.08916,-34.96714,-32.3
60,2026-07-05T21:41:00-03:00,CRIOPRECIPITADO,-8.09910,-34.98724,-31.9
60,2026-07-05T21:46:00-03:00,CRIOPRECIPITADO,-8.10674,-35.00347,-30.5
61,2026-07-06T09:53:00-03:00,PLASMA,-8.04877,-34.87700,-30.1
61,2026-07-06T09:58:00-03:00,PLASMA,-8.03982,-34.87201,-31.4
61,2026-07-06T10:03:00-03:00,PLASMA,-8.03099,-34.86825,-32.5
61,2026-07-06T10:08:00-03:00,PLASMA,-8.02196,-34.86165,-32.6
61,2026-07-06T10:13:00-03:00,PLASMA,-8.01145,-34.85683,-30.1
62,2026-07-06T16:47:00-03:00,PLAQUETAS,-8.04783,-34.87790,22.3
62,2026-07-06T16:52:00-03:00,PLAQUETAS,-8.03990,-34.87188,22.3
62,2026-07-06T16:57:00-03:00,PLAQUETAS,-8.02995,-34.86862,21.3
62,2026-07-06T17:02:00-03:00,PLAQUETAS,-8.02110,-34.86232,21.4
62,2026-07-06T17:07:00-03:00,PLAQUETAS,-8.01433,-34.85808,20.6
63,2026-07-06T12:38:00-03:00,CRIOPRECIPITADO,-8.04755,-34.87585,-28.2
63,2026-07-06T12:43:00-03:00,CRIOPRECIPITADO,-8.02915,-34.87674,-28.7
63,2026-07-06T12:48:00-03:00,CRIOPRECIPITADO,-8.00983,-34.87525,-30.0
63,2026-07-06T12:53:00-03:00,CRIOPRECIPITADO,-7.99073,-34.87549,-28.3
63,2026-07-06T12:58:00-03:00,CRIOPRECIPITADO,-7.97112,-34.87431,-29.0
63,2026-07-06T13:03:00-03:00,CRIOPRECIPITADO,-7.95212,-34.87314,-29.6
64,2026-07-06T18:42:00-03:00,HEMACIAS,-8.27780,-35.98308,3.4
64,2026-07-06T18:47:00-03:00,HEMACIAS,-8.27300,-35.96201,3.8
64,2026-07-06T18:52:00-03:00,HEMACIAS,-8.26772,-35.94239,4.2
64,2026-07-06T18:57:00-03:00,HEMACIAS,-8.26614,-35.92130,3.9
64,2026-07-06T19:02:00-03:00,HEMACIAS,-8.26131,-35.90180,4.1
64,2026-07-06T19:07:00-03:00,HEMACIAS,-8.25841,-35.88123,3.6
64,2026-07-06T19:12:00-03:00,HEMACIAS,-8.25456,-35.86019,3.5
64,2026-07-06T19:17:00-03:00,HEMACIAS,-8.25169,-35.84161,3.5
64,2026-07-06T19:22:00-03:00,HEMACIAS,-8.24801,-35.82042,3.5
64,2026-07-06T19:27:00-03:00,HEMACIAS,-8.24293,-35.80230,3.2
64,2026-07-06T19:32:00-03:00,HEMACIAS,-8.23993,-35.78090,3.7
64,2026-07-06T19:37:00-03:00,HEMACIAS,-8.23491,-35.76094,3.9
64,2026-07-06T19:42:00-03:00,HEMACIAS,-8.23280,-35.74251,3.8
64,2026-07-06T19:47:00-03:00,HEMACIAS,-8.22916,-35.72059,4.4
64,2026-07-06T19:52:00-03:00,HEMACIAS,-8.22563,-35.69963,3.9
64,2026-07-06T19:57:00-03:00,HEMACIAS,-8.22128,-35.68136,4.2
64,2026-07-06T20:02:00-03:00,HEMACIAS,-8.21873,-35.66224,3.9
64,2026-07-06T20:07:00-03:00,HEMACIAS,-8.21474,-35.63977,3.8
64,2026-07-06T20:12:00-03:00,HEMACIAS,-8.21213,-35.62238,4.2
64,2026-07-06T20:17:00-03:00,HEMACIAS,-8.20793,-35.60235,4.3
64,2026-07-06T20:22:00-03:00,HEMACIAS,-8.20424,-35.58128,4.3
65,2026-07-06T18:36:00-03:00,HEMACIAS,-8.04798,-34.87672,3.6
65,2026-07-06T18:41:00-03:00,HEMACIAS,-8.05450,-34.89218,4.0
65,2026-07-06T18:46:00-03:00,HEMACIAS,-8.06356,-34.90842,4.1
65,2026-07-06T18:51:00-03:00,HEMACIAS,-8.07132,-34.92554,4.3
65,2026-07-06T18:56:00-03:00,HEMACIAS,-8.07776,-34.94155,3.5
65,2026-07-06T19:01:00-03:00,HEMACIAS,-8.08643,-34.95648,3.7
65,2026-07-06T19:06:00-03:00,HEMACIAS,-8.09255,-34.97203,4.3
65,2026-07-06T19:11:00-03:00,HEMACIAS,-8.10117,-34.98901,4.2
65,2026-07-06T19:16:00-03:00,HEMACIAS,-8.10901,-35.00685,4.1
66,2026-07-06T16:33:00-03:00,CRIOPRECIPITADO,-8.27668,-35.98271,-28.8
66,2026-07-06T16:38:00-03:00,CRIOPRECIPITADO,-8.27089,-35.95800,-30.0
66,2026-07-06T16:43:00-03:00,CRIOPRECIPITADO,-8.26754,-35.93344,-30.0
66,2026-07-06T16:48:00-03:00,CRIOPRECIPITADO,-8.26275,-35.90991,-31.6
66,2026-07-06T16:53:00-03:00,CRIOPRECIPITADO,-8.25755,-35.88579,-29.3
66,2026-07-06T16:58:00-03:00,CRIOPRECIPITADO,-8.25441,-35.86282,-28.5
66,2026-07-06T17:03:00-03:00,CRIOPRECIPITADO,-8.24999,-35.83671,-29.7
66,2026-07-06T17:08:00-03:00,CRIOPRECIPITADO,-8.24613,-35.81394,-30.0
66,2026-07-06T17:13:00-03:00,CRIOPRECIPITADO,-8.24176,-35.79018,-30.0
66,2026-07-06T17:18:00-03:00,CRIOPRECIPITADO,-8.23728,-35.76747,-31.3
66,2026-07-06T17:23:00-03:00,CRIOPRECIPITADO,-8.23269,-35.74351,-30.1
66,2026-07-06T17:28:00-03:00,CRIOPRECIPITADO,-8.22856,-35.71918,-30.5
66,2026-07-06T17:33:00-03:00,CRIOPRECIPITADO,-8.22410,-35.69471,-29.1
66,2026-07-06T17:38:00-03:00,CRIOPRECIPITADO,-8.22028,-35.66984,-28.0
66,2026-07-06T17:43:00-03:00,CRIOPRECIPITADO,-8.21662,-35.64690,-28.7
66,2026-07-06T17:48:00-03:00,CRIOPRECIPITADO,-8.21126,-35.62293,-29.8
66,2026-07-06T17:53:00-03:00,CRIOPRECIPITADO,-8.20699,-35.59933,-29.8
66,2026-07-06T17:58:00-03:00,CRIOPRECIPITADO,-8.20279,-35.57461,-30.5
67,2026-07-06T15:56:00-03:00,CRIOPRECIPITADO,-8.04827,-34.87734,-31.4
67,2026-07-06T16:01:00-03:00,CRIOPRECIPITADO,-8.03713,-34.87133,-31.6
67,2026-07-06T16:06:00-03:00,CRIOPRECIPITADO,-8.02828,-34.86499,-32.8
67,2026-07-06T16:11:00-03:00,CRIOPRECIPITADO,-8.01665,-34.86044,-30.3
68,2026-07-07T03:23:00-03:00,HEMACIAS,-8.04790,-34.87745,3.8
68,2026-07-07T03:28:00-03:00,HEMACIAS,-8.05021,-34.88111,4.2
68,2026-07-07T03:33:00-03:00,HEMACIAS,-8.05253,-34.88365,4.2
69,2026-07-07T01:19:00-03:00,CRIOPRECIPITADO,-8.04726,-34.87597,-29.9
69,2026-07-07T01:24:00-03:00,CRIOPRECIPITADO,-8.05747,-34.89468,-30.7
69,2026-07-07T01:29:00-03:00,CRIOPRECIPITADO,-8.06237,-34.91051,-31.8
69,2026-07-07T01:34:00-03:00,CRIOPRECIPITADO,-8.07138,-34.92860,-30.9
69,2026-07-07T01:39:00-03:00,CRIOPRECIPITADO,-8.08028,-34.94638,-29.1
69,2026-07-07T01:44:00-03:00,CRIOPRECIPITADO,-8.08721,-34.96416,-29.6
69,2026-07-07T01:49:00-03:00,CRIOPRECIPITADO,-8.09698,-34.98134,-32.8
69,2026-07-07T01:54:00-03:00,CRIOPRECIPITADO,-8.10357,-34.99713,-31.5
69,2026-07-07T01:59:00-03:00,CRIOPRECIPITADO,-8.11222,-35.01378,-31.5
70,2026-07-07T11:37:00-03:00,HEMACIAS,-8.04892,-34.87682,3.9
70,2026-07-07T11:42:00-03:00,HEMACIAS,-8.05406,-34.88714,4.7
70,2026-07-07T11:47:00-03:00,HEMACIAS,-8.06082,-34.89745,4.9
71,2026-07-06T21:55:00-03:00,HEMACIAS,-8.04812,-34.87748,4.0
71,2026-07-06T22:00:00-03:00,HEMACIAS,-8.05494,-34.88530,3.7
71,2026-07-06T22:05:00-03:00,HEMACIAS,-8.05802,-34.89213,3.7
72,2026-07-06T23:45:00-03:00,CRIOPRECIPITADO,-8.04761,-34.87845,-30.4
72,2026-07-06T23:50:00-03:00,CRIOPRECIPITADO,-8.06072,-34.90435,-29.8
72,2026-07-06T23:55:00-03:00,CRIOPRECIPITADO,-8.07157,-34.93039,-30.2
72,2026-07-07T00:00:00-03:00,CRIOPRECIPITADO,-8.08617,-34.95677,-30.5
72,2026-07-07T00:05:00-03:00,CRIOPRECIPITADO,-8.09736,-34.98242,-30.4
72,2026-07-07T00:10:00-03:00,CRIOPRECIPITADO,-8.11048,-35.00914,-29.5
73,2026-07-07T01:08:00-03:00,HEMACIAS,-8.04713,-34.87671,4.1
73,2026-07-07T01:13:00-03:00,HEMACIAS,-8.03293,-34.87735,4.4
73,2026-07-07T01:18:00-03:00,HEMACIAS,-8.01735,-34.87574,3.9
73,2026-07-07T01:23:00-03:00,HEMACIAS,-8.00218,-34.87499,3.9
73,2026-07-07T01:28:00-03:00,HEMACIAS,-7.98643,-34.87452,4.9
73,2026-07-07T01:33:00-03:00,HEMACIAS,-7.97402,-34.87505,3.6
73,2026-07-07T01:38:00-03:00,HEMACIAS,-7.95772,-34.87256,4.5
73,2026-07-07T01:43:00-03:00,HEMACIAS,-7.94270,-34.87331,4.1
74,2026-07-07T05:36:00-03:00,HEMACIAS,-8.04715,-34.87676,4.1
74,2026-07-07T05:41:00-03:00,HEMACIAS,-8.03572,-34.87631,4.3
74,2026-07-07T05:46:00-03:00,HEMACIAS,-8.02374,-34.87675,4.6
74,2026-07-07T05:51:00-03:00,HEMACIAS,-8.01320,-34.87434,3.6
74,2026-07-07T05:56:00-03:00,HEMACIAS,-7.99979,-34.87480,3.6
74,2026-07-07T06:01:00-03:00,HEMACIAS,-7.98715,-34.87580,3.5
74,2026-07-07T06:06:00-03:00,HEMACIAS,-7.97540,-34.87435,4.1
74,2026-07-07T06:11:00-03:00,HEMACIAS,-7.96478,-34.87415,4.3
74,2026-07-07T06:16:00-03:00,HEMACIAS,-7.95157,-34.87262,4.3
74,2026-07-07T06:21:00-03:00,HEMACIAS,-7.94054,-34.87222,4.7
75,2026-07-07T06:14:00-03:00,HEMACIAS,-8.04908,-34.87651,3.8
75,2026-07-07T06:19:00-03:00,HEMACIAS,-8.05090,-34.89696,4.0
75,2026-07-07T06:24:00-03:00,HEMACIAS,-8.05559,-34.91699,3.3
75,2026-07-07T06:29:00-03:00,HEMACIAS,-8.06132,-34.93534,3.4
75,2026-07-07T06:34:00-03:00,HEMACIAS,-8.06504,-34.95607,3.5
75,2026-07-07T06:39:00-03:00,HEMACIAS,-8.06898,-34.97647,4.2
75,2026-07-07T06:44:00-03:00,HEMACIAS,-8.07504,-34.99588,3.5
75,2026-07-07T06:49:00-03:00,HEMACIAS,-8.07848,-35.01575,3.4
75,2026-07-07T06:54:00-03:00,HEMACIAS,-8.08323,-35.03586,3.8
75,2026-07-07T06:59:00-03:00,HEMACIAS,-8.08694,-35.05554,3.8
75,2026-07-07T07:04:00-03:00,HEMACIAS,-8.09254,-35.07500,3.5
75,2026-07-07T07:09:00-03:00,HEMACIAS,-8.09711,-35.09509,4.3
75,2026-07-07T07:14:00-03:00,HEMACIAS,-8.09944,-35.11750,3.9
75,2026-07-07T07:19:00-03:00,HEMACIAS,-8.10392,-35.13571,3.1
75,2026-07-07T07:24:00-03:00,HEMACIAS,-8.11022,-35.15453,3.1
75,2026-07-07T07:29:00-03:00,HEMACIAS,-8.11483,-35.17514,3.0
75,2026-07-07T07:34:00-03:00,HEMACIAS,-8.11821,-35.19382,3.0
75,2026-07-07T07:39:00-03:00,HEMACIAS,-8.12360,-35.21347,3.9
75,2026-07-07T07:44:00-03:00,HEMACIAS,-8.12734,-35.23445,4.3
75,2026-07-07T07:49:00-03:00,HEMACIAS,-8.13186,-35.25455,4.0
75,2026-07-07T07:54:00-03:00,HEMACIAS,-8.13632,-35.27418,4.3
75,2026-07-07T07:59:00-03:00,HEMACIAS,-8.14052,-35.29373,4.3
75,2026-07-07T08:04:00-03:00,HEMACIAS,-8.14538,-35.31330,3.5
75,2026-07-07T08:09:00-03:00,HEMACIAS,-8.14984,-35.33407,3.9
75,2026-07-07T08:14:00-03:00,HEMACIAS,-8.15395,-35.35337,3.9
75,2026-07-07T08:19:00-03:00,HEMACIAS,-8.15804,-35.37520,4.0
75,2026-07-07T08:24:00-03:00,HEMACIAS,-8.16267,-35.39384,4.1
75,2026-07-07T08:29:00-03:00,HEMACIAS,-8.16845,-35.41395,3.5
75,2026-07-07T08:34:00-03:00,HEMACIAS,-8.17157,-35.43208,3.8
75,2026-07-07T08:39:00-03:00,HEMACIAS,-8.17723,-35.45419,3.9
75,2026-07-07T08:44:00-03:00,HEMACIAS,-8.18097,-35.47413,4.3
75,2026-07-07T08:49:00-03:00,HEMACIAS,-8.18565,-35.49399,4.3
75,2026-07-07T08:54:00-03:00,HEMACIAS,-8.19011,-35.51325,4.5
75,2026-07-07T08:59:00-03:00,HEMACIAS,-8.19497,-35.53307,4.4
75,2026-07-07T09:04:00-03:00,HEMACIAS,-8.19954,-35.55433,4.2
76,2026-07-07T09:01:00-03:00,PLASMA,-8.04698,-34.87668,-30.8
76,2026-07-07T09:06:00-03:00,PLASMA,-8.05216,-34.88162,-30.1
77,2026-07-07T10:39:00-03:00,HEMACIAS,-8.04617,-34.87660,3.4
77,2026-07-07T10:44:00-03:00,HEMACIAS,-8.01882,-34.87587,3.9
77,2026-07-07T10:49:00-03:00,HEMACIAS,-7.99149,-34.87583,3.9
77,2026-07-07T10:54:00-03:00,HEMACIAS,-7.96359,-34.87259,4.6
78,2026-07-07T10:34:00-03:00,CRIOPRECIPITADO,-8.27544,-35.98181,-30.6
78,2026-07-07T10:39:00-03:00,CRIOPRECIPITADO,-8.27245,-35.96371,-31.6
78,2026-07-07T10:44:00-03:00,CRIOPRECIPITADO,-8.27007,-35.94414,-33.3
78,2026-07-07T10:49:00-03:00,CRIOPRECIPITADO,-8.26494,-35.92687,-32.9
78,2026-07-07T10:54:00-03:00,CRIOPRECIPITADO,-8.26123,-35.90904,-30.7
78,2026-07-07T10:59:00-03:00,CRIOPRECIPITADO,-8.25647,-35.88872,-30.9
78,2026-07-07T11:04:00-03:00,CRIOPRECIPITADO,-8.25308,-35.87066,-30.3
78,2026-07-07T11:09:00-03:00,CRIOPRECIPITADO,-8.25131,-35.85254,-29.9
78,2026-07-07T11:14:00-03:00,CRIOPRECIPITADO,-8.24794,-35.83570,-32.1
78,2026-07-07T11:19:00-03:00,CRIOPRECIPITADO,-8.24441,-35.81516,-33.0
78,2026-07-07T11:24:00-03:00,CRIOPRECIPITADO,-8.24121,-35.79845,-32.4
78,2026-07-07T11:29:00-03:00,CRIOPRECIPITADO,-8.23586,-35.77914,-30.7
78,2026-07-07T11:34:00-03:00,CRIOPRECIPITADO,-8.23187,-35.76184,-29.9
78,2026-07-07T11:39:00-03:00,CRIOPRECIPITADO,-8.22866,-35.74309,-30.0
78,2026-07-07T11:44:00-03:00,CRIOPRECIPITADO,-8.22482,-35.72450,-29.2
78,2026-07-07T11:49:00-03:00,CRIOPRECIPITADO,-8.22096,-35.70441,-29.6
78,2026-07-07T11:54:00-03:00,CRIOPRECIPITADO,-8.21651,-35.68703,-28.5
78,2026-07-07T11:59:00-03:00,CRIOPRECIPITADO,-8.21606,-35.66941,-28.0
78,2026-07-07T12:04:00-03:00,CRIOPRECIPITADO,-8.21020,-35.65131,-28.1
78,2026-07-07T12:09:00-03:00,CRIOPRECIPITADO,-8.20801,-35.63183,-28.1
78,2026-07-07T12:14:00-03:00,CRIOPRECIPITADO,-8.20300,-35.61343,-27.7
78,2026-07-07T12:19:00-03:00,CRIOPRECIPITADO,-8.19989,-35.59384,-29.2
78,2026-07-07T12:24:00-03:00,CRIOPRECIPITADO,-8.19676,-35.57650,-28.9
78,2026-07-07T12:29:00-03:00,CRIOPRECIPITADO,-8.19340,-35.55919,-28.6
78,2026-07-07T12:34:00-03:00,CRIOPRECIPITADO,-8.18784,-35.53934,-29.3
78,2026-07-07T12:39:00-03:00,CRIOPRECIPITADO,-8.18503,-35.51998,-30.4
78,2026-07-07T12:44:00-03:00,CRIOPRECIPITADO,-8.18147,-35.50156,-30.0
78,2026-07-07T12:49:00-03:00,CRIOPRECIPITADO,-8.17784,-35.48545,-29.9
78,2026-07-07T12:54:00-03:00,CRIOPRECIPITADO,-8.17496,-35.46404,-28.9
78,2026-07-07T12:59:00-03:00,CRIOPRECIPITADO,-8.17108,-35.44761,-30.5
78,2026-07-07T13:04:00-03:00,CRIOPRECIPITADO,-8.16876,-35.42920,-29.5
78,2026-07-07T13:09:00-03:00,CRIOPRECIPITADO,-8.16241,-35.41223,-29.2
78,2026-07-07T13:14:00-03:00,CRIOPRECIPITADO,-8.16068,-35.39210,-30.2
78,2026-07-07T13:19:00-03:00,CRIOPRECIPITADO,-8.15627,-35.37520,-31.0
78,2026-07-07T13:24:00-03:00,CRIOPRECIPITADO,-8.15291,-35.35533,-30.9
78,2026-07-07T13:29:00-03:00,CRIOPRECIPITADO,-8.14928,-35.33753,-31.9
78,2026-07-07T13:34:00-03:00,CRIOPRECIPITADO,-8.14657,-35.31947,-30.1
78,2026-07-07T13:39:00-03:00,CRIOPRECIPITADO,-8.14230,-35.30009,-30.2
78,2026-07-07T13:44:00-03:00,CRIOPRECIPITADO,-8.13814,-35.28066,-30.8
78,2026-07-07T13:49:00-03:00,CRIOPRECIPITADO,-8.13364,-35.26388,-31.5
78,2026-07-07T13:54:00-03:00,CRIOPRECIPITADO,-8.13136,-35.24579,-30.2
78,2026-07-07T13:59:00-03:00,CRIOPRECIPITADO,-8.12627,-35.22759,-28.6
78,2026-07-07T14:04:00-03:00,CRIOPRECIPITADO,-8.12383,-35.20751,-28.8
78,2026-07-07T14:09:00-03:00,CRIOPRECIPITADO,-8.12060,-35.18863,-28.3
78,2026-07-07T14:14:00-03:00,CRIOPRECIPITADO,-8.11667,-35.17250,-28.5
78,2026-07-07T14:19:00-03:00,CRIOPRECIPITADO,-8.11311,-35.15170,-28.1
78,2026-07-07T14:24:00-03:00,CRIOPRECIPITADO,-8.10966,-35.13520,-28.1
78,2026-07-07T14:29:00-03:00,CRIOPRECIPITADO,-8.10504,-35.11701,-26.4
78,2026-07-07T14:34:00-03:00,CRIOPRECIPITADO,-8.10238,-35.09774,-26.0
78,2026-07-07T14:39:00-03:00,CRIOPRECIPITADO,-8.09864,-35.07964,-26.5
78,2026-07-07T14:44:00-03:00,CRIOPRECIPITADO,-8.09533,-35.06044,-26.9
78,2026-07-07T14:49:00-03:00,CRIOPRECIPITADO,-8.09248,-35.04178,-28.6
78,2026-07-07T14:54:00-03:00,CRIOPRECIPITADO,-8.08766,-35.02390,-28.3
78,2026-07-07T14:59:00-03:00,CRIOPRECIPITADO,-8.08462,-35.00609,-30.1
78,2026-07-07T15:04:00-03:00,CRIOPRECIPITADO,-8.07935,-34.98744,-30.0
78,2026-07-07T15:09:00-03:00,CRIOPRECIPITADO,-8.07744,-34.96798,-31.4
78,2026-07-07T15:14:00-03:00,CRIOPRECIPITADO,-8.07328,-34.95126,-32.3
78,2026-07-07T15:19:00-03:00,CRIOPRECIPITADO,-8.06973,-34.93271,-30.1
78,2026-07-07T15:24:00-03:00,CRIOPRECIPITADO,-8.06623,-34.91301,-30.8
79,2026-07-07T17:50:00-03:00,HEMACIAS,-8.04831,-34.87727,4.3
79,2026-07-07T17:55:00-03:00,HEMACIAS,-8.03793,-34.87095,4.6
79,2026-07-07T18:00:00-03:00,HEMACIAS,-8.02803,-34.86574,4.1
79,2026-07-07T18:05:00-03:00,HEMACIAS,-8.01758,-34.85962,3.7
79,2026-07-07T18:10:00-03:00,HEMACIAS,-8.00931,-34.85476,3.9
80,2026-07-07T10:48:00-03:00,HEMACIAS,-8.04793,-34.87855,4.2
80,2026-07-07T10:53:00-03:00,HEMACIAS,-8.05371,-34.88393,4.3
80,2026-07-07T10:58:00-03:00,HEMACIAS,-8.05721,-34.89218,4.3
80,2026-07-07T11:03:00-03:00,HEMACIAS,-8.06356,-34.90043,4.1
81,2026-07-07T14:50:00-03:00,PLAQUETAS,-8.04633,-34.87670,21.6
81,2026-07-07T14:55:00-03:00,PLAQUETAS,-8.03487,-34.86933,21.7
81,2026-07-07T15:00:00-03:00,PLAQUETAS,-8.02488,-34.86552,21.1
81,2026-07-07T15:05:00-03:00,PLAQUETAS,-8.01326,-34.85813,21.9
82,2026-07-07T13:56:00-03:00,PLASMA,-8.04615,-34.87751,-31.4
82,2026-07-07T14:01:00-03:00,PLASMA,-8.04150,-34.87358,-31.1
82,2026-07-07T14:06:00-03:00,PLASMA,-8.03385,-34.86890,-29.3
82,2026-07-07T14:11:00-03:00,PLASMA,-8.02665,-34.86588,-30.2
82,2026-07-07T14:16:00-03:00,PLASMA,-8.02117,-34.86150,-30.3
82,2026-07-07T14:21:00-03:00,PLASMA,-8.01215,-34.85774,-30.3
83,2026-07-07T12:21:00-03:00,HEMACIAS,-8.04671,-34.87717,3.9
83,2026-07-07T12:26:00-03:00,HEMACIAS,-8.05397,-34.88925,4.2
83,2026-07-07T12:31:00-03:00,HEMACIAS,-8.05883,-34.90101,4.4
83,2026-07-07T12:36:00-03:00,HEMACIAS,-8.06312,-34.91076,4.4
83,2026-07-07T12:41:00-03:00,HEMACIAS,-8.06880,-34.92355,3.9
83,2026-07-07T12:46:00-03:00,HEMACIAS,-8.07427,-34.93346,4.4
83,2026-07-07T12:51:00-03:00,HEMACIAS,-8.08079,-34.94652,4.3
83,2026-07-07T12:56:00-03:00,HEMACIAS,-8.08546,-34.95800,4.5
83,2026-07-07T13:01:00-03:00,HEMACIAS,-8.09057,-34.96923,4.6
83,2026-07-07T13:06:00-03:00,HEMACIAS,-8.09741,-34.98102,4.8
83,2026-07-07T13:11:00-03:00,HEMACIAS,-8.10232,-34.99260,4.9
83,2026-07-07T13:16:00-03:00,HEMACIAS,-8.10731,-35.00307,5.5
83,2026-07-07T13:21:00-03:00,HEMACIAS,-8.11187,-35.01548,5.3
84,2026-07-08T01:49:00-03:00,HEMACIAS,-8.04770,-34.87717,3.5
84,2026-07-08T01:54:00-03:00,HEMACIAS,-8.05131,-34.88025,3.7
84,2026-07-08T01:59:00-03:00,HEMACIAS,-8.05321,-34.88554,3.9
85,2026-07-07T13:06:00-03:00,CRIOPRECIPITADO,-8.04736,-34.87736,-29.5
85,2026-07-07T13:11:00-03:00,CRIOPRECIPITADO,-8.03923,-34.87211,-28.6
85,2026-07-07T13:16:00-03:00,CRIOPRECIPITADO,-8.02833,-34.86457,-27.7
85,2026-07-07T13:21:00-03:00,CRIOPRECIPITADO,-8.02037,-34.85963,-28.1
85,2026-07-07T13:26:00-03:00,CRIOPRECIPITADO,-8.00846,-34.85557,-29.1
86,2026-07-07T14:45:00-03:00,PLASMA,-8.04798,-34.87747,-30.4
86,2026-07-07T14:50:00-03:00,PLASMA,-8.03671,-34.87064,-30.0
86,2026-07-07T14:55:00-03:00,PLASMA,-8.02642,-34.86568,-30.0
86,2026-07-07T15:00:00-03:00,PLASMA,-8.01573,-34.85774,-29.5
87,2026-07-07T15:02:00-03:00,HEMACIAS,-8.04613,-34.87570,3.8
87,2026-07-07T15:07:00-03:00,HEMACIAS,-8.05184,-34.88311,3.8
87,2026-07-07T15:12:00-03:00,HEMACIAS,-8.05621,-34.88861,4.5
87,2026-07-07T15:17:00-03:00,HEMACIAS,-8.05844,-34.89562,4.4
88,2026-07-08T00:46:00-03:00,HEMACIAS,-8.04771,-34.87545,4.5
88,2026-07-08T00:51:00-03:00,HEMACIAS,-8.03779,-34.87092,4.3
88,2026-07-08T00:56:00-03:00,HEMACIAS,-8.02809,-34.86515,3.7
88,2026-07-08T01:01:00-03:00,HEMACIAS,-8.01963,-34.86176,4.0
88,2026-07-08T01:06:00-03:00,HEMACIAS,-8.00931,-34.85487,4.3
89,2026-07-07T19:41:00-03:00,HEMACIAS,-8.27624,-35.98282,4.0
89,2026-07-07T19:46:00-03:00,HEMACIAS,-8.27990,-35.97679,4.0
89,2026-07-07T19:51:00-03:00,HEMACIAS,-8.28472,-35.97058,3.5
90,2026-07-07T18:35:00-03:00,HEMACIAS,-8.04660,-34.87728,3.5
90,2026-07-07T18:40:00-03:00,HEMACIAS,-8.03519,-34.87501,3.8
90,2026-07-07T18:45:00-03:00,HEMACIAS,-8.02192,-34.87496,3.9
90,2026-07-07T18:50:00-03:00,HEMACIAS,-8.00771,-34.87598,3.5
90,2026-07-07T18:55:00-03:00,HEMACIAS,-7.99604,-34.87485,7.8
90,2026-07-07T19:00:00-03:00,HEMACIAS,-7.98177,-34.87437,7.8
90,2026-07-07T19:05:00-03:00,HEMACIAS,-7.96937,-34.87385,7.8
90,2026-07-07T19:10:00-03:00,HEMACIAS,-7.95595,-34.87428,7.6
90,2026-07-07T19:15:00-03:00,HEMACIAS,-7.94385,-34.87244,3.7
91,2026-07-07T18:31:00-03:00,HEMACIAS,-8.27599,-35.98292,4.0
91,2026-07-07T18:36:00-03:00,HEMACIAS,-8.27050,-35.95902,4.3
91,2026-07-07T18:41:00-03:00,HEMACIAS,-8.26498,-35.93762,4.6
91,2026-07-07T18:46:00-03:00,HEMACIAS,-8.25982,-35.91345,4.5
91,2026-07-07T18:51:00-03:00,HEMACIAS,-8.25311,-35.89038,4.4
91,2026-07-07T18:56:00-03:00,HEMACIAS,-8.24914,-35.86988,4.4
91,2026-07-07T19:01:00-03:00,HEMACIAS,-8.24371,-35.84555,4.6
91,2026-07-07T19:06:00-03:00,HEMACIAS,-8.23812,-35.82323,4.6
91,2026-07-07T19:11:00-03:00,HEMACIAS,-8.23309,-35.79939,4.3
91,2026-07-07T19:16:00-03:00,HEMACIAS,-8.22777,-35.77965,4.2
91,2026-07-07T19:21:00-03:00,HEMACIAS,-8.22351,-35.75512,3.8
91,2026-07-07T19:26:00-03:00,HEMACIAS,-8.21807,-35.73126,3.9
91,2026-07-07T19:31:00-03:00,HEMACIAS,-8.21233,-35.71085,3.8
91,2026-07-07T19:36:00-03:00,HEMACIAS,-8.20692,-35.68694,3.7
91,2026-07-07T19:41:00-03:00,HEMACIAS,-8.20016,-35.66515,4.1
91,2026-07-07T19:46:00-03:00,HEMACIAS,-8.19327,-35.64228,4.5
91,2026-07-07T19:51:00-03:00,HEMACIAS,-8.18888,-35.61889,4.2
91,2026-07-07T19:56:00-03:00,HEMACIAS,-8.18453,-35.59747,4.2
91,2026-07-07T20:01:00-03:00,HEMACIAS,-8.17902,-35.57451,4.5
91,2026-07-07T20:06:00-03:00,HEMACIAS,-8.17270,-35.55222,4.0
91,2026-07-07T20:11:00-03:00,HEMACIAS,-8.16820,-35.53048,4.3
91,2026-07-07T20:16:00-03:00,HEMACIAS,-8.16362,-35.50686,3.8
91,2026-07-07T20:21:00-03:00,HEMACIAS,-8.15841,-35.48338,4.1
91,2026-07-07T20:26:00-03:00,HEMACIAS,-8.15365,-35.46251,4.3
91,2026-07-07T20:31:00-03:00,HEMACIAS,-8.14611,-35.44093,4.3
91,2026-07-07T20:36:00-03:00,HEMACIAS,-8.14174,-35.41551,4.5
91,2026-07-07T20:41:00-03:00,HEMACIAS,-8.13685,-35.39465,4.1
91,2026-07-07T20:46:00-03:00,HEMACIAS,-8.13196,-35.37212,3.6
91,2026-07-07T20:51:00-03:00,HEMACIAS,-8.12597,-35.34723,3.8
91,2026-07-07T20:56:00-03:00,HEMACIAS,-8.11970,-35.32676,3.9
91,2026-07-07T21:01:00-03:00,HEMACIAS,-8.11354,-35.30276,3.8
91,2026-07-07T21:06:00-03:00,HEMACIAS,-8.11144,-35.27998,3.7
91,2026-07-07T21:11:00-03:00,HEMACIAS,-8.10529,-35.25750,3.8
91,2026-07-07T21:16:00-03:00,HEMACIAS,-8.09966,-35.23510,3.8
91,2026-07-07T21:21:00-03:00,HEMACIAS,-8.09439,-35.21218,4.1
91,2026-07-07T21:26:00-03:00,HEMACIAS,-8.08708,-35.18916,3.8
91,2026-07-07T21:31:00-03:00,HEMACIAS,-8.08264,-35.16800,3.6
91,2026-07-07T21:36:00-03:00,HEMACIAS,-8.07689,-35.14497,3.7
91,2026-07-07T21:41:00-03:00,HEMACIAS,-8.07340,-35.12404,3.8
91,2026-07-07T21:46:00-03:00,HEMACIAS,-8.06739,-35.10052,3.6
91,2026-07-07T21:51:00-03:00,HEMACIAS,-8.06101,-35.07793,3.9
91,2026-07-07T21:56:00-03:00,HEMACIAS,-8.05583,-35.05330,3.9
91,2026-07-07T22:01:00-03:00,HEMACIAS,-8.05138,-35.03200,4.2
91,2026-07-07T22:06:00-03:00,HEMACIAS,-8.04520,-35.00921,3.8
91,2026-07-07T22:11:00-03:00,HEMACIAS,-8.04058,-34.98624,3.6
91,2026-07-07T22:16:00-03:00,HEMACIAS,-8.03441,-34.96325,4.1
91,2026-07-07T22:21:00-03:00,HEMACIAS,-8.02943,-34.94010,4.2
91,2026-07-07T22:26:00-03:00,HEMACIAS,-8.02509,-34.91896,4.1
91,2026-07-07T22:31:00-03:00,HEMACIAS,-8.01834,-34.89646,4.3
91,2026-07-07T22:36:00-03:00,HEMACIAS,-8.01394,-34.87386,4.3
93,2026-07-08T05:43:00-03:00,HEMACIAS,-8.04762,-34.87678,3.8
93,2026-07-08T05:48:00-03:00,HEMACIAS,-8.03186,-34.87680,4.0
93,2026-07-08T05:53:00-03:00,HEMACIAS,-8.01403,-34.87532,4.3
93,2026-07-08T05:58:00-03:00,HEMACIAS,-7.99777,-34.87353,3.8
93,2026-07-08T06:03:00-03:00,HEMACIAS,-7.97945,-34.87382,3.7
93,2026-07-08T06:08:00-03:00,HEMACIAS,-7.96180,-34.87323,4.6
93,2026-07-08T06:13:00-03:00,HEMACIAS,-7.94414,-34.87250,4.7
94,2026-07-08T10:42:00-03:00,HEMACIAS,-8.04810,-34.87748,4.1
94,2026-07-08T10:47:00-03:00,HEMACIAS,-8.05022,-34.88225,4.2
94,2026-07-08T10:52:00-03:00,HEMACIAS,-8.05370,-34.88556,4.3
95,2026-07-08T13:05:00-03:00,PLASMA,-8.27540,-35.98303,-28.8
95,2026-07-08T13:10:00-03:00,PLASMA,-8.27377,-35.96119,-28.4
95,2026-07-08T13:15:00-03:00,PLASMA,-8.26880,-35.93987,-28.4
95,2026-07-08T13:20:00-03:00,PLASMA,-8.26604,-35.92268,-28.9
95,2026-07-08T13:25:00-03:00,PLASMA,-8.26146,-35.90176,-30.0
95,2026-07-08T13:30:00-03:00,PLASMA,-8.25901,-35.87960,-29.2
95,2026-07-08T13:35:00-03:00,PLASMA,-8.25504,-35.86047,-29.9
95,2026-07-08T13:40:00-03:00,PLASMA,-8.25045,-35.84191,-31.7
95,2026-07-08T13:45:00-03:00,PLASMA,-8.24766,-35.82041,-29.5
95,2026-07-08T13:50:00-03:00,PLASMA,-8.24365,-35.80058,-28.1
95,2026-07-08T13:55:00-03:00,PLASMA,-8.23913,-35.77974,-29.3
95,2026-07-08T14:00:00-03:00,PLASMA,-8.23447,-35.75919,-27.1
95,2026-07-08T14:05:00-03:00,PLASMA,-8.23160,-35.73940,-28.4
95,2026-07-08T14:10:00-03:00,PLASMA,-8.22863,-35.71956,-29.7
95,2026-07-08T14:15:00-03:00,PLASMA,-8.22457,-35.69845,-29.3
95,2026-07-08T14:20:00-03:00,PLASMA,-8.22116,-35.67751,-29.3
95,2026-07-08T14:25:00-03:00,PLASMA,-8.21761,-35.65762,-29.1
95,2026-07-08T14:30:00-03:00,PLASMA,-8.21379,-35.63716,-27.0
95,2026-07-08T14:35:00-03:00,PLASMA,-8.21210,-35.61722,-27.6
95,2026-07-08T14:40:00-03:00,PLASMA,-8.20811,-35.59862,-28.4
95,2026-07-08T14:45:00-03:00,PLASMA,-8.20364,-35.57564,-26.7
96,2026-07-08T10:07:00-03:00,PLASMA,-8.04789,-34.87755,-29.3
96,2026-07-08T10:12:00-03:00,PLASMA,-8.03099,-34.86830,-30.4
96,2026-07-08T10:17:00-03:00,PLASMA,-8.01445,-34.85812,-30.4
97,2026-07-08T11:36:00-03:00,HEMACIAS,-8.27536,-35.98189,4.1
97,2026-07-08T11:41:00-03:00,HEMACIAS,-8.27291,-35.96501,4.0
97,2026-07-08T11:46:00-03:00,HEMACIAS,-8.27003,-35.94485,3.5
97,2026-07-08T11:51:00-03:00,HEMACIAS,-8.26652,-35.92671,4.1
97,2026-07-08T11:56:00-03:00,HEMACIAS,-8.26222,-35.90808,4.7
97,2026-07-08T12:01:00-03:00,HEMACIAS,-8.25854,-35.89186,4.2
97,2026-07-08T12:06:00-03:00,HEMACIAS,-8.25645,-35.87404,4.1
97,2026-07-08T12:11:00-03:00,HEMACIAS,-8.25317,-35.85382,3.7
97,2026-07-08T12:16:00-03:00,HEMACIAS,-8.24845,-35.83585,3.5
97,2026-07-08T12:21:00-03:00,HEMACIAS,-8.24623,-35.81790,3.8
97,2026-07-08T12:26:00-03:00,HEMACIAS,-8.24350,-35.80063,4.4
97,2026-07-08T12:31:00-03:00,HEMACIAS,-8.23915,-35.78054,4.4
97,2026-07-08T12:36:00-03:00,HEMACIAS,-8.23602,-35.76278,4.5
97,2026-07-08T12:41:00-03:00,HEMACIAS,-8.23396,-35.74498,4.1
97,2026-07-08T12:46:00-03:00,HEMACIAS,-8.22990,-35.72536,3.8
97,2026-07-08T12:51:00-03:00,HEMACIAS,-8.22734,-35.70883,4.0
97,2026-07-08T12:56:00-03:00,HEMACIAS,-8.22408,-35.68997,4.3
97,2026-07-08T13:01:00-03:00,HEMACIAS,-8.22106,-35.66989,4.4
97,2026-07-08T13:06:00-03:00,HEMACIAS,-8.21653,-35.65162,4.2
97,2026-07-08T13:11:00-03:00,HEMACIAS,-8.21284,-35.63475,3.7
97,2026-07-08T13:16:00-03:00,HEMACIAS,-8.20971,-35.61826,4.5
97,2026-07-08T13:21:00-03:00,HEMACIAS,-8.20763,-35.59739,4.6
97,2026-07-08T13:26:00-03:00,HEMACIAS,-8.20460,-35.57908,3.8
99,2026-07-08T12:40:00-03:00,HEMACIAS,-8.04808,-34.87683,4.0
99,2026-07-08T12:45:00-03:00,HEMACIAS,-8.05039,-34.87953,4.3
99,2026-07-08T12:50:00-03:00,HEMACIAS,-8.05147,-34.88217,4.9
100,2026-07-08T14:48:00-03:00,HEMACIAS,-8.04699,-34.87735,3.6
100,2026-07-08T14:53:00-03:00,HEMACIAS,-8.03416,-34.87756,3.8
100,2026-07-08T14:58:00-03:00,HEMACIAS,-8.01710,-34.87520,4.2
100,2026-07-08T15:03:00-03:00,HEMACIAS,-8.00305,-34.87395,4.4
100,2026-07-08T15:08:00-03:00,HEMACIAS,-7.98722,-34.87541,4.4
100,2026-07-08T15:13:00-03:00,HEMACIAS,-7.97245,-34.87351,4.0
100,2026-07-08T15:18:00-03:00,HEMACIAS,-7.95616,-34.87463,3.7
100,2026-07-08T15:23:00-03:00,HEMACIAS,-7.94047,-34.87253,3.6
101,2026-07-08T15:12:00-03:00,PLASMA,-8.04706,-34.87705,-28.8
101,2026-07-08T15:17:00-03:00,PLASMA,-8.05267,-34.88586,-31.1
101,2026-07-08T15:22:00-03:00,PLASMA,-8.05819,-34.89304,-30.0
102,2026-07-08T16:45:00-03:00,PLAQUETAS,-8.04745,-34.87655,22.2
102,2026-07-08T16:50:00-03:00,PLAQUETAS,-8.05350,-34.88855,22.1
102,2026-07-08T16:55:00-03:00,PLAQUETAS,-8.05851,-34.90282,22.1
102,2026-07-08T17:00:00-03:00,PLAQUETAS,-8.06432,-34.91470,22.2
102,2026-07-08T17:05:00-03:00,PLAQUETAS,-8.07085,-34.92519,21.5
102,2026-07-08T17:10:00-03:00,PLAQUETAS,-8.07724,-34.93868,20.8
102,2026-07-08T17:15:00-03:00,PLAQUETAS,-8.08067,-34.95129,20.9
102,2026-07-08T17:20:00-03:00,PLAQUETAS,-8.08735,-34.96331,20.8
102,2026-07-08T17:25:00-03:00,PLAQUETAS,-8.09443,-34.97465,21.3
102,2026-07-08T17:30:00-03:00,PLAQUETAS,-8.09980,-34.98589,21.2
102,2026-07-08T17:35:00-03:00,PLAQUETAS,-8.10625,-34.99941,21.7
102,2026-07-08T17:40:00-03:00,PLAQUETAS,-8.11170,-35.01210,22.0
103,2026-07-08T21:29:00-03:00,CRIOPRECIPITADO,-8.04745,-34.87789,-30.9
103,2026-07-08T21:34:00-03:00,CRIOPRECIPITADO,-8.02648,-34.87743,-31.9
103,2026-07-08T21:39:00-03:00,CRIOPRECIPITADO,-8.00500,-34.87470,-31.1
103,2026-07-08T21:44:00-03:00,CRIOPRECIPITADO,-7.98343,-34.87332,-31.4
103,2026-07-08T21:49:00-03:00,CRIOPRECIPITADO,-7.96046,-34.87324,-30.4
103,2026-07-08T21:54:00-03:00,CRIOPRECIPITADO,-7.94215,-34.87295,-30.6
104,2026-07-08T22:30:00-03:00,HEMACIAS,-8.04641,-34.87665,4.1
104,2026-07-08T22:35:00-03:00,HEMACIAS,-8.05411,-34.88704,3.9
104,2026-07-08T22:40:00-03:00,HEMACIAS,-8.06037,-34.89600,3.8
105,2026-07-08T21:51:00-03:00,PLAQUETAS,-8.04911,-34.87681,21.6
105,2026-07-08T21:56:00-03:00,PLAQUETAS,-8.02773,-34.87551,21.7
105,2026-07-08T22:01:00-03:00,PLAQUETAS,-8.00943,-34.87550,22.4
105,2026-07-08T22:06:00-03:00,PLAQUETAS,-7.98909,-34.87383,22.1
105,2026-07-08T22:11:00-03:00,PLAQUETAS,-7.97068,-34.87360,22.2
105,2026-07-08T22:16:00-03:00,PLAQUETAS,-7.95127,-34.87331,22.1
106,2026-07-09T02:44:00-03:00,HEMACIAS,-8.04743,-34.87718,4.6
106,2026-07-09T02:49:00-03:00,HEMACIAS,-8.03176,-34.87591,5.0
106,2026-07-09T02:54:00-03:00,HEMACIAS,-8.01792,-34.87461,4.8
106,2026-07-09T02:59:00-03:00,HEMACIAS,-8.00264,-34.87526,4.9
106,2026-07-09T03:04:00-03:00,HEMACIAS,-7.98577,-34.87403,4.2
106,2026-07-09T03:09:00-03:00,HEMACIAS,-7.97298,-34.87329,4.2
106,2026-07-09T03:14:00-03:00,HEMACIAS,-7.95658,-34.87319,4.2
106,2026-07-09T03:19:00-03:00,HEMACIAS,-7.94122,-34.87389,3.8
107,2026-07-08T21:56:00-03:00,HEMACIAS,-8.04743,-34.87636,3.9
107,2026-07-08T22:01:00-03:00,HEMACIAS,-8.05335,-34.88182,4.2
107,2026-07-08T22:06:00-03:00,HEMACIAS,-8.05587,-34.88945,4.0
107,2026-07-08T22:11:00-03:00,HEMACIAS,-8.06060,-34.89546,3.8
108,2026-07-09T11:11:00-03:00,HEMACIAS,-8.04735,-34.87668,3.5
108,2026-07-09T11:16:00-03:00,HEMACIAS,-8.03993,-34.87246,3.8
108,2026-07-09T11:21:00-03:00,HEMACIAS,-8.03164,-34.86849,3.4
108,2026-07-09T11:26:00-03:00,HEMACIAS,-8.02279,-34.86431,3.8
108,2026-07-09T11:31:00-03:00,HEMACIAS,-8.01532,-34.85835,4.1
109,2026-07-09T03:46:00-03:00,HEMACIAS,-8.04756,-34.87620,3.5
109,2026-07-09T03:51:00-03:00,HEMACIAS,-8.05297,-34.89243,3.4
109,2026-07-09T03:56:00-03:00,HEMACIAS,-8.06085,-34.90449,4.1
109,2026-07-09T04:01:00-03:00,HEMACIAS,-8.06852,-34.91684,4.1
109,2026-07-09T04:06:00-03:00,HEMACIAS,-8.07376,-34.93160,3.6
109,2026-07-09T04:11:00-03:00,HEMACIAS,-8.07940,-34.94572,3.5
109,2026-07-09T04:16:00-03:00,HEMACIAS,-8.08551,-34.96004,3.2
109,2026-07-09T04:21:00-03:00,HEMACIAS,-8.09314,-34.97295,3.7
109,2026-07-09T04:26:00-03:00,HEMACIAS,-8.10004,-34.98770,3.5
109,2026-07-09T04:31:00-03:00,HEMACIAS,-8.10590,-35.00030,4.2
109,2026-07-09T04:36:00-03:00,HEMACIAS,-8.11333,-35.01560,4.4
110,2026-07-09T10:45:00-03:00,PLASMA,-8.04589,-34.87697,-28.7
110,2026-07-09T10:50:00-03:00,PLASMA,-8.05133,-34.88132,-30.1
110,2026-07-09T10:55:00-03:00,PLASMA,-8.05678,-34.88900,-29.8
110,2026-07-09T11:00:00-03:00,PLASMA,-8.06153,-34.89440,-28.3
111,2026-07-09T08:44:00-03:00,HEMACIAS,-8.04592,-34.87675,4.1
111,2026-07-09T08:49:00-03:00,HEMACIAS,-8.05092,-34.87998,4.0
111,2026-07-09T08:54:00-03:00,HEMACIAS,-8.05235,-34.88443,4.1
112,2026-07-09T09:24:00-03:00,HEMACIAS,-8.27529,-35.98192,3.8
112,2026-07-09T09:29:00-03:00,HEMACIAS,-8.28170,-35.97606,4.5
113,2026-07-09T09:12:00-03:00,HEMACIAS,-8.27547,-35.98171,3.0
113,2026-07-09T09:17:00-03:00,HEMACIAS,-8.27804,-35.97575,3.0
113,2026-07-09T09:22:00-03:00,HEMACIAS,-8.28348,-35.97339,3.8
114,2026-07-09T14:28:00-03:00,HEMACIAS,-8.04739,-34.87744,3.9
114,2026-07-09T14:33:00-03:00,HEMACIAS,-8.04823,-34.87967,4.1
114,2026-07-09T14:38:00-03:00,HEMACIAS,-8.05396,-34.88267,3.9
114,2026-07-09T14:43:00-03:00,HEMACIAS,-8.05423,-34.88445,4.2
115,2026-07-09T15:13:00-03:00,PLASMA,-8.04759,-34.87799,-30.7
115,2026-07-09T15:18:00-03:00,PLASMA,-8.05112,-34.88139,-28.5
116,2026-07-09T13:17:00-03:00,PLASMA,-8.27511,-35.98124,-30.1
116,2026-07-09T13:22:00-03:00,PLASMA,-8.27285,-35.95958,-30.0
116,2026-07-09T13:27:00-03:00,PLASMA,-8.26708,-35.93859,-31.1
116,2026-07-09T13:32:00-03:00,PLASMA,-8.26518,-35.91484,-31.8
116,2026-07-09T13:37:00-03:00,PLASMA,-8.25973,-35.89539,-31.5
116,2026-07-09T13:42:00-03:00,PLASMA,-8.25617,-35.87014,-30.9
116,2026-07-09T13:47:00-03:00,PLASMA,-8.25240,-35.85086,-30.1
116,2026-07-09T13:52:00-03:00,PLASMA,-8.25078,-35.82812,-28.9
116,2026-07-09T13:57:00-03:00,PLASMA,-8.24431,-35.80644,-27.6
116,2026-07-09T14:02:00-03:00,PLASMA,-8.24118,-35.78394,-27.6
116,2026-07-09T14:07:00-03:00,PLASMA,-8.23672,-35.76355,-28.6
116,2026-07-09T14:12:00-03:00,PLASMA,-8.23202,-35.74077,-28.6
116,2026-07-09T14:17:00-03:00,PLASMA,-8.22960,-35.71822,-29.6
116,2026-07-09T14:22:00-03:00,PLASMA,-8.22572,-35.69768,-30.3
116,2026-07-09T14:27:00-03:00,PLASMA,-8.22187,-35.67455,-32.3
116,2026-07-09T14:32:00-03:00,PLASMA,-8.21633,-35.65334,-31.5
116,2026-07-09T14:37:00-03:00,PLASMA,-8.21341,-35.63084,-30.8
116,2026-07-09T14:42:00-03:00,PLASMA,-8.20882,-35.60845,-32.4
116,2026-07-09T14:47:00-03:00,PLASMA,-8.20550,-35.58645,-31.4
116,2026-07-09T14:52:00-03:00,PLASMA,-8.20116,-35.56484,-32.3
117,2026-07-09T22:19:00-03:00,PLAQUETAS,-8.27729,-35.98175,21.8
117,2026-07-09T22:24:00-03:00,PLAQUETAS,-8.27390,-35.96519,22.3
117,2026-07-09T22:29:00-03:00,PLAQUETAS,-8.27021,-35.95018,22.3
117,2026-07-09T22:34:00-03:00,PLAQUETAS,-8.26761,-35.93264,22.2
117,2026-07-09T22:39:00-03:00,PLAQUETAS,-8.26623,-35.91709,22.5
117,2026-07-09T22:44:00-03:00,PLAQUETAS,-8.25986,-35.89882,22.3
117,2026-07-09T22:49:00-03:00,PLAQUETAS,-8.25884,-35.88112,22.5
117,2026-07-09T22:54:00-03:00,PLAQUETAS,-8.25646,-35.86626,22.6
117,2026-07-09T22:59:00-03:00,PLAQUETAS,-8.25161,-35.85048,22.1
117,2026-07-09T23:04:00-03:00,PLAQUETAS,-8.24883,-35.83308,22.4
117,2026-07-09T23:09:00-03:00,PLAQUETAS,-8.24668,-35.81752,22.1
117,2026-07-09T23:14:00-03:00,PLAQUETAS,-8.24461,-35.79996,22.0
117,2026-07-09T23:19:00-03:00,PLAQUETAS,-8.24105,-35.78373,21.8
117,2026-07-09T23:24:00-03:00,PLAQUETAS,-8.23792,-35.76606,21.7
117,2026-07-09T23:29:00-03:00,PLAQUETAS,-8.23562,-35.75082,21.8
117,2026-07-09T23:34:00-03:00,PLAQUETAS,-8.23045,-35.73445,22.1
117,2026-07-09T23:39:00-03:00,PLAQUETAS,-8.23023,-35.71643,21.7
117,2026-07-09T23:44:00-03:00,PLAQUETAS,-8.22553,-35.70046,21.9
117,2026-07-09T23:49:00-03:00,PLAQUETAS,-8.22192,-35.68411,22.0
117,2026-07-09T23:54:00-03:00,PLAQUETAS,-8.22047,-35.66702,21.6
117,2026-07-09T23:59:00-03:00,PLAQUETAS,-8.21522,-35.65160,22.1
117,2026-07-10T00:04:00-03:00,PLAQUETAS,-8.21459,-35.63386,22.5
117,2026-07-10T00:09:00-03:00,PLAQUETAS,-8.21155,-35.61678,22.1
117,2026-07-10T00:14:00-03:00,PLAQUETAS,-8.20700,-35.59980,21.9
117,2026-07-10T00:19:00-03:00,PLAQUETAS,-8.20416,-35.58439,22.3
117,2026-07-10T00:24:00-03:00,PLAQUETAS,-8.20150,-35.56725,21.0
118,2026-07-09T19:43:00-03:00,HEMACIAS,-8.04883,-34.87501,3.9
118,2026-07-09T19:48:00-03:00,HEMACIAS,-8.03404,-34.86755,4.0
118,2026-07-09T19:53:00-03:00,HEMACIAS,-8.01929,-34.86186,4.6
119,2026-07-09T23:24:00-03:00,HEMACIAS,-8.27629,-35.98046,4.4
119,2026-07-09T23:29:00-03:00,HEMACIAS,-8.27278,-35.96189,4.6
119,2026-07-09T23:34:00-03:00,HEMACIAS,-8.26807,-35.94105,4.6
119,2026-07-09T23:39:00-03:00,HEMACIAS,-8.26551,-35.92152,4.0
119,2026-07-09T23:44:00-03:00,HEMACIAS,-8.26241,-35.90270,4.0
119,2026-07-09T23:49:00-03:00,HEMACIAS,-8.25732,-35.88139,4.3
119,2026-07-09T23:54:00-03:00,HEMACIAS,-8.25310,-35.86200,4.0
119,2026-07-09T23:59:00-03:00,HEMACIAS,-8.25103,-35.84156,4.4
119,2026-07-10T00:04:00-03:00,HEMACIAS,-8.24634,-35.82260,4.1
119,2026-07-10T00:09:00-03:00,HEMACIAS,-8.24440,-35.80229,4.3
119,2026-07-10T00:14:00-03:00,HEMACIAS,-8.24018,-35.78147,4.4
119,2026-07-10T00:19:00-03:00,HEMACIAS,-8.23593,-35.76051,4.1
119,2026-07-10T00:24:00-03:00,HEMACIAS,-8.23187,-35.74116,3.8
119,2026-07-10T00:29:00-03:00,HEMACIAS,-8.22944,-35.72126,3.6
119,2026-07-10T00:34:00-03:00,HEMACIAS,-8.22669,-35.70133,3.9
119,2026-07-10T00:39:00-03:00,HEMACIAS,-8.22149,-35.68129,4.1
119,2026-07-10T00:44:00-03:00,HEMACIAS,-8.21891,-35.66049,4.0
119,2026-07-10T00:49:00-03:00,HEMACIAS,-8.21544,-35.64038,4.1
119,2026-07-10T00:54:00-03:00,HEMACIAS,-8.21212,-35.62183,3.7
119,2026-07-10T00:59:00-03:00,HEMACIAS,-8.20763,-35.60168,3.5
119,2026-07-10T01:04:00-03:00,HEMACIAS,-8.20381,-35.58041,3.6
121,2026-07-10T08:47:00-03:00,HEMACIAS,-8.27568,-35.98109,4.7
121,2026-07-10T08:52:00-03:00,HEMACIAS,-8.27137,-35.95842,4.6
121,2026-07-10T08:57:00-03:00,HEMACIAS,-8.26717,-35.93731,4.4
121,2026-07-10T09:02:00-03:00,HEMACIAS,-8.25937,-35.91521,3.7
121,2026-07-10T09:07:00-03:00,HEMACIAS,-8.25413,-35.89187,3.8
121,2026-07-10T09:12:00-03:00,HEMACIAS,-8.24966,-35.86825,3.8
121,2026-07-10T09:17:00-03:00,HEMACIAS,-8.24312,-35.84592,4.1
121,2026-07-10T09:22:00-03:00,HEMACIAS,-8.23852,-35.82371,3.9
121,2026-07-10T09:27:00-03:00,HEMACIAS,-8.23200,-35.80201,3.8
121,2026-07-10T09:32:00-03:00,HEMACIAS,-8.22645,-35.77853,3.7
121,2026-07-10T09:37:00-03:00,HEMACIAS,-8.22225,-35.75597,4.4
121,2026-07-10T09:42:00-03:00,HEMACIAS,-8.21650,-35.73409,4.5
121,2026-07-10T09:47:00-03:00,HEMACIAS,-8.21173,-35.71268,4.0
121,2026-07-10T09:52:00-03:00,HEMACIAS,-8.20814,-35.69035,3.9
121,2026-07-10T09:57:00-03:00,HEMACIAS,-8.20177,-35.66556,3.9
121,2026-07-10T10:02:00-03:00,HEMACIAS,-8.19542,-35.64440,3.5
121,2026-07-10T10:07:00-03:00,HEMACIAS,-8.19067,-35.62251,3.7
121,2026-07-10T10:12:00-03:00,HEMACIAS,-8.18469,-35.59993,3.9
121,2026-07-10T10:17:00-03:00,HEMACIAS,-8.17963,-35.57641,4.0
121,2026-07-10T10:22:00-03:00,HEMACIAS,-8.17398,-35.55279,4.4
121,2026-07-10T10:27:00-03:00,HEMACIAS,-8.16943,-35.53180,4.5
121,2026-07-10T10:32:00-03:00,HEMACIAS,-8.16370,-35.50794,4.6
121,2026-07-10T10:37:00-03:00,HEMACIAS,-8.15804,-35.48669,4.3
121,2026-07-10T10:42:00-03:00,HEMACIAS,-8.15416,-35.46345,4.6
121,2026-07-10T10:47:00-03:00,HEMACIAS,-8.14868,-35.44015,4.7
121,2026-07-10T10:52:00-03:00,HEMACIAS,-8.14326,-35.41922,4.5
121,2026-07-10T10:57:00-03:00,HEMACIAS,-8.13713,-35.39739,4.3
121,2026-07-10T11:02:00-03:00,HEMACIAS,-8.13277,-35.37285,4.5
121,2026-07-10T11:07:00-03:00,HEMACIAS,-8.12576,-35.34969,4.4
121,2026-07-10T11:12:00-03:00,HEMACIAS,-8.12123,-35.32853,4.3
121,2026-07-10T11:17:00-03:00,HEMACIAS,-8.11513,-35.30409,4.4
121,2026-07-10T11:22:00-03:00,HEMACIAS,-8.11097,-35.28378,4.8
121,2026-07-10T11:27:00-03:00,HEMACIAS,-8.10355,-35.26114,4.9
121,2026-07-10T11:32:00-03:00,HEMACIAS,-8.10017,-35.23790,5.0
121,2026-07-10T11:37:00-03:00,HEMACIAS,-8.09507,-35.21565,5.0
121,2026-07-10T11:42:00-03:00,HEMACIAS,-8.08810,-35.19306,4.8
121,2026-07-10T11:47:00-03:00,HEMACIAS,-8.08279,-35.16957,4.5
121,2026-07-10T11:52:00-03:00,HEMACIAS,-8.07835,-35.14718,4.3
121,2026-07-10T11:57:00-03:00,HEMACIAS,-8.07290,-35.12475,4.7
121,2026-07-10T12:02:00-03:00,HEMACIAS,-8.06721,-35.10296,4.6
121,2026-07-10T12:07:00-03:00,HEMACIAS,-8.06295,-35.08025,4.4
121,2026-07-10T12:12:00-03:00,HEMACIAS,-8.05660,-35.05864,4.7
121,2026-07-10T12:17:00-03:00,HEMACIAS,-8.05101,-35.03645,5.3
121,2026-07-10T12:22:00-03:00,HEMACIAS,-8.04634,-35.01379,4.4
121,2026-07-10T12:27:00-03:00,HEMACIAS,-8.04299,-34.99021,4.5
121,2026-07-10T12:32:00-03:00,HEMACIAS,-8.03573,-34.96797,4.7
121,2026-07-10T12:37:00-03:00,HEMACIAS,-8.02987,-34.94427,4.2
121,2026-07-10T12:42:00-03:00,HEMACIAS,-8.02408,-34.92229,3.9
121,2026-07-10T12:47:00-03:00,HEMACIAS,-8.02047,-34.89969,3.7
121,2026-07-10T12:52:00-03:00,HEMACIAS,-8.01383,-34.87692,3.6
121,2026-07-10T12:57:00-03:00,HEMACIAS,-8.01029,-34.85608,3.9
122,2026-07-10T10:18:00-03:00,HEMACIAS,-8.04695,-34.87598,4.3
122,2026-07-10T10:23:00-03:00,HEMACIAS,-8.03677,-34.87140,4.4
122,2026-07-10T10:28:00-03:00,HEMACIAS,-8.02815,-34.86705,4.3
122,2026-07-10T10:33:00-03:00,HEMACIAS,-8.01670,-34.85986,4.7
123,2026-07-10T17:03:00-03:00,PLAQUETAS,-8.27632,-35.98131,22.6
123,2026-07-10T17:08:00-03:00,PLAQUETAS,-8.27118,-35.96139,22.5
123,2026-07-10T17:13:00-03:00,PLAQUETAS,-8.26830,-35.94192,22.0
123,2026-07-10T17:18:00-03:00,PLAQUETAS,-8.26313,-35.91904,22.2
123,2026-07-10T17:23:00-03:00,PLAQUETAS,-8.25925,-35.89973,22.8
123,2026-07-10T17:28:00-03:00,PLAQUETAS,-8.25591,-35.87967,22.2
123,2026-07-10T17:33:00-03:00,PLAQUETAS,-8.25087,-35.85845,22.1
123,2026-07-10T17:38:00-03:00,PLAQUETAS,-8.24667,-35.83726,21.8
123,2026-07-10T17:43:00-03:00,PLAQUETAS,-8.24192,-35.81822,21.8
123,2026-07-10T17:48:00-03:00,PLAQUETAS,-8.23792,-35.79682,21.4
123,2026-07-10T17:53:00-03:00,PLAQUETAS,-8.23389,-35.77612,21.5
123,2026-07-10T17:58:00-03:00,PLAQUETAS,-8.22960,-35.75391,21.5
123,2026-07-10T18:03:00-03:00,PLAQUETAS,-8.22663,-35.73364,21.8
123,2026-07-10T18:08:00-03:00,PLAQUETAS,-8.22056,-35.71295,22.1
123,2026-07-10T18:13:00-03:00,PLAQUETAS,-8.21842,-35.69332,21.6
123,2026-07-10T18:18:00-03:00,PLAQUETAS,-8.21129,-35.67194,21.7
123,2026-07-10T18:23:00-03:00,PLAQUETAS,-8.20931,-35.65109,21.9
123,2026-07-10T18:28:00-03:00,PLAQUETAS,-8.20361,-35.63172,21.3
123,2026-07-10T18:33:00-03:00,PLAQUETAS,-8.20089,-35.61091,21.0
123,2026-07-10T18:38:00-03:00,PLAQUETAS,-8.19552,-35.59004,20.9
123,2026-07-10T18:43:00-03:00,PLAQUETAS,-8.19241,-35.56831,21.1
123,2026-07-10T18:48:00-03:00,PLAQUETAS,-8.18894,-35.54791,21.5
123,2026-07-10T18:53:00-03:00,PLAQUETAS,-8.18460,-35.52789,21.7
123,2026-07-10T18:58:00-03:00,PLAQUETAS,-8.18132,-35.50835,21.5
123,2026-07-10T19:03:00-03:00,PLAQUETAS,-8.17530,-35.48636,21.3
123,2026-07-10T19:08:00-03:00,PLAQUETAS,-8.17098,-35.46614,21.6
123,2026-07-10T19:13:00-03:00,PLAQUETAS,-8.16733,-35.44567,21.7
123,2026-07-10T19:18:00-03:00,PLAQUETAS,-8.16288,-35.42614,22.1
123,2026-07-10T19:23:00-03:00,PLAQUETAS,-8.16007,-35.40430,22.1
123,2026-07-10T19:28:00-03:00,PLAQUETAS,-8.15572,-35.38297,22.0
123,2026-07-10T19:33:00-03:00,PLAQUETAS,-8.15182,-35.36281,22.4
123,2026-07-10T19:38:00-03:00,PLAQUETAS,-8.14744,-35.34186,21.8
123,2026-07-10T19:43:00-03:00,PLAQUETAS,-8.14221,-35.32182,21.8
123,2026-07-10T19:48:00-03:00,PLAQUETAS,-8.13732,-35.30162,22.0
123,2026-07-10T19:53:00-03:00,PLAQUETAS,-8.13400,-35.28078,21.9
123,2026-07-10T19:58:00-03:00,PLAQUETAS,-8.12994,-35.25977,21.9
123,2026-07-10T20:03:00-03:00,PLAQUETAS,-8.12551,-35.23953,21.9
123,2026-07-10T20:08:00-03:00,PLAQUETAS,-8.12190,-35.22011,22.0
123,2026-07-10T20:13:00-03:00,PLAQUETAS,-8.11888,-35.19769,22.7
123,2026-07-10T20:18:00-03:00,PLAQUETAS,-8.11447,-35.17597,22.7
123,2026-07-10T20:23:00-03:00,PLAQUETAS,-8.10852,-35.15750,22.1
123,2026-07-10T20:28:00-03:00,PLAQUETAS,-8.10391,-35.13621,22.1
123,2026-07-10T20:33:00-03:00,PLAQUETAS,-8.10073,-35.11623,22.6
123,2026-07-10T20:38:00-03:00,PLAQUETAS,-8.09662,-35.09363,22.7
123,2026-07-10T20:43:00-03:00,PLAQUETAS,-8.09231,-35.07526,22.2
123,2026-07-10T20:48:00-03:00,PLAQUETAS,-8.08817,-35.05437,22.3
123,2026-07-10T20:53:00-03:00,PLAQUETAS,-8.08408,-35.03470,22.3
123,2026-07-10T20:58:00-03:00,PLAQUETAS,-8.08003,-35.01409,21.7
123,2026-07-10T21:03:00-03:00,PLAQUETAS,-8.07492,-34.99269,21.4
123,2026-07-10T21:08:00-03:00,PLAQUETAS,-8.07228,-34.97094,21.8
123,2026-07-10T21:13:00-03:00,PLAQUETAS,-8.06654,-34.95013,22.1
123,2026-07-10T21:18:00-03:00,PLAQUETAS,-8.06218,-34.93093,22.3
123,2026-07-10T21:23:00-03:00,PLAQUETAS,-8.05895,-34.90973,22.6
123,2026-07-10T21:28:00-03:00,PLAQUETAS,-8.05527,-34.88938,22.8
124,2026-07-10T15:06:00-03:00,HEMACIAS,-8.04730,-34.87681,4.0
124,2026-07-10T15:11:00-03:00,HEMACIAS,-8.04957,-34.88130,4.2
125,2026-07-10T17:31:00-03:00,HEMACIAS,-8.04729,-34.87766,3.9
125,2026-07-10T17:36:00-03:00,HEMACIAS,-8.05038,-34.88160,4.3
125,2026-07-10T17:41:00-03:00,HEMACIAS,-8.05399,-34.88466,4.9
126,2026-07-10T21:25:00-03:00,HEMACIAS,-8.04714,-34.87612,3.8
126,2026-07-10T21:30:00-03:00,HEMACIAS,-8.04344,-34.89027,3.8
126,2026-07-10T21:35:00-03:00,HEMACIAS,-8.04144,-34.90211,4.0
126,2026-07-10T21:40:00-03:00,HEMACIAS,-8.03981,-34.91339,3.3
126,2026-07-10T21:45:00-03:00,HEMACIAS,-8.03702,-34.92573,3.6
126,2026-07-10T21:50:00-03:00,HEMACIAS,-8.03393,-34.93852,3.6
126,2026-07-10T21:55:00-03:00,HEMACIAS,-8.03027,-34.95112,4.1
126,2026-07-10T22:00:00-03:00,HEMACIAS,-8.02703,-34.96296,4.2
126,2026-07-10T22:05:00-03:00,HEMACIAS,-8.02341,-34.97473,4.6
127,2026-07-10T22:45:00-03:00,HEMACIAS,-8.04636,-34.87768,3.6
127,2026-07-10T22:50:00-03:00,HEMACIAS,-8.04986,-34.87914,4.3
127,2026-07-10T22:55:00-03:00,HEMACIAS,-8.05164,-34.88117,4.0
127,2026-07-10T23:00:00-03:00,HEMACIAS,-8.05526,-34.88368,3.6
128,2026-07-11T00:06:00-03:00,HEMACIAS,-8.04663,-34.87721,4.3
128,2026-07-11T00:11:00-03:00,HEMACIAS,-8.05521,-34.89183,4.5
128,2026-07-11T00:16:00-03:00,HEMACIAS,-8.06153,-34.90330,4.3
128,2026-07-11T00:21:00-03:00,HEMACIAS,-8.06664,-34.91949,4.1
128,2026-07-11T00:26:00-03:00,HEMACIAS,-8.07408,-34.93325,3.3
128,2026-07-11T00:31:00-03:00,HEMACIAS,-8.08073,-34.94436,3.9
128,2026-07-11T00:36:00-03:00,HEMACIAS,-8.08695,-34.95883,3.8
128,2026-07-11T00:41:00-03:00,HEMACIAS,-8.09331,-34.97388,3.7
128,2026-07-11T00:46:00-03:00,HEMACIAS,-8.09992,-34.98713,3.8
128,2026-07-11T00:51:00-03:00,HEMACIAS,-8.10589,-35.00108,4.1
128,2026-07-11T00:56:00-03:00,HEMACIAS,-8.11399,-35.01425,4.3
129,2026-07-10T21:05:00-03:00,HEMACIAS,-8.04671,-34.87484,3.7
129,2026-07-10T21:10:00-03:00,HEMACIAS,-8.05517,-34.89368,3.9
129,2026-07-10T21:15:00-03:00,HEMACIAS,-8.06272,-34.91244,4.0
129,2026-07-10T21:20:00-03:00,HEMACIAS,-8.07093,-34.92973,3.8
129,2026-07-10T21:25:00-03:00,HEMACIAS,-8.07896,-34.94556,3.7
129,2026-07-10T21:30:00-03:00,HEMACIAS,-8.08880,-34.96318,3.8
129,2026-07-10T21:35:00-03:00,HEMACIAS,-8.09731,-34.97975,4.0
129,2026-07-10T21:40:00-03:00,HEMACIAS,-8.10582,-34.99711,3.8
129,2026-07-10T21:45:00-03:00,HEMACIAS,-8.11201,-35.01481,3.4
130,2026-07-11T02:26:00-03:00,HEMACIAS,-8.27575,-35.98198,4.1
130,2026-07-11T02:31:00-03:00,HEMACIAS,-8.27241,-35.96783,3.6
130,2026-07-11T02:36:00-03:00,HEMACIAS,-8.27120,-35.95265,3.7
130,2026-07-11T02:41:00-03:00,HEMACIAS,-8.26869,-35.94222,4.5
130,2026-07-11T02:46:00-03:00,HEMACIAS,-8.26641,-35.92631,3.9
130,2026-07-11T02:51:00-03:00,HEMACIAS,-8.26342,-35.91391,3.1
130,2026-07-11T02:56:00-03:00,HEMACIAS,-8.26329,-35.89809,3.4
130,2026-07-11T03:01:00-03:00,HEMACIAS,-8.25904,-35.88588,3.1
130,2026-07-11T03:06:00-03:00,HEMACIAS,-8.25687,-35.87195,3.0
130,2026-07-11T03:11:00-03:00,HEMACIAS,-8.25534,-35.85727,3.5
130,2026-07-11T03:16:00-03:00,HEMACIAS,-8.25179,-35.84441,3.1
130,2026-07-11T03:21:00-03:00,HEMACIAS,-8.24914,-35.82919,3.1
130,2026-07-11T03:26:00-03:00,HEMACIAS,-8.24745,-35.81597,2.5
130,2026-07-11T03:31:00-03:00,HEMACIAS,-8.24487,-35.80376,2.5
130,2026-07-11T03:36:00-03:00,HEMACIAS,-8.24411,-35.78953,3.0
130,2026-07-11T03:41:00-03:00,HEMACIAS,-8.24128,-35.77442,3.8
130,2026-07-11T03:46:00-03:00,HEMACIAS,-8.23849,-35.76283,3.9
130,2026-07-11T03:51:00-03:00,HEMACIAS,-8.23524,-35.74878,4.0
130,2026-07-11T03:56:00-03:00,HEMACIAS,-8.23514,-35.73398,4.0
130,2026-07-11T04:01:00-03:00,HEMACIAS,-8.23081,-35.71990,4.5
130,2026-07-11T04:06:00-03:00,HEMACIAS,-8.23000,-35.70623,4.4
130,2026-07-11T04:11:00-03:00,HEMACIAS,-8.22695,-35.69279,4.0
130,2026-07-11T04:16:00-03:00,HEMACIAS,-8.22421,-35.67836,4.4
130,2026-07-11T04:21:00-03:00,HEMACIAS,-8.22238,-35.66499,4.2
130,2026-07-11T04:26:00-03:00,HEMACIAS,-8.21955,-35.65048,4.0
130,2026-07-11T04:31:00-03:00,HEMACIAS,-8.21833,-35.63629,4.5
130,2026-07-11T04:36:00-03:00,HEMACIAS,-8.21543,-35.62400,4.4
130,2026-07-11T04:41:00-03:00,HEMACIAS,-8.21295,-35.60987,4.5
130,2026-07-11T04:46:00-03:00,HEMACIAS,-8.21000,-35.59628,4.1
130,2026-07-11T04:51:00-03:00,HEMACIAS,-8.20761,-35.58236,3.3
130,2026-07-11T04:56:00-03:00,HEMACIAS,-8.20579,-35.56810,3.2
130,2026-07-11T05:01:00-03:00,HEMACIAS,-8.20359,-35.55609,3.9
130,2026-07-11T05:06:00-03:00,HEMACIAS,-8.20085,-35.54174,4.0
130,2026-07-11T05:11:00-03:00,HEMACIAS,-8.19985,-35.52687,4.0
130,2026-07-11T05:16:00-03:00,HEMACIAS,-8.19827,-35.51326,3.7
130,2026-07-11T05:21:00-03:00,HEMACIAS,-8.19475,-35.49910,4.2
130,2026-07-11T05:26:00-03:00,HEMACIAS,-8.19205,-35.48495,4.7
130,2026-07-11T05:31:00-03:00,HEMACIAS,-8.18938,-35.47225,3.9
130,2026-07-11T05:36:00-03:00,HEMACIAS,-8.18913,-35.45795,3.9
130,2026-07-11T05:41:00-03:00,HEMACIAS,-8.18527,-35.44464,3.9
130,2026-07-11T05:46:00-03:00,HEMACIAS,-8.18317,-35.43069,3.7
130,2026-07-11T05:51:00-03:00,HEMACIAS,-8.17988,-35.41731,4.0
130,2026-07-11T05:56:00-03:00,HEMACIAS,-8.17913,-35.40336,4.1
130,2026-07-11T06:01:00-03:00,HEMACIAS,-8.17517,-35.39002,4.1
130,2026-07-11T06:06:00-03:00,HEMACIAS,-8.17327,-35.37502,4.0
130,2026-07-11T06:11:00-03:00,HEMACIAS,-8.17146,-35.36251,3.9
130,2026-07-11T06:16:00-03:00,HEMACIAS,-8.16961,-35.34823,4.1
130,2026-07-11T06:21:00-03:00,HEMACIAS,-8.16754,-35.33450,4.3
130,2026-07-11T06:26:00-03:00,HEMACIAS,-8.16404,-35.31974,4.0
130,2026-07-11T06:31:00-03:00,HEMACIAS,-8.16240,-35.30660,4.3
130,2026-07-11T06:36:00-03:00,HEMACIAS,-8.15961,-35.29339,4.5
130,2026-07-11T06:41:00-03:00,HEMACIAS,-8.15585,-35.27918,4.4
130,2026-07-11T06:46:00-03:00,HEMACIAS,-8.15604,-35.26681,4.1
130,2026-07-11T06:51:00-03:00,HEMACIAS,-8.15316,-35.25127,4.1
130,2026-07-11T06:56:00-03:00,HEMACIAS,-8.15097,-35.23871,4.2
130,2026-07-11T07:01:00-03:00,HEMACIAS,-8.14748,-35.22470,3.9
130,2026-07-11T07:06:00-03:00,HEMACIAS,-8.14514,-35.21050,4.4
130,2026-07-11T07:11:00-03:00,HEMACIAS,-8.14321,-35.19741,4.2
130,2026-07-11T07:16:00-03:00,HEMACIAS,-8.13965,-35.18182,4.0
130,2026-07-11T07:21:00-03:00,HEMACIAS,-8.13889,-35.16771,3.7
130,2026-07-11T07:26:00-03:00,HEMACIAS,-8.13629,-35.15504,4.1
130,2026-07-11T07:31:00-03:00,HEMACIAS,-8.13497,-35.14077,4.3
130,2026-07-11T07:36:00-03:00,HEMACIAS,-8.13234,-35.13013,4.1
130,2026-07-11T07:41:00-03:00,HEMACIAS,-8.13086,-35.11495,4.1
130,2026-07-11T07:46:00-03:00,HEMACIAS,-8.12733,-35.09925,3.9
130,2026-07-11T07:51:00-03:00,HEMACIAS,-8.12350,-35.08624,4.4
130,2026-07-11T07:56:00-03:00,HEMACIAS,-8.12279,-35.07297,4.5
130,2026-07-11T08:01:00-03:00,HEMACIAS,-8.12098,-35.06017,4.0
130,2026-07-11T08:06:00-03:00,HEMACIAS,-8.11758,-35.04581,4.0
130,2026-07-11T08:11:00-03:00,HEMACIAS,-8.11533,-35.03117,4.7
130,2026-07-11T08:16:00-03:00,HEMACIAS,-8.11343,-35.01631,4.1
131,2026-07-11T02:43:00-03:00,HEMACIAS,-8.04778,-34.87722,3.9
131,2026-07-11T02:48:00-03:00,HEMACIAS,-8.04923,-34.88034,3.9
131,2026-07-11T02:53:00-03:00,HEMACIAS,-8.05070,-34.88091,3.8
131,2026-07-11T02:58:00-03:00,HEMACIAS,-8.05264,-34.88211,3.5
132,2026-07-11T11:04:00-03:00,HEMACIAS,-8.04803,-34.87657,4.1
132,2026-07-11T11:09:00-03:00,HEMACIAS,-8.04327,-34.87758,3.8
132,2026-07-11T11:14:00-03:00,HEMACIAS,-8.03684,-34.87698,3.9
132,2026-07-11T11:19:00-03:00,HEMACIAS,-8.03387,-34.87598,3.9
132,2026-07-11T11:24:00-03:00,HEMACIAS,-8.02933,-34.87634,3.9
132,2026-07-11T11:29:00-03:00,HEMACIAS,-8.02646,-34.87552,3.6
132,2026-07-11T11:34:00-03:00,HEMACIAS,-8.02179,-34.87623,2.7
132,2026-07-11T11:39:00-03:00,HEMACIAS,-8.01705,-34.87738,3.1
132,2026-07-11T11:44:00-03:00,HEMACIAS,-8.01191,-34.87569,3.3
132,2026-07-11T11:49:00-03:00,HEMACIAS,-8.00761,-34.87442,3.3
132,2026-07-11T11:54:00-03:00,HEMACIAS,-8.00232,-34.87378,3.2
132,2026-07-11T11:59:00-03:00,HEMACIAS,-7.99770,-34.87549,3.0
132,2026-07-11T12:04:00-03:00,HEMACIAS,-7.99438,-34.87382,3.0
132,2026-07-11T12:09:00-03:00,HEMACIAS,-7.99072,-34.87384,3.5
132,2026-07-11T12:14:00-03:00,HEMACIAS,-7.98544,-34.87397,3.8
132,2026-07-11T12:19:00-03:00,HEMACIAS,-7.98272,-34.87487,4.0
132,2026-07-11T12:24:00-03:00,HEMACIAS,-7.97736,-34.87475,4.0
132,2026-07-11T12:29:00-03:00,HEMACIAS,-7.97226,-34.87422,4.0
132,2026-07-11T12:34:00-03:00,HEMACIAS,-7.96507,-34.87305,4.5
132,2026-07-11T12:39:00-03:00,HEMACIAS,-7.96311,-34.87357,4.3
132,2026-07-11T12:44:00-03:00,HEMACIAS,-7.95964,-34.87336,4.3
132,2026-07-11T12:49:00-03:00,HEMACIAS,-7.95369,-34.87476,4.0
132,2026-07-11T12:54:00-03:00,HEMACIAS,-7.95089,-34.87392,3.7
132,2026-07-11T12:59:00-03:00,HEMACIAS,-7.94603,-34.87503,3.6
132,2026-07-11T13:04:00-03:00,HEMACIAS,-7.94014,-34.87317,4.5
133,2026-07-11T06:50:00-03:00,PLASMA,-8.27615,-35.98153,-29.8
133,2026-07-11T06:55:00-03:00,PLASMA,-8.27870,-35.97854,-27.9
133,2026-07-11T07:00:00-03:00,PLASMA,-8.28152,-35.97413,-28.8
133,2026-07-11T07:05:00-03:00,PLASMA,-8.28454,-35.97021,-30.3
134,2026-07-11T11:20:00-03:00,HEMACIAS,-8.04766,-34.87683,3.5
134,2026-07-11T11:25:00-03:00,HEMACIAS,-8.04866,-34.87883,3.8
134,2026-07-11T11:30:00-03:00,HEMACIAS,-8.05036,-34.88189,4.1
134,2026-07-11T11:35:00-03:00,HEMACIAS,-8.05166,-34.88474,4.2
134,2026-07-11T11:40:00-03:00,HEMACIAS,-8.05449,-34.88560,4.5
136,2026-07-11T16:17:00-03:00,HEMACIAS,-8.27739,-35.98258,4.0
136,2026-07-11T16:22:00-03:00,HEMACIAS,-8.27995,-35.97687,4.3
136,2026-07-11T16:27:00-03:00,HEMACIAS,-8.28231,-35.97429,4.3
138,2026-07-11T14:47:00-03:00,HEMACIAS,-8.04776,-34.87655,3.8
138,2026-07-11T14:52:00-03:00,HEMACIAS,-8.05064,-34.87937,4.1
138,2026-07-11T14:57:00-03:00,HEMACIAS,-8.05314,-34.88285,4.1
141,2026-07-12T10:01:00-03:00,HEMACIAS,-8.04841,-34.87675,4.4
141,2026-07-12T10:06:00-03:00,HEMACIAS,-8.05349,-34.89012,4.7
141,2026-07-12T10:11:00-03:00,HEMACIAS,-8.06021,-34.90360,4.2
141,2026-07-12T10:16:00-03:00,HEMACIAS,-8.06684,-34.91821,4.4
141,2026-07-12T10:21:00-03:00,HEMACIAS,-8.07417,-34.93123,4.0
141,2026-07-12T10:26:00-03:00,HEMACIAS,-8.07942,-34.94414,4.2
141,2026-07-12T10:31:00-03:00,HEMACIAS,-8.08522,-34.95919,4.5
141,2026-07-12T10:36:00-03:00,HEMACIAS,-8.09254,-34.97077,3.8
141,2026-07-12T10:41:00-03:00,HEMACIAS,-8.09867,-34.98658,3.6
141,2026-07-12T10:46:00-03:00,HEMACIAS,-8.10527,-34.99759,4.3
141,2026-07-12T10:51:00-03:00,HEMACIAS,-8.11168,-35.01175,4.1
142,2026-07-12T15:54:00-03:00,HEMACIAS,-8.04832,-34.87783,3.7
142,2026-07-12T15:59:00-03:00,HEMACIAS,-8.04903,-34.88048,3.7
142,2026-07-12T16:04:00-03:00,HEMACIAS,-8.05487,-34.88393,3.5
144,2026-07-12T20:35:00-03:00,HEMACIAS,-8.04894,-34.87779,3.5
144,2026-07-12T20:40:00-03:00,HEMACIAS,-8.05579,-34.89332,3.9
144,2026-07-12T20:45:00-03:00,HEMACIAS,-8.06347,-34.91061,3.5
144,2026-07-12T20:50:00-03:00,HEMACIAS,-8.07066,-34.92923,3.5
144,2026-07-12T20:55:00-03:00,HEMACIAS,-8.07938,-34.94489,3.2
144,2026-07-12T21:00:00-03:00,HEMACIAS,-8.08751,-34.96437,3.9
144,2026-07-12T21:05:00-03:00,HEMACIAS,-8.09628,-34.98006,3.9
144,2026-07-12T21:10:00-03:00,HEMACIAS,-8.10511,-34.99856,4.4
144,2026-07-12T21:15:00-03:00,HEMACIAS,-8.11333,-35.01444,4.5
145,2026-07-12T15:41:00-03:00,HEMACIAS,-8.04698,-34.87736,4.2
145,2026-07-12T15:46:00-03:00,HEMACIAS,-8.04354,-34.89351,4.3
145,2026-07-12T15:51:00-03:00,HEMACIAS,-8.03715,-34.91041,3.8
145,2026-07-12T15:56:00-03:00,HEMACIAS,-8.03411,-34.92869,3.4
145,2026-07-12T16:01:00-03:00,HEMACIAS,-8.03248,-34.94522,3.5
145,2026-07-12T16:06:00-03:00,HEMACIAS,-8.02768,-34.96081,3.6
145,2026-07-12T16:11:00-03:00,HEMACIAS,-8.02322,-34.97718,3.6
148,2026-07-13T09:33:00-03:00,PLAQUETAS,-8.04746,-34.87672,22.1
148,2026-07-13T09:38:00-03:00,PLAQUETAS,-8.03735,-34.86997,21.9
148,2026-07-13T09:43:00-03:00,PLAQUETAS,-8.02763,-34.86620,22.3
148,2026-07-13T09:48:00-03:00,PLAQUETAS,-8.01565,-34.85935,22.4
149,2026-07-13T12:34:00-03:00,HEMACIAS,-8.04881,-34.87671,4.6
149,2026-07-13T12:39:00-03:00,HEMACIAS,-8.03580,-34.87126,4.4
149,2026-07-13T12:44:00-03:00,HEMACIAS,-8.02405,-34.86332,3.8
149,2026-07-13T12:49:00-03:00,HEMACIAS,-8.01170,-34.85645,4.0
150,2026-07-13T09:18:00-03:00,HEMACIAS,-8.04686,-34.87641,3.5
150,2026-07-13T09:23:00-03:00,HEMACIAS,-8.05115,-34.89112,4.1
150,2026-07-13T09:28:00-03:00,HEMACIAS,-8.05434,-34.90433,4.0
150,2026-07-13T09:33:00-03:00,HEMACIAS,-8.05681,-34.91677,3.9
150,2026-07-13T09:38:00-03:00,HEMACIAS,-8.06045,-34.93105,4.1
150,2026-07-13T09:43:00-03:00,HEMACIAS,-8.06381,-34.94483,4.0
150,2026-07-13T09:48:00-03:00,HEMACIAS,-8.06496,-34.96047,3.6
150,2026-07-13T09:53:00-03:00,HEMACIAS,-8.06917,-34.97143,4.1
150,2026-07-13T09:58:00-03:00,HEMACIAS,-8.07152,-34.98591,3.1
150,2026-07-13T10:03:00-03:00,HEMACIAS,-8.07527,-34.99929,3.2
150,2026-07-13T10:08:00-03:00,HEMACIAS,-8.07711,-35.01160,3.4
150,2026-07-13T10:13:00-03:00,HEMACIAS,-8.07984,-35.02517,3.6
150,2026-07-13T10:18:00-03:00,HEMACIAS,-8.08333,-35.03983,3.8
150,2026-07-13T10:23:00-03:00,HEMACIAS,-8.08622,-35.05432,4.1
150,2026-07-13T10:28:00-03:00,HEMACIAS,-8.09010,-35.06859,4.0
150,2026-07-13T10:33:00-03:00,HEMACIAS,-8.08986,-35.08039,3.8
150,2026-07-13T10:38:00-03:00,HEMACIAS,-8.09618,-35.09475,3.8
150,2026-07-13T10:43:00-03:00,HEMACIAS,-8.09781,-35.10809,3.8
150,2026-07-13T10:48:00-03:00,HEMACIAS,-8.10011,-35.12103,4.4
150,2026-07-13T10:53:00-03:00,HEMACIAS,-8.10335,-35.13468,4.0
150,2026-07-13T10:58:00-03:00,HEMACIAS,-8.10584,-35.14658,3.9
150,2026-07-13T11:03:00-03:00,HEMACIAS,-8.10925,-35.16023,4.3
150,2026-07-13T11:08:00-03:00,HEMACIAS,-8.11394,-35.17484,4.0
150,2026-07-13T11:13:00-03:00,HEMACIAS,-8.11625,-35.18938,4.6
150,2026-07-13T11:18:00-03:00,HEMACIAS,-8.11815,-35.20204,4.5
150,2026-07-13T11:23:00-03:00,HEMACIAS,-8.12077,-35.21643,4.5
150,2026-07-13T11:28:00-03:00,HEMACIAS,-8.12300,-35.22788,4.4
150,2026-07-13T11:33:00-03:00,HEMACIAS,-8.12817,-35.24233,4.4
150,2026-07-13T11:38:00-03:00,HEMACIAS,-8.13151,-35.25753,4.8
150,2026-07-13T11:43:00-03:00,HEMACIAS,-8.13329,-35.26901,4.8
150,2026-07-13T11:48:00-03:00,HEMACIAS,-8.13628,-35.28354,4.0
150,2026-07-13T11:53:00-03:00,HEMACIAS,-8.13941,-35.29735,3.7
150,2026-07-13T11:58:00-03:00,HEMACIAS,-8.14214,-35.31100,3.4
150,2026-07-13T12:03:00-03:00,HEMACIAS,-8.14556,-35.32404,3.4
150,2026-07-13T12:08:00-03:00,HEMACIAS,-8.14838,-35.33682,3.6
150,2026-07-13T12:13:00-03:00,HEMACIAS,-8.15027,-35.35263,3.2
150,2026-07-13T12:18:00-03:00,HEMACIAS,-8.15193,-35.36590,3.9
150,2026-07-13T12:23:00-03:00,HEMACIAS,-8.15709,-35.37868,4.0
150,2026-07-13T12:28:00-03:00,HEMACIAS,-8.16052,-35.39217,4.2
150,2026-07-13T12:33:00-03:00,HEMACIAS,-8.16197,-35.40598,4.4
150,2026-07-13T12:38:00-03:00,HEMACIAS,-8.16445,-35.42023,3.5
150,2026-07-13T12:43:00-03:00,HEMACIAS,-8.16877,-35.43292,3.9
150,2026-07-13T12:48:00-03:00,HEMACIAS,-8.17137,-35.44630,4.3
150,2026-07-13T12:53:00-03:00,HEMACIAS,-8.17312,-35.45816,3.7
150,2026-07-13T12:58:00-03:00,HEMACIAS,-8.17945,-35.47351,3.9
150,2026-07-13T13:03:00-03:00,HEMACIAS,-8.18157,-35.48861,3.7
150,2026-07-13T13:08:00-03:00,HEMACIAS,-8.18157,-35.50101,3.5
150,2026-07-13T13:13:00-03:00,HEMACIAS,-8.18592,-35.51505,3.8
150,2026-07-13T13:18:00-03:00,HEMACIAS,-8.18844,-35.52677,4.1
150,2026-07-13T13:23:00-03:00,HEMACIAS,-8.19144,-35.54279,4.4
150,2026-07-13T13:28:00-03:00,HEMACIAS,-8.19457,-35.55500,4.4
150,2026-07-13T13:33:00-03:00,HEMACIAS,-8.19713,-35.56830,4.6
150,2026-07-13T13:38:00-03:00,HEMACIAS,-8.20013,-35.58308,4.7
150,2026-07-13T13:43:00-03:00,HEMACIAS,-8.20158,-35.59605,3.9
150,2026-07-13T13:48:00-03:00,HEMACIAS,-8.20587,-35.60953,4.4
150,2026-07-13T13:53:00-03:00,HEMACIAS,-8.20880,-35.62205,3.6
150,2026-07-13T13:58:00-03:00,HEMACIAS,-8.21197,-35.63711,3.6
150,2026-07-13T14:03:00-03:00,HEMACIAS,-8.21494,-35.64949,3.8
150,2026-07-13T14:08:00-03:00,HEMACIAS,-8.21899,-35.66243,3.5
150,2026-07-13T14:13:00-03:00,HEMACIAS,-8.22148,-35.67850,3.5
150,2026-07-13T14:18:00-03:00,HEMACIAS,-8.22584,-35.68906,4.1
150,2026-07-13T14:23:00-03:00,HEMACIAS,-8.22838,-35.70340,3.7
150,2026-07-13T14:28:00-03:00,HEMACIAS,-8.23163,-35.71852,3.7
150,2026-07-13T14:33:00-03:00,HEMACIAS,-8.23330,-35.72993,3.6
150,2026-07-13T14:38:00-03:00,HEMACIAS,-8.23597,-35.74521,4.1
150,2026-07-13T14:43:00-03:00,HEMACIAS,-8.23914,-35.75866,4.5
150,2026-07-13T14:48:00-03:00,HEMACIAS,-8.24248,-35.77192,4.6
150,2026-07-13T14:53:00-03:00,HEMACIAS,-8.24618,-35.78665,4.4
150,2026-07-13T14:58:00-03:00,HEMACIAS,-8.24798,-35.79749,4.2
150,2026-07-13T15:03:00-03:00,HEMACIAS,-8.25000,-35.81241,5.0
150,2026-07-13T15:08:00-03:00,HEMACIAS,-8.25377,-35.82589,5.1
150,2026-07-13T15:13:00-03:00,HEMACIAS,-8.25599,-35.83982,4.5
150,2026-07-13T15:18:00-03:00,HEMACIAS,-8.25809,-35.85324,4.4
150,2026-07-13T15:23:00-03:00,HEMACIAS,-8.26315,-35.86660,4.6
150,2026-07-13T15:28:00-03:00,HEMACIAS,-8.26558,-35.88080,4.4
150,2026-07-13T15:33:00-03:00,HEMACIAS,-8.26927,-35.89296,4.3
150,2026-07-13T15:38:00-03:00,HEMACIAS,-8.27159,-35.90741,4.1
150,2026-07-13T15:43:00-03:00,HEMACIAS,-8.27396,-35.92138,4.1
150,2026-07-13T15:48:00-03:00,HEMACIAS,-8.27700,-35.93504,4.9
150,2026-07-13T15:53:00-03:00,HEMACIAS,-8.28133,-35.94880,5.0
150,2026-07-13T15:58:00-03:00,HEMACIAS,-8.28337,-35.96289,4.1
151,2026-07-13T13:57:00-03:00,CRIOPRECIPITADO,-8.04708,-34.87478,-29.5
151,2026-07-13T14:02:00-03:00,CRIOPRECIPITADO,-8.05327,-34.88408,-28.7
151,2026-07-13T14:07:00-03:00,CRIOPRECIPITADO,-8.05696,-34.89160,-28.4
151,2026-07-13T14:12:00-03:00,CRIOPRECIPITADO,-8.06094,-34.89829,-27.4
152,2026-07-13T15:50:00-03:00,HEMACIAS,-8.04721,-34.87721,3.8
152,2026-07-13T15:55:00-03:00,HEMACIAS,-8.05313,-34.89026,3.9
152,2026-07-13T16:00:00-03:00,HEMACIAS,-8.06023,-34.90333,3.7
152,2026-07-13T16:05:00-03:00,HEMACIAS,-8.06708,-34.91549,3.4
152,2026-07-13T16:10:00-03:00,HEMACIAS,-8.07230,-34.92930,3.8
152,2026-07-13T16:15:00-03:00,HEMACIAS,-8.07881,-34.94181,3.8
152,2026-07-13T16:20:00-03:00,HEMACIAS,-8.08355,-34.95605,4.4
152,2026-07-13T16:25:00-03:00,HEMACIAS,-8.09119,-34.96776,4.4
152,2026-07-13T16:30:00-03:00,HEMACIAS,-8.09770,-34.98094,4.3
152,2026-07-13T16:35:00-03:00,HEMACIAS,-8.10301,-34.99454,4.8
152,2026-07-13T16:40:00-03:00,HEMACIAS,-8.10985,-35.00716,5.5
153,2026-07-13T18:44:00-03:00,HEMACIAS,-8.27697,-35.98113,3.5
153,2026-07-13T18:49:00-03:00,HEMACIAS,-8.27271,-35.95977,3.6
153,2026-07-13T18:54:00-03:00,HEMACIAS,-8.26967,-35.94152,3.2
153,2026-07-13T18:59:00-03:00,HEMACIAS,-8.26580,-35.92039,3.5
153,2026-07-13T19:04:00-03:00,HEMACIAS,-8.26188,-35.90150,3.5
153,2026-07-13T19:09:00-03:00,HEMACIAS,-8.25834,-35.88090,4.1
153,2026-07-13T19:14:00-03:00,HEMACIAS,-8.25554,-35.86082,4.1
153,2026-07-13T19:19:00-03:00,HEMACIAS,-8.25218,-35.83900,4.0
153,2026-07-13T19:24:00-03:00,HEMACIAS,-8.24937,-35.82137,3.5
153,2026-07-13T19:29:00-03:00,HEMACIAS,-8.24618,-35.79851,3.2
153,2026-07-13T19:34:00-03:00,HEMACIAS,-8.24181,-35.78041,2.9
153,2026-07-13T19:39:00-03:00,HEMACIAS,-8.23892,-35.76040,3.7
153,2026-07-13T19:44:00-03:00,HEMACIAS,-8.23491,-35.73687,4.2
153,2026-07-13T19:49:00-03:00,HEMACIAS,-8.23096,-35.71785,4.4
153,2026-07-13T19:54:00-03:00,HEMACIAS,-8.23067,-35.69913,4.2
153,2026-07-13T19:59:00-03:00,HEMACIAS,-8.22438,-35.67895,4.1
153,2026-07-13T20:04:00-03:00,HEMACIAS,-8.22102,-35.65776,3.9
153,2026-07-13T20:09:00-03:00,HEMACIAS,-8.21880,-35.63725,3.6
153,2026-07-13T20:14:00-03:00,HEMACIAS,-8.21393,-35.61718,2.9
153,2026-07-13T20:19:00-03:00,HEMACIAS,-8.21060,-35.59806,3.6
153,2026-07-13T20:24:00-03:00,HEMACIAS,-8.20773,-35.57622,4.1
153,2026-07-13T20:29:00-03:00,HEMACIAS,-8.20440,-35.55732,4.5
153,2026-07-13T20:34:00-03:00,HEMACIAS,-8.20116,-35.53654,4.7
153,2026-07-13T20:39:00-03:00,HEMACIAS,-8.19787,-35.51623,5.2
153,2026-07-13T20:44:00-03:00,HEMACIAS,-8.19445,-35.49671,4.8
153,2026-07-13T20:49:00-03:00,HEMACIAS,-8.18993,-35.47647,4.7
153,2026-07-13T20:54:00-03:00,HEMACIAS,-8.18806,-35.45461,4.4
153,2026-07-13T20:59:00-03:00,HEMACIAS,-8.18365,-35.43494,4.4
153,2026-07-13T21:04:00-03:00,HEMACIAS,-8.17989,-35.41489,4.6
153,2026-07-13T21:09:00-03:00,HEMACIAS,-8.17621,-35.39452,4.6
153,2026-07-13T21:14:00-03:00,HEMACIAS,-8.17450,-35.37510,4.5
153,2026-07-13T21:19:00-03:00,HEMACIAS,-8.16886,-35.35383,4.2
153,2026-07-13T21:24:00-03:00,HEMACIAS,-8.16617,-35.33527,4.0
153,2026-07-13T21:29:00-03:00,HEMACIAS,-8.16332,-35.31488,4.3
153,2026-07-13T21:34:00-03:00,HEMACIAS,-8.16017,-35.29454,4.1
153,2026-07-13T21:39:00-03:00,HEMACIAS,-8.15526,-35.27386,4.1
153,2026-07-13T21:44:00-03:00,HEMACIAS,-8.15358,-35.25388,3.3
153,2026-07-13T21:49:00-03:00,HEMACIAS,-8.14890,-35.23303,3.3
153,2026-07-13T21:54:00-03:00,HEMACIAS,-8.14581,-35.21398,3.3
153,2026-07-13T21:59:00-03:00,HEMACIAS,-8.14270,-35.19265,2.6
153,2026-07-13T22:04:00-03:00,HEMACIAS,-8.13854,-35.17220,3.2
153,2026-07-13T22:09:00-03:00,HEMACIAS,-8.13558,-35.15294,3.4
153,2026-07-13T22:14:00-03:00,HEMACIAS,-8.13369,-35.13047,4.0
153,2026-07-13T22:19:00-03:00,HEMACIAS,-8.13027,-35.11134,4.0
153,2026-07-13T22:24:00-03:00,HEMACIAS,-8.12526,-35.09056,4.3
153,2026-07-13T22:29:00-03:00,HEMACIAS,-8.12086,-35.07033,4.1
153,2026-07-13T22:34:00-03:00,HEMACIAS,-8.11756,-35.04989,4.1
153,2026-07-13T22:39:00-03:00,HEMACIAS,-8.11443,-35.02928,4.2
154,2026-07-13T16:35:00-03:00,HEMACIAS,-8.27538,-35.98043,4.1
154,2026-07-13T16:40:00-03:00,HEMACIAS,-8.27363,-35.96469,4.4
154,2026-07-13T16:45:00-03:00,HEMACIAS,-8.26996,-35.94716,4.8
154,2026-07-13T16:50:00-03:00,HEMACIAS,-8.26667,-35.93013,4.5
154,2026-07-13T16:55:00-03:00,HEMACIAS,-8.26411,-35.91234,4.6
154,2026-07-13T17:00:00-03:00,HEMACIAS,-8.26035,-35.89493,5.3
154,2026-07-13T17:05:00-03:00,HEMACIAS,-8.25844,-35.87624,4.9
154,2026-07-13T17:10:00-03:00,HEMACIAS,-8.25371,-35.85902,4.4
154,2026-07-13T17:15:00-03:00,HEMACIAS,-8.25106,-35.84200,4.1
154,2026-07-13T17:20:00-03:00,HEMACIAS,-8.24615,-35.82373,4.6
154,2026-07-13T17:25:00-03:00,HEMACIAS,-8.24530,-35.80660,4.7
154,2026-07-13T17:30:00-03:00,HEMACIAS,-8.24171,-35.78948,4.6
154,2026-07-13T17:35:00-03:00,HEMACIAS,-8.23942,-35.77162,4.1
154,2026-07-13T17:40:00-03:00,HEMACIAS,-8.23432,-35.75432,4.7
154,2026-07-13T17:45:00-03:00,HEMACIAS,-8.23104,-35.73741,4.8
154,2026-07-13T17:50:00-03:00,HEMACIAS,-8.23023,-35.71895,4.6
154,2026-07-13T17:55:00-03:00,HEMACIAS,-8.22671,-35.70252,4.6
154,2026-07-13T18:00:00-03:00,HEMACIAS,-8.22228,-35.68391,4.4
154,2026-07-13T18:05:00-03:00,HEMACIAS,-8.21904,-35.66685,4.0
154,2026-07-13T18:10:00-03:00,HEMACIAS,-8.21558,-35.64802,4.6
154,2026-07-13T18:15:00-03:00,HEMACIAS,-8.21415,-35.63092,4.4
154,2026-07-13T18:20:00-03:00,HEMACIAS,-8.20974,-35.61254,4.0
154,2026-07-13T18:25:00-03:00,HEMACIAS,-8.20810,-35.59739,4.1
154,2026-07-13T18:30:00-03:00,HEMACIAS,-8.20451,-35.57831,3.7
155,2026-07-13T14:47:00-03:00,PLAQUETAS,-8.04853,-34.87641,21.5
155,2026-07-13T14:52:00-03:00,PLAQUETAS,-8.05231,-34.88200,21.6
155,2026-07-13T14:57:00-03:00,PLAQUETAS,-8.05572,-34.88710,27.4
155,2026-07-13T15:02:00-03:00,PLAQUETAS,-8.05780,-34.89249,27.8
155,2026-07-13T15:07:00-03:00,PLAQUETAS,-8.06265,-34.89751,27.8
156,2026-07-13T17:33:00-03:00,PLAQUETAS,-8.27630,-35.98178,22.3
156,2026-07-13T17:38:00-03:00,PLAQUETAS,-8.27981,-35.97715,22.4
156,2026-07-13T17:43:00-03:00,PLAQUETAS,-8.28387,-35.97059,22.2
157,2026-07-13T18:19:00-03:00,HEMACIAS,-8.04792,-34.87560,4.1
157,2026-07-13T18:24:00-03:00,HEMACIAS,-8.05196,-34.88340,4.2
157,2026-07-13T18:29:00-03:00,HEMACIAS,-8.05720,-34.89093,4.0
157,2026-07-13T18:34:00-03:00,HEMACIAS,-8.06146,-34.89499,3.8
158,2026-07-13T20:38:00-03:00,HEMACIAS,-8.27708,-35.98168,4.4
158,2026-07-13T20:43:00-03:00,HEMACIAS,-8.27926,-35.97710,4.7
158,2026-07-13T20:48:00-03:00,HEMACIAS,-8.28344,-35.97465,4.2
159,2026-07-14T04:38:00-03:00,HEMACIAS,-8.27709,-35.98196,3.8
159,2026-07-14T04:43:00-03:00,HEMACIAS,-8.27818,-35.97643,3.4
159,2026-07-14T04:48:00-03:00,HEMACIAS,-8.28278,-35.97261,3.5
160,2026-07-14T02:33:00-03:00,HEMACIAS,-8.27718,-35.98279,4.0
160,2026-07-14T02:38:00-03:00,HEMACIAS,-8.27411,-35.96818,3.9
160,2026-07-14T02:43:00-03:00,HEMACIAS,-8.27063,-35.95511,3.8
160,2026-07-14T02:48:00-03:00,HEMACIAS,-8.26846,-35.94184,4.3
160,2026-07-14T02:53:00-03:00,HEMACIAS,-8.26674,-35.92910,3.9
160,2026-07-14T02:58:00-03:00,HEMACIAS,-8.26507,-35.91467,4.0
160,2026-07-14T03:03:00-03:00,HEMACIAS,-8.26272,-35.90109,3.8
160,2026-07-14T03:08:00-03:00,HEMACIAS,-8.25878,-35.88794,4.3
160,2026-07-14T03:13:00-03:00,HEMACIAS,-8.25735,-35.87510,4.6
160,2026-07-14T03:18:00-03:00,HEMACIAS,-8.25568,-35.86125,4.2
160,2026-07-14T03:23:00-03:00,HEMACIAS,-8.25404,-35.84650,4.1
160,2026-07-14T03:28:00-03:00,HEMACIAS,-8.25192,-35.83449,4.3
160,2026-07-14T03:33:00-03:00,HEMACIAS,-8.24851,-35.82187,3.9
160,2026-07-14T03:38:00-03:00,HEMACIAS,-8.24699,-35.80768,4.0
160,2026-07-14T03:43:00-03:00,HEMACIAS,-8.24447,-35.79462,4.1
160,2026-07-14T03:48:00-03:00,HEMACIAS,-8.24298,-35.77968,4.0
160,2026-07-14T03:53:00-03:00,HEMACIAS,-8.23956,-35.76762,4.1
160,2026-07-14T03:58:00-03:00,HEMACIAS,-8.23692,-35.75314,4.7
160,2026-07-14T04:03:00-03:00,HEMACIAS,-8.23590,-35.74015,4.5
160,2026-07-14T04:08:00-03:00,HEMACIAS,-8.23215,-35.72681,4.5
160,2026-07-14T04:13:00-03:00,HEMACIAS,-8.22973,-35.71363,4.4
160,2026-07-14T04:18:00-03:00,HEMACIAS,-8.22877,-35.69944,3.8
160,2026-07-14T04:23:00-03:00,HEMACIAS,-8.22538,-35.68704,4.1
160,2026-07-14T04:28:00-03:00,HEMACIAS,-8.22479,-35.67490,4.3
160,2026-07-14T04:33:00-03:00,HEMACIAS,-8.22184,-35.65947,4.1
160,2026-07-14T04:38:00-03:00,HEMACIAS,-8.21922,-35.64758,3.8
160,2026-07-14T04:43:00-03:00,HEMACIAS,-8.21733,-35.63415,4.3
160,2026-07-14T04:48:00-03:00,HEMACIAS,-8.21408,-35.61907,4.2
160,2026-07-14T04:53:00-03:00,HEMACIAS,-8.21280,-35.60579,4.3
160,2026-07-14T04:58:00-03:00,HEMACIAS,-8.21043,-35.59277,4.2
160,2026-07-14T05:03:00-03:00,HEMACIAS,-8.20769,-35.58041,3.7
160,2026-07-14T05:08:00-03:00,HEMACIAS,-8.20465,-35.56624,3.9
160,2026-07-14T05:13:00-03:00,HEMACIAS,-8.20255,-35.55384,3.6
160,2026-07-14T05:18:00-03:00,HEMACIAS,-8.20176,-35.53900,4.3
160,2026-07-14T05:23:00-03:00,HEMACIAS,-8.19905,-35.52686,4.7
160,2026-07-14T05:28:00-03:00,HEMACIAS,-8.19593,-35.51327,4.5
160,2026-07-14T05:33:00-03:00,HEMACIAS,-8.19548,-35.49952,4.5
160,2026-07-14T05:38:00-03:00,HEMACIAS,-8.19242,-35.48649,3.8
160,2026-07-14T05:43:00-03:00,HEMACIAS,-8.19021,-35.47289,4.1
160,2026-07-14T05:48:00-03:00,HEMACIAS,-8.18709,-35.45951,4.0
160,2026-07-14T05:53:00-03:00,HEMACIAS,-8.18611,-35.44577,4.1
160,2026-07-14T05:58:00-03:00,HEMACIAS,-8.18387,-35.43186,4.0
160,2026-07-14T06:03:00-03:00,HEMACIAS,-8.18156,-35.42033,3.5
160,2026-07-14T06:08:00-03:00,HEMACIAS,-8.17846,-35.40431,3.7
160,2026-07-14T06:13:00-03:00,HEMACIAS,-8.17664,-35.39128,4.0
160,2026-07-14T06:18:00-03:00,HEMACIAS,-8.17295,-35.37890,3.9
160,2026-07-14T06:23:00-03:00,HEMACIAS,-8.17150,-35.36622,3.8
160,2026-07-14T06:28:00-03:00,HEMACIAS,-8.16944,-35.35327,4.1
160,2026-07-14T06:33:00-03:00,HEMACIAS,-8.16665,-35.33792,4.3
160,2026-07-14T06:38:00-03:00,HEMACIAS,-8.16457,-35.32508,4.2
160,2026-07-14T06:43:00-03:00,HEMACIAS,-8.16337,-35.31206,4.1
160,2026-07-14T06:48:00-03:00,HEMACIAS,-8.15846,-35.29780,4.1
160,2026-07-14T06:53:00-03:00,HEMACIAS,-8.15819,-35.28534,4.2
160,2026-07-14T06:58:00-03:00,HEMACIAS,-8.15789,-35.27343,4.0
160,2026-07-14T07:03:00-03:00,HEMACIAS,-8.15465,-35.25850,4.0
160,2026-07-14T07:08:00-03:00,HEMACIAS,-8.15158,-35.24413,3.7
160,2026-07-14T07:13:00-03:00,HEMACIAS,-8.14848,-35.23259,3.6
160,2026-07-14T07:18:00-03:00,HEMACIAS,-8.14720,-35.21756,3.7
160,2026-07-14T07:23:00-03:00,HEMACIAS,-8.14588,-35.20511,3.6
160,2026-07-14T07:28:00-03:00,HEMACIAS,-8.14138,-35.19066,4.0
160,2026-07-14T07:33:00-03:00,HEMACIAS,-8.13937,-35.17807,3.9
160,2026-07-14T07:38:00-03:00,HEMACIAS,-8.13794,-35.16515,3.7
160,2026-07-14T07:43:00-03:00,HEMACIAS,-8.13678,-35.15113,3.6
160,2026-07-14T07:48:00-03:00,HEMACIAS,-8.13237,-35.13944,3.8
160,2026-07-14T07:53:00-03:00,HEMACIAS,-8.13152,-35.12416,3.7
160,2026-07-14T07:58:00-03:00,HEMACIAS,-8.12913,-35.11283,3.9
160,2026-07-14T08:03:00-03:00,HEMACIAS,-8.12678,-35.09844,3.5
160,2026-07-14T08:08:00-03:00,HEMACIAS,-8.12381,-35.08446,3.8
160,2026-07-14T08:13:00-03:00,HEMACIAS,-8.12258,-35.07164,4.0
160,2026-07-14T08:18:00-03:00,HEMACIAS,-8.12053,-35.05789,3.1
160,2026-07-14T08:23:00-03:00,HEMACIAS,-8.11756,-35.04331,3.0
160,2026-07-14T08:28:00-03:00,HEMACIAS,-8.11559,-35.03056,3.4
160,2026-07-14T08:33:00-03:00,HEMACIAS,-8.11401,-35.01712,3.4
161,2026-07-14T05:38:00-03:00,PLAQUETAS,-8.04769,-34.87678,22.1
161,2026-07-14T05:43:00-03:00,PLAQUETAS,-8.03892,-34.87269,21.8
161,2026-07-14T05:48:00-03:00,PLAQUETAS,-8.02923,-34.86667,22.4
161,2026-07-14T05:53:00-03:00,PLAQUETAS,-8.01816,-34.85912,22.6
161,2026-07-14T05:58:00-03:00,PLAQUETAS,-8.00923,-34.85467,22.4
163,2026-07-14T07:56:00-03:00,HEMACIAS,-8.04865,-34.87734,4.2
163,2026-07-14T08:01:00-03:00,HEMACIAS,-8.04846,-34.88002,3.7
163,2026-07-14T08:06:00-03:00,HEMACIAS,-8.05377,-34.88359,3.7
164,2026-07-14T13:25:00-03:00,PLASMA,-8.04611,-34.87668,-28.9
164,2026-07-14T13:30:00-03:00,PLASMA,-8.05402,-34.88762,-27.3
164,2026-07-14T13:35:00-03:00,PLASMA,-8.05721,-34.89946,-29.8
164,2026-07-14T13:40:00-03:00,PLASMA,-8.06459,-34.90957,-27.5
164,2026-07-14T13:45:00-03:00,PLASMA,-8.06840,-34.92168,-28.2
164,2026-07-14T13:50:00-03:00,PLASMA,-8.07502,-34.93261,-28.8
164,2026-07-14T13:55:00-03:00,PLASMA,-8.07845,-34.94327,-31.1
164,2026-07-14T14:00:00-03:00,PLASMA,-8.08397,-34.95578,-30.7
164,2026-07-14T14:05:00-03:00,PLASMA,-8.08929,-34.96715,-30.7
164,2026-07-14T14:10:00-03:00,PLASMA,-8.09410,-34.97758,-31.1
164,2026-07-14T14:15:00-03:00,PLASMA,-8.10012,-34.98827,-32.1
164,2026-07-14T14:20:00-03:00,PLASMA,-8.10522,-34.99891,-30.7
164,2026-07-14T14:25:00-03:00,PLASMA,-8.11013,-35.00941,-31.8
165,2026-07-14T17:02:00-03:00,PLASMA,-8.27627,-35.98139,-30.9
165,2026-07-14T17:07:00-03:00,PLASMA,-8.27279,-35.96148,-29.5
165,2026-07-14T17:12:00-03:00,PLASMA,-8.26995,-35.94183,-28.4
165,2026-07-14T17:17:00-03:00,PLASMA,-8.26708,-35.92054,-28.5
165,2026-07-14T17:22:00-03:00,PLASMA,-8.26216,-35.89912,-28.2
165,2026-07-14T17:27:00-03:00,PLASMA,-8.25818,-35.87991,-28.4
165,2026-07-14T17:32:00-03:00,PLASMA,-8.25543,-35.85879,-30.1
165,2026-07-14T17:37:00-03:00,PLASMA,-8.25274,-35.83781,-29.8
165,2026-07-14T17:42:00-03:00,PLASMA,-8.24792,-35.81769,-30.2
165,2026-07-14T17:47:00-03:00,PLASMA,-8.24477,-35.79604,-29.8
165,2026-07-14T17:52:00-03:00,PLASMA,-8.24010,-35.77524,-28.1
165,2026-07-14T17:57:00-03:00,PLASMA,-8.23908,-35.75688,-29.3
165,2026-07-14T18:02:00-03:00,PLASMA,-8.23579,-35.73728,-29.1
165,2026-07-14T18:07:00-03:00,PLASMA,-8.22985,-35.71653,-30.8
165,2026-07-14T18:12:00-03:00,PLASMA,-8.22759,-35.69437,-31.2
165,2026-07-14T18:17:00-03:00,PLASMA,-8.22415,-35.67378,-30.9
165,2026-07-14T18:22:00-03:00,PLASMA,-8.22184,-35.65431,-29.9
165,2026-07-14T18:27:00-03:00,PLASMA,-8.21678,-35.63527,-31.4
165,2026-07-14T18:32:00-03:00,PLASMA,-8.21426,-35.61252,-31.6
165,2026-07-14T18:37:00-03:00,PLASMA,-8.21135,-35.59315,-31.6
165,2026-07-14T18:42:00-03:00,PLASMA,-8.20753,-35.57132,-30.6
165,2026-07-14T18:47:00-03:00,PLASMA,-8.20286,-35.55130,-30.1
165,2026-07-14T18:52:00-03:00,PLASMA,-8.20015,-35.53091,-29.9
165,2026-07-14T18:57:00-03:00,PLASMA,-8.19581,-35.51056,-29.4
165,2026-07-14T19:02:00-03:00,PLASMA,-8.19276,-35.49100,-26.9
165,2026-07-14T19:07:00-03:00,PLASMA,-8.18943,-35.46972,-28.2
165,2026-07-14T19:12:00-03:00,PLASMA,-8.18640,-35.44963,-31.1
165,2026-07-14T19:17:00-03:00,PLASMA,-8.18236,-35.42871,-30.4
165,2026-07-14T19:22:00-03:00,PLASMA,-8.17843,-35.40870,-30.1
165,2026-07-14T19:27:00-03:00,PLASMA,-8.17666,-35.38658,-30.1
165,2026-07-14T19:32:00-03:00,PLASMA,-8.17183,-35.36681,-28.8
165,2026-07-14T19:37:00-03:00,PLASMA,-8.16867,-35.34571,-28.2
165,2026-07-14T19:42:00-03:00,PLASMA,-8.16458,-35.32640,-29.2
165,2026-07-14T19:47:00-03:00,PLASMA,-8.16230,-35.30459,-28.9
165,2026-07-14T19:52:00-03:00,PLASMA,-8.15961,-35.28737,-28.8
165,2026-07-14T19:57:00-03:00,PLASMA,-8.15571,-35.26446,-30.7
165,2026-07-14T20:02:00-03:00,PLASMA,-8.14980,-35.24465,-30.1
165,2026-07-14T20:07:00-03:00,PLASMA,-8.14764,-35.22348,-33.5
165,2026-07-14T20:12:00-03:00,PLASMA,-8.14613,-35.20217,-32.3
165,2026-07-14T20:17:00-03:00,PLASMA,-8.14175,-35.18153,-31.1
165,2026-07-14T20:22:00-03:00,PLASMA,-8.13728,-35.16185,-30.7
165,2026-07-14T20:27:00-03:00,PLASMA,-8.13418,-35.14202,-30.5
165,2026-07-14T20:32:00-03:00,PLASMA,-8.12940,-35.12056,-31.1
165,2026-07-14T20:37:00-03:00,PLASMA,-8.12728,-35.10075,-29.2
165,2026-07-14T20:42:00-03:00,PLASMA,-8.12417,-35.08058,-29.1
165,2026-07-14T20:47:00-03:00,PLASMA,-8.12076,-35.06096,-29.1
165,2026-07-14T20:52:00-03:00,PLASMA,-8.11862,-35.03960,-31.8
165,2026-07-14T20:57:00-03:00,PLASMA,-8.11255,-35.01785,-31.8
166,2026-07-14T15:59:00-03:00,PLAQUETAS,-8.04728,-34.87778,21.6
166,2026-07-14T16:04:00-03:00,PLAQUETAS,-8.04896,-34.88005,21.1
166,2026-07-14T16:09:00-03:00,PLAQUETAS,-8.05184,-34.88172,25.3
166,2026-07-14T16:14:00-03:00,PLAQUETAS,-8.05398,-34.88558,25.6
167,2026-07-15T00:12:00-03:00,PLASMA,-8.04664,-34.87817,-30.9
167,2026-07-15T00:17:00-03:00,PLASMA,-8.05159,-34.88196,-29.2
167,2026-07-15T00:22:00-03:00,PLASMA,-8.05329,-34.88353,-28.9
168,2026-07-14T17:08:00-03:00,HEMACIAS,-8.27651,-35.98117,4.2
168,2026-07-14T17:13:00-03:00,HEMACIAS,-8.27139,-35.96544,3.6
168,2026-07-14T17:18:00-03:00,HEMACIAS,-8.26702,-35.94902,3.1
168,2026-07-14T17:23:00-03:00,HEMACIAS,-8.26387,-35.93307,3.7
168,2026-07-14T17:28:00-03:00,HEMACIAS,-8.25968,-35.91519,3.7
168,2026-07-14T17:33:00-03:00,HEMACIAS,-8.25591,-35.89998,3.9
168,2026-07-14T17:38:00-03:00,HEMACIAS,-8.25072,-35.88289,3.7
168,2026-07-14T17:43:00-03:00,HEMACIAS,-8.24651,-35.86774,3.3
168,2026-07-14T17:48:00-03:00,HEMACIAS,-8.24214,-35.85116,3.4
168,2026-07-14T17:53:00-03:00,HEMACIAS,-8.23970,-35.83461,3.1
168,2026-07-14T17:58:00-03:00,HEMACIAS,-8.23427,-35.81973,3.8
168,2026-07-14T18:03:00-03:00,HEMACIAS,-8.23078,-35.80380,3.9
168,2026-07-14T18:08:00-03:00,HEMACIAS,-8.22654,-35.78543,4.1
168,2026-07-14T18:13:00-03:00,HEMACIAS,-8.22310,-35.77016,3.8
168,2026-07-14T18:18:00-03:00,HEMACIAS,-8.21715,-35.75078,3.8
168,2026-07-14T18:23:00-03:00,HEMACIAS,-8.21451,-35.73767,4.5
168,2026-07-14T18:28:00-03:00,HEMACIAS,-8.21014,-35.71879,4.2
168,2026-07-14T18:33:00-03:00,HEMACIAS,-8.20700,-35.70334,4.0
168,2026-07-14T18:38:00-03:00,HEMACIAS,-8.20213,-35.68755,4.0
168,2026-07-14T18:43:00-03:00,HEMACIAS,-8.19942,-35.67055,3.9
168,2026-07-14T18:48:00-03:00,HEMACIAS,-8.19318,-35.65505,4.2
168,2026-07-14T18:53:00-03:00,HEMACIAS,-8.18976,-35.63898,4.3
168,2026-07-14T18:58:00-03:00,HEMACIAS,-8.18621,-35.62207,4.7
168,2026-07-14T19:03:00-03:00,HEMACIAS,-8.18073,-35.60545,5.1
168,2026-07-14T19:08:00-03:00,HEMACIAS,-8.17719,-35.58912,4.7
168,2026-07-14T19:13:00-03:00,HEMACIAS,-8.17311,-35.57342,4.9
168,2026-07-14T19:18:00-03:00,HEMACIAS,-8.16888,-35.55679,4.6
168,2026-07-14T19:23:00-03:00,HEMACIAS,-8.16640,-35.54049,4.5
168,2026-07-14T19:28:00-03:00,HEMACIAS,-8.15956,-35.52442,4.8
168,2026-07-14T19:33:00-03:00,HEMACIAS,-8.15809,-35.50672,4.5
168,2026-07-14T19:38:00-03:00,HEMACIAS,-8.15265,-35.49312,4.8
168,2026-07-14T19:43:00-03:00,HEMACIAS,-8.14924,-35.47528,5.0
168,2026-07-14T19:48:00-03:00,HEMACIAS,-8.14598,-35.45799,4.7
168,2026-07-14T19:53:00-03:00,HEMACIAS,-8.14128,-35.44261,3.7
168,2026-07-14T19:58:00-03:00,HEMACIAS,-8.13810,-35.42579,3.8
168,2026-07-14T20:03:00-03:00,HEMACIAS,-8.13179,-35.41076,3.3
168,2026-07-14T20:08:00-03:00,HEMACIAS,-8.12925,-35.39321,3.6
168,2026-07-14T20:13:00-03:00,HEMACIAS,-8.12459,-35.37758,4.3
168,2026-07-14T20:18:00-03:00,HEMACIAS,-8.11803,-35.36089,4.4
168,2026-07-14T20:23:00-03:00,HEMACIAS,-8.11627,-35.34429,3.6
168,2026-07-14T20:28:00-03:00,HEMACIAS,-8.11113,-35.32758,3.5
168,2026-07-14T20:33:00-03:00,HEMACIAS,-8.10709,-35.31220,3.6
168,2026-07-14T20:38:00-03:00,HEMACIAS,-8.10402,-35.29443,3.6
168,2026-07-14T20:43:00-03:00,HEMACIAS,-8.09856,-35.27915,3.4
168,2026-07-14T20:48:00-03:00,HEMACIAS,-8.09434,-35.26317,4.3
168,2026-07-14T20:53:00-03:00,HEMACIAS,-8.09150,-35.24584,4.5
168,2026-07-14T20:58:00-03:00,HEMACIAS,-8.08745,-35.22908,4.0
168,2026-07-14T21:03:00-03:00,HEMACIAS,-8.08233,-35.21390,3.7
168,2026-07-14T21:08:00-03:00,HEMACIAS,-8.07811,-35.19582,4.3
168,2026-07-14T21:13:00-03:00,HEMACIAS,-8.07492,-35.18142,4.6
168,2026-07-14T21:18:00-03:00,HEMACIAS,-8.07096,-35.16449,4.7
168,2026-07-14T21:23:00-03:00,HEMACIAS,-8.06619,-35.14735,4.9
168,2026-07-14T21:28:00-03:00,HEMACIAS,-8.06246,-35.13003,4.5
168,2026-07-14T21:33:00-03:00,HEMACIAS,-8.05673,-35.11438,5.0
168,2026-07-14T21:38:00-03:00,HEMACIAS,-8.05255,-35.09943,5.1
168,2026-07-14T21:43:00-03:00,HEMACIAS,-8.05006,-35.08313,4.4
168,2026-07-14T21:48:00-03:00,HEMACIAS,-8.04619,-35.06484,4.1
168,2026-07-14T21:53:00-03:00,HEMACIAS,-8.04111,-35.05033,4.2
168,2026-07-14T21:58:00-03:00,HEMACIAS,-8.03763,-35.03420,4.7
168,2026-07-14T22:03:00-03:00,HEMACIAS,-8.03257,-35.01779,3.6
168,2026-07-14T22:08:00-03:00,HEMACIAS,-8.02877,-35.00118,4.1
168,2026-07-14T22:13:00-03:00,HEMACIAS,-8.02456,-34.98338,3.9
169,2026-07-14T16:00:00-03:00,PLASMA,-8.27624,-35.98248,-30.7
169,2026-07-14T16:05:00-03:00,PLASMA,-8.28076,-35.97597,-30.6
169,2026-07-14T16:10:00-03:00,PLASMA,-8.28389,-35.97041,-28.7
170,2026-07-14T14:26:00-03:00,PLAQUETAS,-8.04799,-34.87740,22.5
170,2026-07-14T14:31:00-03:00,PLAQUETAS,-8.05011,-34.88051,22.4
170,2026-07-14T14:36:00-03:00,PLAQUETAS,-8.05397,-34.88421,27.9
171,2026-07-14T16:51:00-03:00,CRIOPRECIPITADO,-8.04613,-34.87883,-31.3
171,2026-07-14T16:56:00-03:00,CRIOPRECIPITADO,-8.03816,-34.86999,-29.5
171,2026-07-14T17:01:00-03:00,CRIOPRECIPITADO,-8.02644,-34.86476,-29.8
171,2026-07-14T17:06:00-03:00,CRIOPRECIPITADO,-8.01670,-34.85906,-30.1
172,2026-07-14T19:27:00-03:00,HEMACIAS,-8.27676,-35.98231,4.5
172,2026-07-14T19:32:00-03:00,HEMACIAS,-8.27079,-35.95946,4.0
172,2026-07-14T19:37:00-03:00,HEMACIAS,-8.26493,-35.93686,3.7
172,2026-07-14T19:42:00-03:00,HEMACIAS,-8.25959,-35.91319,4.0
172,2026-07-14T19:47:00-03:00,HEMACIAS,-8.25395,-35.89048,4.1
172,2026-07-14T19:52:00-03:00,HEMACIAS,-8.25035,-35.86695,4.1
172,2026-07-14T19:57:00-03:00,HEMACIAS,-8.24397,-35.84573,3.7
172,2026-07-14T20:02:00-03:00,HEMACIAS,-8.23831,-35.82167,4.0
172,2026-07-14T20:07:00-03:00,HEMACIAS,-8.23177,-35.79964,4.3
172,2026-07-14T20:12:00-03:00,HEMACIAS,-8.22798,-35.77619,4.4
172,2026-07-14T20:17:00-03:00,HEMACIAS,-8.22149,-35.75436,4.9
172,2026-07-14T20:22:00-03:00,HEMACIAS,-8.21815,-35.73178,5.2
172,2026-07-14T20:27:00-03:00,HEMACIAS,-8.20938,-35.70699,4.6
172,2026-07-14T20:32:00-03:00,HEMACIAS,-8.20597,-35.68501,4.3
172,2026-07-14T20:37:00-03:00,HEMACIAS,-8.20012,-35.66233,3.8
172,2026-07-14T20:42:00-03:00,HEMACIAS,-8.19448,-35.64006,2.8
172,2026-07-14T20:47:00-03:00,HEMACIAS,-8.18950,-35.61692,3.6
172,2026-07-14T20:52:00-03:00,HEMACIAS,-8.18530,-35.59457,3.2
172,2026-07-14T20:57:00-03:00,HEMACIAS,-8.17811,-35.57088,3.5
172,2026-07-14T21:02:00-03:00,HEMACIAS,-8.17389,-35.54825,3.8
172,2026-07-14T21:07:00-03:00,HEMACIAS,-8.16786,-35.52598,3.5
172,2026-07-14T21:12:00-03:00,HEMACIAS,-8.16329,-35.50260,3.6
172,2026-07-14T21:17:00-03:00,HEMACIAS,-8.15684,-35.48083,3.7
172,2026-07-14T21:22:00-03:00,HEMACIAS,-8.15255,-35.45788,3.6
172,2026-07-14T21:27:00-03:00,HEMACIAS,-8.14653,-35.43390,3.9
172,2026-07-14T21:32:00-03:00,HEMACIAS,-8.13940,-35.41134,4.3
172,2026-07-14T21:37:00-03:00,HEMACIAS,-8.13420,-35.38947,4.6
172,2026-07-14T21:42:00-03:00,HEMACIAS,-8.12899,-35.36455,4.4
172,2026-07-14T21:47:00-03:00,HEMACIAS,-8.12527,-35.34434,4.7
172,2026-07-14T21:52:00-03:00,HEMACIAS,-8.11959,-35.32027,3.8
172,2026-07-14T21:57:00-03:00,HEMACIAS,-8.11393,-35.29716,4.3
172,2026-07-14T22:02:00-03:00,HEMACIAS,-8.10833,-35.27429,3.4
172,2026-07-14T22:07:00-03:00,HEMACIAS,-8.10392,-35.25187,4.1
172,2026-07-14T22:12:00-03:00,HEMACIAS,-8.09788,-35.23010,3.8
172,2026-07-14T22:17:00-03:00,HEMACIAS,-8.09238,-35.20584,3.5
172,2026-07-14T22:22:00-03:00,HEMACIAS,-8.08654,-35.18450,4.0
172,2026-07-14T22:27:00-03:00,HEMACIAS,-8.08172,-35.16077,4.1
172,2026-07-14T22:32:00-03:00,HEMACIAS,-8.07588,-35.13850,3.6
172,2026-07-14T22:37:00-03:00,HEMACIAS,-8.06918,-35.11616,3.6
172,2026-07-14T22:42:00-03:00,HEMACIAS,-8.06423,-35.09349,2.6
172,2026-07-14T22:47:00-03:00,HEMACIAS,-8.05987,-35.06904,3.0
172,2026-07-14T22:52:00-03:00,HEMACIAS,-8.05401,-35.04602,3.7
172,2026-07-14T22:57:00-03:00,HEMACIAS,-8.04837,-35.02466,3.5
172,2026-07-14T23:02:00-03:00,HEMACIAS,-8.04366,-35.00194,3.1
172,2026-07-14T23:07:00-03:00,HEMACIAS,-8.03840,-34.97903,3.4
172,2026-07-14T23:12:00-03:00,HEMACIAS,-8.03248,-34.95507,3.3
172,2026-07-14T23:17:00-03:00,HEMACIAS,-8.02882,-34.93213,3.8
172,2026-07-14T23:22:00-03:00,HEMACIAS,-8.02144,-34.91045,3.8
172,2026-07-14T23:27:00-03:00,HEMACIAS,-8.01529,-34.88650,4.2
172,2026-07-14T23:32:00-03:00,HEMACIAS,-8.01177,-34.86567,3.5
173,2026-07-15T01:33:00-03:00,HEMACIAS,-8.04822,-34.87835,4.1
173,2026-07-15T01:38:00-03:00,HEMACIAS,-8.05075,-34.87972,3.9
173,2026-07-15T01:43:00-03:00,HEMACIAS,-8.05158,-34.88427,4.2
174,2026-07-14T23:58:00-03:00,PLASMA,-8.04667,-34.87684,-30.1
174,2026-07-15T00:03:00-03:00,PLASMA,-8.02759,-34.87733,-30.0
174,2026-07-15T00:08:00-03:00,PLASMA,-8.00790,-34.87536,-30.4
174,2026-07-15T00:13:00-03:00,PLASMA,-7.98762,-34.87387,-31.8
174,2026-07-15T00:18:00-03:00,PLASMA,-7.96941,-34.87474,-31.3
174,2026-07-15T00:23:00-03:00,PLASMA,-7.94964,-34.87372,-30.7
175,2026-07-15T09:42:00-03:00,CRIOPRECIPITADO,-8.04833,-34.87748,-30.0
175,2026-07-15T09:47:00-03:00,CRIOPRECIPITADO,-8.06041,-34.90137,-31.1
175,2026-07-15T09:52:00-03:00,CRIOPRECIPITADO,-8.07070,-34.92726,-32.8
175,2026-07-15T09:57:00-03:00,CRIOPRECIPITADO,-8.08279,-34.95030,-31.8
175,2026-07-15T10:02:00-03:00,CRIOPRECIPITADO,-8.09430,-34.97571,-31.2
175,2026-07-15T10:07:00-03:00,CRIOPRECIPITADO,-8.10579,-35.00017,-30.0
176,2026-07-15T09:10:00-03:00,HEMACIAS,-8.04708,-34.87750,4.6
176,2026-07-15T09:15:00-03:00,HEMACIAS,-8.04992,-34.87928,4.4
176,2026-07-15T09:20:00-03:00,HEMACIAS,-8.05139,-34.88300,5.4
177,2026-07-15T09:56:00-03:00,HEMACIAS,-8.04738,-34.87641,3.3
177,2026-07-15T10:01:00-03:00,HEMACIAS,-8.02550,-34.87804,3.4
177,2026-07-15T10:06:00-03:00,HEMACIAS,-8.00257,-34.87463,3.0
177,2026-07-15T10:11:00-03:00,HEMACIAS,-7.98066,-34.87547,4.1
177,2026-07-15T10:16:00-03:00,HEMACIAS,-7.95949,-34.87331,3.3
179,2026-07-15T08:41:00-03:00,HEMACIAS,-8.04721,-34.87674,3.5
179,2026-07-15T08:46:00-03:00,HEMACIAS,-8.04099,-34.87427,3.7
179,2026-07-15T08:51:00-03:00,HEMACIAS,-8.03664,-34.87088,4.3
179,2026-07-15T08:56:00-03:00,HEMACIAS,-8.03036,-34.86718,4.5
179,2026-07-15T09:01:00-03:00,HEMACIAS,-8.02387,-34.86475,4.7
179,2026-07-15T09:06:00-03:00,HEMACIAS,-8.01852,-34.86109,4.4
179,2026-07-15T09:11:00-03:00,HEMACIAS,-8.01310,-34.85790,4.5
180,2026-07-15T11:15:00-03:00,PLASMA,-8.27704,-35.98099,-31.8
180,2026-07-15T11:20:00-03:00,PLASMA,-8.27438,-35.97028,-31.7
180,2026-07-15T11:25:00-03:00,PLASMA,-8.27149,-35.95834,-31.1
180,2026-07-15T11:30:00-03:00,PLASMA,-8.27077,-35.94668,-30.0
180,2026-07-15T11:35:00-03:00,PLASMA,-8.26681,-35.93452,-30.4
180,2026-07-15T11:40:00-03:00,PLASMA,-8.26561,-35.92331,-31.5
180,2026-07-15T11:45:00-03:00,PLASMA,-8.26264,-35.91021,-32.8
180,2026-07-15T11:50:00-03:00,PLASMA,-8.26077,-35.89881,-31.0
180,2026-07-15T11:55:00-03:00,PLASMA,-8.25835,-35.88664,-29.9
180,2026-07-15T12:00:00-03:00,PLASMA,-8.25647,-35.87523,-28.9
180,2026-07-15T12:05:00-03:00,PLASMA,-8.25594,-35.86236,-29.4
180,2026-07-15T12:10:00-03:00,PLASMA,-8.25271,-35.85082,-29.6
180,2026-07-15T12:15:00-03:00,PLASMA,-8.25039,-35.83931,-30.1
180,2026-07-15T12:20:00-03:00,PLASMA,-8.24785,-35.82664,-29.2
180,2026-07-15T12:25:00-03:00,PLASMA,-8.24531,-35.81505,-29.8
180,2026-07-15T12:30:00-03:00,PLASMA,-8.24294,-35.80457,-30.0
180,2026-07-15T12:35:00-03:00,PLASMA,-8.24082,-35.79161,-30.2
180,2026-07-15T12:40:00-03:00,PLASMA,-8.23968,-35.77973,-29.4
180,2026-07-15T12:45:00-03:00,PLASMA,-8.23719,-35.76848,-29.7
180,2026-07-15T12:50:00-03:00,PLASMA,-8.23484,-35.75515,-30.4
180,2026-07-15T12:55:00-03:00,PLASMA,-8.23457,-35.74440,-30.3
180,2026-07-15T13:00:00-03:00,PLASMA,-8.23292,-35.73262,-29.7
180,2026-07-15T13:05:00-03:00,PLASMA,-8.23093,-35.72051,-31.4
180,2026-07-15T13:10:00-03:00,PLASMA,-8.22639,-35.70815,-30.5
180,2026-07-15T13:15:00-03:00,PLASMA,-8.22355,-35.69508,-29.4
180,2026-07-15T13:20:00-03:00,PLASMA,-8.22316,-35.68442,-29.4
180,2026-07-15T13:25:00-03:00,PLASMA,-8.22091,-35.67165,-30.8
180,2026-07-15T13:30:00-03:00,PLASMA,-8.21756,-35.65954,-31.0
180,2026-07-15T13:35:00-03:00,PLASMA,-8.21669,-35.64814,-30.0
180,2026-07-15T13:40:00-03:00,PLASMA,-8.21381,-35.63656,-26.6
180,2026-07-15T13:45:00-03:00,PLASMA,-8.21137,-35.62423,-26.6
180,2026-07-15T13:50:00-03:00,PLASMA,-8.20914,-35.61265,-27.6
180,2026-07-15T13:55:00-03:00,PLASMA,-8.20770,-35.60054,-29.0
180,2026-07-15T14:00:00-03:00,PLASMA,-8.20751,-35.58811,-30.7
180,2026-07-15T14:05:00-03:00,PLASMA,-8.20345,-35.57714,-31.3
180,2026-07-15T14:10:00-03:00,PLASMA,-8.20282,-35.56377,-33.1
181,2026-07-15T13:03:00-03:00,PLAQUETAS,-8.04917,-34.87707,22.6
181,2026-07-15T13:08:00-03:00,PLAQUETAS,-8.04933,-34.87961,22.0
181,2026-07-15T13:13:00-03:00,PLAQUETAS,-8.05313,-34.88387,22.2
182,2026-07-15T16:47:00-03:00,PLAQUETAS,-8.04887,-34.87743,21.9
182,2026-07-15T16:52:00-03:00,PLAQUETAS,-8.04865,-34.88086,21.7
182,2026-07-15T16:57:00-03:00,PLAQUETAS,-8.05249,-34.88392,21.8
183,2026-07-15T10:26:00-03:00,HEMACIAS,-8.27667,-35.98182,3.9
183,2026-07-15T10:31:00-03:00,HEMACIAS,-8.27828,-35.97840,3.4
183,2026-07-15T10:36:00-03:00,HEMACIAS,-8.28049,-35.97584,3.7
183,2026-07-15T10:41:00-03:00,HEMACIAS,-8.28335,-35.97348,4.2
184,2026-07-15T15:16:00-03:00,HEMACIAS,-8.04883,-34.87695,3.5
184,2026-07-15T15:21:00-03:00,HEMACIAS,-8.03755,-34.87295,3.4
184,2026-07-15T15:26:00-03:00,HEMACIAS,-8.02987,-34.86752,3.4
184,2026-07-15T15:31:00-03:00,HEMACIAS,-8.02044,-34.86093,3.6
184,2026-07-15T15:36:00-03:00,HEMACIAS,-8.01079,-34.85545,3.3
185,2026-07-15T17:51:00-03:00,PLAQUETAS,-8.04707,-34.87772,21.9
185,2026-07-15T17:56:00-03:00,PLAQUETAS,-8.05053,-34.89765,22.4
185,2026-07-15T18:01:00-03:00,PLAQUETAS,-8.05668,-34.91835,22.0
185,2026-07-15T18:06:00-03:00,PLAQUETAS,-8.06017,-34.93878,21.8
185,2026-07-15T18:11:00-03:00,PLAQUETAS,-8.06594,-34.95981,22.5
185,2026-07-15T18:16:00-03:00,PLAQUETAS,-8.07196,-34.98092,22.4
185,2026-07-15T18:21:00-03:00,PLAQUETAS,-8.07462,-35.00064,22.4
185,2026-07-15T18:26:00-03:00,PLAQUETAS,-8.07988,-35.02301,22.1
185,2026-07-15T18:31:00-03:00,PLAQUETAS,-8.08436,-35.04285,21.9
185,2026-07-15T18:36:00-03:00,PLAQUETAS,-8.08969,-35.06408,22.2
185,2026-07-15T18:41:00-03:00,PLAQUETAS,-8.09317,-35.08474,21.8
185,2026-07-15T18:46:00-03:00,PLAQUETAS,-8.09788,-35.10582,21.4
185,2026-07-15T18:51:00-03:00,PLAQUETAS,-8.10374,-35.12592,21.5
185,2026-07-15T18:56:00-03:00,PLAQUETAS,-8.10820,-35.14616,21.9
185,2026-07-15T19:01:00-03:00,PLAQUETAS,-8.11227,-35.16709,22.8
185,2026-07-15T19:06:00-03:00,PLAQUETAS,-8.11690,-35.18667,22.9
185,2026-07-15T19:11:00-03:00,PLAQUETAS,-8.12297,-35.20776,22.0
185,2026-07-15T19:16:00-03:00,PLAQUETAS,-8.12568,-35.22859,22.0
185,2026-07-15T19:21:00-03:00,PLAQUETAS,-8.13227,-35.25014,21.3
185,2026-07-15T19:26:00-03:00,PLAQUETAS,-8.13461,-35.27027,21.3
185,2026-07-15T19:31:00-03:00,PLAQUETAS,-8.14009,-35.29236,21.2
185,2026-07-15T19:36:00-03:00,PLAQUETAS,-8.14461,-35.31201,21.3
185,2026-07-15T19:41:00-03:00,PLAQUETAS,-8.14989,-35.33373,21.0
185,2026-07-15T19:46:00-03:00,PLAQUETAS,-8.15433,-35.35325,21.3
185,2026-07-15T19:51:00-03:00,PLAQUETAS,-8.15870,-35.37335,22.3
185,2026-07-15T19:56:00-03:00,PLAQUETAS,-8.16353,-35.39486,22.0
185,2026-07-15T20:01:00-03:00,PLAQUETAS,-8.16768,-35.41618,22.2
185,2026-07-15T20:06:00-03:00,PLAQUETAS,-8.17225,-35.43653,22.0
185,2026-07-15T20:11:00-03:00,PLAQUETAS,-8.17635,-35.45747,22.4
185,2026-07-15T20:16:00-03:00,PLAQUETAS,-8.18138,-35.47792,23.1
185,2026-07-15T20:21:00-03:00,PLAQUETAS,-8.18771,-35.49803,22.4
185,2026-07-15T20:26:00-03:00,PLAQUETAS,-8.19241,-35.51946,22.4
185,2026-07-15T20:31:00-03:00,PLAQUETAS,-8.19556,-35.53911,22.1
185,2026-07-15T20:36:00-03:00,PLAQUETAS,-8.19973,-35.55951,21.9
186,2026-07-15T16:11:00-03:00,HEMACIAS,-8.04794,-34.87667,4.2
186,2026-07-15T16:16:00-03:00,HEMACIAS,-8.04962,-34.87864,4.4
186,2026-07-15T16:21:00-03:00,HEMACIAS,-8.05157,-34.88167,4.4
186,2026-07-15T16:26:00-03:00,HEMACIAS,-8.05514,-34.88586,4.4
187,2026-07-15T11:44:00-03:00,PLAQUETAS,-8.04760,-34.87665,22.2
187,2026-07-15T11:49:00-03:00,PLAQUETAS,-8.04048,-34.87271,22.5
187,2026-07-15T11:54:00-03:00,PLAQUETAS,-8.03320,-34.86998,22.0
187,2026-07-15T11:59:00-03:00,PLAQUETAS,-8.02816,-34.86295,22.3
187,2026-07-15T12:04:00-03:00,PLAQUETAS,-8.02050,-34.86050,22.5
187,2026-07-15T12:09:00-03:00,PLAQUETAS,-8.01440,-34.85770,22.3
188,2026-07-15T12:20:00-03:00,PLASMA,-8.04886,-34.87691,-32.8
188,2026-07-15T12:25:00-03:00,PLASMA,-8.04084,-34.87306,-33.5
188,2026-07-15T12:30:00-03:00,PLASMA,-8.03352,-34.86831,-31.4
188,2026-07-15T12:35:00-03:00,PLASMA,-8.02752,-34.86525,-30.4
188,2026-07-15T12:40:00-03:00,PLASMA,-8.01867,-34.86215,-30.1
188,2026-07-15T12:45:00-03:00,PLASMA,-8.01305,-34.85719,-31.6
189,2026-07-15T23:56:00-03:00,PLAQUETAS,-8.04823,-34.87540,21.5
189,2026-07-16T00:01:00-03:00,PLAQUETAS,-8.05510,-34.89308,22.5
189,2026-07-16T00:06:00-03:00,PLAQUETAS,-8.06098,-34.90727,22.0
189,2026-07-16T00:11:00-03:00,PLAQUETAS,-8.06714,-34.92193,22.1
189,2026-07-16T00:16:00-03:00,PLAQUETAS,-8.07628,-34.93689,22.3
189,2026-07-16T00:21:00-03:00,PLAQUETAS,-8.08287,-34.95207,22.5
189,2026-07-16T00:26:00-03:00,PLAQUETAS,-8.08901,-34.96546,22.4
189,2026-07-16T00:31:00-03:00,PLAQUETAS,-8.09767,-34.98306,22.3
189,2026-07-16T00:36:00-03:00,PLAQUETAS,-8.10560,-34.99788,21.5
189,2026-07-16T00:41:00-03:00,PLAQUETAS,-8.11054,-35.01190,21.6
190,2026-07-15T14:45:00-03:00,HEMACIAS,-8.04593,-34.87531,3.7
190,2026-07-15T14:50:00-03:00,HEMACIAS,-8.04940,-34.87954,4.2
190,2026-07-15T14:55:00-03:00,HEMACIAS,-8.05093,-34.88102,3.9
190,2026-07-15T15:00:00-03:00,HEMACIAS,-8.05341,-34.88369,3.6
191,2026-07-15T20:19:00-03:00,HEMACIAS,-8.04816,-34.87661,4.3
191,2026-07-15T20:24:00-03:00,HEMACIAS,-8.05308,-34.88436,4.2
191,2026-07-15T20:29:00-03:00,HEMACIAS,-8.05794,-34.89063,4.2
191,2026-07-15T20:34:00-03:00,HEMACIAS,-8.06430,-34.89918,4.7
192,2026-07-15T17:20:00-03:00,HEMACIAS,-8.04607,-34.87663,4.4
192,2026-07-15T17:25:00-03:00,HEMACIAS,-8.04913,-34.88036,3.6
192,2026-07-15T17:30:00-03:00,HEMACIAS,-8.05302,-34.88265,4.5
193,2026-07-15T21:25:00-03:00,PLAQUETAS,-8.04819,-34.87655,21.9
193,2026-07-15T21:30:00-03:00,PLAQUETAS,-8.05462,-34.88598,22.1
193,2026-07-15T21:35:00-03:00,PLAQUETAS,-8.06318,-34.89889,22.4
194,2026-07-15T18:34:00-03:00,CRIOPRECIPITADO,-8.04733,-34.87621,-31.1
194,2026-07-15T18:39:00-03:00,CRIOPRECIPITADO,-8.04978,-34.88069,-30.6
194,2026-07-15T18:44:00-03:00,CRIOPRECIPITADO,-8.05290,-34.88439,-31.2
194,2026-07-15T18:49:00-03:00,CRIOPRECIPITADO,-8.05548,-34.88826,-32.6
194,2026-07-15T18:54:00-03:00,CRIOPRECIPITADO,-8.05736,-34.89253,-33.4
194,2026-07-15T18:59:00-03:00,CRIOPRECIPITADO,-8.06110,-34.89606,-31.9
195,2026-07-15T20:36:00-03:00,HEMACIAS,-8.04787,-34.87673,4.1
195,2026-07-15T20:41:00-03:00,HEMACIAS,-8.05275,-34.88711,4.5
195,2026-07-15T20:46:00-03:00,HEMACIAS,-8.05693,-34.89599,4.8
195,2026-07-15T20:51:00-03:00,HEMACIAS,-8.06131,-34.90566,4.5
195,2026-07-15T20:56:00-03:00,HEMACIAS,-8.06557,-34.91589,3.8
195,2026-07-15T21:01:00-03:00,HEMACIAS,-8.07043,-34.92401,3.5
195,2026-07-15T21:06:00-03:00,HEMACIAS,-8.07338,-34.93604,3.7
195,2026-07-15T21:11:00-03:00,HEMACIAS,-8.08001,-34.94397,3.8
195,2026-07-15T21:16:00-03:00,HEMACIAS,-8.08442,-34.95280,3.8
195,2026-07-15T21:21:00-03:00,HEMACIAS,-8.08724,-34.96303,4.5
195,2026-07-15T21:26:00-03:00,HEMACIAS,-8.09184,-34.97409,4.7
195,2026-07-15T21:31:00-03:00,HEMACIAS,-8.09813,-34.98194,5.1
195,2026-07-15T21:36:00-03:00,HEMACIAS,-8.10132,-34.99249,4.0
195,2026-07-15T21:41:00-03:00,HEMACIAS,-8.10659,-35.00046,3.8
195,2026-07-15T21:46:00-03:00,HEMACIAS,-8.10927,-35.01061,4.1
196,2026-07-15T17:18:00-03:00,HEMACIAS,-8.04864,-34.87592,3.8
196,2026-07-15T17:23:00-03:00,HEMACIAS,-8.05089,-34.88261,4.0
196,2026-07-15T17:28:00-03:00,HEMACIAS,-8.05583,-34.88922,4.3
196,2026-07-15T17:33:00-03:00,HEMACIAS,-8.06002,-34.89519,4.6
197,2026-07-15T23:03:00-03:00,CRIOPRECIPITADO,-8.04790,-34.87799,-30.6
197,2026-07-15T23:08:00-03:00,CRIOPRECIPITADO,-8.05186,-34.88140,-30.8
197,2026-07-15T23:13:00-03:00,CRIOPRECIPITADO,-8.05276,-34.88478,-31.2
197,2026-07-15T23:18:00-03:00,CRIOPRECIPITADO,-8.05613,-34.88904,-30.9
197,2026-07-15T23:23:00-03:00,CRIOPRECIPITADO,-8.05825,-34.89534,-31.3
197,2026-07-15T23:28:00-03:00,CRIOPRECIPITADO,-8.06326,-34.90009,-31.3
198,2026-07-15T20:37:00-03:00,HEMACIAS,-8.04745,-34.87725,3.8
198,2026-07-15T20:42:00-03:00,HEMACIAS,-8.02867,-34.87587,4.1
198,2026-07-15T20:47:00-03:00,HEMACIAS,-8.01312,-34.87618,4.0
198,2026-07-15T20:52:00-03:00,HEMACIAS,-7.99353,-34.87567,4.4
198,2026-07-15T20:57:00-03:00,HEMACIAS,-7.97656,-34.87514,4.6
198,2026-07-15T21:02:00-03:00,HEMACIAS,-7.95806,-34.87404,3.7
198,2026-07-15T21:07:00-03:00,HEMACIAS,-7.94042,-34.87273,3.9
199,2026-07-16T03:46:00-03:00,PLASMA,-8.27613,-35.98052,-28.1
199,2026-07-16T03:51:00-03:00,PLASMA,-8.27174,-35.96317,-29.2
199,2026-07-16T03:56:00-03:00,PLASMA,-8.27029,-35.94447,-29.8
199,2026-07-16T04:01:00-03:00,PLASMA,-8.26534,-35.92556,-30.7
199,2026-07-16T04:06:00-03:00,PLASMA,-8.26297,-35.90673,-29.2
199,2026-07-16T04:11:00-03:00,PLASMA,-8.25913,-35.88720,-28.6
199,2026-07-16T04:16:00-03:00,PLASMA,-8.25548,-35.86909,-27.9
199,2026-07-16T04:21:00-03:00,PLASMA,-8.25189,-35.85111,-28.9
199,2026-07-16T04:26:00-03:00,PLASMA,-8.24936,-35.83092,-29.2
199,2026-07-16T04:31:00-03:00,PLASMA,-8.24633,-35.81309,-30.0
199,2026-07-16T04:36:00-03:00,PLASMA,-8.24217,-35.79394,-30.1
199,2026-07-16T04:41:00-03:00,PLASMA,-8.23932,-35.77387,-31.9
199,2026-07-16T04:46:00-03:00,PLASMA,-8.23533,-35.75567,-31.4
199,2026-07-16T04:51:00-03:00,PLASMA,-8.23089,-35.73711,-28.2
199,2026-07-16T04:56:00-03:00,PLASMA,-8.22953,-35.71889,-29.2
199,2026-07-16T05:01:00-03:00,PLASMA,-8.22621,-35.70066,-29.6
199,2026-07-16T05:06:00-03:00,PLASMA,-8.22189,-35.68180,-29.1
199,2026-07-16T05:11:00-03:00,PLASMA,-8.21881,-35.66292,-28.7
199,2026-07-16T05:16:00-03:00,PLASMA,-8.21581,-35.64373,-29.1
199,2026-07-16T05:21:00-03:00,PLASMA,-8.21284,-35.62573,-29.0
199,2026-07-16T05:26:00-03:00,PLASMA,-8.20738,-35.60645,-28.1
199,2026-07-16T05:31:00-03:00,PLASMA,-8.20673,-35.58650,-28.9
199,2026-07-16T05:36:00-03:00,PLASMA,-8.20246,-35.56876,-29.5
200,2026-07-16T01:12:00-03:00,HEMACIAS,-8.04636,-34.87632,4.4
200,2026-07-16T01:17:00-03:00,HEMACIAS,-8.03754,-34.87026,5.3
200,2026-07-16T01:22:00-03:00,HEMACIAS,-8.02666,-34.86633,4.5
200,2026-07-16T01:27:00-03:00,HEMACIAS,-8.01528,-34.85837,4.4
201,2026-07-16T06:23:00-03:00,HEMACIAS,-8.04788,-34.87727,4.1
201,2026-07-16T06:28:00-03:00,HEMACIAS,-8.05009,-34.88149,3.8
201,2026-07-16T06:33:00-03:00,HEMACIAS,-8.05213,-34.88447,4.1
202,2026-07-16T09:18:00-03:00,HEMACIAS,-8.04764,-34.87636,3.7
202,2026-07-16T09:23:00-03:00,HEMACIAS,-8.05009,-34.88104,9.8
202,2026-07-16T09:28:00-03:00,HEMACIAS,-8.05213,-34.88447,9.9
204,2026-07-16T12:43:00-03:00,HEMACIAS,-8.04687,-34.87816,3.8
204,2026-07-16T12:48:00-03:00,HEMACIAS,-8.05097,-34.88415,3.1
204,2026-07-16T12:53:00-03:00,HEMACIAS,-8.05546,-34.88972,3.1
204,2026-07-16T12:58:00-03:00,HEMACIAS,-8.06092,-34.89647,3.1
205,2026-07-16T15:56:00-03:00,PLASMA,-8.04902,-34.87725,-30.3
205,2026-07-16T16:01:00-03:00,PLASMA,-8.05626,-34.89386,-31.8
205,2026-07-16T16:06:00-03:00,PLASMA,-8.06303,-34.91015,-30.6
205,2026-07-16T16:11:00-03:00,PLASMA,-8.07301,-34.92788,-29.3
205,2026-07-16T16:16:00-03:00,PLASMA,-8.07981,-34.94508,-29.5
205,2026-07-16T16:21:00-03:00,PLASMA,-8.08663,-34.96053,-30.0
205,2026-07-16T16:26:00-03:00,PLASMA,-8.09546,-34.97760,-32.3
205,2026-07-16T16:31:00-03:00,PLASMA,-8.10134,-34.99449,-31.1
205,2026-07-16T16:36:00-03:00,PLASMA,-8.11148,-35.01216,-32.0
206,2026-07-16T14:27:00-03:00,PLAQUETAS,-8.04732,-34.87629,21.9
206,2026-07-16T14:32:00-03:00,PLAQUETAS,-8.04977,-34.87970,21.7
206,2026-07-16T14:37:00-03:00,PLAQUETAS,-8.05309,-34.88384,22.0
207,2026-07-16T14:43:00-03:00,PLAQUETAS,-8.04664,-34.87525,22.6
207,2026-07-16T14:48:00-03:00,PLAQUETAS,-8.05563,-34.89561,22.4
207,2026-07-16T14:53:00-03:00,PLAQUETAS,-8.06530,-34.91233,22.2
207,2026-07-16T14:58:00-03:00,PLAQUETAS,-8.07199,-34.93020,22.6
207,2026-07-16T15:03:00-03:00,PLAQUETAS,-8.07962,-34.94683,22.8
207,2026-07-16T15:08:00-03:00,PLAQUETAS,-8.08983,-34.96564,22.5
207,2026-07-16T15:13:00-03:00,PLAQUETAS,-8.09800,-34.98346,22.4
207,2026-07-16T15:18:00-03:00,PLAQUETAS,-8.10606,-35.00016,22.1
208,2026-07-16T21:00:00-03:00,PLASMA,-8.04652,-34.87697,-31.4
208,2026-07-16T21:05:00-03:00,PLASMA,-8.05232,-34.89295,-33.1
208,2026-07-16T21:10:00-03:00,PLASMA,-8.05480,-34.90944,-32.7
208,2026-07-16T21:15:00-03:00,PLASMA,-8.06011,-34.92726,-31.9
208,2026-07-16T21:20:00-03:00,PLASMA,-8.06314,-34.94185,-31.3
208,2026-07-16T21:25:00-03:00,PLASMA,-8.06503,-34.95828,-30.6
208,2026-07-16T21:30:00-03:00,PLASMA,-8.07017,-34.97357,-28.8
208,2026-07-16T21:35:00-03:00,PLASMA,-8.07434,-34.99076,-28.6
208,2026-07-16T21:40:00-03:00,PLASMA,-8.07717,-35.00749,-31.2
208,2026-07-16T21:45:00-03:00,PLASMA,-8.08069,-35.02279,-30.9
208,2026-07-16T21:50:00-03:00,PLASMA,-8.08460,-35.04088,-31.3
208,2026-07-16T21:55:00-03:00,PLASMA,-8.08939,-35.05620,-29.5
208,2026-07-16T22:00:00-03:00,PLASMA,-8.09246,-35.07326,-27.0
208,2026-07-16T22:05:00-03:00,PLASMA,-8.09307,-35.08931,-29.2
208,2026-07-16T22:10:00-03:00,PLASMA,-8.09739,-35.10597,-29.7
208,2026-07-16T22:15:00-03:00,PLASMA,-8.10114,-35.12162,-28.9
208,2026-07-16T22:20:00-03:00,PLASMA,-8.10485,-35.13708,-28.8
208,2026-07-16T22:25:00-03:00,PLASMA,-8.10933,-35.15383,-29.9
208,2026-07-16T22:30:00-03:00,PLASMA,-8.11243,-35.16834,-31.1
208,2026-07-16T22:35:00-03:00,PLASMA,-8.11526,-35.18557,-31.1
208,2026-07-16T22:40:00-03:00,PLASMA,-8.12035,-35.20437,-30.9
208,2026-07-16T22:45:00-03:00,PLASMA,-8.12417,-35.22056,-31.7
208,2026-07-16T22:50:00-03:00,PLASMA,-8.12647,-35.23531,-31.4
208,2026-07-16T22:55:00-03:00,PLASMA,-8.13140,-35.25071,-29.1
208,2026-07-16T23:00:00-03:00,PLASMA,-8.13509,-35.26743,-29.6
208,2026-07-16T23:05:00-03:00,PLASMA,-8.13975,-35.28514,-30.4
208,2026-07-16T23:10:00-03:00,PLASMA,-8.14286,-35.30100,-30.0
208,2026-07-16T23:15:00-03:00,PLASMA,-8.14651,-35.31711,-28.5
208,2026-07-16T23:20:00-03:00,PLASMA,-8.14996,-35.33328,-29.2
208,2026-07-16T23:25:00-03:00,PLASMA,-8.15317,-35.34976,-30.4
208,2026-07-16T23:30:00-03:00,PLASMA,-8.15533,-35.36641,-30.3
208,2026-07-16T23:35:00-03:00,PLASMA,-8.16007,-35.38144,-33.1
208,2026-07-16T23:40:00-03:00,PLASMA,-8.16384,-35.39895,-31.3
208,2026-07-16T23:45:00-03:00,PLASMA,-8.16749,-35.41418,-32.3
208,2026-07-16T23:50:00-03:00,PLASMA,-8.17120,-35.43109,-32.1
208,2026-07-16T23:55:00-03:00,PLASMA,-8.17396,-35.44718,-33.5
208,2026-07-17T00:00:00-03:00,PLASMA,-8.17837,-35.46391,-33.7
208,2026-07-17T00:05:00-03:00,PLASMA,-8.18149,-35.48066,-32.6
208,2026-07-17T00:10:00-03:00,PLASMA,-8.18606,-35.49777,-32.1
208,2026-07-17T00:15:00-03:00,PLASMA,-8.19030,-35.51365,-31.0
208,2026-07-17T00:20:00-03:00,PLASMA,-8.19160,-35.52892,-30.1
208,2026-07-17T00:25:00-03:00,PLASMA,-8.19596,-35.54507,-28.3
208,2026-07-17T00:30:00-03:00,PLASMA,-8.20045,-35.56292,-30.4
209,2026-07-17T03:22:00-03:00,PLASMA,-8.27570,-35.98117,-30.7
209,2026-07-17T03:27:00-03:00,PLASMA,-8.27970,-35.97657,-31.7
209,2026-07-17T03:32:00-03:00,PLASMA,-8.28289,-35.97214,-29.2
210,2026-07-16T23:42:00-03:00,HEMACIAS,-8.04837,-34.87780,4.5
210,2026-07-16T23:47:00-03:00,HEMACIAS,-8.05340,-34.88473,4.2
210,2026-07-16T23:52:00-03:00,HEMACIAS,-8.05885,-34.89234,3.9
211,2026-07-16T20:12:00-03:00,HEMACIAS,-8.04749,-34.87748,5.0
211,2026-07-16T20:17:00-03:00,HEMACIAS,-8.05351,-34.89342,4.5
211,2026-07-16T20:22:00-03:00,HEMACIAS,-8.06196,-34.90859,3.9
211,2026-07-16T20:27:00-03:00,HEMACIAS,-8.07146,-34.92571,3.6
211,2026-07-16T20:32:00-03:00,HEMACIAS,-8.07906,-34.93980,3.0
211,2026-07-16T20:37:00-03:00,HEMACIAS,-8.08538,-34.95658,3.6
211,2026-07-16T20:42:00-03:00,HEMACIAS,-8.09240,-34.97440,3.8
211,2026-07-16T20:47:00-03:00,HEMACIAS,-8.09918,-34.98806,3.2
211,2026-07-16T20:52:00-03:00,HEMACIAS,-8.10720,-35.00520,3.8
212,2026-07-16T22:38:00-03:00,HEMACIAS,-8.27539,-35.98122,4.0
212,2026-07-16T22:43:00-03:00,HEMACIAS,-8.27052,-35.96062,3.9
212,2026-07-16T22:48:00-03:00,HEMACIAS,-8.26323,-35.93913,4.1
212,2026-07-16T22:53:00-03:00,HEMACIAS,-8.25568,-35.91871,3.9
212,2026-07-16T22:58:00-03:00,HEMACIAS,-8.25104,-35.89874,3.6
212,2026-07-16T23:03:00-03:00,HEMACIAS,-8.24321,-35.87557,4.0
212,2026-07-16T23:08:00-03:00,HEMACIAS,-8.23699,-35.85537,3.9
212,2026-07-16T23:13:00-03:00,HEMACIAS,-8.23103,-35.83435,3.5
212,2026-07-16T23:18:00-03:00,HEMACIAS,-8.22414,-35.81093,4.1
212,2026-07-16T23:23:00-03:00,HEMACIAS,-8.21916,-35.79187,4.4
212,2026-07-16T23:28:00-03:00,HEMACIAS,-8.21325,-35.77172,3.9
212,2026-07-16T23:33:00-03:00,HEMACIAS,-8.20486,-35.75078,3.6
212,2026-07-16T23:38:00-03:00,HEMACIAS,-8.20051,-35.72745,3.7
212,2026-07-16T23:43:00-03:00,HEMACIAS,-8.19199,-35.70762,3.9
212,2026-07-16T23:48:00-03:00,HEMACIAS,-8.18700,-35.68664,3.9
212,2026-07-16T23:53:00-03:00,HEMACIAS,-8.18092,-35.66519,4.1
212,2026-07-16T23:58:00-03:00,HEMACIAS,-8.17393,-35.64411,4.0
212,2026-07-17T00:03:00-03:00,HEMACIAS,-8.16579,-35.62375,3.8
212,2026-07-17T00:08:00-03:00,HEMACIAS,-8.16077,-35.60201,3.9
212,2026-07-17T00:13:00-03:00,HEMACIAS,-8.15384,-35.58169,3.7
212,2026-07-17T00:18:00-03:00,HEMACIAS,-8.14796,-35.56055,4.1
212,2026-07-17T00:23:00-03:00,HEMACIAS,-8.14137,-35.53986,4.2
212,2026-07-17T00:28:00-03:00,HEMACIAS,-8.13357,-35.51748,4.1
212,2026-07-17T00:33:00-03:00,HEMACIAS,-8.12797,-35.49758,4.4
212,2026-07-17T00:38:00-03:00,HEMACIAS,-8.12129,-35.47536,4.1
212,2026-07-17T00:43:00-03:00,HEMACIAS,-8.11600,-35.45605,4.0
212,2026-07-17T00:48:00-03:00,HEMACIAS,-8.10959,-35.43366,3.5
212,2026-07-17T00:53:00-03:00,HEMACIAS,-8.10442,-35.41256,3.4
212,2026-07-17T00:58:00-03:00,HEMACIAS,-8.09797,-35.39140,3.3
212,2026-07-17T01:03:00-03:00,HEMACIAS,-8.09074,-35.37176,3.6
212,2026-07-17T01:08:00-03:00,HEMACIAS,-8.08550,-35.34874,4.1
212,2026-07-17T01:13:00-03:00,HEMACIAS,-8.07988,-35.32791,3.8
212,2026-07-17T01:18:00-03:00,HEMACIAS,-8.07174,-35.30813,3.2
212,2026-07-17T01:23:00-03:00,HEMACIAS,-8.06500,-35.28497,3.7
212,2026-07-17T01:28:00-03:00,HEMACIAS,-8.05988,-35.26543,4.3
212,2026-07-17T01:33:00-03:00,HEMACIAS,-8.05308,-35.24416,5.0
212,2026-07-17T01:38:00-03:00,HEMACIAS,-8.04665,-35.22394,4.1
212,2026-07-17T01:43:00-03:00,HEMACIAS,-8.04009,-35.20175,4.1
212,2026-07-17T01:48:00-03:00,HEMACIAS,-8.03477,-35.18115,4.6
212,2026-07-17T01:53:00-03:00,HEMACIAS,-8.02750,-35.15848,4.3
212,2026-07-17T01:58:00-03:00,HEMACIAS,-8.02108,-35.13860,3.8
212,2026-07-17T02:03:00-03:00,HEMACIAS,-8.01407,-35.11751,4.0
212,2026-07-17T02:08:00-03:00,HEMACIAS,-8.00867,-35.09634,3.5
212,2026-07-17T02:13:00-03:00,HEMACIAS,-8.00191,-35.07525,3.7
212,2026-07-17T02:18:00-03:00,HEMACIAS,-7.99634,-35.05413,3.9
212,2026-07-17T02:23:00-03:00,HEMACIAS,-7.98957,-35.03216,4.3
212,2026-07-17T02:28:00-03:00,HEMACIAS,-7.98210,-35.01282,3.9
212,2026-07-17T02:33:00-03:00,HEMACIAS,-7.97488,-34.99089,4.0
212,2026-07-17T02:38:00-03:00,HEMACIAS,-7.96998,-34.97065,3.9
212,2026-07-17T02:43:00-03:00,HEMACIAS,-7.96359,-34.94828,4.0
212,2026-07-17T02:48:00-03:00,HEMACIAS,-7.95613,-34.92809,3.7
212,2026-07-17T02:53:00-03:00,HEMACIAS,-7.95183,-34.90614,3.6
212,2026-07-17T02:58:00-03:00,HEMACIAS,-7.94560,-34.88533,4.0
213,2026-07-17T04:48:00-03:00,HEMACIAS,-8.04717,-34.87691,4.2
213,2026-07-17T04:53:00-03:00,HEMACIAS,-8.04903,-34.88063,4.2
213,2026-07-17T04:58:00-03:00,HEMACIAS,-8.05363,-34.88393,4.1
214,2026-07-16T22:20:00-03:00,HEMACIAS,-8.04857,-34.87749,3.7
214,2026-07-16T22:25:00-03:00,HEMACIAS,-8.05269,-34.88282,8.6
214,2026-07-16T22:30:00-03:00,HEMACIAS,-8.05779,-34.89054,8.3
214,2026-07-16T22:35:00-03:00,HEMACIAS,-8.06101,-34.89842,8.3
215,2026-07-16T23:58:00-03:00,HEMACIAS,-8.27557,-35.98300,3.5
215,2026-07-17T00:03:00-03:00,HEMACIAS,-8.28025,-35.97789,3.9
215,2026-07-17T00:08:00-03:00,HEMACIAS,-8.28330,-35.97292,4.1
216,2026-07-17T08:39:00-03:00,HEMACIAS,-8.04777,-34.87683,3.6
216,2026-07-17T08:44:00-03:00,HEMACIAS,-8.04930,-34.88112,4.0
216,2026-07-17T08:49:00-03:00,HEMACIAS,-8.05248,-34.88473,3.5
217,2026-07-17T09:18:00-03:00,HEMACIAS,-8.04832,-34.87635,4.0
217,2026-07-17T09:23:00-03:00,HEMACIAS,-8.04837,-34.87907,4.7
217,2026-07-17T09:28:00-03:00,HEMACIAS,-8.05173,-34.88256,4.2
217,2026-07-17T09:33:00-03:00,HEMACIAS,-8.05349,-34.88396,4.2
218,2026-07-17T11:46:00-03:00,HEMACIAS,-8.27500,-35.98159,3.6
218,2026-07-17T11:51:00-03:00,HEMACIAS,-8.27130,-35.95916,4.1
218,2026-07-17T11:56:00-03:00,HEMACIAS,-8.26743,-35.93434,4.1
218,2026-07-17T12:01:00-03:00,HEMACIAS,-8.26095,-35.91221,3.9
218,2026-07-17T12:06:00-03:00,HEMACIAS,-8.25807,-35.88768,3.8
218,2026-07-17T12:11:00-03:00,HEMACIAS,-8.25409,-35.86460,3.5
218,2026-07-17T12:16:00-03:00,HEMACIAS,-8.24809,-35.84001,3.3
218,2026-07-17T12:21:00-03:00,HEMACIAS,-8.24384,-35.81568,4.0
218,2026-07-17T12:26:00-03:00,HEMACIAS,-8.23834,-35.79265,3.7
218,2026-07-17T12:31:00-03:00,HEMACIAS,-8.23254,-35.77041,3.4
218,2026-07-17T12:36:00-03:00,HEMACIAS,-8.22978,-35.74562,3.8
218,2026-07-17T12:41:00-03:00,HEMACIAS,-8.22479,-35.72275,4.0
218,2026-07-17T12:46:00-03:00,HEMACIAS,-8.21944,-35.69937,3.8
218,2026-07-17T12:51:00-03:00,HEMACIAS,-8.21532,-35.67603,4.1
218,2026-07-17T12:56:00-03:00,HEMACIAS,-8.21326,-35.65235,4.0
218,2026-07-17T13:01:00-03:00,HEMACIAS,-8.20653,-35.62838,4.0
218,2026-07-17T13:06:00-03:00,HEMACIAS,-8.20253,-35.60607,2.8
218,2026-07-17T13:11:00-03:00,HEMACIAS,-8.19611,-35.58277,3.3
218,2026-07-17T13:16:00-03:00,HEMACIAS,-8.19339,-35.55915,3.5
218,2026-07-17T13:21:00-03:00,HEMACIAS,-8.18875,-35.53541,3.3
218,2026-07-17T13:26:00-03:00,HEMACIAS,-8.18289,-35.50984,3.3
218,2026-07-17T13:31:00-03:00,HEMACIAS,-8.17841,-35.48781,4.1
218,2026-07-17T13:36:00-03:00,HEMACIAS,-8.17469,-35.46286,4.2
218,2026-07-17T13:41:00-03:00,HEMACIAS,-8.16869,-35.44042,3.8
218,2026-07-17T13:46:00-03:00,HEMACIAS,-8.16512,-35.41776,4.2
218,2026-07-17T13:51:00-03:00,HEMACIAS,-8.15951,-35.39171,3.4
218,2026-07-17T13:56:00-03:00,HEMACIAS,-8.15596,-35.37154,3.7
218,2026-07-17T14:01:00-03:00,HEMACIAS,-8.15086,-35.34748,3.6
218,2026-07-17T14:06:00-03:00,HEMACIAS,-8.14682,-35.32263,3.2
218,2026-07-17T14:11:00-03:00,HEMACIAS,-8.14240,-35.30024,2.9
218,2026-07-17T14:16:00-03:00,HEMACIAS,-8.13670,-35.27518,3.9
218,2026-07-17T14:21:00-03:00,HEMACIAS,-8.13288,-35.25263,3.6
218,2026-07-17T14:26:00-03:00,HEMACIAS,-8.12701,-35.22910,3.2
218,2026-07-17T14:31:00-03:00,HEMACIAS,-8.12300,-35.20532,3.4
218,2026-07-17T14:36:00-03:00,HEMACIAS,-8.11906,-35.18101,3.5
218,2026-07-17T14:41:00-03:00,HEMACIAS,-8.11382,-35.15777,3.7
218,2026-07-17T14:46:00-03:00,HEMACIAS,-8.11079,-35.13426,4.5
218,2026-07-17T14:51:00-03:00,HEMACIAS,-8.10469,-35.11128,5.0
218,2026-07-17T14:56:00-03:00,HEMACIAS,-8.09939,-35.08763,4.9
218,2026-07-17T15:01:00-03:00,HEMACIAS,-8.09502,-35.06356,4.1
218,2026-07-17T15:06:00-03:00,HEMACIAS,-8.08968,-35.03980,4.0
218,2026-07-17T15:11:00-03:00,HEMACIAS,-8.08547,-35.01653,4.4
218,2026-07-17T15:16:00-03:00,HEMACIAS,-8.08208,-34.99262,4.3
218,2026-07-17T15:21:00-03:00,HEMACIAS,-8.07792,-34.97007,4.0
218,2026-07-17T15:26:00-03:00,HEMACIAS,-8.07272,-34.94778,4.0
218,2026-07-17T15:31:00-03:00,HEMACIAS,-8.06808,-34.92174,4.1
218,2026-07-17T15:36:00-03:00,HEMACIAS,-8.06301,-34.89912,3.6
220,2026-07-17T13:46:00-03:00,CRIOPRECIPITADO,-8.04789,-34.87755,-28.7
220,2026-07-17T13:51:00-03:00,CRIOPRECIPITADO,-8.05191,-34.88422,-31.3
220,2026-07-17T13:56:00-03:00,CRIOPRECIPITADO,-8.05670,-34.89198,-31.8
220,2026-07-17T14:01:00-03:00,CRIOPRECIPITADO,-8.06198,-34.89726,-30.6
221,2026-07-17T12:02:00-03:00,HEMACIAS,-8.04652,-34.87774,4.3
221,2026-07-17T12:07:00-03:00,HEMACIAS,-8.05026,-34.88204,4.0
221,2026-07-17T12:12:00-03:00,HEMACIAS,-8.05511,-34.88586,4.1
222,2026-07-17T15:34:00-03:00,HEMACIAS,-8.27508,-35.98247,4.1
222,2026-07-17T15:39:00-03:00,HEMACIAS,-8.27897,-35.97794,4.1
222,2026-07-17T15:44:00-03:00,HEMACIAS,-8.28366,-35.97325,3.3
223,2026-07-17T23:03:00-03:00,HEMACIAS,-8.04802,-34.87699,4.3
223,2026-07-17T23:08:00-03:00,HEMACIAS,-8.04919,-34.88007,4.2
223,2026-07-17T23:13:00-03:00,HEMACIAS,-8.05386,-34.88347,4.1
224,2026-07-17T21:41:00-03:00,HEMACIAS,-8.04939,-34.87855,4.1
224,2026-07-17T21:46:00-03:00,HEMACIAS,-8.04041,-34.90277,3.4
224,2026-07-17T21:51:00-03:00,HEMACIAS,-8.03461,-34.92954,3.3
224,2026-07-17T21:56:00-03:00,HEMACIAS,-8.02863,-34.95710,3.2
226,2026-07-17T15:17:00-03:00,HEMACIAS,-8.04799,-34.87847,4.2
226,2026-07-17T15:22:00-03:00,HEMACIAS,-8.05032,-34.88053,4.6
226,2026-07-17T15:27:00-03:00,HEMACIAS,-8.05374,-34.88485,4.7
227,2026-07-17T16:09:00-03:00,HEMACIAS,-8.27643,-35.98229,4.0
227,2026-07-17T16:14:00-03:00,HEMACIAS,-8.27049,-35.95617,4.2
227,2026-07-17T16:19:00-03:00,HEMACIAS,-8.26666,-35.93225,3.9
227,2026-07-17T16:24:00-03:00,HEMACIAS,-8.26134,-35.90888,3.2
227,2026-07-17T16:29:00-03:00,HEMACIAS,-8.25530,-35.88205,3.3
227,2026-07-17T16:34:00-03:00,HEMACIAS,-8.25063,-35.85836,3.6
227,2026-07-17T16:39:00-03:00,HEMACIAS,-8.24673,-35.83481,3.7
227,2026-07-17T16:44:00-03:00,HEMACIAS,-8.24135,-35.80945,4.2
227,2026-07-17T16:49:00-03:00,HEMACIAS,-8.23550,-35.78400,4.5
227,2026-07-17T16:54:00-03:00,HEMACIAS,-8.23107,-35.75916,4.3
227,2026-07-17T16:59:00-03:00,HEMACIAS,-8.22606,-35.73502,4.3
227,2026-07-17T17:04:00-03:00,HEMACIAS,-8.21960,-35.70874,3.8
227,2026-07-17T17:09:00-03:00,HEMACIAS,-8.21665,-35.68495,4.0
227,2026-07-17T17:14:00-03:00,HEMACIAS,-8.21213,-35.66104,3.7
227,2026-07-17T17:19:00-03:00,HEMACIAS,-8.20502,-35.63664,3.9
227,2026-07-17T17:24:00-03:00,HEMACIAS,-8.20064,-35.61123,3.8
227,2026-07-17T17:29:00-03:00,HEMACIAS,-8.19638,-35.58698,3.8
227,2026-07-17T17:34:00-03:00,HEMACIAS,-8.19017,-35.56238,3.3
227,2026-07-17T17:39:00-03:00,HEMACIAS,-8.18394,-35.53679,3.5
227,2026-07-17T17:44:00-03:00,HEMACIAS,-8.18216,-35.51274,3.4
227,2026-07-17T17:49:00-03:00,HEMACIAS,-8.17609,-35.48711,3.1
227,2026-07-17T17:54:00-03:00,HEMACIAS,-8.17156,-35.46424,3.6
227,2026-07-17T17:59:00-03:00,HEMACIAS,-8.16353,-35.43949,3.2
227,2026-07-17T18:04:00-03:00,HEMACIAS,-8.16131,-35.41352,3.9
227,2026-07-17T18:09:00-03:00,HEMACIAS,-8.15709,-35.38984,3.6
227,2026-07-17T18:14:00-03:00,HEMACIAS,-8.15081,-35.36310,4.2
227,2026-07-17T18:19:00-03:00,HEMACIAS,-8.14544,-35.34093,4.3
227,2026-07-17T18:24:00-03:00,HEMACIAS,-8.14169,-35.31605,4.0
227,2026-07-17T18:29:00-03:00,HEMACIAS,-8.13433,-35.29022,4.4
227,2026-07-17T18:34:00-03:00,HEMACIAS,-8.13073,-35.26609,4.2
227,2026-07-17T18:39:00-03:00,HEMACIAS,-8.12505,-35.24216,4.0
227,2026-07-17T18:44:00-03:00,HEMACIAS,-8.12073,-35.21792,3.4
227,2026-07-17T18:49:00-03:00,HEMACIAS,-8.11583,-35.19000,4.1
227,2026-07-17T18:54:00-03:00,HEMACIAS,-8.11199,-35.16770,3.7
227,2026-07-17T18:59:00-03:00,HEMACIAS,-8.10526,-35.14096,3.9
227,2026-07-17T19:04:00-03:00,HEMACIAS,-8.10177,-35.11790,4.0
227,2026-07-17T19:09:00-03:00,HEMACIAS,-8.09833,-35.09318,4.2
227,2026-07-17T19:14:00-03:00,HEMACIAS,-8.09096,-35.06756,3.4
227,2026-07-17T19:19:00-03:00,HEMACIAS,-8.08444,-35.04332,3.6
227,2026-07-17T19:24:00-03:00,HEMACIAS,-8.08109,-35.01856,3.4
227,2026-07-17T19:29:00-03:00,HEMACIAS,-8.07655,-34.99368,3.4
227,2026-07-17T19:34:00-03:00,HEMACIAS,-8.07043,-34.96844,3.9
227,2026-07-17T19:39:00-03:00,HEMACIAS,-8.06527,-34.94456,3.4
227,2026-07-17T19:44:00-03:00,HEMACIAS,-8.06202,-34.91963,3.4
227,2026-07-17T19:49:00-03:00,HEMACIAS,-8.05740,-34.89472,3.5
228,2026-07-17T19:49:00-03:00,PLAQUETAS,-8.27707,-35.98071,21.7
228,2026-07-17T19:54:00-03:00,PLAQUETAS,-8.28284,-35.97250,21.7
229,2026-07-18T01:29:00-03:00,HEMACIAS,-8.04705,-34.87588,3.9
229,2026-07-18T01:34:00-03:00,HEMACIAS,-8.04009,-34.87264,4.0
229,2026-07-18T01:39:00-03:00,HEMACIAS,-8.03235,-34.86912,3.5
229,2026-07-18T01:44:00-03:00,HEMACIAS,-8.02409,-34.86388,3.7
229,2026-07-18T01:49:00-03:00,HEMACIAS,-8.01899,-34.85994,3.8
229,2026-07-18T01:54:00-03:00,HEMACIAS,-8.00882,-34.85531,3.9
231,2026-07-17T20:22:00-03:00,HEMACIAS,-8.27563,-35.98160,4.1
231,2026-07-17T20:27:00-03:00,HEMACIAS,-8.27074,-35.95463,3.6
231,2026-07-17T20:32:00-03:00,HEMACIAS,-8.26662,-35.92826,4.1
231,2026-07-17T20:37:00-03:00,HEMACIAS,-8.26123,-35.89991,4.1
231,2026-07-17T20:42:00-03:00,HEMACIAS,-8.25752,-35.87485,3.6
231,2026-07-17T20:47:00-03:00,HEMACIAS,-8.25139,-35.84690,3.6
231,2026-07-17T20:52:00-03:00,HEMACIAS,-8.24628,-35.82205,3.6
231,2026-07-17T20:57:00-03:00,HEMACIAS,-8.24236,-35.79321,4.1
231,2026-07-17T21:02:00-03:00,HEMACIAS,-8.23771,-35.76551,4.3
231,2026-07-17T21:07:00-03:00,HEMACIAS,-8.23286,-35.73879,4.0
231,2026-07-17T21:12:00-03:00,HEMACIAS,-8.22649,-35.71209,4.2
231,2026-07-17T21:17:00-03:00,HEMACIAS,-8.22162,-35.68376,3.9
231,2026-07-17T21:22:00-03:00,HEMACIAS,-8.21806,-35.65739,4.2
231,2026-07-17T21:27:00-03:00,HEMACIAS,-8.21283,-35.63021,4.5
231,2026-07-17T21:32:00-03:00,HEMACIAS,-8.20743,-35.60131,4.1
231,2026-07-17T21:37:00-03:00,HEMACIAS,-8.20196,-35.57452,3.6
232,2026-07-17T20:26:00-03:00,CRIOPRECIPITADO,-8.04982,-34.87615,-30.6
232,2026-07-17T20:31:00-03:00,CRIOPRECIPITADO,-8.05875,-34.89860,-29.7
232,2026-07-17T20:36:00-03:00,CRIOPRECIPITADO,-8.06908,-34.92149,-29.3
232,2026-07-17T20:41:00-03:00,CRIOPRECIPITADO,-8.07982,-34.94426,-29.2
232,2026-07-17T20:46:00-03:00,CRIOPRECIPITADO,-8.09001,-34.96589,-29.9
232,2026-07-17T20:51:00-03:00,CRIOPRECIPITADO,-8.10092,-34.98771,-31.4
232,2026-07-17T20:56:00-03:00,CRIOPRECIPITADO,-8.11039,-35.00954,-31.6
233,2026-07-18T00:08:00-03:00,PLAQUETAS,-8.27497,-35.98191,22.0
233,2026-07-18T00:13:00-03:00,PLAQUETAS,-8.27399,-35.96404,22.4
233,2026-07-18T00:18:00-03:00,PLAQUETAS,-8.27038,-35.95088,22.7
233,2026-07-18T00:23:00-03:00,PLAQUETAS,-8.26654,-35.93560,23.1
233,2026-07-18T00:28:00-03:00,PLAQUETAS,-8.26558,-35.91889,22.7
233,2026-07-18T00:33:00-03:00,PLAQUETAS,-8.26358,-35.90388,22.3
233,2026-07-18T00:38:00-03:00,PLAQUETAS,-8.25906,-35.88902,22.0
233,2026-07-18T00:43:00-03:00,PLAQUETAS,-8.25705,-35.87302,22.1
233,2026-07-18T00:48:00-03:00,PLAQUETAS,-8.25572,-35.85957,21.4
233,2026-07-18T00:53:00-03:00,PLAQUETAS,-8.25089,-35.84221,21.6
233,2026-07-18T00:58:00-03:00,PLAQUETAS,-8.24876,-35.82938,21.6
233,2026-07-18T01:03:00-03:00,PLAQUETAS,-8.24452,-35.81183,21.8
233,2026-07-18T01:08:00-03:00,PLAQUETAS,-8.24271,-35.79651,21.7
233,2026-07-18T01:13:00-03:00,PLAQUETAS,-8.23922,-35.77969,22.5
233,2026-07-18T01:18:00-03:00,PLAQUETAS,-8.23807,-35.76516,22.7
233,2026-07-18T01:23:00-03:00,PLAQUETAS,-8.23402,-35.74964,22.3
233,2026-07-18T01:28:00-03:00,PLAQUETAS,-8.23144,-35.73348,22.6
233,2026-07-18T01:33:00-03:00,PLAQUETAS,-8.22765,-35.71990,22.6
233,2026-07-18T01:38:00-03:00,PLAQUETAS,-8.22785,-35.70519,22.0
233,2026-07-18T01:43:00-03:00,PLAQUETAS,-8.22315,-35.68835,26.8
233,2026-07-18T01:48:00-03:00,PLAQUETAS,-8.21948,-35.67138,27.1
233,2026-07-18T01:53:00-03:00,PLAQUETAS,-8.21805,-35.65810,27.0
233,2026-07-18T01:58:00-03:00,PLAQUETAS,-8.21684,-35.64369,26.7
233,2026-07-18T02:03:00-03:00,PLAQUETAS,-8.21285,-35.62719,26.7
233,2026-07-18T02:08:00-03:00,PLAQUETAS,-8.21012,-35.61144,26.6
233,2026-07-18T02:13:00-03:00,PLAQUETAS,-8.20730,-35.59496,22.5
233,2026-07-18T02:18:00-03:00,PLAQUETAS,-8.20296,-35.58105,22.5
233,2026-07-18T02:23:00-03:00,PLAQUETAS,-8.20168,-35.56492,21.9
234,2026-07-17T20:58:00-03:00,PLASMA,-8.04653,-34.87594,-29.2
234,2026-07-17T21:03:00-03:00,PLASMA,-8.03426,-34.87583,-28.2
234,2026-07-17T21:08:00-03:00,PLASMA,-8.01930,-34.87608,-27.6
234,2026-07-17T21:13:00-03:00,PLASMA,-8.00590,-34.87536,-28.7
234,2026-07-17T21:18:00-03:00,PLASMA,-7.99188,-34.87652,-29.7
234,2026-07-17T21:23:00-03:00,PLASMA,-7.97599,-34.87489,-31.1
234,2026-07-17T21:28:00-03:00,PLASMA,-7.96394,-34.87434,-29.7
234,2026-07-17T21:33:00-03:00,PLASMA,-7.94899,-34.87289,-29.3
235,2026-07-18T10:58:00-03:00,HEMACIAS,-8.04821,-34.87709,4.0
235,2026-07-18T11:03:00-03:00,HEMACIAS,-8.05229,-34.87970,3.8
235,2026-07-18T11:08:00-03:00,HEMACIAS,-8.05400,-34.88448,3.2
236,2026-07-18T09:43:00-03:00,PLAQUETAS,-8.04685,-34.87742,21.4
236,2026-07-18T09:48:00-03:00,PLAQUETAS,-8.05280,-34.88396,20.7
237,2026-07-18T12:21:00-03:00,HEMACIAS,-8.27724,-35.98217,4.2
237,2026-07-18T12:26:00-03:00,HEMACIAS,-8.27328,-35.96654,4.3
237,2026-07-18T12:31:00-03:00,HEMACIAS,-8.26777,-35.95193,4.3
237,2026-07-18T12:36:00-03:00,HEMACIAS,-8.26319,-35.93684,4.5
237,2026-07-18T12:41:00-03:00,HEMACIAS,-8.26059,-35.92202,4.1
237,2026-07-18T12:46:00-03:00,HEMACIAS,-8.25773,-35.90803,3.9
237,2026-07-18T12:51:00-03:00,HEMACIAS,-8.25354,-35.89227,4.2
237,2026-07-18T12:56:00-03:00,HEMACIAS,-8.25114,-35.87873,4.0
237,2026-07-18T13:01:00-03:00,HEMACIAS,-8.24578,-35.86426,4.3
237,2026-07-18T13:06:00-03:00,HEMACIAS,-8.24249,-35.84977,4.1
237,2026-07-18T13:11:00-03:00,HEMACIAS,-8.23769,-35.83463,3.7
237,2026-07-18T13:16:00-03:00,HEMACIAS,-8.23424,-35.82001,3.6
237,2026-07-18T13:21:00-03:00,HEMACIAS,-8.23144,-35.80529,4.0
237,2026-07-18T13:26:00-03:00,HEMACIAS,-8.22739,-35.78977,4.2
237,2026-07-18T13:31:00-03:00,HEMACIAS,-8.22390,-35.77690,4.4
237,2026-07-18T13:36:00-03:00,HEMACIAS,-8.22034,-35.76101,3.8
237,2026-07-18T13:41:00-03:00,HEMACIAS,-8.21621,-35.74715,3.6
237,2026-07-18T13:46:00-03:00,HEMACIAS,-8.21477,-35.73163,4.4
237,2026-07-18T13:51:00-03:00,HEMACIAS,-8.21074,-35.71595,4.1
237,2026-07-18T13:56:00-03:00,HEMACIAS,-8.20443,-35.69993,4.2
237,2026-07-18T14:01:00-03:00,HEMACIAS,-8.20244,-35.68711,4.1
237,2026-07-18T14:06:00-03:00,HEMACIAS,-8.19728,-35.67225,4.1
237,2026-07-18T14:11:00-03:00,HEMACIAS,-8.19550,-35.65781,3.1
237,2026-07-18T14:16:00-03:00,HEMACIAS,-8.18999,-35.64292,3.3
237,2026-07-18T14:21:00-03:00,HEMACIAS,-8.18541,-35.62675,3.4
237,2026-07-18T14:26:00-03:00,HEMACIAS,-8.18236,-35.61233,3.7
237,2026-07-18T14:31:00-03:00,HEMACIAS,-8.17983,-35.59851,3.9
237,2026-07-18T14:36:00-03:00,HEMACIAS,-8.17600,-35.58262,3.1
237,2026-07-18T14:41:00-03:00,HEMACIAS,-8.17234,-35.56843,3.6
237,2026-07-18T14:46:00-03:00,HEMACIAS,-8.16922,-35.55364,3.8
237,2026-07-18T14:51:00-03:00,HEMACIAS,-8.16454,-35.53882,3.9
237,2026-07-18T14:56:00-03:00,HEMACIAS,-8.16093,-35.52436,3.6
237,2026-07-18T15:01:00-03:00,HEMACIAS,-8.15663,-35.50836,3.1
237,2026-07-18T15:06:00-03:00,HEMACIAS,-8.15347,-35.49390,3.9
237,2026-07-18T15:11:00-03:00,HEMACIAS,-8.14957,-35.48035,3.8
237,2026-07-18T15:16:00-03:00,HEMACIAS,-8.14532,-35.46448,3.8
237,2026-07-18T15:21:00-03:00,HEMACIAS,-8.14396,-35.45168,4.2
237,2026-07-18T15:26:00-03:00,HEMACIAS,-8.13908,-35.43581,4.2
237,2026-07-18T15:31:00-03:00,HEMACIAS,-8.13421,-35.42179,5.0
237,2026-07-18T15:36:00-03:00,HEMACIAS,-8.13080,-35.40664,4.9
237,2026-07-18T15:41:00-03:00,HEMACIAS,-8.12801,-35.38974,4.6
237,2026-07-18T15:46:00-03:00,HEMACIAS,-8.12262,-35.37607,4.6
237,2026-07-18T15:51:00-03:00,HEMACIAS,-8.11888,-35.36271,4.1
237,2026-07-18T15:56:00-03:00,HEMACIAS,-8.11636,-35.34657,3.7
237,2026-07-18T16:01:00-03:00,HEMACIAS,-8.11291,-35.33226,4.1
237,2026-07-18T16:06:00-03:00,HEMACIAS,-8.10884,-35.31915,4.1
237,2026-07-18T16:11:00-03:00,HEMACIAS,-8.10461,-35.30188,4.5
237,2026-07-18T16:16:00-03:00,HEMACIAS,-8.10124,-35.28796,4.4
237,2026-07-18T16:21:00-03:00,HEMACIAS,-8.09810,-35.27487,4.8
237,2026-07-18T16:26:00-03:00,HEMACIAS,-8.09375,-35.25873,4.1
237,2026-07-18T16:31:00-03:00,HEMACIAS,-8.09000,-35.24481,4.1
237,2026-07-18T16:36:00-03:00,HEMACIAS,-8.08678,-35.22924,3.8
237,2026-07-18T16:41:00-03:00,HEMACIAS,-8.08387,-35.21550,4.1
237,2026-07-18T16:46:00-03:00,HEMACIAS,-8.07994,-35.19872,3.7
237,2026-07-18T16:51:00-03:00,HEMACIAS,-8.07534,-35.18608,3.7
237,2026-07-18T16:56:00-03:00,HEMACIAS,-8.07159,-35.16990,3.8
237,2026-07-18T17:01:00-03:00,HEMACIAS,-8.06746,-35.15489,3.6
237,2026-07-18T17:06:00-03:00,HEMACIAS,-8.06548,-35.13955,3.1
237,2026-07-18T17:11:00-03:00,HEMACIAS,-8.06101,-35.12689,3.1
237,2026-07-18T17:16:00-03:00,HEMACIAS,-8.05754,-35.11074,3.3
237,2026-07-18T17:21:00-03:00,HEMACIAS,-8.05358,-35.09495,4.0
237,2026-07-18T17:26:00-03:00,HEMACIAS,-8.04820,-35.08217,4.2
237,2026-07-18T17:31:00-03:00,HEMACIAS,-8.04570,-35.06593,4.5
237,2026-07-18T17:36:00-03:00,HEMACIAS,-8.04114,-35.05227,4.4
237,2026-07-18T17:41:00-03:00,HEMACIAS,-8.03937,-35.03784,4.7
237,2026-07-18T17:46:00-03:00,HEMACIAS,-8.03491,-35.02272,4.3
237,2026-07-18T17:51:00-03:00,HEMACIAS,-8.03092,-35.00745,4.8
237,2026-07-18T17:56:00-03:00,HEMACIAS,-8.02915,-34.99213,4.6
237,2026-07-18T18:01:00-03:00,HEMACIAS,-8.02349,-34.97946,4.7
238,2026-07-18T09:24:00-03:00,HEMACIAS,-8.04724,-34.87810,3.6
238,2026-07-18T09:29:00-03:00,HEMACIAS,-8.05643,-34.89650,3.2
238,2026-07-18T09:34:00-03:00,HEMACIAS,-8.06661,-34.91784,4.0
238,2026-07-18T09:39:00-03:00,HEMACIAS,-8.07770,-34.93779,3.4
238,2026-07-18T09:44:00-03:00,HEMACIAS,-8.08502,-34.95789,3.2
238,2026-07-18T09:49:00-03:00,HEMACIAS,-8.09499,-34.97781,3.4
238,2026-07-18T09:54:00-03:00,HEMACIAS,-8.10511,-34.99783,3.1
239,2026-07-18T09:29:00-03:00,HEMACIAS,-8.04736,-34.87793,4.4
239,2026-07-18T09:34:00-03:00,HEMACIAS,-8.05083,-34.87823,4.5
239,2026-07-18T09:39:00-03:00,HEMACIAS,-8.05068,-34.88142,4.1
239,2026-07-18T09:44:00-03:00,HEMACIAS,-8.05225,-34.88239,4.6
239,2026-07-18T09:49:00-03:00,HEMACIAS,-8.05225,-34.88452,4.9
240,2026-07-18T09:26:00-03:00,HEMACIAS,-8.04974,-34.87561,4.1
240,2026-07-18T09:31:00-03:00,HEMACIAS,-8.03256,-34.86992,4.5
240,2026-07-18T09:36:00-03:00,HEMACIAS,-8.01918,-34.86053,3.9
241,2026-07-18T13:54:00-03:00,HEMACIAS,-8.04799,-34.87592,4.0
241,2026-07-18T13:59:00-03:00,HEMACIAS,-8.05038,-34.87960,4.0
241,2026-07-18T14:04:00-03:00,HEMACIAS,-8.05208,-34.88274,4.2
242,2026-07-18T16:43:00-03:00,PLAQUETAS,-8.27562,-35.98154,22.9
242,2026-07-18T16:48:00-03:00,PLAQUETAS,-8.27203,-35.96149,22.9
242,2026-07-18T16:53:00-03:00,PLAQUETAS,-8.27026,-35.94401,22.5
242,2026-07-18T16:58:00-03:00,PLAQUETAS,-8.26575,-35.92361,22.3
242,2026-07-18T17:03:00-03:00,PLAQUETAS,-8.26171,-35.90259,22.2
242,2026-07-18T17:08:00-03:00,PLAQUETAS,-8.25851,-35.88521,21.6
242,2026-07-18T17:13:00-03:00,PLAQUETAS,-8.25510,-35.86416,21.1
242,2026-07-18T17:18:00-03:00,PLAQUETAS,-8.25153,-35.84602,21.6
242,2026-07-18T17:23:00-03:00,PLAQUETAS,-8.24830,-35.82581,21.4
242,2026-07-18T17:28:00-03:00,PLAQUETAS,-8.24502,-35.80766,21.1
242,2026-07-18T17:33:00-03:00,PLAQUETAS,-8.24063,-35.78718,21.5
242,2026-07-18T17:38:00-03:00,PLAQUETAS,-8.23691,-35.76795,21.9
242,2026-07-18T17:43:00-03:00,PLAQUETAS,-8.23470,-35.74736,22.1
242,2026-07-18T17:48:00-03:00,PLAQUETAS,-8.22962,-35.72870,22.4
242,2026-07-18T17:53:00-03:00,PLAQUETAS,-8.22642,-35.70757,22.6
242,2026-07-18T17:58:00-03:00,PLAQUETAS,-8.22336,-35.68875,22.7
242,2026-07-18T18:03:00-03:00,PLAQUETAS,-8.22040,-35.66971,22.6
242,2026-07-18T18:08:00-03:00,PLAQUETAS,-8.21713,-35.64953,22.7
242,2026-07-18T18:13:00-03:00,PLAQUETAS,-8.21384,-35.63105,22.5
242,2026-07-18T18:18:00-03:00,PLAQUETAS,-8.20974,-35.61107,22.1
242,2026-07-18T18:23:00-03:00,PLAQUETAS,-8.20593,-35.59236,22.1
242,2026-07-18T18:28:00-03:00,PLAQUETAS,-8.20302,-35.57429,22.0
243,2026-07-18T19:19:00-03:00,PLAQUETAS,-8.27540,-35.98237,21.4
243,2026-07-18T19:24:00-03:00,PLAQUETAS,-8.27865,-35.97796,21.9
243,2026-07-18T19:29:00-03:00,PLAQUETAS,-8.28206,-35.97470,22.2
246,2026-07-19T09:23:00-03:00,HEMACIAS,-8.04685,-34.87840,4.5
246,2026-07-19T09:28:00-03:00,HEMACIAS,-8.04977,-34.87985,4.1
246,2026-07-19T09:33:00-03:00,HEMACIAS,-8.05068,-34.88201,4.2
246,2026-07-19T09:38:00-03:00,HEMACIAS,-8.05310,-34.88344,4.2
247,2026-07-19T18:36:00-03:00,HEMACIAS,-8.27627,-35.98169,4.4
247,2026-07-19T18:41:00-03:00,HEMACIAS,-8.27699,-35.97927,4.3
247,2026-07-19T18:46:00-03:00,HEMACIAS,-8.28179,-35.97546,8.3
247,2026-07-19T18:51:00-03:00,HEMACIAS,-8.28344,-35.97285,7.8
248,2026-07-19T16:39:00-03:00,PLAQUETAS,-8.27665,-35.98136,22.2
248,2026-07-19T16:44:00-03:00,PLAQUETAS,-8.26909,-35.95326,22.3
248,2026-07-19T16:49:00-03:00,PLAQUETAS,-8.26033,-35.92336,22.0
248,2026-07-19T16:54:00-03:00,PLAQUETAS,-8.25570,-35.89406,21.7
248,2026-07-19T16:59:00-03:00,PLAQUETAS,-8.24723,-35.86525,21.6
248,2026-07-19T17:04:00-03:00,PLAQUETAS,-8.24115,-35.83493,21.8
248,2026-07-19T17:09:00-03:00,PLAQUETAS,-8.23440,-35.80584,21.6
248,2026-07-19T17:14:00-03:00,PLAQUETAS,-8.22893,-35.77721,21.8
248,2026-07-19T17:19:00-03:00,PLAQUETAS,-8.22152,-35.74763,21.5
248,2026-07-19T17:24:00-03:00,PLAQUETAS,-8.21466,-35.71758,21.8
248,2026-07-19T17:29:00-03:00,PLAQUETAS,-8.20576,-35.68865,21.7
248,2026-07-19T17:34:00-03:00,PLAQUETAS,-8.19999,-35.65874,21.4
248,2026-07-19T17:39:00-03:00,PLAQUETAS,-8.19508,-35.63067,21.8
248,2026-07-19T17:44:00-03:00,PLAQUETAS,-8.18576,-35.60014,21.5
248,2026-07-19T17:49:00-03:00,PLAQUETAS,-8.17825,-35.57083,21.8
248,2026-07-19T17:54:00-03:00,PLAQUETAS,-8.17184,-35.54309,21.7
248,2026-07-19T17:59:00-03:00,PLAQUETAS,-8.16380,-35.51183,21.8
248,2026-07-19T18:04:00-03:00,PLAQUETAS,-8.15828,-35.48282,21.7
248,2026-07-19T18:09:00-03:00,PLAQUETAS,-8.15056,-35.45429,21.4
248,2026-07-19T18:14:00-03:00,PLAQUETAS,-8.14332,-35.42330,20.9
248,2026-07-19T18:19:00-03:00,PLAQUETAS,-8.13689,-35.39700,21.1
248,2026-07-19T18:24:00-03:00,PLAQUETAS,-8.13090,-35.36574,21.4
248,2026-07-19T18:29:00-03:00,PLAQUETAS,-8.12113,-35.33516,21.2
248,2026-07-19T18:34:00-03:00,PLAQUETAS,-8.11588,-35.30702,21.4
248,2026-07-19T18:39:00-03:00,PLAQUETAS,-8.10901,-35.27610,21.3
248,2026-07-19T18:44:00-03:00,PLAQUETAS,-8.10242,-35.24777,21.3
248,2026-07-19T18:49:00-03:00,PLAQUETAS,-8.09524,-35.21912,21.9
248,2026-07-19T18:54:00-03:00,PLAQUETAS,-8.08761,-35.18939,22.6
248,2026-07-19T18:59:00-03:00,PLAQUETAS,-8.08212,-35.15941,21.9
248,2026-07-19T19:04:00-03:00,PLAQUETAS,-8.07461,-35.13025,21.8
248,2026-07-19T19:09:00-03:00,PLAQUETAS,-8.06763,-35.10213,21.4
248,2026-07-19T19:14:00-03:00,PLAQUETAS,-8.06120,-35.07316,21.8
248,2026-07-19T19:19:00-03:00,PLAQUETAS,-8.05404,-35.04333,22.0
248,2026-07-19T19:24:00-03:00,PLAQUETAS,-8.04590,-35.01337,22.0
248,2026-07-19T19:29:00-03:00,PLAQUETAS,-8.03858,-34.98509,21.9
248,2026-07-19T19:34:00-03:00,PLAQUETAS,-8.03372,-34.95536,21.9
248,2026-07-19T19:39:00-03:00,PLAQUETAS,-8.02549,-34.92483,22.5
248,2026-07-19T19:44:00-03:00,PLAQUETAS,-8.01739,-34.89463,21.9
248,2026-07-19T19:49:00-03:00,PLAQUETAS,-8.01110,-34.86599,22.0
250,2026-07-20T00:18:00-03:00,HEMACIAS,-8.04623,-34.87641,4.3
250,2026-07-20T00:23:00-03:00,HEMACIAS,-8.04800,-34.87973,4.4
250,2026-07-20T00:28:00-03:00,HEMACIAS,-8.05239,-34.88205,4.5
250,2026-07-20T00:33:00-03:00,HEMACIAS,-8.05296,-34.88362,4.7
251,2026-07-20T10:15:00-03:00,HEMACIAS,-8.04733,-34.87518,3.6
251,2026-07-20T10:20:00-03:00,HEMACIAS,-8.04868,-34.87920,3.4
251,2026-07-20T10:25:00-03:00,HEMACIAS,-8.05109,-34.88175,4.4
251,2026-07-20T10:30:00-03:00,HEMACIAS,-8.05367,-34.88404,4.5
252,2026-07-20T08:26:00-03:00,HEMACIAS,-8.04727,-34.87691,4.0
252,2026-07-20T08:31:00-03:00,HEMACIAS,-8.05227,-34.88289,3.7
252,2026-07-20T08:36:00-03:00,HEMACIAS,-8.05679,-34.88920,3.5
252,2026-07-20T08:41:00-03:00,HEMACIAS,-8.06031,-34.89471,3.7
253,2026-07-20T14:59:00-03:00,PLASMA,-8.04757,-34.87806,-29.3
253,2026-07-20T15:04:00-03:00,PLASMA,-8.05131,-34.88020,-28.9
253,2026-07-20T15:09:00-03:00,PLASMA,-8.05339,-34.88647,-27.8
253,2026-07-20T15:14:00-03:00,PLASMA,-8.05656,-34.89002,-28.4
253,2026-07-20T15:19:00-03:00,PLASMA,-8.05887,-34.89280,-28.7
253,2026-07-20T15:24:00-03:00,PLASMA,-8.06092,-34.89858,-29.9
254,2026-07-20T14:22:00-03:00,HEMACIAS,-8.04743,-34.87578,4.4
254,2026-07-20T14:27:00-03:00,HEMACIAS,-8.05087,-34.88193,4.8
254,2026-07-20T14:32:00-03:00,HEMACIAS,-8.05543,-34.88829,4.3
254,2026-07-20T14:37:00-03:00,HEMACIAS,-8.05980,-34.89538,4.1
255,2026-07-20T17:15:00-03:00,HEMACIAS,-8.27710,-35.98116,3.8
255,2026-07-20T17:20:00-03:00,HEMACIAS,-8.28011,-35.97876,4.5
255,2026-07-20T17:25:00-03:00,HEMACIAS,-8.28014,-35.97683,4.1
255,2026-07-20T17:30:00-03:00,HEMACIAS,-8.28416,-35.97299,3.9
255,2026-07-20T17:35:00-03:00,HEMACIAS,-8.28584,-35.96918,4.4
256,2026-07-20T11:06:00-03:00,HEMACIAS,-8.04719,-34.87664,4.4
256,2026-07-20T11:11:00-03:00,HEMACIAS,-8.04988,-34.88190,4.4
256,2026-07-20T11:16:00-03:00,HEMACIAS,-8.05194,-34.88438,4.4
256,2026-07-20T11:21:00-03:00,HEMACIAS,-8.05319,-34.88897,5.1
256,2026-07-20T11:26:00-03:00,HEMACIAS,-8.05427,-34.89251,4.6
256,2026-07-20T11:31:00-03:00,HEMACIAS,-8.05776,-34.89624,4.6
256,2026-07-20T11:36:00-03:00,HEMACIAS,-8.05849,-34.90024,4.7
256,2026-07-20T11:41:00-03:00,HEMACIAS,-8.06133,-34.90421,4.9
256,2026-07-20T11:46:00-03:00,HEMACIAS,-8.06268,-34.90836,5.0
256,2026-07-20T11:51:00-03:00,HEMACIAS,-8.06375,-34.91388,4.4
256,2026-07-20T11:56:00-03:00,HEMACIAS,-8.06767,-34.91668,4.9
256,2026-07-20T12:01:00-03:00,HEMACIAS,-8.06761,-34.91979,4.9
256,2026-07-20T12:06:00-03:00,HEMACIAS,-8.07025,-34.92477,4.5
256,2026-07-20T12:11:00-03:00,HEMACIAS,-8.07229,-34.92733,4.1
256,2026-07-20T12:16:00-03:00,HEMACIAS,-8.07419,-34.93318,3.9
256,2026-07-20T12:21:00-03:00,HEMACIAS,-8.07587,-34.93691,4.0
256,2026-07-20T12:26:00-03:00,HEMACIAS,-8.07760,-34.94084,4.1
256,2026-07-20T12:31:00-03:00,HEMACIAS,-8.07925,-34.94495,4.3
256,2026-07-20T12:36:00-03:00,HEMACIAS,-8.08003,-34.94775,4.6
256,2026-07-20T12:41:00-03:00,HEMACIAS,-8.08289,-34.95165,3.8
256,2026-07-20T12:46:00-03:00,HEMACIAS,-8.08525,-34.95733,4.1
256,2026-07-20T12:51:00-03:00,HEMACIAS,-8.08646,-34.95983,3.5
256,2026-07-20T12:56:00-03:00,HEMACIAS,-8.08846,-34.96566,2.8
256,2026-07-20T13:01:00-03:00,HEMACIAS,-8.09177,-34.96928,3.6
256,2026-07-20T13:06:00-03:00,HEMACIAS,-8.09300,-34.97175,3.8
256,2026-07-20T13:11:00-03:00,HEMACIAS,-8.09355,-34.97679,3.8
256,2026-07-20T13:16:00-03:00,HEMACIAS,-8.09712,-34.98009,3.9
256,2026-07-20T13:21:00-03:00,HEMACIAS,-8.09928,-34.98431,4.2
256,2026-07-20T13:26:00-03:00,HEMACIAS,-8.10092,-34.98742,4.5
256,2026-07-20T13:31:00-03:00,HEMACIAS,-8.10227,-34.99404,4.3
256,2026-07-20T13:36:00-03:00,HEMACIAS,-8.10309,-34.99632,4.1
256,2026-07-20T13:41:00-03:00,HEMACIAS,-8.10529,-34.99885,3.8
256,2026-07-20T13:46:00-03:00,HEMACIAS,-8.10741,-35.00422,4.0
256,2026-07-20T13:51:00-03:00,HEMACIAS,-8.10989,-35.00853,3.8
256,2026-07-20T13:56:00-03:00,HEMACIAS,-8.11136,-35.01148,3.7
257,2026-07-20T11:42:00-03:00,HEMACIAS,-8.27512,-35.98249,4.4
257,2026-07-20T11:47:00-03:00,HEMACIAS,-8.27162,-35.96172,3.9
257,2026-07-20T11:52:00-03:00,HEMACIAS,-8.26953,-35.94323,4.1
257,2026-07-20T11:57:00-03:00,HEMACIAS,-8.26552,-35.92105,3.8
257,2026-07-20T12:02:00-03:00,HEMACIAS,-8.26232,-35.90365,3.7
257,2026-07-20T12:07:00-03:00,HEMACIAS,-8.25901,-35.88345,3.6
257,2026-07-20T12:12:00-03:00,HEMACIAS,-8.25655,-35.86446,3.3
257,2026-07-20T12:17:00-03:00,HEMACIAS,-8.25198,-35.84557,3.8
257,2026-07-20T12:22:00-03:00,HEMACIAS,-8.24962,-35.82588,3.5
257,2026-07-20T12:27:00-03:00,HEMACIAS,-8.24649,-35.80599,4.1
257,2026-07-20T12:32:00-03:00,HEMACIAS,-8.24236,-35.78679,4.2
257,2026-07-20T12:37:00-03:00,HEMACIAS,-8.23911,-35.76586,3.7
257,2026-07-20T12:42:00-03:00,HEMACIAS,-8.23629,-35.74739,4.5
257,2026-07-20T12:47:00-03:00,HEMACIAS,-8.23311,-35.72724,3.8
257,2026-07-20T12:52:00-03:00,HEMACIAS,-8.22917,-35.71026,3.7
257,2026-07-20T12:57:00-03:00,HEMACIAS,-8.22675,-35.68904,3.2
257,2026-07-20T13:02:00-03:00,HEMACIAS,-8.22288,-35.66880,3.0
257,2026-07-20T13:07:00-03:00,HEMACIAS,-8.22096,-35.64893,3.1
257,2026-07-20T13:12:00-03:00,HEMACIAS,-8.21738,-35.62814,3.1
257,2026-07-20T13:17:00-03:00,HEMACIAS,-8.21304,-35.61066,3.5
257,2026-07-20T13:22:00-03:00,HEMACIAS,-8.20999,-35.59068,3.9
257,2026-07-20T13:27:00-03:00,HEMACIAS,-8.20440,-35.57158,3.8
257,2026-07-20T13:32:00-03:00,HEMACIAS,-8.20357,-35.55212,3.6
257,2026-07-20T13:37:00-03:00,HEMACIAS,-8.19976,-35.53114,3.6
257,2026-07-20T13:42:00-03:00,HEMACIAS,-8.19714,-35.51187,3.9
257,2026-07-20T13:47:00-03:00,HEMACIAS,-8.19374,-35.49262,3.8
257,2026-07-20T13:52:00-03:00,HEMACIAS,-8.18975,-35.47245,3.9
257,2026-07-20T13:57:00-03:00,HEMACIAS,-8.18649,-35.45114,3.9
257,2026-07-20T14:02:00-03:00,HEMACIAS,-8.18389,-35.43332,3.5
257,2026-07-20T14:07:00-03:00,HEMACIAS,-8.18091,-35.41542,3.4
257,2026-07-20T14:12:00-03:00,HEMACIAS,-8.17744,-35.39363,3.8
257,2026-07-20T14:17:00-03:00,HEMACIAS,-8.17322,-35.37515,3.9
257,2026-07-20T14:22:00-03:00,HEMACIAS,-8.17088,-35.35680,4.2
257,2026-07-20T14:27:00-03:00,HEMACIAS,-8.16497,-35.33405,4.2
257,2026-07-20T14:32:00-03:00,HEMACIAS,-8.16383,-35.31592,4.2
257,2026-07-20T14:37:00-03:00,HEMACIAS,-8.15973,-35.29553,4.8
257,2026-07-20T14:42:00-03:00,HEMACIAS,-8.15687,-35.27674,4.9
257,2026-07-20T14:47:00-03:00,HEMACIAS,-8.15457,-35.25757,4.7
257,2026-07-20T14:52:00-03:00,HEMACIAS,-8.15164,-35.23715,4.4
257,2026-07-20T14:57:00-03:00,HEMACIAS,-8.14771,-35.21829,4.2
257,2026-07-20T15:02:00-03:00,HEMACIAS,-8.14500,-35.19874,4.0
257,2026-07-20T15:07:00-03:00,HEMACIAS,-8.13905,-35.17960,3.7
257,2026-07-20T15:12:00-03:00,HEMACIAS,-8.13830,-35.15995,3.5
257,2026-07-20T15:17:00-03:00,HEMACIAS,-8.13353,-35.14031,3.4
257,2026-07-20T15:22:00-03:00,HEMACIAS,-8.13077,-35.11911,3.8
257,2026-07-20T15:27:00-03:00,HEMACIAS,-8.12900,-35.10177,4.4
257,2026-07-20T15:32:00-03:00,HEMACIAS,-8.12277,-35.08102,4.0
257,2026-07-20T15:37:00-03:00,HEMACIAS,-8.12063,-35.06152,4.4
257,2026-07-20T15:42:00-03:00,HEMACIAS,-8.11714,-35.04206,4.7
257,2026-07-20T15:47:00-03:00,HEMACIAS,-8.11370,-35.02305,5.4
258,2026-07-20T17:20:00-03:00,HEMACIAS,-8.04766,-34.87618,4.1
258,2026-07-20T17:25:00-03:00,HEMACIAS,-8.05714,-34.89610,3.9
258,2026-07-20T17:30:00-03:00,HEMACIAS,-8.06549,-34.91441,3.8
258,2026-07-20T17:35:00-03:00,HEMACIAS,-8.07468,-34.93251,4.1
258,2026-07-20T17:40:00-03:00,HEMACIAS,-8.08377,-34.95046,3.8
258,2026-07-20T17:45:00-03:00,HEMACIAS,-8.09112,-34.96922,3.3
258,2026-07-20T17:50:00-03:00,HEMACIAS,-8.10045,-34.98791,3.7
258,2026-07-20T17:55:00-03:00,HEMACIAS,-8.10874,-35.00720,4.0
259,2026-07-20T20:14:00-03:00,PLASMA,-8.04759,-34.87784,-31.5
259,2026-07-20T20:19:00-03:00,PLASMA,-8.05062,-34.88037,-33.5
259,2026-07-20T20:24:00-03:00,PLASMA,-8.05475,-34.88526,-33.5
260,2026-07-20T23:26:00-03:00,HEMACIAS,-8.04783,-34.87703,4.3
260,2026-07-20T23:31:00-03:00,HEMACIAS,-8.03608,-34.86959,4.3
260,2026-07-20T23:36:00-03:00,HEMACIAS,-8.02363,-34.86428,3.8
260,2026-07-20T23:41:00-03:00,HEMACIAS,-8.01068,-34.85614,3.4
261,2026-07-20T21:39:00-03:00,HEMACIAS,-8.27644,-35.98033,3.7
261,2026-07-20T21:44:00-03:00,HEMACIAS,-8.27807,-35.97830,3.8
261,2026-07-20T21:49:00-03:00,HEMACIAS,-8.27868,-35.97889,3.7
261,2026-07-20T21:54:00-03:00,HEMACIAS,-8.28060,-35.97697,4.0
261,2026-07-20T21:59:00-03:00,HEMACIAS,-8.28211,-35.97389,3.5
261,2026-07-20T22:04:00-03:00,HEMACIAS,-8.28331,-35.97227,2.6
261,2026-07-20T22:09:00-03:00,HEMACIAS,-8.28469,-35.96877,3.6
262,2026-07-20T23:09:00-03:00,HEMACIAS,-8.04619,-34.87684,3.9
262,2026-07-20T23:14:00-03:00,HEMACIAS,-8.04746,-34.88159,4.1
262,2026-07-20T23:19:00-03:00,HEMACIAS,-8.04598,-34.88670,4.1
262,2026-07-20T23:24:00-03:00,HEMACIAS,-8.04470,-34.89159,4.2
262,2026-07-20T23:29:00-03:00,HEMACIAS,-8.04306,-34.89611,4.3
262,2026-07-20T23:34:00-03:00,HEMACIAS,-8.04192,-34.90016,4.5
262,2026-07-20T23:39:00-03:00,HEMACIAS,-8.04125,-34.90235,4.3
262,2026-07-20T23:44:00-03:00,HEMACIAS,-8.03943,-34.90809,4.6
262,2026-07-20T23:49:00-03:00,HEMACIAS,-8.03820,-34.91409,4.7
262,2026-07-20T23:54:00-03:00,HEMACIAS,-8.03705,-34.91951,4.6
262,2026-07-20T23:59:00-03:00,HEMACIAS,-8.03649,-34.92134,4.0
262,2026-07-21T00:04:00-03:00,HEMACIAS,-8.03630,-34.92750,3.9
262,2026-07-21T00:09:00-03:00,HEMACIAS,-8.03441,-34.93261,3.5
262,2026-07-21T00:14:00-03:00,HEMACIAS,-8.03339,-34.93793,4.1
262,2026-07-21T00:19:00-03:00,HEMACIAS,-8.03226,-34.94138,4.1
262,2026-07-21T00:24:00-03:00,HEMACIAS,-8.03199,-34.94584,4.3
262,2026-07-21T00:29:00-03:00,HEMACIAS,-8.03049,-34.95172,4.3
262,2026-07-21T00:34:00-03:00,HEMACIAS,-8.02845,-34.95437,4.0
262,2026-07-21T00:39:00-03:00,HEMACIAS,-8.02788,-34.96065,3.4
262,2026-07-21T00:44:00-03:00,HEMACIAS,-8.02674,-34.96403,3.8
262,2026-07-21T00:49:00-03:00,HEMACIAS,-8.02748,-34.96840,3.5
262,2026-07-21T00:54:00-03:00,HEMACIAS,-8.02434,-34.97471,3.9
262,2026-07-21T00:59:00-03:00,HEMACIAS,-8.02389,-34.97835,3.6
263,2026-07-20T23:07:00-03:00,HEMACIAS,-8.04687,-34.87835,3.7
263,2026-07-20T23:12:00-03:00,HEMACIAS,-8.04410,-34.89210,3.9
263,2026-07-20T23:17:00-03:00,HEMACIAS,-8.04053,-34.90583,3.8
263,2026-07-20T23:22:00-03:00,HEMACIAS,-8.03564,-34.91981,4.0
263,2026-07-20T23:27:00-03:00,HEMACIAS,-8.03333,-34.93446,4.1
263,2026-07-20T23:32:00-03:00,HEMACIAS,-8.03048,-34.95105,4.1
263,2026-07-20T23:37:00-03:00,HEMACIAS,-8.02495,-34.96683,4.2
264,2026-07-20T22:20:00-03:00,PLAQUETAS,-8.04761,-34.87687,22.9
264,2026-07-20T22:25:00-03:00,PLAQUETAS,-8.04931,-34.87895,22.7
264,2026-07-20T22:30:00-03:00,PLAQUETAS,-8.05167,-34.88377,22.0
266,2026-07-20T19:54:00-03:00,HEMACIAS,-8.04825,-34.87560,3.9
266,2026-07-20T19:59:00-03:00,HEMACIAS,-8.05095,-34.88047,3.9
266,2026-07-20T20:04:00-03:00,HEMACIAS,-8.05282,-34.88241,4.3
267,2026-07-21T01:52:00-03:00,HEMACIAS,-8.04784,-34.87723,3.7
267,2026-07-21T01:57:00-03:00,HEMACIAS,-8.05364,-34.89033,3.4
267,2026-07-21T02:02:00-03:00,HEMACIAS,-8.05900,-34.90116,3.2
267,2026-07-21T02:07:00-03:00,HEMACIAS,-8.06539,-34.91301,3.3
267,2026-07-21T02:12:00-03:00,HEMACIAS,-8.07128,-34.92548,3.7
267,2026-07-21T02:17:00-03:00,HEMACIAS,-8.07623,-34.93787,3.4
267,2026-07-21T02:22:00-03:00,HEMACIAS,-8.08072,-34.94860,3.5
267,2026-07-21T02:27:00-03:00,HEMACIAS,-8.08797,-34.96202,3.9
267,2026-07-21T02:32:00-03:00,HEMACIAS,-8.09465,-34.97495,3.4
267,2026-07-21T02:37:00-03:00,HEMACIAS,-8.09910,-34.98590,4.5
267,2026-07-21T02:42:00-03:00,HEMACIAS,-8.10563,-34.99881,4.3
267,2026-07-21T02:47:00-03:00,HEMACIAS,-8.11014,-35.00999,4.0
268,2026-07-21T10:31:00-03:00,PLAQUETAS,-8.04727,-34.87728,22.6
268,2026-07-21T10:36:00-03:00,PLAQUETAS,-8.05135,-34.88102,22.7
268,2026-07-21T10:41:00-03:00,PLAQUETAS,-8.05563,-34.88877,23.0
268,2026-07-21T10:46:00-03:00,PLAQUETAS,-8.05902,-34.89218,22.9
268,2026-07-21T10:51:00-03:00,PLAQUETAS,-8.06233,-34.89873,22.6
270,2026-07-21T09:31:00-03:00,HEMACIAS,-8.04798,-34.87708,4.0
270,2026-07-21T09:36:00-03:00,HEMACIAS,-8.05210,-34.89116,3.6
270,2026-07-21T09:41:00-03:00,HEMACIAS,-8.06124,-34.90560,3.8
270,2026-07-21T09:46:00-03:00,HEMACIAS,-8.06903,-34.92063,3.1
270,2026-07-21T09:51:00-03:00,HEMACIAS,-8.07368,-34.93162,2.9
270,2026-07-21T09:56:00-03:00,HEMACIAS,-8.08010,-34.94784,3.4
270,2026-07-21T10:01:00-03:00,HEMACIAS,-8.08727,-34.96122,3.6
270,2026-07-21T10:06:00-03:00,HEMACIAS,-8.09430,-34.97388,3.5
270,2026-07-21T10:11:00-03:00,HEMACIAS,-8.10178,-34.98907,4.2
270,2026-07-21T10:16:00-03:00,HEMACIAS,-8.10654,-35.00499,4.5
271,2026-07-21T09:15:00-03:00,PLAQUETAS,-8.27681,-35.98158,21.8
271,2026-07-21T09:20:00-03:00,PLAQUETAS,-8.27298,-35.96190,22.0
271,2026-07-21T09:25:00-03:00,PLAQUETAS,-8.26927,-35.94720,22.2
271,2026-07-21T09:30:00-03:00,PLAQUETAS,-8.26696,-35.92841,22.4
271,2026-07-21T09:35:00-03:00,PLAQUETAS,-8.26213,-35.90992,22.3
271,2026-07-21T09:40:00-03:00,PLAQUETAS,-8.26010,-35.89238,22.0
271,2026-07-21T09:45:00-03:00,PLAQUETAS,-8.25709,-35.87613,21.5
271,2026-07-21T09:50:00-03:00,PLAQUETAS,-8.25353,-35.85752,21.6
271,2026-07-21T09:55:00-03:00,PLAQUETAS,-8.25183,-35.83870,21.4
271,2026-07-21T10:00:00-03:00,PLAQUETAS,-8.24683,-35.82209,21.2
271,2026-07-21T10:05:00-03:00,PLAQUETAS,-8.24377,-35.80324,21.8
271,2026-07-21T10:10:00-03:00,PLAQUETAS,-8.24164,-35.78481,21.6
271,2026-07-21T10:15:00-03:00,PLAQUETAS,-8.23793,-35.76686,21.6
271,2026-07-21T10:20:00-03:00,PLAQUETAS,-8.23478,-35.74997,21.8
271,2026-07-21T10:25:00-03:00,PLAQUETAS,-8.23155,-35.73170,22.2
271,2026-07-21T10:30:00-03:00,PLAQUETAS,-8.22795,-35.71499,22.3
271,2026-07-21T10:35:00-03:00,PLAQUETAS,-8.22532,-35.69646,23.3
271,2026-07-21T10:40:00-03:00,PLAQUETAS,-8.22031,-35.67978,22.6
271,2026-07-21T10:45:00-03:00,PLAQUETAS,-8.21908,-35.66241,22.3
271,2026-07-21T10:50:00-03:00,PLAQUETAS,-8.21467,-35.64358,21.8
271,2026-07-21T10:55:00-03:00,PLAQUETAS,-8.21152,-35.62701,21.8
271,2026-07-21T11:00:00-03:00,PLAQUETAS,-8.20936,-35.60759,22.1
271,2026-07-21T11:05:00-03:00,PLAQUETAS,-8.20635,-35.59017,22.2
271,2026-07-21T11:10:00-03:00,PLAQUETAS,-8.20060,-35.57216,22.4
272,2026-07-21T15:21:00-03:00,HEMACIAS,-8.04779,-34.87624,3.5
272,2026-07-21T15:26:00-03:00,HEMACIAS,-8.05969,-34.90038,3.5
272,2026-07-21T15:31:00-03:00,HEMACIAS,-8.06907,-34.92287,3.6
272,2026-07-21T15:36:00-03:00,HEMACIAS,-8.07919,-34.94554,3.5
272,2026-07-21T15:41:00-03:00,HEMACIAS,-8.09040,-34.96883,3.9
272,2026-07-21T15:46:00-03:00,HEMACIAS,-8.10046,-34.99126,3.8
272,2026-07-21T15:51:00-03:00,HEMACIAS,-8.11354,-35.01387,3.6
273,2026-07-21T10:57:00-03:00,PLAQUETAS,-8.04738,-34.87735,22.0
273,2026-07-21T11:02:00-03:00,PLAQUETAS,-8.05183,-34.89161,21.9
273,2026-07-21T11:07:00-03:00,PLAQUETAS,-8.05760,-34.90008,22.0
273,2026-07-21T11:12:00-03:00,PLAQUETAS,-8.06586,-34.91334,22.4
273,2026-07-21T11:17:00-03:00,PLAQUETAS,-8.06955,-34.92441,21.7
273,2026-07-21T11:22:00-03:00,PLAQUETAS,-8.07465,-34.93695,21.9
273,2026-07-21T11:27:00-03:00,PLAQUETAS,-8.08223,-34.94872,21.6
273,2026-07-21T11:32:00-03:00,PLAQUETAS,-8.08755,-34.96191,22.0
273,2026-07-21T11:37:00-03:00,PLAQUETAS,-8.09263,-34.97330,22.4
273,2026-07-21T11:42:00-03:00,PLAQUETAS,-8.09930,-34.98609,22.8
273,2026-07-21T11:47:00-03:00,PLAQUETAS,-8.10447,-34.99846,22.1
273,2026-07-21T11:52:00-03:00,PLAQUETAS,-8.11194,-35.01092,22.2
274,2026-07-21T12:36:00-03:00,HEMACIAS,-8.04687,-34.87605,3.3
274,2026-07-21T12:41:00-03:00,HEMACIAS,-8.05082,-34.89013,3.7
274,2026-07-21T12:46:00-03:00,HEMACIAS,-8.05409,-34.90285,3.5
274,2026-07-21T12:51:00-03:00,HEMACIAS,-8.05585,-34.91823,3.6
274,2026-07-21T12:56:00-03:00,HEMACIAS,-8.05825,-34.93083,4.3
274,2026-07-21T13:01:00-03:00,HEMACIAS,-8.06211,-34.94455,3.8
274,2026-07-21T13:06:00-03:00,HEMACIAS,-8.06485,-34.95867,3.1
274,2026-07-21T13:11:00-03:00,HEMACIAS,-8.06881,-34.97219,4.2
274,2026-07-21T13:16:00-03:00,HEMACIAS,-8.07054,-34.98599,4.1
274,2026-07-21T13:21:00-03:00,HEMACIAS,-8.07456,-34.99909,4.3
274,2026-07-21T13:26:00-03:00,HEMACIAS,-8.07772,-35.01241,4.1
274,2026-07-21T13:31:00-03:00,HEMACIAS,-8.08046,-35.02732,3.8
274,2026-07-21T13:36:00-03:00,HEMACIAS,-8.08153,-35.04007,4.0
274,2026-07-21T13:41:00-03:00,HEMACIAS,-8.08723,-35.05190,3.7
274,2026-07-21T13:46:00-03:00,HEMACIAS,-8.09014,-35.06629,3.7
274,2026-07-21T13:51:00-03:00,HEMACIAS,-8.09124,-35.08205,4.0
274,2026-07-21T13:56:00-03:00,HEMACIAS,-8.09495,-35.09444,4.3
274,2026-07-21T14:01:00-03:00,HEMACIAS,-8.09752,-35.11004,4.5
274,2026-07-21T14:06:00-03:00,HEMACIAS,-8.09978,-35.12207,4.3
274,2026-07-21T14:11:00-03:00,HEMACIAS,-8.10495,-35.13552,5.4
274,2026-07-21T14:16:00-03:00,HEMACIAS,-8.10634,-35.14999,5.2
274,2026-07-21T14:21:00-03:00,HEMACIAS,-8.11077,-35.16185,5.1
274,2026-07-21T14:26:00-03:00,HEMACIAS,-8.11124,-35.17669,4.6
274,2026-07-21T14:31:00-03:00,HEMACIAS,-8.11336,-35.18972,4.3
274,2026-07-21T14:36:00-03:00,HEMACIAS,-8.11858,-35.20208,4.3
274,2026-07-21T14:41:00-03:00,HEMACIAS,-8.12088,-35.21740,3.2
274,2026-07-21T14:46:00-03:00,HEMACIAS,-8.12500,-35.23077,3.5
274,2026-07-21T14:51:00-03:00,HEMACIAS,-8.12858,-35.24427,3.5
274,2026-07-21T14:56:00-03:00,HEMACIAS,-8.13050,-35.25729,4.0
274,2026-07-21T15:01:00-03:00,HEMACIAS,-8.13417,-35.27229,3.4
274,2026-07-21T15:06:00-03:00,HEMACIAS,-8.13494,-35.28287,3.8
274,2026-07-21T15:11:00-03:00,HEMACIAS,-8.14030,-35.29956,3.9
274,2026-07-21T15:16:00-03:00,HEMACIAS,-8.14327,-35.31164,3.9
274,2026-07-21T15:21:00-03:00,HEMACIAS,-8.14540,-35.32497,4.2
274,2026-07-21T15:26:00-03:00,HEMACIAS,-8.14734,-35.33810,3.9
274,2026-07-21T15:31:00-03:00,HEMACIAS,-8.15026,-35.35369,4.0
274,2026-07-21T15:36:00-03:00,HEMACIAS,-8.15410,-35.36527,3.9
274,2026-07-21T15:41:00-03:00,HEMACIAS,-8.15637,-35.37965,4.2
274,2026-07-21T15:46:00-03:00,HEMACIAS,-8.15873,-35.39329,4.2
274,2026-07-21T15:51:00-03:00,HEMACIAS,-8.16161,-35.40756,4.2
274,2026-07-21T15:56:00-03:00,HEMACIAS,-8.16636,-35.42273,4.1
274,2026-07-21T16:01:00-03:00,HEMACIAS,-8.16888,-35.43285,3.9
274,2026-07-21T16:06:00-03:00,HEMACIAS,-8.17155,-35.44808,4.4
274,2026-07-21T16:11:00-03:00,HEMACIAS,-8.17506,-35.46107,4.1
274,2026-07-21T16:16:00-03:00,HEMACIAS,-8.17696,-35.47501,4.3
274,2026-07-21T16:21:00-03:00,HEMACIAS,-8.18006,-35.48934,3.9
274,2026-07-21T16:26:00-03:00,HEMACIAS,-8.18465,-35.50275,3.8
274,2026-07-21T16:31:00-03:00,HEMACIAS,-8.18578,-35.51647,3.7
274,2026-07-21T16:36:00-03:00,HEMACIAS,-8.19042,-35.52970,3.0
274,2026-07-21T16:41:00-03:00,HEMACIAS,-8.19141,-35.54419,3.9
274,2026-07-21T16:46:00-03:00,HEMACIAS,-8.19515,-35.55625,3.7
274,2026-07-21T16:51:00-03:00,HEMACIAS,-8.19697,-35.57038,3.7
274,2026-07-21T16:56:00-03:00,HEMACIAS,-8.20057,-35.58419,3.6
274,2026-07-21T17:01:00-03:00,HEMACIAS,-8.20358,-35.59675,3.6
274,2026-07-21T17:06:00-03:00,HEMACIAS,-8.20720,-35.61107,3.5
274,2026-07-21T17:11:00-03:00,HEMACIAS,-8.21063,-35.62411,4.2
274,2026-07-21T17:16:00-03:00,HEMACIAS,-8.21325,-35.63869,4.1
274,2026-07-21T17:21:00-03:00,HEMACIAS,-8.21619,-35.65071,3.9
274,2026-07-21T17:26:00-03:00,HEMACIAS,-8.21746,-35.66450,4.2
274,2026-07-21T17:31:00-03:00,HEMACIAS,-8.22172,-35.68032,4.5
274,2026-07-21T17:36:00-03:00,HEMACIAS,-8.22502,-35.69153,4.5
274,2026-07-21T17:41:00-03:00,HEMACIAS,-8.22862,-35.70633,4.4
274,2026-07-21T17:46:00-03:00,HEMACIAS,-8.23016,-35.72075,3.8
274,2026-07-21T17:51:00-03:00,HEMACIAS,-8.23386,-35.73324,4.1
274,2026-07-21T17:56:00-03:00,HEMACIAS,-8.23766,-35.74743,3.8
274,2026-07-21T18:01:00-03:00,HEMACIAS,-8.24063,-35.76151,4.2
274,2026-07-21T18:06:00-03:00,HEMACIAS,-8.24235,-35.77503,3.5
274,2026-07-21T18:11:00-03:00,HEMACIAS,-8.24616,-35.78866,3.8
274,2026-07-21T18:16:00-03:00,HEMACIAS,-8.24794,-35.80235,4.1
274,2026-07-21T18:21:00-03:00,HEMACIAS,-8.25032,-35.81448,4.2
274,2026-07-21T18:26:00-03:00,HEMACIAS,-8.25281,-35.82997,4.1
274,2026-07-21T18:31:00-03:00,HEMACIAS,-8.25654,-35.84194,3.3
274,2026-07-21T18:36:00-03:00,HEMACIAS,-8.25979,-35.85578,4.0
274,2026-07-21T18:41:00-03:00,HEMACIAS,-8.26391,-35.87001,3.7
274,2026-07-21T18:46:00-03:00,HEMACIAS,-8.26610,-35.88334,4.1
274,2026-07-21T18:51:00-03:00,HEMACIAS,-8.26866,-35.89693,3.9
274,2026-07-21T18:56:00-03:00,HEMACIAS,-8.27326,-35.90979,3.8
274,2026-07-21T19:01:00-03:00,HEMACIAS,-8.27464,-35.92312,3.5
274,2026-07-21T19:06:00-03:00,HEMACIAS,-8.27671,-35.93720,3.6
274,2026-07-21T19:11:00-03:00,HEMACIAS,-8.27965,-35.95168,4.0
274,2026-07-21T19:16:00-03:00,HEMACIAS,-8.28250,-35.96370,3.9
275,2026-07-21T13:33:00-03:00,HEMACIAS,-8.04779,-34.87832,3.7
275,2026-07-21T13:38:00-03:00,HEMACIAS,-8.05133,-34.89650,4.0
275,2026-07-21T13:43:00-03:00,HEMACIAS,-8.05490,-34.91504,4.5
275,2026-07-21T13:48:00-03:00,HEMACIAS,-8.05963,-34.93619,4.4
275,2026-07-21T13:53:00-03:00,HEMACIAS,-8.06486,-34.95476,4.1
275,2026-07-21T13:58:00-03:00,HEMACIAS,-8.06884,-34.97588,4.1
275,2026-07-21T14:03:00-03:00,HEMACIAS,-8.07521,-34.99323,3.5
275,2026-07-21T14:08:00-03:00,HEMACIAS,-8.07796,-35.01315,3.8
275,2026-07-21T14:13:00-03:00,HEMACIAS,-8.08206,-35.03247,3.8
275,2026-07-21T14:18:00-03:00,HEMACIAS,-8.08672,-35.05331,3.8
275,2026-07-21T14:23:00-03:00,HEMACIAS,-8.09227,-35.07267,4.1
275,2026-07-21T14:28:00-03:00,HEMACIAS,-8.09648,-35.09090,4.3
275,2026-07-21T14:33:00-03:00,HEMACIAS,-8.10001,-35.11146,4.6
275,2026-07-21T14:38:00-03:00,HEMACIAS,-8.10388,-35.13163,4.4
275,2026-07-21T14:43:00-03:00,HEMACIAS,-8.10824,-35.14949,4.5
275,2026-07-21T14:48:00-03:00,HEMACIAS,-8.11286,-35.17053,4.1
275,2026-07-21T14:53:00-03:00,HEMACIAS,-8.11900,-35.18972,4.2
275,2026-07-21T14:58:00-03:00,HEMACIAS,-8.12142,-35.21057,4.2
275,2026-07-21T15:03:00-03:00,HEMACIAS,-8.12761,-35.22984,4.0
275,2026-07-21T15:08:00-03:00,HEMACIAS,-8.12902,-35.24825,4.2
275,2026-07-21T15:13:00-03:00,HEMACIAS,-8.13487,-35.26848,3.9
275,2026-07-21T15:18:00-03:00,HEMACIAS,-8.13929,-35.28796,3.7
275,2026-07-21T15:23:00-03:00,HEMACIAS,-8.14370,-35.30727,3.9
275,2026-07-21T15:28:00-03:00,HEMACIAS,-8.14758,-35.32702,3.9
275,2026-07-21T15:33:00-03:00,HEMACIAS,-8.15196,-35.34466,3.6
275,2026-07-21T15:38:00-03:00,HEMACIAS,-8.15559,-35.36631,3.7
275,2026-07-21T15:43:00-03:00,HEMACIAS,-8.16213,-35.38437,4.1
275,2026-07-21T15:48:00-03:00,HEMACIAS,-8.16559,-35.40290,4.1
275,2026-07-21T15:53:00-03:00,HEMACIAS,-8.16999,-35.42315,3.9
275,2026-07-21T15:58:00-03:00,HEMACIAS,-8.17369,-35.44379,3.8
275,2026-07-21T16:03:00-03:00,HEMACIAS,-8.17874,-35.46381,4.3
275,2026-07-21T16:08:00-03:00,HEMACIAS,-8.18305,-35.48328,4.0
275,2026-07-21T16:13:00-03:00,HEMACIAS,-8.18793,-35.50276,3.8
275,2026-07-21T16:18:00-03:00,HEMACIAS,-8.19023,-35.52140,4.0
275,2026-07-21T16:23:00-03:00,HEMACIAS,-8.19528,-35.54153,4.2
275,2026-07-21T16:28:00-03:00,HEMACIAS,-8.20050,-35.56225,3.4
276,2026-07-22T00:14:00-03:00,PLAQUETAS,-8.04776,-34.87738,22.5
276,2026-07-22T00:19:00-03:00,PLAQUETAS,-8.03861,-34.87207,22.3
276,2026-07-22T00:24:00-03:00,PLAQUETAS,-8.02984,-34.86762,22.4
276,2026-07-22T00:29:00-03:00,PLAQUETAS,-8.01995,-34.86064,21.8
276,2026-07-22T00:34:00-03:00,PLAQUETAS,-8.01024,-34.85481,22.0
277,2026-07-21T18:22:00-03:00,PLAQUETAS,-8.04480,-34.87677,22.3
277,2026-07-21T18:27:00-03:00,PLAQUETAS,-8.04998,-34.88023,22.6
277,2026-07-21T18:32:00-03:00,PLAQUETAS,-8.05440,-34.88335,22.3
278,2026-07-21T17:14:00-03:00,HEMACIAS,-8.04607,-34.87722,3.6
278,2026-07-21T17:19:00-03:00,HEMACIAS,-8.05249,-34.88314,3.7
278,2026-07-21T17:24:00-03:00,HEMACIAS,-8.05800,-34.89154,4.0
278,2026-07-21T17:29:00-03:00,HEMACIAS,-8.06271,-34.89658,3.5
279,2026-07-21T14:35:00-03:00,HEMACIAS,-8.04686,-34.87679,4.5
279,2026-07-21T14:40:00-03:00,HEMACIAS,-8.04029,-34.87307,4.8
279,2026-07-21T14:45:00-03:00,HEMACIAS,-8.03186,-34.86805,4.9
279,2026-07-21T14:50:00-03:00,HEMACIAS,-8.02294,-34.86161,4.4
279,2026-07-21T14:55:00-03:00,HEMACIAS,-8.01337,-34.85755,4.5
280,2026-07-21T19:17:00-03:00,HEMACIAS,-8.04693,-34.87625,4.0
280,2026-07-21T19:22:00-03:00,HEMACIAS,-8.05075,-34.88338,3.6
280,2026-07-21T19:27:00-03:00,HEMACIAS,-8.05677,-34.88797,4.0
280,2026-07-21T19:32:00-03:00,HEMACIAS,-8.05963,-34.89493,4.0
281,2026-07-21T15:04:00-03:00,CRIOPRECIPITADO,-8.04732,-34.87659,-31.7
281,2026-07-21T15:09:00-03:00,CRIOPRECIPITADO,-8.05400,-34.88455,-31.0
281,2026-07-21T15:14:00-03:00,CRIOPRECIPITADO,-8.05809,-34.89286,-30.2
282,2026-07-21T17:17:00-03:00,HEMACIAS,-8.04685,-34.87647,3.5
282,2026-07-21T17:22:00-03:00,HEMACIAS,-8.05183,-34.88353,3.8
282,2026-07-21T17:27:00-03:00,HEMACIAS,-8.05545,-34.89069,9.6
282,2026-07-21T17:32:00-03:00,HEMACIAS,-8.06143,-34.89534,10.3
283,2026-07-21T20:36:00-03:00,PLASMA,-8.04760,-34.87740,-30.9
283,2026-07-21T20:41:00-03:00,PLASMA,-8.03713,-34.87151,-31.1
283,2026-07-21T20:46:00-03:00,PLASMA,-8.03100,-34.86694,-31.6
283,2026-07-21T20:51:00-03:00,PLASMA,-8.02097,-34.86177,-32.0
283,2026-07-21T20:56:00-03:00,PLASMA,-8.01332,-34.85759,-30.8
284,2026-07-21T15:57:00-03:00,HEMACIAS,-8.27562,-35.98262,4.4
284,2026-07-21T16:02:00-03:00,HEMACIAS,-8.27277,-35.95626,4.5
284,2026-07-21T16:07:00-03:00,HEMACIAS,-8.26864,-35.92984,4.2
284,2026-07-21T16:12:00-03:00,HEMACIAS,-8.26206,-35.90369,4.4
284,2026-07-21T16:17:00-03:00,HEMACIAS,-8.25721,-35.87871,4.8
284,2026-07-21T16:22:00-03:00,HEMACIAS,-8.25255,-35.85192,4.4
284,2026-07-21T16:27:00-03:00,HEMACIAS,-8.24790,-35.82661,3.9
284,2026-07-21T16:32:00-03:00,HEMACIAS,-8.24457,-35.80221,4.7
284,2026-07-21T16:37:00-03:00,HEMACIAS,-8.23882,-35.77513,4.3
284,2026-07-21T16:42:00-03:00,HEMACIAS,-8.23416,-35.75148,4.6
284,2026-07-21T16:47:00-03:00,HEMACIAS,-8.22893,-35.72522,4.3
284,2026-07-21T16:52:00-03:00,HEMACIAS,-8.22513,-35.69873,4.6
284,2026-07-21T16:57:00-03:00,HEMACIAS,-8.22053,-35.67350,4.2
284,2026-07-21T17:02:00-03:00,HEMACIAS,-8.21701,-35.64726,4.0
284,2026-07-21T17:07:00-03:00,HEMACIAS,-8.21057,-35.62026,4.2
284,2026-07-21T17:12:00-03:00,HEMACIAS,-8.20594,-35.59577,4.1
284,2026-07-21T17:17:00-03:00,HEMACIAS,-8.20140,-35.57076,4.4
285,2026-07-21T16:57:00-03:00,HEMACIAS,-8.04674,-34.87851,4.1
285,2026-07-21T17:02:00-03:00,HEMACIAS,-8.04966,-34.88395,4.2
285,2026-07-21T17:07:00-03:00,HEMACIAS,-8.05738,-34.89191,3.8
285,2026-07-21T17:12:00-03:00,HEMACIAS,-8.06102,-34.89836,3.5
287,2026-07-21T18:43:00-03:00,CRIOPRECIPITADO,-8.04811,-34.87718,-29.8
287,2026-07-21T18:48:00-03:00,CRIOPRECIPITADO,-8.05386,-34.88715,-30.1
287,2026-07-21T18:53:00-03:00,CRIOPRECIPITADO,-8.06124,-34.89728,-29.9
288,2026-07-21T22:45:00-03:00,HEMACIAS,-8.04827,-34.87709,4.1
288,2026-07-21T22:50:00-03:00,HEMACIAS,-8.03881,-34.87078,3.8
288,2026-07-21T22:55:00-03:00,HEMACIAS,-8.03006,-34.86679,3.0
288,2026-07-21T23:00:00-03:00,HEMACIAS,-8.02205,-34.86120,3.7
288,2026-07-21T23:05:00-03:00,HEMACIAS,-8.01295,-34.85798,3.6
289,2026-07-21T22:41:00-03:00,CRIOPRECIPITADO,-8.04782,-34.87632,-28.9
289,2026-07-21T22:46:00-03:00,CRIOPRECIPITADO,-8.05406,-34.88972,-28.5
289,2026-07-21T22:51:00-03:00,CRIOPRECIPITADO,-8.06232,-34.90649,-29.0
289,2026-07-21T22:56:00-03:00,CRIOPRECIPITADO,-8.06892,-34.92166,-29.0
289,2026-07-21T23:01:00-03:00,CRIOPRECIPITADO,-8.07462,-34.93508,-28.5
289,2026-07-21T23:06:00-03:00,CRIOPRECIPITADO,-8.08205,-34.95146,-29.0
289,2026-07-21T23:11:00-03:00,CRIOPRECIPITADO,-8.08961,-34.96504,-29.8
289,2026-07-21T23:16:00-03:00,CRIOPRECIPITADO,-8.09582,-34.97920,-30.3
289,2026-07-21T23:21:00-03:00,CRIOPRECIPITADO,-8.10215,-34.99456,-31.2
289,2026-07-21T23:26:00-03:00,CRIOPRECIPITADO,-8.10936,-35.00771,-31.7
290,2026-07-21T23:20:00-03:00,CRIOPRECIPITADO,-8.04877,-34.87791,-29.2
290,2026-07-21T23:25:00-03:00,CRIOPRECIPITADO,-8.04935,-34.88025,-29.5
290,2026-07-21T23:30:00-03:00,CRIOPRECIPITADO,-8.05393,-34.88401,-28.8
291,2026-07-22T03:03:00-03:00,PLASMA,-8.04749,-34.87570,-28.7
291,2026-07-22T03:08:00-03:00,PLASMA,-8.05205,-34.88121,-30.5
292,2026-07-22T12:55:00-03:00,HEMACIAS,-8.04707,-34.87667,3.3
292,2026-07-22T13:00:00-03:00,HEMACIAS,-8.05206,-34.88820,3.6
292,2026-07-22T13:05:00-03:00,HEMACIAS,-8.05799,-34.90031,4.1
292,2026-07-22T13:10:00-03:00,HEMACIAS,-8.06498,-34.91188,3.9
292,2026-07-22T13:15:00-03:00,HEMACIAS,-8.07174,-34.92473,4.1
292,2026-07-22T13:20:00-03:00,HEMACIAS,-8.07595,-34.93633,3.8
292,2026-07-22T13:25:00-03:00,HEMACIAS,-8.08129,-34.94836,3.4
292,2026-07-22T13:30:00-03:00,HEMACIAS,-8.08685,-34.95990,3.5
292,2026-07-22T13:35:00-03:00,HEMACIAS,-8.09193,-34.96964,3.9
292,2026-07-22T13:40:00-03:00,HEMACIAS,-8.09739,-34.98035,3.4
292,2026-07-22T13:45:00-03:00,HEMACIAS,-8.10298,-34.99327,4.1
292,2026-07-22T13:50:00-03:00,HEMACIAS,-8.10927,-35.00525,4.1
293,2026-07-22T10:47:00-03:00,HEMACIAS,-8.04821,-34.87627,4.1
293,2026-07-22T10:52:00-03:00,HEMACIAS,-8.04800,-34.87810,4.0
293,2026-07-22T10:57:00-03:00,HEMACIAS,-8.04950,-34.87926,4.2
293,2026-07-22T11:02:00-03:00,HEMACIAS,-8.05039,-34.88018,4.0
293,2026-07-22T11:07:00-03:00,HEMACIAS,-8.05198,-34.88129,4.4
293,2026-07-22T11:12:00-03:00,HEMACIAS,-8.05251,-34.88402,4.5
293,2026-07-22T11:17:00-03:00,HEMACIAS,-8.05272,-34.88409,4.8
293,2026-07-22T11:22:00-03:00,HEMACIAS,-8.05418,-34.88615,4.5
293,2026-07-22T11:27:00-03:00,HEMACIAS,-8.05434,-34.88603,4.4
293,2026-07-22T11:32:00-03:00,HEMACIAS,-8.05554,-34.88896,4.6
293,2026-07-22T11:37:00-03:00,HEMACIAS,-8.05773,-34.88898,4.5
293,2026-07-22T11:42:00-03:00,HEMACIAS,-8.05528,-34.89131,3.8
293,2026-07-22T11:47:00-03:00,HEMACIAS,-8.05886,-34.89151,4.1
293,2026-07-22T11:52:00-03:00,HEMACIAS,-8.05849,-34.89225,3.8
293,2026-07-22T11:57:00-03:00,HEMACIAS,-8.05870,-34.89554,3.8
293,2026-07-22T12:02:00-03:00,HEMACIAS,-8.06082,-34.89507,4.0
293,2026-07-22T12:07:00-03:00,HEMACIAS,-8.05945,-34.89713,3.3
293,2026-07-22T12:12:00-03:00,HEMACIAS,-8.06215,-34.89747,3.9
294,2026-07-22T10:32:00-03:00,HEMACIAS,-8.04711,-34.87702,4.8
294,2026-07-22T10:37:00-03:00,HEMACIAS,-8.05104,-34.87985,4.8
295,2026-07-22T10:36:00-03:00,PLAQUETAS,-8.04617,-34.87622,22.3
295,2026-07-22T10:41:00-03:00,PLAQUETAS,-8.05007,-34.87913,22.1
295,2026-07-22T10:46:00-03:00,PLAQUETAS,-8.05209,-34.88051,21.9
295,2026-07-22T10:51:00-03:00,PLAQUETAS,-8.05389,-34.88465,21.7
296,2026-07-22T08:37:00-03:00,PLAQUETAS,-8.27506,-35.98181,22.3
296,2026-07-22T08:42:00-03:00,PLAQUETAS,-8.28025,-35.97674,22.0
296,2026-07-22T08:47:00-03:00,PLAQUETAS,-8.28401,-35.97368,22.1
297,2026-07-22T10:31:00-03:00,HEMACIAS,-8.04730,-34.87697,4.6
297,2026-07-22T10:36:00-03:00,HEMACIAS,-8.06268,-34.90740,4.5
297,2026-07-22T10:41:00-03:00,HEMACIAS,-8.07642,-34.93572,4.5
297,2026-07-22T10:46:00-03:00,HEMACIAS,-8.09043,-34.96639,4.2
297,2026-07-22T10:51:00-03:00,HEMACIAS,-8.10342,-34.99723,3.8
298,2026-07-22T10:41:00-03:00,HEMACIAS,-8.27627,-35.98151,3.5
298,2026-07-22T10:46:00-03:00,HEMACIAS,-8.27870,-35.98007,4.1
298,2026-07-22T10:51:00-03:00,HEMACIAS,-8.28039,-35.97447,4.9
298,2026-07-22T10:56:00-03:00,HEMACIAS,-8.28418,-35.97238,4.6
299,2026-07-22T22:14:00-03:00,HEMACIAS,-8.27675,-35.98185,4.1
299,2026-07-22T22:19:00-03:00,HEMACIAS,-8.27805,-35.97644,4.6
299,2026-07-22T22:24:00-03:00,HEMACIAS,-8.28335,-35.97007,4.7
300,2026-07-22T15:59:00-03:00,HEMACIAS,-8.04872,-34.87791,3.5
300,2026-07-22T16:04:00-03:00,HEMACIAS,-8.05146,-34.88186,3.6
300,2026-07-22T16:09:00-03:00,HEMACIAS,-8.05369,-34.88798,3.7
300,2026-07-22T16:14:00-03:00,HEMACIAS,-8.06022,-34.89550,4.2
301,2026-07-22T21:07:00-03:00,CRIOPRECIPITADO,-8.04743,-34.87566,-31.8
301,2026-07-22T21:12:00-03:00,CRIOPRECIPITADO,-8.04545,-34.88795,-31.2
301,2026-07-22T21:17:00-03:00,CRIOPRECIPITADO,-8.04207,-34.89710,-33.1
301,2026-07-22T21:22:00-03:00,CRIOPRECIPITADO,-8.04100,-34.90592,-32.7
301,2026-07-22T21:27:00-03:00,CRIOPRECIPITADO,-8.03871,-34.91675,-32.7
301,2026-07-22T21:32:00-03:00,CRIOPRECIPITADO,-8.03608,-34.92637,-30.4
301,2026-07-22T21:37:00-03:00,CRIOPRECIPITADO,-8.03460,-34.93821,-30.8
301,2026-07-22T21:42:00-03:00,CRIOPRECIPITADO,-8.03047,-34.94625,-31.1
301,2026-07-22T21:47:00-03:00,CRIOPRECIPITADO,-8.02798,-34.95722,-30.2
301,2026-07-22T21:52:00-03:00,CRIOPRECIPITADO,-8.02611,-34.96530,-30.7
301,2026-07-22T21:57:00-03:00,CRIOPRECIPITADO,-8.02515,-34.97668,-31.3
302,2026-07-22T15:50:00-03:00,HEMACIAS,-8.04712,-34.87794,3.6
302,2026-07-22T15:55:00-03:00,HEMACIAS,-8.05547,-34.88960,3.5
302,2026-07-22T16:00:00-03:00,HEMACIAS,-8.06136,-34.90310,3.4
302,2026-07-22T16:05:00-03:00,HEMACIAS,-8.06709,-34.91845,3.4
302,2026-07-22T16:10:00-03:00,HEMACIAS,-8.07367,-34.93159,3.4
302,2026-07-22T16:15:00-03:00,HEMACIAS,-8.07955,-34.94613,3.9
302,2026-07-22T16:20:00-03:00,HEMACIAS,-8.08585,-34.95724,4.6
302,2026-07-22T16:25:00-03:00,HEMACIAS,-8.09126,-34.97212,4.7
302,2026-07-22T16:30:00-03:00,HEMACIAS,-8.09856,-34.98447,4.5
302,2026-07-22T16:35:00-03:00,HEMACIAS,-8.10598,-34.99946,4.0
302,2026-07-22T16:40:00-03:00,HEMACIAS,-8.11243,-35.01306,3.6
303,2026-07-22T23:07:00-03:00,PLAQUETAS,-8.27571,-35.98108,22.1
303,2026-07-22T23:12:00-03:00,PLAQUETAS,-8.27903,-35.97709,22.4
303,2026-07-22T23:17:00-03:00,PLAQUETAS,-8.28226,-35.97505,22.3
303,2026-07-22T23:22:00-03:00,PLAQUETAS,-8.28479,-35.97072,21.9
304,2026-07-22T17:18:00-03:00,HEMACIAS,-8.04795,-34.87696,4.2
304,2026-07-22T17:23:00-03:00,HEMACIAS,-8.05054,-34.87980,4.4
304,2026-07-22T17:28:00-03:00,HEMACIAS,-8.05269,-34.88209,4.1
305,2026-07-22T16:58:00-03:00,HEMACIAS,-8.27556,-35.98176,4.8
305,2026-07-22T17:03:00-03:00,HEMACIAS,-8.27141,-35.95030,4.7
305,2026-07-22T17:08:00-03:00,HEMACIAS,-8.26495,-35.91894,4.2
305,2026-07-22T17:13:00-03:00,HEMACIAS,-8.25923,-35.88721,3.9
305,2026-07-22T17:18:00-03:00,HEMACIAS,-8.25443,-35.85507,4.0
305,2026-07-22T17:23:00-03:00,HEMACIAS,-8.24951,-35.82206,3.6
305,2026-07-22T17:28:00-03:00,HEMACIAS,-8.24395,-35.79243,3.5
305,2026-07-22T17:33:00-03:00,HEMACIAS,-8.23806,-35.75935,3.7
305,2026-07-22T17:38:00-03:00,HEMACIAS,-8.23208,-35.72801,3.3
305,2026-07-22T17:43:00-03:00,HEMACIAS,-8.22663,-35.69528,3.7
305,2026-07-22T17:48:00-03:00,HEMACIAS,-8.22305,-35.66386,3.3
305,2026-07-22T17:53:00-03:00,HEMACIAS,-8.21514,-35.63223,3.2
305,2026-07-22T17:58:00-03:00,HEMACIAS,-8.21144,-35.60100,3.8
305,2026-07-22T18:03:00-03:00,HEMACIAS,-8.20616,-35.56793,4.3
305,2026-07-22T18:08:00-03:00,HEMACIAS,-8.20045,-35.53641,3.9
305,2026-07-22T18:13:00-03:00,HEMACIAS,-8.19609,-35.50414,4.5
305,2026-07-22T18:18:00-03:00,HEMACIAS,-8.18955,-35.47346,4.8
305,2026-07-22T18:23:00-03:00,HEMACIAS,-8.18475,-35.44088,4.2
305,2026-07-22T18:28:00-03:00,HEMACIAS,-8.18043,-35.40889,4.3
305,2026-07-22T18:33:00-03:00,HEMACIAS,-8.17357,-35.37701,4.4
305,2026-07-22T18:38:00-03:00,HEMACIAS,-8.16762,-35.34569,3.9
305,2026-07-22T18:43:00-03:00,HEMACIAS,-8.16223,-35.31473,4.0
305,2026-07-22T18:48:00-03:00,HEMACIAS,-8.15784,-35.28263,4.2
305,2026-07-22T18:53:00-03:00,HEMACIAS,-8.15183,-35.24881,3.9
305,2026-07-22T18:58:00-03:00,HEMACIAS,-8.14705,-35.21819,3.9
305,2026-07-22T19:03:00-03:00,HEMACIAS,-8.14074,-35.18608,3.2
305,2026-07-22T19:08:00-03:00,HEMACIAS,-8.13609,-35.15421,3.5
305,2026-07-22T19:13:00-03:00,HEMACIAS,-8.13190,-35.12065,4.1
305,2026-07-22T19:18:00-03:00,HEMACIAS,-8.12523,-35.09187,4.2
305,2026-07-22T19:23:00-03:00,HEMACIAS,-8.12091,-35.05830,3.6
305,2026-07-22T19:28:00-03:00,HEMACIAS,-8.11417,-35.02614,4.0
306,2026-07-22T18:19:00-03:00,PLAQUETAS,-8.04741,-34.87727,22.1
306,2026-07-22T18:24:00-03:00,PLAQUETAS,-8.05157,-34.88190,22.2
307,2026-07-22T21:22:00-03:00,CRIOPRECIPITADO,-8.04920,-34.87647,-29.6
307,2026-07-22T21:27:00-03:00,CRIOPRECIPITADO,-8.05307,-34.88478,-30.7
307,2026-07-22T21:32:00-03:00,CRIOPRECIPITADO,-8.05716,-34.89329,-31.3
307,2026-07-22T21:37:00-03:00,CRIOPRECIPITADO,-8.06306,-34.89903,-32.5
308,2026-07-22T19:31:00-03:00,HEMACIAS,-8.27644,-35.98191,4.1
308,2026-07-22T19:36:00-03:00,HEMACIAS,-8.27194,-35.96345,3.8
308,2026-07-22T19:41:00-03:00,HEMACIAS,-8.26826,-35.94442,4.3
308,2026-07-22T19:46:00-03:00,HEMACIAS,-8.26754,-35.92745,4.3
308,2026-07-22T19:51:00-03:00,HEMACIAS,-8.26319,-35.90845,4.3
308,2026-07-22T19:56:00-03:00,HEMACIAS,-8.25934,-35.89049,4.2
308,2026-07-22T20:01:00-03:00,HEMACIAS,-8.25629,-35.87294,4.9
308,2026-07-22T20:06:00-03:00,HEMACIAS,-8.25232,-35.85442,4.8
308,2026-07-22T20:11:00-03:00,HEMACIAS,-8.24923,-35.83455,4.3
308,2026-07-22T20:16:00-03:00,HEMACIAS,-8.24622,-35.81649,4.4
308,2026-07-22T20:21:00-03:00,HEMACIAS,-8.24322,-35.80026,4.0
308,2026-07-22T20:26:00-03:00,HEMACIAS,-8.23958,-35.78150,4.4
308,2026-07-22T20:31:00-03:00,HEMACIAS,-8.23779,-35.76241,4.6
308,2026-07-22T20:36:00-03:00,HEMACIAS,-8.23276,-35.74370,4.1
308,2026-07-22T20:41:00-03:00,HEMACIAS,-8.22970,-35.72699,4.6
308,2026-07-22T20:46:00-03:00,HEMACIAS,-8.22636,-35.70710,5.0
308,2026-07-22T20:51:00-03:00,HEMACIAS,-8.22465,-35.68790,4.6
308,2026-07-22T20:56:00-03:00,HEMACIAS,-8.22009,-35.67115,5.1
308,2026-07-22T21:01:00-03:00,HEMACIAS,-8.21704,-35.65295,4.5
308,2026-07-22T21:06:00-03:00,HEMACIAS,-8.21566,-35.63489,4.0
308,2026-07-22T21:11:00-03:00,HEMACIAS,-8.21076,-35.61626,3.4
308,2026-07-22T21:16:00-03:00,HEMACIAS,-8.20553,-35.59820,3.5
308,2026-07-22T21:21:00-03:00,HEMACIAS,-8.20399,-35.57987,3.9
309,2026-07-23T12:45:00-03:00,HEMACIAS,-8.04625,-34.87878,4.0
309,2026-07-23T12:50:00-03:00,HEMACIAS,-8.05323,-34.88483,4.0
309,2026-07-23T12:55:00-03:00,HEMACIAS,-8.05859,-34.89249,3.6
309,2026-07-23T13:00:00-03:00,HEMACIAS,-8.06333,-34.90033,3.7
310,2026-07-22T19:13:00-03:00,HEMACIAS,-8.27456,-35.98212,4.5
310,2026-07-22T19:18:00-03:00,HEMACIAS,-8.27013,-35.95926,4.6
310,2026-07-22T19:23:00-03:00,HEMACIAS,-8.26822,-35.93767,4.2
310,2026-07-22T19:28:00-03:00,HEMACIAS,-8.26333,-35.91406,4.1
310,2026-07-22T19:33:00-03:00,HEMACIAS,-8.25827,-35.89284,3.5
310,2026-07-22T19:38:00-03:00,HEMACIAS,-8.25389,-35.86994,3.3
310,2026-07-22T19:43:00-03:00,HEMACIAS,-8.24974,-35.84665,3.4
310,2026-07-22T19:48:00-03:00,HEMACIAS,-8.24524,-35.82530,3.3
310,2026-07-22T19:53:00-03:00,HEMACIAS,-8.24157,-35.80157,3.6
310,2026-07-22T19:58:00-03:00,HEMACIAS,-8.23682,-35.77923,3.7
310,2026-07-22T20:03:00-03:00,HEMACIAS,-8.23147,-35.75831,4.2
310,2026-07-22T20:08:00-03:00,HEMACIAS,-8.22902,-35.73621,4.9
310,2026-07-22T20:13:00-03:00,HEMACIAS,-8.22458,-35.71286,4.0
310,2026-07-22T20:18:00-03:00,HEMACIAS,-8.21900,-35.69151,3.9
310,2026-07-22T20:23:00-03:00,HEMACIAS,-8.21424,-35.66871,4.0
310,2026-07-22T20:28:00-03:00,HEMACIAS,-8.21078,-35.64552,3.4
310,2026-07-22T20:33:00-03:00,HEMACIAS,-8.20522,-35.62396,3.8
310,2026-07-22T20:38:00-03:00,HEMACIAS,-8.20153,-35.60316,4.3
310,2026-07-22T20:43:00-03:00,HEMACIAS,-8.19819,-35.57933,4.0
310,2026-07-22T20:48:00-03:00,HEMACIAS,-8.19275,-35.55573,4.1
310,2026-07-22T20:53:00-03:00,HEMACIAS,-8.18861,-35.53357,4.3
310,2026-07-22T20:58:00-03:00,HEMACIAS,-8.18450,-35.51227,4.1
310,2026-07-22T21:03:00-03:00,HEMACIAS,-8.17880,-35.48993,3.9
310,2026-07-22T21:08:00-03:00,HEMACIAS,-8.17461,-35.46841,4.8
310,2026-07-22T21:13:00-03:00,HEMACIAS,-8.16995,-35.44541,4.6
310,2026-07-22T21:18:00-03:00,HEMACIAS,-8.16525,-35.42063,4.4
310,2026-07-22T21:23:00-03:00,HEMACIAS,-8.16204,-35.39974,4.4
310,2026-07-22T21:28:00-03:00,HEMACIAS,-8.15850,-35.37664,4.5
310,2026-07-22T21:33:00-03:00,HEMACIAS,-8.15288,-35.35501,3.8
310,2026-07-22T21:38:00-03:00,HEMACIAS,-8.14929,-35.33362,4.4
310,2026-07-22T21:43:00-03:00,HEMACIAS,-8.14363,-35.31077,4.3
310,2026-07-22T21:48:00-03:00,HEMACIAS,-8.14040,-35.28894,4.0
310,2026-07-22T21:53:00-03:00,HEMACIAS,-8.13556,-35.26583,4.8
310,2026-07-22T21:58:00-03:00,HEMACIAS,-8.13065,-35.24321,5.2
310,2026-07-22T22:03:00-03:00,HEMACIAS,-8.12668,-35.22196,4.4
310,2026-07-22T22:08:00-03:00,HEMACIAS,-8.12225,-35.19816,4.7
310,2026-07-22T22:13:00-03:00,HEMACIAS,-8.11613,-35.17648,4.5
310,2026-07-22T22:18:00-03:00,HEMACIAS,-8.11347,-35.15373,4.9
310,2026-07-22T22:23:00-03:00,HEMACIAS,-8.10750,-35.13207,4.4
310,2026-07-22T22:28:00-03:00,HEMACIAS,-8.10496,-35.11089,3.9
310,2026-07-22T22:33:00-03:00,HEMACIAS,-8.10049,-35.08519,3.7
310,2026-07-22T22:38:00-03:00,HEMACIAS,-8.09614,-35.06453,3.8
310,2026-07-22T22:43:00-03:00,HEMACIAS,-8.09053,-35.04186,3.9
310,2026-07-22T22:48:00-03:00,HEMACIAS,-8.08666,-35.01974,4.5
310,2026-07-22T22:53:00-03:00,HEMACIAS,-8.08391,-34.99657,4.3
310,2026-07-22T22:58:00-03:00,HEMACIAS,-8.07816,-34.97550,4.6
310,2026-07-22T23:03:00-03:00,HEMACIAS,-8.07358,-34.95244,4.5
310,2026-07-22T23:08:00-03:00,HEMACIAS,-8.06936,-34.93067,4.5
310,2026-07-22T23:13:00-03:00,HEMACIAS,-8.06506,-34.90756,5.2
311,2026-07-22T22:01:00-03:00,HEMACIAS,-8.04750,-34.87713,4.0
311,2026-07-22T22:06:00-03:00,HEMACIAS,-8.05063,-34.87829,4.4
311,2026-07-22T22:11:00-03:00,HEMACIAS,-8.05225,-34.88232,3.8
312,2026-07-23T00:50:00-03:00,PLASMA,-8.04724,-34.87653,-28.9
312,2026-07-23T00:55:00-03:00,PLASMA,-8.03989,-34.87566,-28.7
312,2026-07-23T01:00:00-03:00,PLASMA,-8.02901,-34.87658,-29.5
312,2026-07-23T01:05:00-03:00,PLASMA,-8.01956,-34.87550,-30.1
312,2026-07-23T01:10:00-03:00,PLASMA,-8.00925,-34.87568,-29.0
312,2026-07-23T01:15:00-03:00,PLASMA,-8.00039,-34.87512,-29.9
312,2026-07-23T01:20:00-03:00,PLASMA,-7.99055,-34.87506,-29.7
312,2026-07-23T01:25:00-03:00,PLASMA,-7.98171,-34.87491,-13.0
312,2026-07-23T01:30:00-03:00,PLASMA,-7.97132,-34.87341,-12.0
312,2026-07-23T01:35:00-03:00,PLASMA,-7.96261,-34.87311,-12.7
312,2026-07-23T01:40:00-03:00,PLASMA,-7.95318,-34.87351,-11.9
312,2026-07-23T01:45:00-03:00,PLASMA,-7.94252,-34.87259,-11.8
313,2026-07-23T05:32:00-03:00,CRIOPRECIPITADO,-8.27512,-35.98308,-29.7
313,2026-07-23T05:37:00-03:00,CRIOPRECIPITADO,-8.27049,-35.96019,-29.6
313,2026-07-23T05:42:00-03:00,CRIOPRECIPITADO,-8.26519,-35.93566,-30.4
313,2026-07-23T05:47:00-03:00,CRIOPRECIPITADO,-8.25913,-35.91385,-30.3
313,2026-07-23T05:52:00-03:00,CRIOPRECIPITADO,-8.25445,-35.89295,-31.0
313,2026-07-23T05:57:00-03:00,CRIOPRECIPITADO,-8.24946,-35.86994,-31.3
313,2026-07-23T06:02:00-03:00,CRIOPRECIPITADO,-8.24453,-35.84619,-31.8
313,2026-07-23T06:07:00-03:00,CRIOPRECIPITADO,-8.23885,-35.82269,-31.2
313,2026-07-23T06:12:00-03:00,CRIOPRECIPITADO,-8.23222,-35.80194,-30.6
313,2026-07-23T06:17:00-03:00,CRIOPRECIPITADO,-8.22697,-35.77874,-30.3
313,2026-07-23T06:22:00-03:00,CRIOPRECIPITADO,-8.22277,-35.75582,-31.7
313,2026-07-23T06:27:00-03:00,CRIOPRECIPITADO,-8.21693,-35.73416,-31.8
313,2026-07-23T06:32:00-03:00,CRIOPRECIPITADO,-8.21099,-35.71189,-32.3
313,2026-07-23T06:37:00-03:00,CRIOPRECIPITADO,-8.20877,-35.69034,-30.1
313,2026-07-23T06:42:00-03:00,CRIOPRECIPITADO,-8.20064,-35.66702,-30.1
313,2026-07-23T06:47:00-03:00,CRIOPRECIPITADO,-8.19444,-35.64252,-30.3
313,2026-07-23T06:52:00-03:00,CRIOPRECIPITADO,-8.18987,-35.62150,-30.0
313,2026-07-23T06:57:00-03:00,CRIOPRECIPITADO,-8.18528,-35.59984,-31.7
313,2026-07-23T07:02:00-03:00,CRIOPRECIPITADO,-8.18001,-35.57676,-30.4
313,2026-07-23T07:07:00-03:00,CRIOPRECIPITADO,-8.17394,-35.55372,-29.1
313,2026-07-23T07:12:00-03:00,CRIOPRECIPITADO,-8.16878,-35.52922,-31.3
313,2026-07-23T07:17:00-03:00,CRIOPRECIPITADO,-8.16369,-35.50770,-30.3
313,2026-07-23T07:22:00-03:00,CRIOPRECIPITADO,-8.15958,-35.48591,-29.7
313,2026-07-23T07:27:00-03:00,CRIOPRECIPITADO,-8.15326,-35.46391,-30.9
313,2026-07-23T07:32:00-03:00,CRIOPRECIPITADO,-8.14730,-35.44121,-29.9
313,2026-07-23T07:37:00-03:00,CRIOPRECIPITADO,-8.14274,-35.41924,-30.9
313,2026-07-23T07:42:00-03:00,CRIOPRECIPITADO,-8.13572,-35.39650,-31.5
313,2026-07-23T07:47:00-03:00,CRIOPRECIPITADO,-8.13162,-35.37345,-32.0
313,2026-07-23T07:52:00-03:00,CRIOPRECIPITADO,-8.12671,-35.35032,-30.8
313,2026-07-23T07:57:00-03:00,CRIOPRECIPITADO,-8.12186,-35.32881,-30.4
313,2026-07-23T08:02:00-03:00,CRIOPRECIPITADO,-8.11667,-35.30649,-29.6
313,2026-07-23T08:07:00-03:00,CRIOPRECIPITADO,-8.10991,-35.28296,-29.0
313,2026-07-23T08:12:00-03:00,CRIOPRECIPITADO,-8.10705,-35.26089,-29.5
313,2026-07-23T08:17:00-03:00,CRIOPRECIPITADO,-8.09994,-35.23883,-29.3
313,2026-07-23T08:22:00-03:00,CRIOPRECIPITADO,-8.09289,-35.21525,-28.5
313,2026-07-23T08:27:00-03:00,CRIOPRECIPITADO,-8.08786,-35.19344,-29.8
313,2026-07-23T08:32:00-03:00,CRIOPRECIPITADO,-8.08298,-35.17154,-30.2
313,2026-07-23T08:37:00-03:00,CRIOPRECIPITADO,-8.07823,-35.14915,-29.5
313,2026-07-23T08:42:00-03:00,CRIOPRECIPITADO,-8.07322,-35.12703,-30.3
313,2026-07-23T08:47:00-03:00,CRIOPRECIPITADO,-8.06811,-35.10338,-30.1
313,2026-07-23T08:52:00-03:00,CRIOPRECIPITADO,-8.06296,-35.08062,-29.8
313,2026-07-23T08:57:00-03:00,CRIOPRECIPITADO,-8.05695,-35.05896,-30.0
313,2026-07-23T09:02:00-03:00,CRIOPRECIPITADO,-8.05090,-35.03526,-28.6
313,2026-07-23T09:07:00-03:00,CRIOPRECIPITADO,-8.04564,-35.01259,-28.7
313,2026-07-23T09:12:00-03:00,CRIOPRECIPITADO,-8.04083,-34.99111,-29.5
313,2026-07-23T09:17:00-03:00,CRIOPRECIPITADO,-8.03622,-34.96820,-29.3
313,2026-07-23T09:22:00-03:00,CRIOPRECIPITADO,-8.03084,-34.94628,-31.9
313,2026-07-23T09:27:00-03:00,CRIOPRECIPITADO,-8.02509,-34.92272,-28.9
313,2026-07-23T09:32:00-03:00,CRIOPRECIPITADO,-8.01855,-34.90115,-30.8
313,2026-07-23T09:37:00-03:00,CRIOPRECIPITADO,-8.01414,-34.87716,-29.7
313,2026-07-23T09:42:00-03:00,CRIOPRECIPITADO,-8.00875,-34.85391,-30.0
314,2026-07-23T03:04:00-03:00,HEMACIAS,-8.04883,-34.87833,4.0
314,2026-07-23T03:09:00-03:00,HEMACIAS,-8.04915,-34.87922,4.0
314,2026-07-23T03:14:00-03:00,HEMACIAS,-8.05031,-34.88199,4.0
314,2026-07-23T03:19:00-03:00,HEMACIAS,-8.05240,-34.88413,4.1
316,2026-07-23T06:39:00-03:00,PLASMA,-8.04868,-34.87719,-30.8
316,2026-07-23T06:44:00-03:00,PLASMA,-8.04962,-34.87933,-30.4
316,2026-07-23T06:49:00-03:00,PLASMA,-8.05123,-34.88121,-30.4
316,2026-07-23T06:54:00-03:00,PLASMA,-8.05311,-34.88567,-32.8
317,2026-07-23T19:24:00-03:00,PLAQUETAS,-8.04860,-34.87771,22.0
317,2026-07-23T19:29:00-03:00,PLAQUETAS,-8.05379,-34.88240,21.9
317,2026-07-23T19:34:00-03:00,PLAQUETAS,-8.05770,-34.89006,22.7
317,2026-07-23T19:39:00-03:00,PLAQUETAS,-8.06157,-34.89690,22.6
318,2026-07-23T09:16:00-03:00,PLASMA,-8.27590,-35.98234,-31.8
318,2026-07-23T09:21:00-03:00,PLASMA,-8.27342,-35.97067,-32.0
318,2026-07-23T09:26:00-03:00,PLASMA,-8.27070,-35.95849,-30.7
318,2026-07-23T09:31:00-03:00,PLASMA,-8.26816,-35.94876,-31.2
318,2026-07-23T09:36:00-03:00,PLASMA,-8.26482,-35.93795,-30.4
318,2026-07-23T09:41:00-03:00,PLASMA,-8.26462,-35.92590,-32.8
318,2026-07-23T09:46:00-03:00,PLASMA,-8.26169,-35.91589,-32.0
318,2026-07-23T09:51:00-03:00,PLASMA,-8.25761,-35.90471,-29.7
318,2026-07-23T09:56:00-03:00,PLASMA,-8.25543,-35.89391,-29.6
318,2026-07-23T10:01:00-03:00,PLASMA,-8.25287,-35.88150,-28.8
318,2026-07-23T10:06:00-03:00,PLASMA,-8.25049,-35.87119,-31.1
318,2026-07-23T10:11:00-03:00,PLASMA,-8.24714,-35.85905,-30.8
318,2026-07-23T10:16:00-03:00,PLASMA,-8.24421,-35.84987,-32.8
318,2026-07-23T10:21:00-03:00,PLASMA,-8.23987,-35.83848,-30.5
318,2026-07-23T10:26:00-03:00,PLASMA,-8.24019,-35.82658,-29.2
318,2026-07-23T10:31:00-03:00,PLASMA,-8.23575,-35.81504,-29.6
318,2026-07-23T10:36:00-03:00,PLASMA,-8.23318,-35.80485,-28.7
318,2026-07-23T10:41:00-03:00,PLASMA,-8.23224,-35.79392,-29.8
318,2026-07-23T10:46:00-03:00,PLASMA,-8.22898,-35.78304,-31.7
318,2026-07-23T10:51:00-03:00,PLASMA,-8.22534,-35.77109,-31.2
318,2026-07-23T10:56:00-03:00,PLASMA,-8.22494,-35.76039,-30.2
318,2026-07-23T11:01:00-03:00,PLASMA,-8.22141,-35.75004,-29.6
318,2026-07-23T11:06:00-03:00,PLASMA,-8.21903,-35.73890,-30.8
318,2026-07-23T11:11:00-03:00,PLASMA,-8.21685,-35.72750,-30.7
318,2026-07-23T11:16:00-03:00,PLASMA,-8.21330,-35.71557,-29.5
318,2026-07-23T11:21:00-03:00,PLASMA,-8.21026,-35.70393,-31.1
318,2026-07-23T11:26:00-03:00,PLASMA,-8.20764,-35.69415,-30.3
318,2026-07-23T11:31:00-03:00,PLASMA,-8.20565,-35.68210,-30.6
318,2026-07-23T11:36:00-03:00,PLASMA,-8.20313,-35.67180,-30.7
318,2026-07-23T11:41:00-03:00,PLASMA,-8.20056,-35.66292,-29.3
318,2026-07-23T11:46:00-03:00,PLASMA,-8.19705,-35.65035,-29.2
318,2026-07-23T11:51:00-03:00,PLASMA,-8.19534,-35.64013,-28.5
318,2026-07-23T11:56:00-03:00,PLASMA,-8.19224,-35.62723,-30.2
318,2026-07-23T12:01:00-03:00,PLASMA,-8.19001,-35.61711,-30.6
318,2026-07-23T12:06:00-03:00,PLASMA,-8.18516,-35.60562,-29.4
318,2026-07-23T12:11:00-03:00,PLASMA,-8.18404,-35.59346,-29.5
318,2026-07-23T12:16:00-03:00,PLASMA,-8.18010,-35.58400,-30.6
318,2026-07-23T12:21:00-03:00,PLASMA,-8.18024,-35.57183,-29.3
318,2026-07-23T12:26:00-03:00,PLASMA,-8.17590,-35.56073,-29.7
318,2026-07-23T12:31:00-03:00,PLASMA,-8.17382,-35.54987,-29.7
318,2026-07-23T12:36:00-03:00,PLASMA,-8.17213,-35.54012,-28.6
318,2026-07-23T12:41:00-03:00,PLASMA,-8.16793,-35.52725,-31.8
318,2026-07-23T12:46:00-03:00,PLASMA,-8.16605,-35.51761,-30.7
318,2026-07-23T12:51:00-03:00,PLASMA,-8.16301,-35.50573,-30.6
318,2026-07-23T12:56:00-03:00,PLASMA,-8.16178,-35.49453,-30.2
318,2026-07-23T13:01:00-03:00,PLASMA,-8.15791,-35.48287,-29.8
318,2026-07-23T13:06:00-03:00,PLASMA,-8.15528,-35.47223,-28.6
318,2026-07-23T13:11:00-03:00,PLASMA,-8.15275,-35.46176,-27.6
318,2026-07-23T13:16:00-03:00,PLASMA,-8.14986,-35.45105,-28.4
318,2026-07-23T13:21:00-03:00,PLASMA,-8.14739,-35.43826,-27.9
318,2026-07-23T13:26:00-03:00,PLASMA,-8.14355,-35.42769,-27.9
318,2026-07-23T13:31:00-03:00,PLASMA,-8.14111,-35.41774,-28.7
318,2026-07-23T13:36:00-03:00,PLASMA,-8.14007,-35.40658,-29.6
318,2026-07-23T13:41:00-03:00,PLASMA,-8.13710,-35.39383,-28.9
318,2026-07-23T13:46:00-03:00,PLASMA,-8.13478,-35.38501,-27.9
318,2026-07-23T13:51:00-03:00,PLASMA,-8.13120,-35.37346,-27.6
318,2026-07-23T13:56:00-03:00,PLASMA,-8.13020,-35.36185,-28.4
318,2026-07-23T14:01:00-03:00,PLASMA,-8.12668,-35.35204,-28.7
318,2026-07-23T14:06:00-03:00,PLASMA,-8.12391,-35.34016,-29.7
318,2026-07-23T14:11:00-03:00,PLASMA,-8.12069,-35.32917,-29.3
318,2026-07-23T14:16:00-03:00,PLASMA,-8.11923,-35.31747,-30.0
318,2026-07-23T14:21:00-03:00,PLASMA,-8.11559,-35.30700,-30.8
318,2026-07-23T14:26:00-03:00,PLASMA,-8.11250,-35.29736,-28.1
318,2026-07-23T14:31:00-03:00,PLASMA,-8.10987,-35.28356,-29.8
318,2026-07-23T14:36:00-03:00,PLASMA,-8.10881,-35.27297,-31.8
318,2026-07-23T14:41:00-03:00,PLASMA,-8.10433,-35.26235,-30.3
318,2026-07-23T14:46:00-03:00,PLASMA,-8.10374,-35.25213,-30.1
318,2026-07-23T14:51:00-03:00,PLASMA,-8.10021,-35.24040,-29.6
318,2026-07-23T14:56:00-03:00,PLASMA,-8.09661,-35.22918,-29.8
318,2026-07-23T15:01:00-03:00,PLASMA,-8.09488,-35.21641,-29.3
318,2026-07-23T15:06:00-03:00,PLASMA,-8.09230,-35.20628,-30.0
318,2026-07-23T15:11:00-03:00,PLASMA,-8.09038,-35.19505,-29.1
318,2026-07-23T15:16:00-03:00,PLASMA,-8.08766,-35.18501,-29.9
318,2026-07-23T15:21:00-03:00,PLASMA,-8.08495,-35.17446,-30.0
318,2026-07-23T15:26:00-03:00,PLASMA,-8.08321,-35.16230,-29.9
318,2026-07-23T15:31:00-03:00,PLASMA,-8.07914,-35.15214,-28.7
318,2026-07-23T15:36:00-03:00,PLASMA,-8.07733,-35.14087,-29.2
318,2026-07-23T15:41:00-03:00,PLASMA,-8.07318,-35.12882,-28.4
318,2026-07-23T15:46:00-03:00,PLASMA,-8.07145,-35.11744,-30.6
318,2026-07-23T15:51:00-03:00,PLASMA,-8.06921,-35.10774,-31.8
318,2026-07-23T15:56:00-03:00,PLASMA,-8.06701,-35.09689,-33.7
318,2026-07-23T16:01:00-03:00,PLASMA,-8.06336,-35.08658,-31.9
318,2026-07-23T16:06:00-03:00,PLASMA,-8.06005,-35.07465,-32.4
318,2026-07-23T16:11:00-03:00,PLASMA,-8.05933,-35.06364,-31.0
318,2026-07-23T16:16:00-03:00,PLASMA,-8.05481,-35.05247,-30.2
318,2026-07-23T16:21:00-03:00,PLASMA,-8.05478,-35.04098,-30.6
318,2026-07-23T16:26:00-03:00,PLASMA,-8.04983,-35.03061,-31.4
318,2026-07-23T16:31:00-03:00,PLASMA,-8.04643,-35.01837,-31.8
318,2026-07-23T16:36:00-03:00,PLASMA,-8.04481,-35.00816,-31.4
318,2026-07-23T16:41:00-03:00,PLASMA,-8.04193,-34.99875,-32.0
318,2026-07-23T16:46:00-03:00,PLASMA,-8.03964,-34.98621,-30.6
318,2026-07-23T16:51:00-03:00,PLASMA,-8.03590,-34.97541,-30.6
318,2026-07-23T16:56:00-03:00,PLASMA,-8.03437,-34.96276,-30.7
318,2026-07-23T17:01:00-03:00,PLASMA,-8.03214,-34.95219,-30.6
318,2026-07-23T17:06:00-03:00,PLASMA,-8.02835,-34.94308,-29.8
318,2026-07-23T17:11:00-03:00,PLASMA,-8.02653,-34.93019,-30.2
318,2026-07-23T17:16:00-03:00,PLASMA,-8.02381,-34.91917,-31.1
318,2026-07-23T17:21:00-03:00,PLASMA,-8.02015,-34.90778,-32.2
318,2026-07-23T17:26:00-03:00,PLASMA,-8.02010,-34.89585,-30.1
318,2026-07-23T17:31:00-03:00,PLASMA,-8.01689,-34.88643,-32.5
318,2026-07-23T17:36:00-03:00,PLASMA,-8.01492,-34.87556,-30.0
318,2026-07-23T17:41:00-03:00,PLASMA,-8.01205,-34.86409,-30.8
319,2026-07-23T16:06:00-03:00,PLASMA,-8.04782,-34.87758,-29.2
319,2026-07-23T16:11:00-03:00,PLASMA,-8.03642,-34.87243,-28.8
319,2026-07-23T16:16:00-03:00,PLASMA,-8.02595,-34.86444,-28.4
319,2026-07-23T16:21:00-03:00,PLASMA,-8.01568,-34.85950,-27.6
320,2026-07-23T12:23:00-03:00,HEMACIAS,-8.04586,-34.87696,3.5
320,2026-07-23T12:28:00-03:00,HEMACIAS,-8.05306,-34.88343,2.9
320,2026-07-23T12:33:00-03:00,HEMACIAS,-8.05488,-34.88880,3.7
320,2026-07-23T12:38:00-03:00,HEMACIAS,-8.06189,-34.89475,3.9
321,2026-07-23T20:07:00-03:00,HEMACIAS,-8.04876,-34.87830,4.1
321,2026-07-23T20:12:00-03:00,HEMACIAS,-8.05283,-34.88456,4.2
321,2026-07-23T20:17:00-03:00,HEMACIAS,-8.05978,-34.89234,4.1
322,2026-07-23T23:57:00-03:00,HEMACIAS,-8.04664,-34.87589,4.3
322,2026-07-24T00:02:00-03:00,HEMACIAS,-8.05356,-34.88314,3.5
322,2026-07-24T00:07:00-03:00,HEMACIAS,-8.05667,-34.89018,3.0
322,2026-07-24T00:12:00-03:00,HEMACIAS,-8.06233,-34.89723,3.6
323,2026-07-23T13:12:00-03:00,CRIOPRECIPITADO,-8.04771,-34.87514,-30.4
323,2026-07-23T13:17:00-03:00,CRIOPRECIPITADO,-8.05197,-34.87971,-32.8
323,2026-07-23T13:22:00-03:00,CRIOPRECIPITADO,-8.05325,-34.88358,-31.4
324,2026-07-23T12:41:00-03:00,HEMACIAS,-8.04776,-34.87708,4.8
324,2026-07-23T12:46:00-03:00,HEMACIAS,-8.04391,-34.88745,4.1
324,2026-07-23T12:51:00-03:00,HEMACIAS,-8.04267,-34.89745,4.2
324,2026-07-23T12:56:00-03:00,HEMACIAS,-8.04006,-34.90780,4.5
324,2026-07-23T13:01:00-03:00,HEMACIAS,-8.03416,-34.91919,4.6
324,2026-07-23T13:06:00-03:00,HEMACIAS,-8.03418,-34.92946,4.6
324,2026-07-23T13:11:00-03:00,HEMACIAS,-8.03192,-34.93932,4.9
324,2026-07-23T13:16:00-03:00,HEMACIAS,-8.03125,-34.95050,5.3
324,2026-07-23T13:21:00-03:00,HEMACIAS,-8.02823,-34.96297,5.3
324,2026-07-23T13:26:00-03:00,HEMACIAS,-8.02490,-34.97146,4.4
325,2026-07-23T14:08:00-03:00,HEMACIAS,-8.04743,-34.87798,4.3
325,2026-07-23T14:13:00-03:00,HEMACIAS,-8.05277,-34.88633,4.5
325,2026-07-23T14:18:00-03:00,HEMACIAS,-8.05890,-34.89383,4.4
326,2026-07-23T17:14:00-03:00,HEMACIAS,-8.27534,-35.98181,3.9
326,2026-07-23T17:19:00-03:00,HEMACIAS,-8.28068,-35.97469,4.1
327,2026-07-23T19:06:00-03:00,HEMACIAS,-8.04644,-34.87577,4.0
327,2026-07-23T19:11:00-03:00,HEMACIAS,-8.02466,-34.87617,4.4
327,2026-07-23T19:16:00-03:00,HEMACIAS,-8.00050,-34.87527,3.7
327,2026-07-23T19:21:00-03:00,HEMACIAS,-7.97808,-34.87539,4.4
327,2026-07-23T19:26:00-03:00,HEMACIAS,-7.95473,-34.87179,4.5
328,2026-07-23T19:40:00-03:00,HEMACIAS,-8.04840,-34.87667,3.5
328,2026-07-23T19:45:00-03:00,HEMACIAS,-8.05545,-34.89240,3.6
328,2026-07-23T19:50:00-03:00,HEMACIAS,-8.06310,-34.90999,4.3
328,2026-07-23T19:55:00-03:00,HEMACIAS,-8.07075,-34.92642,4.5
328,2026-07-23T20:00:00-03:00,HEMACIAS,-8.07824,-34.94332,4.3
328,2026-07-23T20:05:00-03:00,HEMACIAS,-8.08625,-34.95924,4.7
328,2026-07-23T20:10:00-03:00,HEMACIAS,-8.09423,-34.97489,4.2
328,2026-07-23T20:15:00-03:00,HEMACIAS,-8.10281,-34.99278,4.1
328,2026-07-23T20:20:00-03:00,HEMACIAS,-8.10787,-35.00938,3.7
329,2026-07-23T21:55:00-03:00,HEMACIAS,-8.04771,-34.87648,3.8
329,2026-07-23T22:00:00-03:00,HEMACIAS,-8.05127,-34.88371,3.5
330,2026-07-23T19:57:00-03:00,HEMACIAS,-8.04612,-34.87698,3.8
330,2026-07-23T20:02:00-03:00,HEMACIAS,-8.04936,-34.88038,3.5
330,2026-07-23T20:07:00-03:00,HEMACIAS,-8.05479,-34.88629,3.8
330,2026-07-23T20:12:00-03:00,HEMACIAS,-8.05757,-34.89268,3.6
330,2026-07-23T20:17:00-03:00,HEMACIAS,-8.06139,-34.89640,3.9
331,2026-07-24T04:04:00-03:00,HEMACIAS,-8.27737,-35.98183,4.4
331,2026-07-24T04:09:00-03:00,HEMACIAS,-8.28011,-35.97759,4.4
331,2026-07-24T04:14:00-03:00,HEMACIAS,-8.28414,-35.97123,4.3
332,2026-07-24T09:36:00-03:00,HEMACIAS,-8.04919,-34.87717,8.8
332,2026-07-24T09:41:00-03:00,HEMACIAS,-8.04462,-34.89322,8.5
332,2026-07-24T09:46:00-03:00,HEMACIAS,-8.04134,-34.90877,8.5
332,2026-07-24T09:51:00-03:00,HEMACIAS,-8.03780,-34.92232,9.0
332,2026-07-24T09:56:00-03:00,HEMACIAS,-8.03295,-34.93752,8.9
332,2026-07-24T10:01:00-03:00,HEMACIAS,-8.03095,-34.95405,8.2
332,2026-07-24T10:06:00-03:00,HEMACIAS,-8.02706,-34.96835,3.3
333,2026-07-24T05:06:00-03:00,HEMACIAS,-8.04824,-34.87824,3.9
333,2026-07-24T05:11:00-03:00,HEMACIAS,-8.04003,-34.87212,3.9
333,2026-07-24T05:16:00-03:00,HEMACIAS,-8.03245,-34.86896,4.1
333,2026-07-24T05:21:00-03:00,HEMACIAS,-8.02377,-34.86408,3.9
333,2026-07-24T05:26:00-03:00,HEMACIAS,-8.01456,-34.85961,4.1
335,2026-07-24T11:27:00-03:00,HEMACIAS,-8.04727,-34.87673,3.9
335,2026-07-24T11:32:00-03:00,HEMACIAS,-8.04049,-34.87183,4.8
335,2026-07-24T11:37:00-03:00,HEMACIAS,-8.03147,-34.86857,4.7
335,2026-07-24T11:42:00-03:00,HEMACIAS,-8.02157,-34.86228,4.6
335,2026-07-24T11:47:00-03:00,HEMACIAS,-8.01296,-34.85847,4.6
336,2026-07-24T17:47:00-03:00,HEMACIAS,-8.27668,-35.98156,4.6
336,2026-07-24T17:52:00-03:00,HEMACIAS,-8.27811,-35.97933,4.8
336,2026-07-24T17:57:00-03:00,HEMACIAS,-8.28040,-35.97431,4.2
336,2026-07-24T18:02:00-03:00,HEMACIAS,-8.28308,-35.97323,4.4
337,2026-07-24T14:47:00-03:00,HEMACIAS,-8.04798,-34.87759,4.9
337,2026-07-24T14:52:00-03:00,HEMACIAS,-8.05169,-34.88189,4.7
337,2026-07-24T14:57:00-03:00,HEMACIAS,-8.05629,-34.88907,4.1
337,2026-07-24T15:02:00-03:00,HEMACIAS,-8.06001,-34.89531,3.9
338,2026-07-24T13:58:00-03:00,HEMACIAS,-8.04834,-34.87579,4.3
338,2026-07-24T14:03:00-03:00,HEMACIAS,-8.04488,-34.89458,3.7
338,2026-07-24T14:08:00-03:00,HEMACIAS,-8.03995,-34.90961,3.2
338,2026-07-24T14:13:00-03:00,HEMACIAS,-8.03511,-34.92751,2.7
338,2026-07-24T14:18:00-03:00,HEMACIAS,-8.03187,-34.94302,2.4
338,2026-07-24T14:23:00-03:00,HEMACIAS,-8.02736,-34.96105,2.7
338,2026-07-24T14:28:00-03:00,HEMACIAS,-8.02548,-34.97743,3.2
339,2026-07-24T11:54:00-03:00,HEMACIAS,-8.04821,-34.87682,4.2
339,2026-07-24T11:59:00-03:00,HEMACIAS,-8.06021,-34.90510,3.9
339,2026-07-24T12:04:00-03:00,HEMACIAS,-8.07445,-34.93240,3.8
339,2026-07-24T12:09:00-03:00,HEMACIAS,-8.08713,-34.95907,4.1
339,2026-07-24T12:14:00-03:00,HEMACIAS,-8.09899,-34.98653,4.1
339,2026-07-24T12:19:00-03:00,HEMACIAS,-8.11217,-35.01502,3.9
340,2026-07-24T19:06:00-03:00,HEMACIAS,-8.04875,-34.87750,4.0
340,2026-07-24T19:11:00-03:00,HEMACIAS,-8.05355,-34.88790,4.0
340,2026-07-24T19:16:00-03:00,HEMACIAS,-8.05908,-34.90218,3.9
340,2026-07-24T19:21:00-03:00,HEMACIAS,-8.06549,-34.91538,3.8
340,2026-07-24T19:26:00-03:00,HEMACIAS,-8.06935,-34.92692,4.4
340,2026-07-24T19:31:00-03:00,HEMACIAS,-8.07660,-34.93889,4.0
340,2026-07-24T19:36:00-03:00,HEMACIAS,-8.08312,-34.95016,3.9
340,2026-07-24T19:41:00-03:00,HEMACIAS,-8.08807,-34.96294,4.0
340,2026-07-24T19:46:00-03:00,HEMACIAS,-8.09404,-34.97472,4.1
340,2026-07-24T19:51:00-03:00,HEMACIAS,-8.10051,-34.98857,4.0
340,2026-07-24T19:56:00-03:00,HEMACIAS,-8.10539,-34.99914,4.3
340,2026-07-24T20:01:00-03:00,HEMACIAS,-8.11217,-35.01122,4.3
341,2026-07-24T16:52:00-03:00,HEMACIAS,-8.27666,-35.98237,3.8
341,2026-07-24T16:57:00-03:00,HEMACIAS,-8.28019,-35.97701,3.5
341,2026-07-24T17:02:00-03:00,HEMACIAS,-8.28428,-35.97171,3.3
342,2026-07-24T18:34:00-03:00,HEMACIAS,-8.04687,-34.87781,3.6
342,2026-07-24T18:39:00-03:00,HEMACIAS,-8.03938,-34.87173,3.5
342,2026-07-24T18:44:00-03:00,HEMACIAS,-8.02785,-34.86745,3.3
342,2026-07-24T18:49:00-03:00,HEMACIAS,-8.01962,-34.86130,3.3
342,2026-07-24T18:54:00-03:00,HEMACIAS,-8.01042,-34.85654,4.1
343,2026-07-24T16:55:00-03:00,HEMACIAS,-8.27679,-35.98173,4.0
343,2026-07-24T17:00:00-03:00,HEMACIAS,-8.27113,-35.95569,3.6
343,2026-07-24T17:05:00-03:00,HEMACIAS,-8.26765,-35.93042,3.3
343,2026-07-24T17:10:00-03:00,HEMACIAS,-8.26235,-35.90367,3.5
343,2026-07-24T17:15:00-03:00,HEMACIAS,-8.25790,-35.87694,4.0
343,2026-07-24T17:20:00-03:00,HEMACIAS,-8.25221,-35.85422,4.2
343,2026-07-24T17:25:00-03:00,HEMACIAS,-8.24743,-35.82787,5.0
343,2026-07-24T17:30:00-03:00,HEMACIAS,-8.24285,-35.80015,4.5
343,2026-07-24T17:35:00-03:00,HEMACIAS,-8.23905,-35.77655,4.5
343,2026-07-24T17:40:00-03:00,HEMACIAS,-8.23487,-35.74986,4.0
343,2026-07-24T17:45:00-03:00,HEMACIAS,-8.23044,-35.72516,4.2
343,2026-07-24T17:50:00-03:00,HEMACIAS,-8.22429,-35.69956,4.2
343,2026-07-24T17:55:00-03:00,HEMACIAS,-8.22019,-35.67154,4.2
343,2026-07-24T18:00:00-03:00,HEMACIAS,-8.21650,-35.64761,4.1
343,2026-07-24T18:05:00-03:00,HEMACIAS,-8.21197,-35.62169,3.8
343,2026-07-24T18:10:00-03:00,HEMACIAS,-8.20607,-35.59506,3.7
343,2026-07-24T18:15:00-03:00,HEMACIAS,-8.20283,-35.57012,4.2
344,2026-07-24T20:27:00-03:00,HEMACIAS,-8.27577,-35.98287,3.9
344,2026-07-24T20:32:00-03:00,HEMACIAS,-8.27331,-35.95860,3.7
344,2026-07-24T20:37:00-03:00,HEMACIAS,-8.26831,-35.93438,3.8
344,2026-07-24T20:42:00-03:00,HEMACIAS,-8.26245,-35.91249,3.5
344,2026-07-24T20:47:00-03:00,HEMACIAS,-8.25841,-35.88945,3.7
344,2026-07-24T20:52:00-03:00,HEMACIAS,-8.25560,-35.86736,3.9
344,2026-07-24T20:57:00-03:00,HEMACIAS,-8.25041,-35.84344,3.6
344,2026-07-24T21:02:00-03:00,HEMACIAS,-8.24770,-35.81987,4.1
344,2026-07-24T21:07:00-03:00,HEMACIAS,-8.24421,-35.79588,4.1
344,2026-07-24T21:12:00-03:00,HEMACIAS,-8.23821,-35.77289,4.2
344,2026-07-24T21:17:00-03:00,HEMACIAS,-8.23597,-35.74859,4.1
344,2026-07-24T21:22:00-03:00,HEMACIAS,-8.23028,-35.72638,4.3
344,2026-07-24T21:27:00-03:00,HEMACIAS,-8.22541,-35.70407,4.5
344,2026-07-24T21:32:00-03:00,HEMACIAS,-8.22244,-35.68222,4.0
344,2026-07-24T21:37:00-03:00,HEMACIAS,-8.21802,-35.65769,4.2
344,2026-07-24T21:42:00-03:00,HEMACIAS,-8.21331,-35.63307,4.8
344,2026-07-24T21:47:00-03:00,HEMACIAS,-8.20913,-35.61147,4.9
344,2026-07-24T21:52:00-03:00,HEMACIAS,-8.20655,-35.58893,4.7
344,2026-07-24T21:57:00-03:00,HEMACIAS,-8.20084,-35.56448,4.5
345,2026-07-24T19:15:00-03:00,HEMACIAS,-8.04709,-34.87742,4.4
345,2026-07-24T19:20:00-03:00,HEMACIAS,-8.05411,-34.89078,4.0
345,2026-07-24T19:25:00-03:00,HEMACIAS,-8.06048,-34.90537,3.7
345,2026-07-24T19:30:00-03:00,HEMACIAS,-8.06783,-34.91849,3.2
345,2026-07-24T19:35:00-03:00,HEMACIAS,-8.07510,-34.93229,3.3
345,2026-07-24T19:40:00-03:00,HEMACIAS,-8.07990,-34.94596,3.1
345,2026-07-24T19:45:00-03:00,HEMACIAS,-8.08628,-34.96090,3.3
345,2026-07-24T19:50:00-03:00,HEMACIAS,-8.09446,-34.97524,3.7
345,2026-07-24T19:55:00-03:00,HEMACIAS,-8.10103,-34.98953,3.5
345,2026-07-24T20:00:00-03:00,HEMACIAS,-8.10746,-35.00243,3.4
346,2026-07-24T23:54:00-03:00,HEMACIAS,-8.04862,-34.87760,4.1
346,2026-07-24T23:59:00-03:00,HEMACIAS,-8.02455,-34.87458,4.2
346,2026-07-25T00:04:00-03:00,HEMACIAS,-8.00220,-34.87497,3.8
346,2026-07-25T00:09:00-03:00,HEMACIAS,-7.98065,-34.87306,4.1
346,2026-07-25T00:14:00-03:00,HEMACIAS,-7.95874,-34.87379,4.1
347,2026-07-24T21:13:00-03:00,PLASMA,-8.04755,-34.87531,-28.6
347,2026-07-24T21:18:00-03:00,PLASMA,-8.05142,-34.88171,-29.5
348,2026-07-24T23:31:00-03:00,CRIOPRECIPITADO,-8.04657,-34.87665,-28.9
348,2026-07-24T23:36:00-03:00,CRIOPRECIPITADO,-8.05177,-34.88205,-29.5
348,2026-07-24T23:41:00-03:00,CRIOPRECIPITADO,-8.05632,-34.88762,-29.0
348,2026-07-24T23:46:00-03:00,CRIOPRECIPITADO,-8.05849,-34.89391,-30.9
348,2026-07-24T23:51:00-03:00,CRIOPRECIPITADO,-8.06255,-34.89820,-29.9
349,2026-07-24T19:06:00-03:00,HEMACIAS,-8.04779,-34.87789,4.6
349,2026-07-24T19:11:00-03:00,HEMACIAS,-8.03402,-34.87753,3.9
349,2026-07-24T19:16:00-03:00,HEMACIAS,-8.01842,-34.87661,4.1
349,2026-07-24T19:21:00-03:00,HEMACIAS,-8.00563,-34.87552,3.5
349,2026-07-24T19:26:00-03:00,HEMACIAS,-7.98969,-34.87484,3.3
349,2026-07-24T19:31:00-03:00,HEMACIAS,-7.97820,-34.87499,2.8
349,2026-07-24T19:36:00-03:00,HEMACIAS,-7.96372,-34.87406,3.3
349,2026-07-24T19:41:00-03:00,HEMACIAS,-7.94916,-34.87374,3.8
350,2026-07-25T10:00:00-03:00,HEMACIAS,-8.04719,-34.87681,3.8
350,2026-07-25T10:05:00-03:00,HEMACIAS,-8.04819,-34.87687,4.6
350,2026-07-25T10:10:00-03:00,HEMACIAS,-8.04764,-34.87720,4.1
350,2026-07-25T10:15:00-03:00,HEMACIAS,-8.05015,-34.87831,4.1
350,2026-07-25T10:20:00-03:00,HEMACIAS,-8.04854,-34.87835,4.1
350,2026-07-25T10:25:00-03:00,HEMACIAS,-8.04793,-34.87704,3.7
350,2026-07-25T10:30:00-03:00,HEMACIAS,-8.04840,-34.87869,3.5
350,2026-07-25T10:35:00-03:00,HEMACIAS,-8.04767,-34.87937,4.0
350,2026-07-25T10:40:00-03:00,HEMACIAS,-8.04915,-34.88080,4.5
350,2026-07-25T10:45:00-03:00,HEMACIAS,-8.04976,-34.87878,4.0
350,2026-07-25T10:50:00-03:00,HEMACIAS,-8.04937,-34.87908,3.6
350,2026-07-25T10:55:00-03:00,HEMACIAS,-8.04985,-34.88093,3.8
350,2026-07-25T11:00:00-03:00,HEMACIAS,-8.04992,-34.88016,3.4
350,2026-07-25T11:05:00-03:00,HEMACIAS,-8.05128,-34.87971,3.5
350,2026-07-25T11:10:00-03:00,HEMACIAS,-8.04958,-34.87989,4.2
350,2026-07-25T11:15:00-03:00,HEMACIAS,-8.05247,-34.88201,4.4
350,2026-07-25T11:20:00-03:00,HEMACIAS,-8.05087,-34.88396,4.5
350,2026-07-25T11:25:00-03:00,HEMACIAS,-8.05202,-34.88051,4.0
350,2026-07-25T11:30:00-03:00,HEMACIAS,-8.05293,-34.88304,4.0
350,2026-07-25T11:35:00-03:00,HEMACIAS,-8.05252,-34.88462,4.1
350,2026-07-25T11:40:00-03:00,HEMACIAS,-8.05274,-34.88330,4.5
350,2026-07-25T11:45:00-03:00,HEMACIAS,-8.05174,-34.88374,3.7
350,2026-07-25T11:50:00-03:00,HEMACIAS,-8.05341,-34.88328,4.0
350,2026-07-25T11:55:00-03:00,HEMACIAS,-8.05315,-34.88417,4.5
350,2026-07-25T12:00:00-03:00,HEMACIAS,-8.05444,-34.88348,4.6
350,2026-07-25T12:05:00-03:00,HEMACIAS,-8.05404,-34.88237,4.2
350,2026-07-25T12:10:00-03:00,HEMACIAS,-8.05394,-34.88461,3.6
351,2026-07-25T03:07:00-03:00,PLASMA,-8.04827,-34.87592,-28.9
351,2026-07-25T03:12:00-03:00,PLASMA,-8.04874,-34.88021,-28.5
351,2026-07-25T03:17:00-03:00,PLASMA,-8.05250,-34.88129,-29.5
351,2026-07-25T03:22:00-03:00,PLASMA,-8.05301,-34.88462,-28.5
352,2026-07-25T14:32:00-03:00,HEMACIAS,-8.04686,-34.87687,3.6
352,2026-07-25T14:37:00-03:00,HEMACIAS,-8.03926,-34.87266,3.7
352,2026-07-25T14:42:00-03:00,HEMACIAS,-8.03203,-34.87085,4.0
352,2026-07-25T14:47:00-03:00,HEMACIAS,-8.02660,-34.86539,4.1
352,2026-07-25T14:52:00-03:00,HEMACIAS,-8.01888,-34.86136,3.7
352,2026-07-25T14:57:00-03:00,HEMACIAS,-8.01210,-34.85769,3.8
353,2026-07-25T13:32:00-03:00,CRIOPRECIPITADO,-8.04747,-34.87666,-32.1
353,2026-07-25T13:37:00-03:00,CRIOPRECIPITADO,-8.03938,-34.87225,-31.3
353,2026-07-25T13:42:00-03:00,CRIOPRECIPITADO,-8.03205,-34.86692,-29.3
353,2026-07-25T13:47:00-03:00,CRIOPRECIPITADO,-8.02429,-34.86360,-30.7
353,2026-07-25T13:52:00-03:00,CRIOPRECIPITADO,-8.01626,-34.86052,-29.7
353,2026-07-25T13:57:00-03:00,CRIOPRECIPITADO,-8.00932,-34.85557,-30.6
354,2026-07-25T18:54:00-03:00,HEMACIAS,-8.04808,-34.87687,4.7
354,2026-07-25T18:59:00-03:00,HEMACIAS,-8.03898,-34.87339,4.3
354,2026-07-25T19:04:00-03:00,HEMACIAS,-8.03136,-34.86803,4.4
354,2026-07-25T19:09:00-03:00,HEMACIAS,-8.02265,-34.86332,4.3
354,2026-07-25T19:14:00-03:00,HEMACIAS,-8.01587,-34.85978,4.4
355,2026-07-25T15:22:00-03:00,HEMACIAS,-8.27585,-35.98162,4.0
355,2026-07-25T15:27:00-03:00,HEMACIAS,-8.27468,-35.96760,3.7
355,2026-07-25T15:32:00-03:00,HEMACIAS,-8.27202,-35.95355,3.9
355,2026-07-25T15:37:00-03:00,HEMACIAS,-8.26843,-35.93864,3.6
355,2026-07-25T15:42:00-03:00,HEMACIAS,-8.26591,-35.92548,3.5
355,2026-07-25T15:47:00-03:00,HEMACIAS,-8.26333,-35.91012,3.9
355,2026-07-25T15:52:00-03:00,HEMACIAS,-8.26082,-35.89634,4.2
355,2026-07-25T15:57:00-03:00,HEMACIAS,-8.25922,-35.88281,3.9
355,2026-07-25T16:02:00-03:00,HEMACIAS,-8.25538,-35.86914,4.0
355,2026-07-25T16:07:00-03:00,HEMACIAS,-8.25318,-35.85505,4.5
355,2026-07-25T16:12:00-03:00,HEMACIAS,-8.25034,-35.83967,4.7
355,2026-07-25T16:17:00-03:00,HEMACIAS,-8.24792,-35.82654,4.0
355,2026-07-25T16:22:00-03:00,HEMACIAS,-8.24613,-35.81151,3.8
355,2026-07-25T16:27:00-03:00,HEMACIAS,-8.24146,-35.79639,3.3
355,2026-07-25T16:32:00-03:00,HEMACIAS,-8.24157,-35.78190,3.2
355,2026-07-25T16:37:00-03:00,HEMACIAS,-8.23801,-35.76907,3.7
355,2026-07-25T16:42:00-03:00,HEMACIAS,-8.23477,-35.75471,3.5
355,2026-07-25T16:47:00-03:00,HEMACIAS,-8.23141,-35.74135,3.8
355,2026-07-25T16:52:00-03:00,HEMACIAS,-8.23085,-35.72573,3.4
355,2026-07-25T16:57:00-03:00,HEMACIAS,-8.22685,-35.71279,3.2
355,2026-07-25T17:02:00-03:00,HEMACIAS,-8.22562,-35.69829,2.7
355,2026-07-25T17:07:00-03:00,HEMACIAS,-8.22177,-35.68378,3.3
355,2026-07-25T17:12:00-03:00,HEMACIAS,-8.22053,-35.67028,3.9
355,2026-07-25T17:17:00-03:00,HEMACIAS,-8.21689,-35.65498,3.7
355,2026-07-25T17:22:00-03:00,HEMACIAS,-8.21393,-35.64237,3.8
355,2026-07-25T17:27:00-03:00,HEMACIAS,-8.21249,-35.62582,3.9
355,2026-07-25T17:32:00-03:00,HEMACIAS,-8.20966,-35.61239,4.4
355,2026-07-25T17:37:00-03:00,HEMACIAS,-8.20626,-35.59890,4.1
355,2026-07-25T17:42:00-03:00,HEMACIAS,-8.20376,-35.58514,4.0
355,2026-07-25T17:47:00-03:00,HEMACIAS,-8.20250,-35.57043,4.2
356,2026-07-25T13:43:00-03:00,PLAQUETAS,-8.04707,-34.87684,22.4
356,2026-07-25T13:48:00-03:00,PLAQUETAS,-8.05126,-34.88137,21.9
356,2026-07-25T13:53:00-03:00,PLAQUETAS,-8.05266,-34.88472,22.0
357,2026-07-25T16:39:00-03:00,HEMACIAS,-8.04855,-34.87680,4.4
357,2026-07-25T16:44:00-03:00,HEMACIAS,-8.05006,-34.87894,4.6
357,2026-07-25T16:49:00-03:00,HEMACIAS,-8.05140,-34.88147,4.5
357,2026-07-25T16:54:00-03:00,HEMACIAS,-8.05376,-34.88261,4.7
358,2026-07-25T19:16:00-03:00,PLAQUETAS,-8.04758,-34.87769,22.0
358,2026-07-25T19:21:00-03:00,PLAQUETAS,-8.05107,-34.88340,21.8
359,2026-07-25T17:31:00-03:00,HEMACIAS,-8.04778,-34.87783,3.7
359,2026-07-25T17:36:00-03:00,HEMACIAS,-8.04913,-34.87787,3.3
359,2026-07-25T17:41:00-03:00,HEMACIAS,-8.05104,-34.88115,4.1
359,2026-07-25T17:46:00-03:00,HEMACIAS,-8.05182,-34.88357,4.1
359,2026-07-25T17:51:00-03:00,HEMACIAS,-8.05395,-34.88504,4.5
360,2026-07-25T19:28:00-03:00,HEMACIAS,-8.04664,-34.87632,4.0
360,2026-07-25T19:33:00-03:00,HEMACIAS,-8.04312,-34.87285,4.6
360,2026-07-25T19:38:00-03:00,HEMACIAS,-8.03488,-34.87064,4.8
360,2026-07-25T19:43:00-03:00,HEMACIAS,-8.02823,-34.86603,4.0
360,2026-07-25T19:48:00-03:00,HEMACIAS,-8.02221,-34.86139,3.9
360,2026-07-25T19:53:00-03:00,HEMACIAS,-8.01494,-34.85968,4.1
360,2026-07-25T19:58:00-03:00,HEMACIAS,-8.00871,-34.85431,3.5
361,2026-07-26T10:34:00-03:00,HEMACIAS,-8.27667,-35.98269,4.1
361,2026-07-26T10:39:00-03:00,HEMACIAS,-8.26384,-35.94530,4.5
361,2026-07-26T10:44:00-03:00,HEMACIAS,-8.25340,-35.91017,4.2
361,2026-07-26T10:49:00-03:00,HEMACIAS,-8.24419,-35.87405,4.2
361,2026-07-26T10:54:00-03:00,HEMACIAS,-8.23168,-35.83785,4.9
361,2026-07-26T10:59:00-03:00,HEMACIAS,-8.22097,-35.80193,4.7
361,2026-07-26T11:04:00-03:00,HEMACIAS,-8.21008,-35.76445,4.7
361,2026-07-26T11:09:00-03:00,HEMACIAS,-8.19953,-35.72740,5.0
361,2026-07-26T11:14:00-03:00,HEMACIAS,-8.18727,-35.69377,4.9
361,2026-07-26T11:19:00-03:00,HEMACIAS,-8.18017,-35.65702,4.7
361,2026-07-26T11:24:00-03:00,HEMACIAS,-8.16719,-35.61898,4.3
361,2026-07-26T11:29:00-03:00,HEMACIAS,-8.15567,-35.58361,4.4
361,2026-07-26T11:34:00-03:00,HEMACIAS,-8.14382,-35.54794,4.9
361,2026-07-26T11:39:00-03:00,HEMACIAS,-8.13254,-35.51123,4.8
361,2026-07-26T11:44:00-03:00,HEMACIAS,-8.12417,-35.47514,4.2
361,2026-07-26T11:49:00-03:00,HEMACIAS,-8.11213,-35.43705,4.8
361,2026-07-26T11:54:00-03:00,HEMACIAS,-8.09954,-35.40123,4.2
361,2026-07-26T11:59:00-03:00,HEMACIAS,-8.08970,-35.36651,4.5
361,2026-07-26T12:04:00-03:00,HEMACIAS,-8.07916,-35.32987,4.3
361,2026-07-26T12:09:00-03:00,HEMACIAS,-8.06800,-35.29310,3.9
361,2026-07-26T12:14:00-03:00,HEMACIAS,-8.05674,-35.25644,3.9
361,2026-07-26T12:19:00-03:00,HEMACIAS,-8.04712,-35.22078,3.9
361,2026-07-26T12:24:00-03:00,HEMACIAS,-8.03494,-35.18364,3.9
361,2026-07-26T12:29:00-03:00,HEMACIAS,-8.02330,-35.14838,3.6
361,2026-07-26T12:34:00-03:00,HEMACIAS,-8.01237,-35.11225,3.8
361,2026-07-26T12:39:00-03:00,HEMACIAS,-8.00249,-35.07622,3.4
361,2026-07-26T12:44:00-03:00,HEMACIAS,-7.99081,-35.03810,3.8
361,2026-07-26T12:49:00-03:00,HEMACIAS,-7.97989,-35.00463,4.1
361,2026-07-26T12:54:00-03:00,HEMACIAS,-7.96984,-34.96893,4.1
361,2026-07-26T12:59:00-03:00,HEMACIAS,-7.95858,-34.93015,4.4
361,2026-07-26T13:04:00-03:00,HEMACIAS,-7.94833,-34.89449,3.9
362,2026-07-26T16:55:00-03:00,PLASMA,-8.04588,-34.87802,-30.5
362,2026-07-26T17:00:00-03:00,PLASMA,-8.02990,-34.87776,-31.8
362,2026-07-26T17:05:00-03:00,PLASMA,-8.01450,-34.87587,-31.8
362,2026-07-26T17:10:00-03:00,PLASMA,-7.99683,-34.87619,-31.2
362,2026-07-26T17:15:00-03:00,PLASMA,-7.98178,-34.87386,-29.2
362,2026-07-26T17:20:00-03:00,PLASMA,-7.96492,-34.87272,-31.1
362,2026-07-26T17:25:00-03:00,PLASMA,-7.94724,-34.87219,-32.4
364,2026-07-26T17:09:00-03:00,HEMACIAS,-8.04855,-34.87688,3.9
364,2026-07-26T17:14:00-03:00,HEMACIAS,-8.05126,-34.88197,4.0
365,2026-07-26T18:29:00-03:00,PLAQUETAS,-8.04639,-34.87928,22.2
365,2026-07-26T18:34:00-03:00,PLAQUETAS,-8.05106,-34.88171,22.0
365,2026-07-26T18:39:00-03:00,PLAQUETAS,-8.05607,-34.88871,22.0
365,2026-07-26T18:44:00-03:00,PLAQUETAS,-8.06152,-34.89538,22.2
366,2026-07-27T09:23:00-03:00,CRIOPRECIPITADO,-8.04828,-34.87819,-27.7
366,2026-07-27T09:28:00-03:00,CRIOPRECIPITADO,-8.05052,-34.88319,-28.6
366,2026-07-27T09:33:00-03:00,CRIOPRECIPITADO,-8.05743,-34.88964,-29.1
366,2026-07-27T09:38:00-03:00,CRIOPRECIPITADO,-8.06160,-34.89649,-28.2
367,2026-07-27T11:00:00-03:00,CRIOPRECIPITADO,-8.27447,-35.98247,-28.4
367,2026-07-27T11:05:00-03:00,CRIOPRECIPITADO,-8.27242,-35.96280,-28.5
367,2026-07-27T11:10:00-03:00,CRIOPRECIPITADO,-8.26885,-35.94424,-28.6
367,2026-07-27T11:15:00-03:00,CRIOPRECIPITADO,-8.26558,-35.92373,-30.6
367,2026-07-27T11:20:00-03:00,CRIOPRECIPITADO,-8.26125,-35.90455,-28.4
367,2026-07-27T11:25:00-03:00,CRIOPRECIPITADO,-8.25962,-35.88570,-28.9
367,2026-07-27T11:30:00-03:00,CRIOPRECIPITADO,-8.25486,-35.86793,-29.1
367,2026-07-27T11:35:00-03:00,CRIOPRECIPITADO,-8.25090,-35.84791,-28.7
367,2026-07-27T11:40:00-03:00,CRIOPRECIPITADO,-8.24979,-35.82875,-28.4
367,2026-07-27T11:45:00-03:00,CRIOPRECIPITADO,-8.24600,-35.80953,-29.6
367,2026-07-27T11:50:00-03:00,CRIOPRECIPITADO,-8.24185,-35.79119,-28.7
367,2026-07-27T11:55:00-03:00,CRIOPRECIPITADO,-8.23674,-35.77180,-27.5
367,2026-07-27T12:00:00-03:00,CRIOPRECIPITADO,-8.23606,-35.75140,-30.7
367,2026-07-27T12:05:00-03:00,CRIOPRECIPITADO,-8.23290,-35.73365,-31.3
367,2026-07-27T12:10:00-03:00,CRIOPRECIPITADO,-8.22683,-35.71411,-29.9
367,2026-07-27T12:15:00-03:00,CRIOPRECIPITADO,-8.22600,-35.69511,-31.2
367,2026-07-27T12:20:00-03:00,CRIOPRECIPITADO,-8.22124,-35.67495,-29.6
367,2026-07-27T12:25:00-03:00,CRIOPRECIPITADO,-8.21783,-35.65565,-31.2
367,2026-07-27T12:30:00-03:00,CRIOPRECIPITADO,-8.21535,-35.63540,-32.1
367,2026-07-27T12:35:00-03:00,CRIOPRECIPITADO,-8.21057,-35.61748,-32.1
367,2026-07-27T12:40:00-03:00,CRIOPRECIPITADO,-8.20791,-35.59860,-32.9
367,2026-07-27T12:45:00-03:00,CRIOPRECIPITADO,-8.20465,-35.58029,-30.0
368,2026-07-27T09:47:00-03:00,CRIOPRECIPITADO,-8.27716,-35.98180,-29.2
368,2026-07-27T09:52:00-03:00,CRIOPRECIPITADO,-8.27949,-35.97839,-32.0
368,2026-07-27T09:57:00-03:00,CRIOPRECIPITADO,-8.28517,-35.97179,-30.9
369,2026-07-27T09:36:00-03:00,HEMACIAS,-8.04700,-34.87653,3.7
369,2026-07-27T09:41:00-03:00,HEMACIAS,-8.05440,-34.89016,3.1
369,2026-07-27T09:46:00-03:00,HEMACIAS,-8.06020,-34.90357,3.6
369,2026-07-27T09:51:00-03:00,HEMACIAS,-8.06607,-34.91726,2.4
369,2026-07-27T09:56:00-03:00,HEMACIAS,-8.07274,-34.93058,2.9
369,2026-07-27T10:01:00-03:00,HEMACIAS,-8.08044,-34.94343,3.0
369,2026-07-27T10:06:00-03:00,HEMACIAS,-8.08585,-34.95695,3.3
369,2026-07-27T10:11:00-03:00,HEMACIAS,-8.09084,-34.97305,3.1
369,2026-07-27T10:16:00-03:00,HEMACIAS,-8.09843,-34.98410,2.8
369,2026-07-27T10:21:00-03:00,HEMACIAS,-8.10683,-34.99732,3.5
369,2026-07-27T10:26:00-03:00,HEMACIAS,-8.11209,-35.01228,3.8
370,2026-07-27T15:04:00-03:00,HEMACIAS,-8.27507,-35.98226,4.3
370,2026-07-27T15:09:00-03:00,HEMACIAS,-8.27160,-35.96465,3.8
370,2026-07-27T15:14:00-03:00,HEMACIAS,-8.26934,-35.94720,4.4
370,2026-07-27T15:19:00-03:00,HEMACIAS,-8.26611,-35.92914,4.5
370,2026-07-27T15:24:00-03:00,HEMACIAS,-8.26179,-35.90946,4.2
370,2026-07-27T15:29:00-03:00,HEMACIAS,-8.25969,-35.89156,4.0
370,2026-07-27T15:34:00-03:00,HEMACIAS,-8.25805,-35.87338,3.9
370,2026-07-27T15:39:00-03:00,HEMACIAS,-8.25399,-35.85613,4.0
370,2026-07-27T15:44:00-03:00,HEMACIAS,-8.25064,-35.83776,3.6
370,2026-07-27T15:49:00-03:00,HEMACIAS,-8.24699,-35.81984,3.7
370,2026-07-27T15:54:00-03:00,HEMACIAS,-8.24440,-35.80156,2.9
370,2026-07-27T15:59:00-03:00,HEMACIAS,-8.24001,-35.78454,3.4
370,2026-07-27T16:04:00-03:00,HEMACIAS,-8.23722,-35.76653,3.3
370,2026-07-27T16:09:00-03:00,HEMACIAS,-8.23500,-35.74871,3.4
370,2026-07-27T16:14:00-03:00,HEMACIAS,-8.23100,-35.73043,3.0
370,2026-07-27T16:19:00-03:00,HEMACIAS,-8.22790,-35.71204,3.7
370,2026-07-27T16:24:00-03:00,HEMACIAS,-8.22453,-35.69538,4.2
370,2026-07-27T16:29:00-03:00,HEMACIAS,-8.22288,-35.67618,3.8
370,2026-07-27T16:34:00-03:00,HEMACIAS,-8.21705,-35.65975,3.7
370,2026-07-27T16:39:00-03:00,HEMACIAS,-8.21435,-35.63982,3.8
370,2026-07-27T16:44:00-03:00,HEMACIAS,-8.21201,-35.62377,3.8
370,2026-07-27T16:49:00-03:00,HEMACIAS,-8.20991,-35.60480,3.3
370,2026-07-27T16:54:00-03:00,HEMACIAS,-8.20539,-35.58567,3.3
370,2026-07-27T16:59:00-03:00,HEMACIAS,-8.20169,-35.56893,3.7
371,2026-07-27T14:42:00-03:00,PLASMA,-8.04885,-34.87703,-28.6
371,2026-07-27T14:47:00-03:00,PLASMA,-8.03116,-34.87578,-30.1
371,2026-07-27T14:52:00-03:00,PLASMA,-8.01412,-34.87516,-31.6
371,2026-07-27T14:57:00-03:00,PLASMA,-7.99792,-34.87422,-29.8
371,2026-07-27T15:02:00-03:00,PLASMA,-7.98186,-34.87334,-31.3
371,2026-07-27T15:07:00-03:00,PLASMA,-7.96487,-34.87349,-32.5
371,2026-07-27T15:12:00-03:00,PLASMA,-7.94730,-34.87268,-30.9
372,2026-07-27T14:37:00-03:00,HEMACIAS,-8.04845,-34.87790,4.2
372,2026-07-27T14:42:00-03:00,HEMACIAS,-8.03496,-34.87702,3.8
372,2026-07-27T14:47:00-03:00,HEMACIAS,-8.02099,-34.87674,3.8
372,2026-07-27T14:52:00-03:00,HEMACIAS,-8.00850,-34.87523,3.1
372,2026-07-27T14:57:00-03:00,HEMACIAS,-7.99468,-34.87533,3.6
372,2026-07-27T15:02:00-03:00,HEMACIAS,-7.98235,-34.87568,3.6
372,2026-07-27T15:07:00-03:00,HEMACIAS,-7.96869,-34.87203,3.8
372,2026-07-27T15:12:00-03:00,HEMACIAS,-7.95594,-34.87334,3.4
372,2026-07-27T15:17:00-03:00,HEMACIAS,-7.94280,-34.87277,3.4
373,2026-07-27T11:47:00-03:00,CRIOPRECIPITADO,-8.04891,-34.87623,-29.4
373,2026-07-27T11:52:00-03:00,CRIOPRECIPITADO,-8.05200,-34.88318,-28.7
373,2026-07-27T11:57:00-03:00,CRIOPRECIPITADO,-8.05852,-34.89035,-27.1
373,2026-07-27T12:02:00-03:00,CRIOPRECIPITADO,-8.06161,-34.89698,-27.4
374,2026-07-27T12:36:00-03:00,HEMACIAS,-8.04851,-34.87686,4.1
374,2026-07-27T12:41:00-03:00,HEMACIAS,-8.05294,-34.88314,4.3
374,2026-07-27T12:46:00-03:00,HEMACIAS,-8.05723,-34.88929,4.6
374,2026-07-27T12:51:00-03:00,HEMACIAS,-8.06225,-34.89675,4.0
375,2026-07-27T22:45:00-03:00,PLAQUETAS,-8.04761,-34.87697,22.2
375,2026-07-27T22:50:00-03:00,PLAQUETAS,-8.03357,-34.86978,22.5
375,2026-07-27T22:55:00-03:00,PLAQUETAS,-8.02331,-34.86253,21.9
375,2026-07-27T23:00:00-03:00,PLAQUETAS,-8.00940,-34.85492,21.7
376,2026-07-27T20:23:00-03:00,CRIOPRECIPITADO,-8.04774,-34.87631,-28.4
376,2026-07-27T20:28:00-03:00,CRIOPRECIPITADO,-8.05331,-34.88551,-31.2
376,2026-07-27T20:33:00-03:00,CRIOPRECIPITADO,-8.05960,-34.89250,-31.0
377,2026-07-27T22:52:00-03:00,PLAQUETAS,-8.04720,-34.87847,22.0
377,2026-07-27T22:57:00-03:00,PLAQUETAS,-8.05478,-34.88662,22.2
377,2026-07-27T23:02:00-03:00,PLAQUETAS,-8.06075,-34.89516,21.9
378,2026-07-27T21:21:00-03:00,PLAQUETAS,-8.27548,-35.98135,21.6
378,2026-07-27T21:26:00-03:00,PLAQUETAS,-8.28255,-35.97257,22.3
379,2026-07-27T17:16:00-03:00,PLAQUETAS,-8.04713,-34.87781,21.5
379,2026-07-27T17:21:00-03:00,PLAQUETAS,-8.04052,-34.87287,21.7
379,2026-07-27T17:26:00-03:00,PLAQUETAS,-8.03142,-34.86733,21.5
379,2026-07-27T17:31:00-03:00,PLAQUETAS,-8.02331,-34.86242,21.6
379,2026-07-27T17:36:00-03:00,PLAQUETAS,-8.01654,-34.86065,21.5
380,2026-07-28T01:57:00-03:00,HEMACIAS,-8.27559,-35.98263,3.9
380,2026-07-28T02:02:00-03:00,HEMACIAS,-8.27210,-35.95997,3.6
380,2026-07-28T02:07:00-03:00,HEMACIAS,-8.26818,-35.94142,3.7
380,2026-07-28T02:12:00-03:00,HEMACIAS,-8.26540,-35.92090,3.9
380,2026-07-28T02:17:00-03:00,HEMACIAS,-8.26139,-35.90019,3.8
380,2026-07-28T02:22:00-03:00,HEMACIAS,-8.25802,-35.87960,3.6
380,2026-07-28T02:27:00-03:00,HEMACIAS,-8.25336,-35.86013,3.3
380,2026-07-28T02:32:00-03:00,HEMACIAS,-8.25007,-35.83875,3.4
380,2026-07-28T02:37:00-03:00,HEMACIAS,-8.24699,-35.81868,4.2
380,2026-07-28T02:42:00-03:00,HEMACIAS,-8.24341,-35.79763,4.7
380,2026-07-28T02:47:00-03:00,HEMACIAS,-8.23887,-35.77744,5.0
380,2026-07-28T02:52:00-03:00,HEMACIAS,-8.23666,-35.75827,5.3
380,2026-07-28T02:57:00-03:00,HEMACIAS,-8.23197,-35.73694,4.8
380,2026-07-28T03:02:00-03:00,HEMACIAS,-8.22749,-35.71571,4.4
380,2026-07-28T03:07:00-03:00,HEMACIAS,-8.22509,-35.69549,4.5
380,2026-07-28T03:12:00-03:00,HEMACIAS,-8.22114,-35.67451,5.1
380,2026-07-28T03:17:00-03:00,HEMACIAS,-8.21701,-35.65373,5.4
380,2026-07-28T03:22:00-03:00,HEMACIAS,-8.21343,-35.63653,4.6
380,2026-07-28T03:27:00-03:00,HEMACIAS,-8.20978,-35.61455,4.2
380,2026-07-28T03:32:00-03:00,HEMACIAS,-8.20463,-35.59308,3.7
380,2026-07-28T03:37:00-03:00,HEMACIAS,-8.20351,-35.57278,4.4
381,2026-07-27T23:19:00-03:00,PLASMA,-8.04737,-34.87787,-31.6
381,2026-07-27T23:24:00-03:00,PLASMA,-8.04985,-34.87854,-31.4
381,2026-07-27T23:29:00-03:00,PLASMA,-8.05008,-34.88094,-31.2
381,2026-07-27T23:34:00-03:00,PLASMA,-8.05133,-34.88373,-30.7
382,2026-07-27T23:16:00-03:00,PLAQUETAS,-8.04649,-34.87642,21.5
382,2026-07-27T23:21:00-03:00,PLAQUETAS,-8.05049,-34.88175,22.2
382,2026-07-27T23:26:00-03:00,PLAQUETAS,-8.05378,-34.88578,22.0
382,2026-07-27T23:31:00-03:00,PLAQUETAS,-8.05758,-34.88925,22.3
382,2026-07-27T23:36:00-03:00,PLAQUETAS,-8.05973,-34.89514,21.7
383,2026-07-28T01:04:00-03:00,PLAQUETAS,-8.04736,-34.87632,22.0
383,2026-07-28T01:09:00-03:00,PLAQUETAS,-8.04978,-34.88094,22.2
383,2026-07-28T01:14:00-03:00,PLAQUETAS,-8.05013,-34.88159,22.3
383,2026-07-28T01:19:00-03:00,PLAQUETAS,-8.05430,-34.88666,22.1
384,2026-07-28T11:06:00-03:00,HEMACIAS,-8.04868,-34.87766,3.5
384,2026-07-28T11:11:00-03:00,HEMACIAS,-8.03581,-34.87106,3.6
384,2026-07-28T11:16:00-03:00,HEMACIAS,-8.02395,-34.86574,3.6
384,2026-07-28T11:21:00-03:00,HEMACIAS,-8.01382,-34.85802,3.8
385,2026-07-28T05:19:00-03:00,HEMACIAS,-8.27718,-35.98195,4.2
385,2026-07-28T05:24:00-03:00,HEMACIAS,-8.27519,-35.98169,4.0
385,2026-07-28T05:29:00-03:00,HEMACIAS,-8.27662,-35.98062,3.9
385,2026-07-28T05:34:00-03:00,HEMACIAS,-8.27779,-35.97923,4.0
385,2026-07-28T05:39:00-03:00,HEMACIAS,-8.27842,-35.97897,4.1
385,2026-07-28T05:44:00-03:00,HEMACIAS,-8.27950,-35.97904,4.0
385,2026-07-28T05:49:00-03:00,HEMACIAS,-8.27970,-35.97719,4.0
385,2026-07-28T05:54:00-03:00,HEMACIAS,-8.28037,-35.97693,4.2
385,2026-07-28T05:59:00-03:00,HEMACIAS,-8.28182,-35.97511,4.5
385,2026-07-28T06:04:00-03:00,HEMACIAS,-8.27988,-35.97523,3.9
385,2026-07-28T06:09:00-03:00,HEMACIAS,-8.28066,-35.97568,4.1
385,2026-07-28T06:14:00-03:00,HEMACIAS,-8.28271,-35.97494,4.3
385,2026-07-28T06:19:00-03:00,HEMACIAS,-8.28345,-35.97321,4.2
385,2026-07-28T06:24:00-03:00,HEMACIAS,-8.28340,-35.97176,4.6
385,2026-07-28T06:29:00-03:00,HEMACIAS,-8.28511,-35.97193,4.5
385,2026-07-28T06:34:00-03:00,HEMACIAS,-8.28395,-35.96946,4.0
385,2026-07-28T06:39:00-03:00,HEMACIAS,-8.28547,-35.97091,4.1
386,2026-07-28T11:15:00-03:00,HEMACIAS,-8.04673,-34.87655,3.6
386,2026-07-28T11:20:00-03:00,HEMACIAS,-8.04733,-34.87934,3.3
386,2026-07-28T11:25:00-03:00,HEMACIAS,-8.04624,-34.88332,3.2
386,2026-07-28T11:30:00-03:00,HEMACIAS,-8.04411,-34.88734,3.5
386,2026-07-28T11:35:00-03:00,HEMACIAS,-8.04437,-34.89017,3.4
386,2026-07-28T11:40:00-03:00,HEMACIAS,-8.04381,-34.89275,3.3
386,2026-07-28T11:45:00-03:00,HEMACIAS,-8.04266,-34.89638,3.1
386,2026-07-28T11:50:00-03:00,HEMACIAS,-8.04266,-34.90007,3.7
386,2026-07-28T11:55:00-03:00,HEMACIAS,-8.04184,-34.90360,3.8
386,2026-07-28T12:00:00-03:00,HEMACIAS,-8.03967,-34.90663,4.3
386,2026-07-28T12:05:00-03:00,HEMACIAS,-8.04226,-34.90939,4.3
386,2026-07-28T12:10:00-03:00,HEMACIAS,-8.03916,-34.91223,4.4
386,2026-07-28T12:15:00-03:00,HEMACIAS,-8.03900,-34.91409,4.3
386,2026-07-28T12:20:00-03:00,HEMACIAS,-8.03891,-34.91839,4.4
386,2026-07-28T12:25:00-03:00,HEMACIAS,-8.03526,-34.92274,4.3
386,2026-07-28T12:30:00-03:00,HEMACIAS,-8.03685,-34.92483,4.4
386,2026-07-28T12:35:00-03:00,HEMACIAS,-8.03520,-34.92809,4.3
386,2026-07-28T12:40:00-03:00,HEMACIAS,-8.03583,-34.93225,4.1
386,2026-07-28T12:45:00-03:00,HEMACIAS,-8.03419,-34.93373,3.6
386,2026-07-28T12:50:00-03:00,HEMACIAS,-8.03242,-34.93890,3.3
386,2026-07-28T12:55:00-03:00,HEMACIAS,-8.03246,-34.94236,3.6
386,2026-07-28T13:00:00-03:00,HEMACIAS,-8.03052,-34.94576,4.1
386,2026-07-28T13:05:00-03:00,HEMACIAS,-8.03094,-34.94839,4.0
386,2026-07-28T13:10:00-03:00,HEMACIAS,-8.02966,-34.95258,4.4
386,2026-07-28T13:15:00-03:00,HEMACIAS,-8.03093,-34.95528,4.5
386,2026-07-28T13:20:00-03:00,HEMACIAS,-8.02793,-34.95901,4.8
386,2026-07-28T13:25:00-03:00,HEMACIAS,-8.02843,-34.96112,4.7
386,2026-07-28T13:30:00-03:00,HEMACIAS,-8.02672,-34.96385,4.8
386,2026-07-28T13:35:00-03:00,HEMACIAS,-8.02621,-34.96760,4.6
386,2026-07-28T13:40:00-03:00,HEMACIAS,-8.02429,-34.97038,4.3
386,2026-07-28T13:45:00-03:00,HEMACIAS,-8.02465,-34.97500,4.1
386,2026-07-28T13:50:00-03:00,HEMACIAS,-8.02308,-34.97733,4.5
388,2026-07-28T10:11:00-03:00,HEMACIAS,-8.04831,-34.87643,4.1
388,2026-07-28T10:16:00-03:00,HEMACIAS,-8.05063,-34.88114,5.0
388,2026-07-28T10:21:00-03:00,HEMACIAS,-8.05185,-34.88258,4.5
388,2026-07-28T10:26:00-03:00,HEMACIAS,-8.05331,-34.88834,4.3
388,2026-07-28T10:31:00-03:00,HEMACIAS,-8.05489,-34.89363,4.2
388,2026-07-28T10:36:00-03:00,HEMACIAS,-8.05697,-34.89635,4.8
388,2026-07-28T10:41:00-03:00,HEMACIAS,-8.05766,-34.90110,4.6
388,2026-07-28T10:46:00-03:00,HEMACIAS,-8.06243,-34.90418,4.4
388,2026-07-28T10:51:00-03:00,HEMACIAS,-8.06313,-34.90898,4.2
388,2026-07-28T10:56:00-03:00,HEMACIAS,-8.06520,-34.91245,4.3
388,2026-07-28T11:01:00-03:00,HEMACIAS,-8.06585,-34.91587,4.6
388,2026-07-28T11:06:00-03:00,HEMACIAS,-8.06816,-34.92197,3.9
388,2026-07-28T11:11:00-03:00,HEMACIAS,-8.07183,-34.92665,3.9
388,2026-07-28T11:16:00-03:00,HEMACIAS,-8.07256,-34.92858,4.3
388,2026-07-28T11:21:00-03:00,HEMACIAS,-8.07354,-34.93267,3.8
388,2026-07-28T11:26:00-03:00,HEMACIAS,-8.07642,-34.93766,3.9
388,2026-07-28T11:31:00-03:00,HEMACIAS,-8.07833,-34.94238,3.8
388,2026-07-28T11:36:00-03:00,HEMACIAS,-8.08030,-34.94448,4.0
388,2026-07-28T11:41:00-03:00,HEMACIAS,-8.08154,-34.94859,3.9
388,2026-07-28T11:46:00-03:00,HEMACIAS,-8.08408,-34.95341,3.7
388,2026-07-28T11:51:00-03:00,HEMACIAS,-8.08620,-34.95800,4.2
388,2026-07-28T11:56:00-03:00,HEMACIAS,-8.08684,-34.96186,3.8
388,2026-07-28T12:01:00-03:00,HEMACIAS,-8.08793,-34.96605,4.2
388,2026-07-28T12:06:00-03:00,HEMACIAS,-8.09095,-34.96994,4.3
388,2026-07-28T12:11:00-03:00,HEMACIAS,-8.09323,-34.97316,4.4
388,2026-07-28T12:16:00-03:00,HEMACIAS,-8.09399,-34.97714,4.3
388,2026-07-28T12:21:00-03:00,HEMACIAS,-8.09601,-34.98052,4.4
388,2026-07-28T12:26:00-03:00,HEMACIAS,-8.09765,-34.98555,3.9
388,2026-07-28T12:31:00-03:00,HEMACIAS,-8.10146,-34.98908,4.1
388,2026-07-28T12:36:00-03:00,HEMACIAS,-8.10284,-34.99418,3.5
388,2026-07-28T12:41:00-03:00,HEMACIAS,-8.10554,-34.99645,3.5
388,2026-07-28T12:46:00-03:00,HEMACIAS,-8.10599,-35.00014,4.7
388,2026-07-28T12:51:00-03:00,HEMACIAS,-8.10949,-35.00630,4.8
388,2026-07-28T12:56:00-03:00,HEMACIAS,-8.10932,-35.00960,4.5
388,2026-07-28T13:01:00-03:00,HEMACIAS,-8.11242,-35.01227,4.1
390,2026-07-28T23:57:00-03:00,PLASMA,-8.04769,-34.87616,-30.2
390,2026-07-29T00:02:00-03:00,PLASMA,-8.03994,-34.87319,-28.9
390,2026-07-29T00:07:00-03:00,PLASMA,-8.03004,-34.86883,-28.0
390,2026-07-29T00:12:00-03:00,PLASMA,-8.02083,-34.86221,-29.8
390,2026-07-29T00:17:00-03:00,PLASMA,-8.01227,-34.85795,-29.2
391,2026-07-28T19:40:00-03:00,PLASMA,-8.04777,-34.87741,-29.7
391,2026-07-28T19:45:00-03:00,PLASMA,-8.05128,-34.88726,-30.0
391,2026-07-28T19:50:00-03:00,PLASMA,-8.05723,-34.89721,-31.1
391,2026-07-28T19:55:00-03:00,PLASMA,-8.06162,-34.90829,-31.7
391,2026-07-28T20:00:00-03:00,PLASMA,-8.06758,-34.91735,-31.0
391,2026-07-28T20:05:00-03:00,PLASMA,-8.07350,-34.92868,-32.1
391,2026-07-28T20:10:00-03:00,PLASMA,-8.07564,-34.93910,-30.9
391,2026-07-28T20:15:00-03:00,PLASMA,-8.08316,-34.95084,-32.5
391,2026-07-28T20:20:00-03:00,PLASMA,-8.08630,-34.96064,-29.8
391,2026-07-28T20:25:00-03:00,PLASMA,-8.09018,-34.97191,-31.5
391,2026-07-28T20:30:00-03:00,PLASMA,-8.09617,-34.98163,-32.0
391,2026-07-28T20:35:00-03:00,PLASMA,-8.10239,-34.99058,-29.7
391,2026-07-28T20:40:00-03:00,PLASMA,-8.10615,-35.00197,-31.2
391,2026-07-28T20:45:00-03:00,PLASMA,-8.11050,-35.01286,-29.1
392,2026-07-28T16:48:00-03:00,PLAQUETAS,-8.04700,-34.87597,21.8
392,2026-07-28T16:53:00-03:00,PLAQUETAS,-8.05189,-34.88189,21.8
392,2026-07-28T16:58:00-03:00,PLAQUETAS,-8.05637,-34.88818,22.2
392,2026-07-28T17:03:00-03:00,PLAQUETAS,-8.06026,-34.89325,22.2
393,2026-07-28T20:02:00-03:00,HEMACIAS,-8.04699,-34.87846,3.1
393,2026-07-28T20:07:00-03:00,HEMACIAS,-8.05162,-34.87993,3.6
393,2026-07-28T20:12:00-03:00,HEMACIAS,-8.05338,-34.88350,3.7
394,2026-07-28T14:44:00-03:00,PLAQUETAS,-8.27701,-35.98266,22.4
394,2026-07-28T14:49:00-03:00,PLAQUETAS,-8.27364,-35.96689,21.5
394,2026-07-28T14:54:00-03:00,PLAQUETAS,-8.27093,-35.95206,21.6
394,2026-07-28T14:59:00-03:00,PLAQUETAS,-8.26797,-35.93714,21.7
394,2026-07-28T15:04:00-03:00,PLAQUETAS,-8.26571,-35.92235,21.6
394,2026-07-28T15:09:00-03:00,PLAQUETAS,-8.26316,-35.90577,22.0
394,2026-07-28T15:14:00-03:00,PLAQUETAS,-8.25906,-35.89057,21.7
394,2026-07-28T15:19:00-03:00,PLAQUETAS,-8.25732,-35.87657,22.1
394,2026-07-28T15:24:00-03:00,PLAQUETAS,-8.25485,-35.86015,21.9
394,2026-07-28T15:29:00-03:00,PLAQUETAS,-8.25199,-35.84675,21.7
394,2026-07-28T15:34:00-03:00,PLAQUETAS,-8.24970,-35.82987,21.7
394,2026-07-28T15:39:00-03:00,PLAQUETAS,-8.24621,-35.81544,22.3
394,2026-07-28T15:44:00-03:00,PLAQUETAS,-8.24369,-35.79868,22.1
394,2026-07-28T15:49:00-03:00,PLAQUETAS,-8.24197,-35.78321,22.3
394,2026-07-28T15:54:00-03:00,PLAQUETAS,-8.23787,-35.76898,21.5
394,2026-07-28T15:59:00-03:00,PLAQUETAS,-8.23318,-35.75336,21.2
394,2026-07-28T16:04:00-03:00,PLAQUETAS,-8.23135,-35.73827,21.0
394,2026-07-28T16:09:00-03:00,PLAQUETAS,-8.22978,-35.72281,21.2
394,2026-07-28T16:14:00-03:00,PLAQUETAS,-8.22669,-35.70796,21.8
394,2026-07-28T16:19:00-03:00,PLAQUETAS,-8.22350,-35.69323,21.3
394,2026-07-28T16:24:00-03:00,PLAQUETAS,-8.22102,-35.67702,21.5
394,2026-07-28T16:29:00-03:00,PLAQUETAS,-8.22056,-35.66345,21.3
394,2026-07-28T16:34:00-03:00,PLAQUETAS,-8.21717,-35.64597,21.6
394,2026-07-28T16:39:00-03:00,PLAQUETAS,-8.21336,-35.63130,21.9
394,2026-07-28T16:44:00-03:00,PLAQUETAS,-8.21018,-35.61612,22.2
394,2026-07-28T16:49:00-03:00,PLAQUETAS,-8.20640,-35.60107,22.1
394,2026-07-28T16:54:00-03:00,PLAQUETAS,-8.20636,-35.58797,22.3
394,2026-07-28T16:59:00-03:00,PLAQUETAS,-8.20329,-35.56913,21.7
395,2026-07-28T20:26:00-03:00,PLASMA,-8.04730,-34.87740,-29.7
395,2026-07-28T20:31:00-03:00,PLASMA,-8.05570,-34.89563,-29.6
395,2026-07-28T20:36:00-03:00,PLASMA,-8.06410,-34.91080,-29.4
395,2026-07-28T20:41:00-03:00,PLASMA,-8.07280,-34.92973,-28.8
395,2026-07-28T20:46:00-03:00,PLASMA,-8.08077,-34.94659,-29.6
395,2026-07-28T20:51:00-03:00,PLASMA,-8.08885,-34.96563,-28.5
395,2026-07-28T20:56:00-03:00,PLASMA,-8.09752,-34.98265,-28.5
395,2026-07-28T21:01:00-03:00,PLASMA,-8.10592,-35.00065,-28.1
396,2026-07-29T04:49:00-03:00,HEMACIAS,-8.04809,-34.87705,3.6
396,2026-07-29T04:54:00-03:00,HEMACIAS,-8.05243,-34.89172,3.3
396,2026-07-29T04:59:00-03:00,HEMACIAS,-8.05928,-34.90515,3.3
396,2026-07-29T05:04:00-03:00,HEMACIAS,-8.06750,-34.91902,3.6
396,2026-07-29T05:09:00-03:00,HEMACIAS,-8.07453,-34.93323,4.0
396,2026-07-29T05:14:00-03:00,HEMACIAS,-8.08215,-34.94674,3.9
396,2026-07-29T05:19:00-03:00,HEMACIAS,-8.08692,-34.96112,4.3
396,2026-07-29T05:24:00-03:00,HEMACIAS,-8.09359,-34.97576,4.4
396,2026-07-29T05:29:00-03:00,HEMACIAS,-8.10104,-34.98986,4.1
396,2026-07-29T05:34:00-03:00,HEMACIAS,-8.10778,-35.00180,5.0
397,2026-07-28T22:09:00-03:00,HEMACIAS,-8.04653,-34.87739,4.2
397,2026-07-28T22:14:00-03:00,HEMACIAS,-8.04751,-34.88160,4.1
397,2026-07-28T22:19:00-03:00,HEMACIAS,-8.04573,-34.88946,4.1
397,2026-07-28T22:24:00-03:00,HEMACIAS,-8.04435,-34.89218,4.0
397,2026-07-28T22:29:00-03:00,HEMACIAS,-8.04328,-34.89984,4.4
397,2026-07-28T22:34:00-03:00,HEMACIAS,-8.04203,-34.90316,4.0
397,2026-07-28T22:39:00-03:00,HEMACIAS,-8.03913,-34.90912,4.1
397,2026-07-28T22:44:00-03:00,HEMACIAS,-8.03834,-34.91625,4.3
397,2026-07-28T22:49:00-03:00,HEMACIAS,-8.03654,-34.92118,4.5
397,2026-07-28T22:54:00-03:00,HEMACIAS,-8.03681,-34.92530,4.6
397,2026-07-28T22:59:00-03:00,HEMACIAS,-8.03516,-34.93243,4.4
397,2026-07-28T23:04:00-03:00,HEMACIAS,-8.03400,-34.93702,4.3
397,2026-07-28T23:09:00-03:00,HEMACIAS,-8.03162,-34.94356,3.9
397,2026-07-28T23:14:00-03:00,HEMACIAS,-8.03191,-34.94899,4.3
397,2026-07-28T23:19:00-03:00,HEMACIAS,-8.02804,-34.95333,4.9
397,2026-07-28T23:24:00-03:00,HEMACIAS,-8.02832,-34.95908,4.8
397,2026-07-28T23:29:00-03:00,HEMACIAS,-8.02689,-34.96461,4.8
397,2026-07-28T23:34:00-03:00,HEMACIAS,-8.02649,-34.96865,4.1
397,2026-07-28T23:39:00-03:00,HEMACIAS,-8.02305,-34.97504,4.5
398,2026-07-29T06:31:00-03:00,PLAQUETAS,-8.04740,-34.87659,22.6
398,2026-07-29T06:36:00-03:00,PLAQUETAS,-8.02987,-34.86881,22.3
398,2026-07-29T06:41:00-03:00,PLAQUETAS,-8.01263,-34.85707,22.1
399,2026-07-29T04:30:00-03:00,PLAQUETAS,-8.27655,-35.98115,21.7
399,2026-07-29T04:35:00-03:00,PLAQUETAS,-8.28074,-35.97554,21.6
400,2026-07-29T08:32:00-03:00,HEMACIAS,-8.04821,-34.87797,3.9
400,2026-07-29T08:37:00-03:00,HEMACIAS,-8.05269,-34.88436,4.3
400,2026-07-29T08:42:00-03:00,HEMACIAS,-8.05803,-34.89078,3.9
400,2026-07-29T08:47:00-03:00,HEMACIAS,-8.06345,-34.89824,3.7
401,2026-07-29T11:21:00-03:00,HEMACIAS,-8.04747,-34.87770,4.6
401,2026-07-29T11:26:00-03:00,HEMACIAS,-8.04914,-34.87951,4.2
401,2026-07-29T11:31:00-03:00,HEMACIAS,-8.05180,-34.88279,4.0
401,2026-07-29T11:36:00-03:00,HEMACIAS,-8.05310,-34.88451,4.0
402,2026-07-29T09:38:00-03:00,HEMACIAS,-8.04653,-34.87704,4.1
402,2026-07-29T09:43:00-03:00,HEMACIAS,-8.04945,-34.87922,4.4
402,2026-07-29T09:48:00-03:00,HEMACIAS,-8.05344,-34.88208,4.5
402,2026-07-29T09:53:00-03:00,HEMACIAS,-8.05454,-34.88477,4.5
403,2026-07-29T16:56:00-03:00,PLASMA,-8.04878,-34.87644,-30.7
403,2026-07-29T17:01:00-03:00,PLASMA,-8.04959,-34.87891,-31.4
403,2026-07-29T17:06:00-03:00,PLASMA,-8.05207,-34.88295,-34.8
403,2026-07-29T17:11:00-03:00,PLASMA,-8.05389,-34.88448,-34.5
404,2026-07-29T18:08:00-03:00,PLAQUETAS,-8.27752,-35.98149,21.3
404,2026-07-29T18:13:00-03:00,PLAQUETAS,-8.28104,-35.97620,21.7
404,2026-07-29T18:18:00-03:00,PLAQUETAS,-8.28552,-35.97144,21.6
405,2026-07-29T15:24:00-03:00,PLASMA,-8.27695,-35.98117,-28.9
405,2026-07-29T15:29:00-03:00,PLASMA,-8.27725,-35.97783,-29.2
405,2026-07-29T15:34:00-03:00,PLASMA,-8.28065,-35.97306,-28.9
406,2026-07-29T13:26:00-03:00,PLASMA,-8.27552,-35.98093,-29.2
406,2026-07-29T13:31:00-03:00,PLASMA,-8.27802,-35.97856,-29.3
406,2026-07-29T13:36:00-03:00,PLASMA,-8.27991,-35.97530,-27.7
406,2026-07-29T13:41:00-03:00,PLASMA,-8.28334,-35.97159,-27.3
408,2026-07-29T15:21:00-03:00,HEMACIAS,-8.27539,-35.98184,4.6
408,2026-07-29T15:26:00-03:00,HEMACIAS,-8.27927,-35.97602,4.7
408,2026-07-29T15:31:00-03:00,HEMACIAS,-8.28333,-35.97161,4.9
409,2026-07-29T20:45:00-03:00,CRIOPRECIPITADO,-8.27629,-35.98269,-29.0
409,2026-07-29T20:50:00-03:00,CRIOPRECIPITADO,-8.27040,-35.95142,-28.9
409,2026-07-29T20:55:00-03:00,CRIOPRECIPITADO,-8.26667,-35.92429,-29.9
409,2026-07-29T21:00:00-03:00,CRIOPRECIPITADO,-8.26148,-35.89555,-30.2
409,2026-07-29T21:05:00-03:00,CRIOPRECIPITADO,-8.25633,-35.86863,-29.8
409,2026-07-29T21:10:00-03:00,CRIOPRECIPITADO,-8.25001,-35.83904,-32.1
409,2026-07-29T21:15:00-03:00,CRIOPRECIPITADO,-8.24585,-35.80981,-31.4
409,2026-07-29T21:20:00-03:00,CRIOPRECIPITADO,-8.24034,-35.78326,-30.9
409,2026-07-29T21:25:00-03:00,CRIOPRECIPITADO,-8.23487,-35.75435,-30.9
409,2026-07-29T21:30:00-03:00,CRIOPRECIPITADO,-8.22965,-35.72421,-30.2
409,2026-07-29T21:35:00-03:00,CRIOPRECIPITADO,-8.22402,-35.69709,-29.2
409,2026-07-29T21:40:00-03:00,CRIOPRECIPITADO,-8.22096,-35.66746,-30.0
409,2026-07-29T21:45:00-03:00,CRIOPRECIPITADO,-8.21559,-35.63866,-28.1
409,2026-07-29T21:50:00-03:00,CRIOPRECIPITADO,-8.20879,-35.61018,-28.7
409,2026-07-29T21:55:00-03:00,CRIOPRECIPITADO,-8.20391,-35.58319,-28.4
410,2026-07-29T16:42:00-03:00,CRIOPRECIPITADO,-8.04650,-34.87694,-30.1
410,2026-07-29T16:47:00-03:00,CRIOPRECIPITADO,-8.03176,-34.86748,-31.0
410,2026-07-29T16:52:00-03:00,CRIOPRECIPITADO,-8.01461,-34.86071,-31.9
411,2026-07-29T20:20:00-03:00,HEMACIAS,-8.04655,-34.87723,4.4
411,2026-07-29T20:25:00-03:00,HEMACIAS,-8.04921,-34.88004,4.2
411,2026-07-29T20:30:00-03:00,HEMACIAS,-8.05332,-34.88313,4.8
412,2026-07-29T20:49:00-03:00,PLAQUETAS,-8.04979,-34.87665,21.4
412,2026-07-29T20:54:00-03:00,PLAQUETAS,-8.03407,-34.87662,22.1
412,2026-07-29T20:59:00-03:00,PLAQUETAS,-8.02147,-34.87684,21.5
412,2026-07-29T21:04:00-03:00,PLAQUETAS,-8.00842,-34.87449,21.9
412,2026-07-29T21:09:00-03:00,PLAQUETAS,-7.99620,-34.87535,22.0
412,2026-07-29T21:14:00-03:00,PLAQUETAS,-7.98214,-34.87447,22.2
412,2026-07-29T21:19:00-03:00,PLAQUETAS,-7.96888,-34.87529,22.0
412,2026-07-29T21:24:00-03:00,PLAQUETAS,-7.95791,-34.87378,22.4
412,2026-07-29T21:29:00-03:00,PLAQUETAS,-7.94223,-34.87258,22.5
413,2026-07-29T19:29:00-03:00,HEMACIAS,-8.27625,-35.98096,3.7
413,2026-07-29T19:34:00-03:00,HEMACIAS,-8.27726,-35.98013,4.0
413,2026-07-29T19:39:00-03:00,HEMACIAS,-8.28107,-35.97603,3.8
413,2026-07-29T19:44:00-03:00,HEMACIAS,-8.28129,-35.97456,3.7
413,2026-07-29T19:49:00-03:00,HEMACIAS,-8.28477,-35.97204,4.0
414,2026-07-29T22:10:00-03:00,HEMACIAS,-8.04664,-34.87764,3.9
414,2026-07-29T22:15:00-03:00,HEMACIAS,-8.04997,-34.88044,4.2
414,2026-07-29T22:20:00-03:00,HEMACIAS,-8.05334,-34.88468,4.1
415,2026-07-30T09:20:00-03:00,HEMACIAS,-8.04827,-34.87693,4.3
415,2026-07-30T09:25:00-03:00,HEMACIAS,-8.03625,-34.87059,4.1
415,2026-07-30T09:30:00-03:00,HEMACIAS,-8.02578,-34.86379,4.1
415,2026-07-30T09:35:00-03:00,HEMACIAS,-8.01620,-34.85910,4.1
416,2026-07-30T14:20:00-03:00,PLASMA,-8.04801,-34.87605,-30.9
416,2026-07-30T14:25:00-03:00,PLASMA,-8.04264,-34.89384,-32.3
416,2026-07-30T14:30:00-03:00,PLASMA,-8.03872,-34.91142,-31.8
416,2026-07-30T14:35:00-03:00,PLASMA,-8.03396,-34.92743,-31.5
416,2026-07-30T14:40:00-03:00,PLASMA,-8.03172,-34.94421,-32.3
416,2026-07-30T14:45:00-03:00,PLASMA,-8.02816,-34.96290,-31.9
416,2026-07-30T14:50:00-03:00,PLASMA,-8.02363,-34.97774,-33.7
417,2026-07-30T18:07:00-03:00,HEMACIAS,-8.04853,-34.87732,4.4
417,2026-07-30T18:12:00-03:00,HEMACIAS,-8.05259,-34.88344,4.3
417,2026-07-30T18:17:00-03:00,HEMACIAS,-8.05614,-34.88850,4.1
417,2026-07-30T18:22:00-03:00,HEMACIAS,-8.06145,-34.89387,4.2
418,2026-07-30T13:57:00-03:00,PLAQUETAS,-8.04686,-34.87882,22.2
418,2026-07-30T14:02:00-03:00,PLAQUETAS,-8.03779,-34.87286,22.6
418,2026-07-30T14:07:00-03:00,PLAQUETAS,-8.02999,-34.86661,22.2
418,2026-07-30T14:12:00-03:00,PLAQUETAS,-8.02006,-34.86284,22.4
418,2026-07-30T14:17:00-03:00,PLAQUETAS,-8.01089,-34.85561,22.5
419,2026-07-30T17:22:00-03:00,CRIOPRECIPITADO,-8.04787,-34.87780,-28.6
419,2026-07-30T17:27:00-03:00,CRIOPRECIPITADO,-8.05109,-34.88584,-28.6
419,2026-07-30T17:32:00-03:00,CRIOPRECIPITADO,-8.05712,-34.89622,-29.6
419,2026-07-30T17:37:00-03:00,CRIOPRECIPITADO,-8.06103,-34.90518,-28.9
419,2026-07-30T17:42:00-03:00,CRIOPRECIPITADO,-8.06631,-34.91577,-29.1
419,2026-07-30T17:47:00-03:00,CRIOPRECIPITADO,-8.07133,-34.92408,-30.0
419,2026-07-30T17:52:00-03:00,CRIOPRECIPITADO,-8.07419,-34.93369,-31.4
419,2026-07-30T17:57:00-03:00,CRIOPRECIPITADO,-8.07801,-34.94378,-31.4
419,2026-07-30T18:02:00-03:00,CRIOPRECIPITADO,-8.08347,-34.95125,-32.6
419,2026-07-30T18:07:00-03:00,CRIOPRECIPITADO,-8.08817,-34.96190,-30.8
419,2026-07-30T18:12:00-03:00,CRIOPRECIPITADO,-8.08993,-34.97142,-30.7
419,2026-07-30T18:17:00-03:00,CRIOPRECIPITADO,-8.09602,-34.98169,-31.6
419,2026-07-30T18:22:00-03:00,CRIOPRECIPITADO,-8.09893,-34.99098,-31.1
419,2026-07-30T18:27:00-03:00,CRIOPRECIPITADO,-8.10633,-35.00024,-30.7
419,2026-07-30T18:32:00-03:00,CRIOPRECIPITADO,-8.10937,-35.01000,-30.6
420,2026-07-30T14:33:00-03:00,HEMACIAS,-8.04774,-34.87720,3.8
420,2026-07-30T14:38:00-03:00,HEMACIAS,-8.05326,-34.88630,3.6
420,2026-07-30T14:43:00-03:00,HEMACIAS,-8.05695,-34.89357,3.5
422,2026-07-30T19:25:00-03:00,HEMACIAS,-8.04889,-34.87618,3.7
422,2026-07-30T19:30:00-03:00,HEMACIAS,-8.05029,-34.88143,3.9
423,2026-07-30T16:08:00-03:00,HEMACIAS,-8.27736,-35.98259,4.3
423,2026-07-30T16:13:00-03:00,HEMACIAS,-8.27116,-35.94401,4.1
423,2026-07-30T16:18:00-03:00,HEMACIAS,-8.26326,-35.91035,4.3
423,2026-07-30T16:23:00-03:00,HEMACIAS,-8.25635,-35.87315,4.1
423,2026-07-30T16:28:00-03:00,HEMACIAS,-8.25093,-35.83738,3.6
423,2026-07-30T16:33:00-03:00,HEMACIAS,-8.24580,-35.80220,3.7
423,2026-07-30T16:38:00-03:00,HEMACIAS,-8.23827,-35.76544,3.4
423,2026-07-30T16:43:00-03:00,HEMACIAS,-8.23346,-35.72960,3.4
423,2026-07-30T16:48:00-03:00,HEMACIAS,-8.22718,-35.69458,3.5
423,2026-07-30T16:53:00-03:00,HEMACIAS,-8.22260,-35.65714,2.9
423,2026-07-30T16:58:00-03:00,HEMACIAS,-8.21529,-35.62209,3.0
423,2026-07-30T17:03:00-03:00,HEMACIAS,-8.21007,-35.58682,2.7
423,2026-07-30T17:08:00-03:00,HEMACIAS,-8.20325,-35.54802,3.1
423,2026-07-30T17:13:00-03:00,HEMACIAS,-8.19623,-35.51274,2.9
423,2026-07-30T17:18:00-03:00,HEMACIAS,-8.19033,-35.47709,3.5
423,2026-07-30T17:23:00-03:00,HEMACIAS,-8.18406,-35.44010,4.4
423,2026-07-30T17:28:00-03:00,HEMACIAS,-8.17776,-35.40363,5.0
423,2026-07-30T17:33:00-03:00,HEMACIAS,-8.17200,-35.36776,4.6
423,2026-07-30T17:38:00-03:00,HEMACIAS,-8.16620,-35.33367,3.9
423,2026-07-30T17:43:00-03:00,HEMACIAS,-8.16002,-35.29582,4.2
423,2026-07-30T17:48:00-03:00,HEMACIAS,-8.15422,-35.25991,3.4
423,2026-07-30T17:53:00-03:00,HEMACIAS,-8.14840,-35.22415,3.2
423,2026-07-30T17:58:00-03:00,HEMACIAS,-8.14140,-35.18842,3.4
423,2026-07-30T18:03:00-03:00,HEMACIAS,-8.13569,-35.15305,3.6
423,2026-07-30T18:08:00-03:00,HEMACIAS,-8.12870,-35.11519,4.0
423,2026-07-30T18:13:00-03:00,HEMACIAS,-8.12474,-35.07939,4.3
423,2026-07-30T18:18:00-03:00,HEMACIAS,-8.11899,-35.04326,4.4
425,2026-07-30T19:18:00-03:00,HEMACIAS,-8.04774,-34.87736,3.8
425,2026-07-30T19:23:00-03:00,HEMACIAS,-8.05532,-34.88936,3.8
425,2026-07-30T19:28:00-03:00,HEMACIAS,-8.05945,-34.90017,4.3
425,2026-07-30T19:33:00-03:00,HEMACIAS,-8.06400,-34.91241,4.2
425,2026-07-30T19:38:00-03:00,HEMACIAS,-8.06974,-34.92493,10.0
425,2026-07-30T19:43:00-03:00,HEMACIAS,-8.07560,-34.93601,10.1
425,2026-07-30T19:48:00-03:00,HEMACIAS,-8.08252,-34.94902,9.7
425,2026-07-30T19:53:00-03:00,HEMACIAS,-8.08765,-34.96116,10.0
425,2026-07-30T19:58:00-03:00,HEMACIAS,-8.09263,-34.97309,10.2
425,2026-07-30T20:03:00-03:00,HEMACIAS,-8.09870,-34.98774,10.0
425,2026-07-30T20:08:00-03:00,HEMACIAS,-8.10484,-34.99855,3.6
425,2026-07-30T20:13:00-03:00,HEMACIAS,-8.10980,-35.00899,4.3
426,2026-07-31T01:41:00-03:00,HEMACIAS,-8.27473,-35.98124,4.0
426,2026-07-31T01:46:00-03:00,HEMACIAS,-8.27920,-35.97866,4.3
426,2026-07-31T01:51:00-03:00,HEMACIAS,-8.28145,-35.97683,4.7
426,2026-07-31T01:56:00-03:00,HEMACIAS,-8.28403,-35.97407,4.1
427,2026-07-30T19:19:00-03:00,HEMACIAS,-8.04836,-34.87708,3.7
427,2026-07-30T19:24:00-03:00,HEMACIAS,-8.03985,-34.87168,3.0
427,2026-07-30T19:29:00-03:00,HEMACIAS,-8.03093,-34.86787,3.0
427,2026-07-30T19:34:00-03:00,HEMACIAS,-8.02408,-34.86328,3.1
427,2026-07-30T19:39:00-03:00,HEMACIAS,-8.01614,-34.86063,3.2
428,2026-07-31T07:58:00-03:00,HEMACIAS,-8.27599,-35.98287,3.5
428,2026-07-31T08:03:00-03:00,HEMACIAS,-8.26870,-35.94808,4.0
428,2026-07-31T08:08:00-03:00,HEMACIAS,-8.26237,-35.91532,3.7
428,2026-07-31T08:13:00-03:00,HEMACIAS,-8.25620,-35.87965,4.2
428,2026-07-31T08:18:00-03:00,HEMACIAS,-8.24823,-35.84769,3.7
428,2026-07-31T08:23:00-03:00,HEMACIAS,-8.24315,-35.81465,3.2
428,2026-07-31T08:28:00-03:00,HEMACIAS,-8.23566,-35.78095,3.1
428,2026-07-31T08:33:00-03:00,HEMACIAS,-8.22783,-35.74676,3.1
428,2026-07-31T08:38:00-03:00,HEMACIAS,-8.22323,-35.71179,3.8
428,2026-07-31T08:43:00-03:00,HEMACIAS,-8.21596,-35.67898,3.4
428,2026-07-31T08:48:00-03:00,HEMACIAS,-8.20936,-35.64646,3.2
428,2026-07-31T08:53:00-03:00,HEMACIAS,-8.20368,-35.61255,3.7
428,2026-07-31T08:58:00-03:00,HEMACIAS,-8.19650,-35.57835,4.4
428,2026-07-31T09:03:00-03:00,HEMACIAS,-8.18809,-35.54510,4.5
428,2026-07-31T09:08:00-03:00,HEMACIAS,-8.18380,-35.51039,4.6
428,2026-07-31T09:13:00-03:00,HEMACIAS,-8.17629,-35.47689,3.8
428,2026-07-31T09:18:00-03:00,HEMACIAS,-8.17132,-35.44356,4.0
428,2026-07-31T09:23:00-03:00,HEMACIAS,-8.16400,-35.41018,3.8
428,2026-07-31T09:28:00-03:00,HEMACIAS,-8.15826,-35.37644,3.9
428,2026-07-31T09:33:00-03:00,HEMACIAS,-8.14998,-35.34365,4.7
428,2026-07-31T09:38:00-03:00,HEMACIAS,-8.14388,-35.30912,3.9
428,2026-07-31T09:43:00-03:00,HEMACIAS,-8.13618,-35.27639,4.0
428,2026-07-31T09:48:00-03:00,HEMACIAS,-8.13150,-35.24169,4.3
428,2026-07-31T09:53:00-03:00,HEMACIAS,-8.12466,-35.20892,4.1
428,2026-07-31T09:58:00-03:00,HEMACIAS,-8.11821,-35.17526,4.3
428,2026-07-31T10:03:00-03:00,HEMACIAS,-8.11125,-35.14116,4.2
428,2026-07-31T10:08:00-03:00,HEMACIAS,-8.10434,-35.10791,4.4
428,2026-07-31T10:13:00-03:00,HEMACIAS,-8.09623,-35.07517,3.8
428,2026-07-31T10:18:00-03:00,HEMACIAS,-8.09094,-35.04034,4.1
428,2026-07-31T10:23:00-03:00,HEMACIAS,-8.08444,-35.00699,4.0
428,2026-07-31T10:28:00-03:00,HEMACIAS,-8.07922,-34.97306,4.0
428,2026-07-31T10:33:00-03:00,HEMACIAS,-8.07240,-34.93887,4.1
428,2026-07-31T10:38:00-03:00,HEMACIAS,-8.06395,-34.90376,4.0
429,2026-07-30T18:19:00-03:00,HEMACIAS,-8.04754,-34.87835,3.9
429,2026-07-30T18:24:00-03:00,HEMACIAS,-8.05102,-34.88367,3.8
429,2026-07-30T18:29:00-03:00,HEMACIAS,-8.05793,-34.89222,4.1
429,2026-07-30T18:34:00-03:00,HEMACIAS,-8.06249,-34.89693,3.7
430,2026-07-30T21:54:00-03:00,HEMACIAS,-8.04860,-34.87605,4.4
430,2026-07-30T21:59:00-03:00,HEMACIAS,-8.05280,-34.88622,4.0
430,2026-07-30T22:04:00-03:00,HEMACIAS,-8.06193,-34.89657,4.1
431,2026-07-30T20:29:00-03:00,PLASMA,-8.04680,-34.87681,-31.5
431,2026-07-30T20:34:00-03:00,PLASMA,-8.04502,-34.88914,-31.7
431,2026-07-30T20:39:00-03:00,PLASMA,-8.04150,-34.90110,-30.8
431,2026-07-30T20:44:00-03:00,PLASMA,-8.03880,-34.91171,-30.9
431,2026-07-30T20:49:00-03:00,PLASMA,-8.03640,-34.92377,-31.1
431,2026-07-30T20:54:00-03:00,PLASMA,-8.03409,-34.93639,-30.6
431,2026-07-30T20:59:00-03:00,PLASMA,-8.03115,-34.94909,-30.7
431,2026-07-30T21:04:00-03:00,PLASMA,-8.02764,-34.96037,-30.5
431,2026-07-30T21:09:00-03:00,PLASMA,-8.02531,-34.97072,-29.5
432,2026-07-31T08:11:00-03:00,PLASMA,-8.27539,-35.98143,-29.2
432,2026-07-31T08:16:00-03:00,PLASMA,-8.27088,-35.95576,-30.5
432,2026-07-31T08:21:00-03:00,PLASMA,-8.26559,-35.92896,-30.6
432,2026-07-31T08:26:00-03:00,PLASMA,-8.26227,-35.90180,-30.0
432,2026-07-31T08:31:00-03:00,PLASMA,-8.25604,-35.87661,-29.4
432,2026-07-31T08:36:00-03:00,PLASMA,-8.25094,-35.85066,-30.4
432,2026-07-31T08:41:00-03:00,PLASMA,-8.24811,-35.82072,-30.2
432,2026-07-31T08:46:00-03:00,PLASMA,-8.24247,-35.79548,-28.7
432,2026-07-31T08:51:00-03:00,PLASMA,-8.23769,-35.76805,-28.2
432,2026-07-31T08:56:00-03:00,PLASMA,-8.23203,-35.73950,-29.7
432,2026-07-31T09:01:00-03:00,PLASMA,-8.22746,-35.71496,-29.1
432,2026-07-31T09:06:00-03:00,PLASMA,-8.22323,-35.68693,-29.4
432,2026-07-31T09:11:00-03:00,PLASMA,-8.21778,-35.66082,-28.4
432,2026-07-31T09:16:00-03:00,PLASMA,-8.21427,-35.63395,-29.6
432,2026-07-31T09:21:00-03:00,PLASMA,-8.20930,-35.60764,-28.8
432,2026-07-31T09:26:00-03:00,PLASMA,-8.20405,-35.57948,-31.6
433,2026-07-31T13:10:00-03:00,HEMACIAS,-8.04719,-34.87686,3.8
433,2026-07-31T13:15:00-03:00,HEMACIAS,-8.05418,-34.88861,4.4
433,2026-07-31T13:20:00-03:00,HEMACIAS,-8.06363,-34.89910,4.6
435,2026-07-31T14:50:00-03:00,PLASMA,-8.04748,-34.87731,-31.0
435,2026-07-31T14:55:00-03:00,PLASMA,-8.05164,-34.88407,-32.2
435,2026-07-31T15:00:00-03:00,PLASMA,-8.05705,-34.88911,-33.4
435,2026-07-31T15:05:00-03:00,PLASMA,-8.05912,-34.89413,-31.6
436,2026-07-31T11:42:00-03:00,HEMACIAS,-8.04817,-34.87689,4.5
436,2026-07-31T11:47:00-03:00,HEMACIAS,-8.05281,-34.88422,4.9
436,2026-07-31T11:52:00-03:00,HEMACIAS,-8.05902,-34.89344,4.6
437,2026-07-31T16:06:00-03:00,PLASMA,-8.04880,-34.87734,-30.9
437,2026-07-31T16:11:00-03:00,PLASMA,-8.05300,-34.88471,-29.7
437,2026-07-31T16:16:00-03:00,PLASMA,-8.05771,-34.89223,-30.4
437,2026-07-31T16:21:00-03:00,PLASMA,-8.06248,-34.89968,-28.5
438,2026-07-31T15:33:00-03:00,HEMACIAS,-8.04802,-34.87645,4.1
438,2026-07-31T15:38:00-03:00,HEMACIAS,-8.04367,-34.89314,3.7
438,2026-07-31T15:43:00-03:00,HEMACIAS,-8.04066,-34.90795,4.2
438,2026-07-31T15:48:00-03:00,HEMACIAS,-8.03555,-34.92227,4.0
438,2026-07-31T15:53:00-03:00,HEMACIAS,-8.03361,-34.93706,3.6
438,2026-07-31T15:58:00-03:00,HEMACIAS,-8.03025,-34.95089,3.9
438,2026-07-31T16:03:00-03:00,HEMACIAS,-8.02646,-34.96607,4.6
440,2026-07-31T15:16:00-03:00,HEMACIAS,-8.04789,-34.87777,3.5
440,2026-07-31T15:21:00-03:00,HEMACIAS,-8.05654,-34.89464,3.3
440,2026-07-31T15:26:00-03:00,HEMACIAS,-8.06352,-34.91074,3.3
440,2026-07-31T15:31:00-03:00,HEMACIAS,-8.07266,-34.92722,2.9
440,2026-07-31T15:36:00-03:00,HEMACIAS,-8.07908,-34.94540,3.2
440,2026-07-31T15:41:00-03:00,HEMACIAS,-8.08621,-34.96123,3.4
440,2026-07-31T15:46:00-03:00,HEMACIAS,-8.09476,-34.97809,3.6
440,2026-07-31T15:51:00-03:00,HEMACIAS,-8.10393,-34.99570,3.9
440,2026-07-31T15:56:00-03:00,HEMACIAS,-8.11093,-35.01239,3.9
441,2026-07-31T22:27:00-03:00,HEMACIAS,-8.27617,-35.98193,3.9
441,2026-07-31T22:32:00-03:00,HEMACIAS,-8.27228,-35.96479,3.8
441,2026-07-31T22:37:00-03:00,HEMACIAS,-8.27015,-35.94487,3.5
441,2026-07-31T22:42:00-03:00,HEMACIAS,-8.26689,-35.92609,3.4
441,2026-07-31T22:47:00-03:00,HEMACIAS,-8.26175,-35.90762,3.6
441,2026-07-31T22:52:00-03:00,HEMACIAS,-8.25720,-35.88946,3.5
441,2026-07-31T22:57:00-03:00,HEMACIAS,-8.25511,-35.86981,3.6
441,2026-07-31T23:02:00-03:00,HEMACIAS,-8.25242,-35.85314,3.9
441,2026-07-31T23:07:00-03:00,HEMACIAS,-8.25007,-35.83239,3.3
441,2026-07-31T23:12:00-03:00,HEMACIAS,-8.24448,-35.81387,3.6
441,2026-07-31T23:17:00-03:00,HEMACIAS,-8.24312,-35.79598,3.6
441,2026-07-31T23:22:00-03:00,HEMACIAS,-8.23745,-35.77673,3.8
441,2026-07-31T23:27:00-03:00,HEMACIAS,-8.23499,-35.75755,4.2
441,2026-07-31T23:32:00-03:00,HEMACIAS,-8.23223,-35.73964,4.4
441,2026-07-31T23:37:00-03:00,HEMACIAS,-8.22900,-35.72175,4.6
441,2026-07-31T23:42:00-03:00,HEMACIAS,-8.22734,-35.70280,4.5
441,2026-07-31T23:47:00-03:00,HEMACIAS,-8.22297,-35.68370,4.6
441,2026-07-31T23:52:00-03:00,HEMACIAS,-8.21740,-35.66497,4.6
441,2026-07-31T23:57:00-03:00,HEMACIAS,-8.21674,-35.64783,4.7
441,2026-08-01T00:02:00-03:00,HEMACIAS,-8.21373,-35.62918,5.3
441,2026-08-01T00:07:00-03:00,HEMACIAS,-8.20901,-35.60957,5.6
441,2026-08-01T00:12:00-03:00,HEMACIAS,-8.20687,-35.59177,4.8
441,2026-08-01T00:17:00-03:00,HEMACIAS,-8.20099,-35.57192,4.5
442,2026-07-31T21:06:00-03:00,HEMACIAS,-8.27648,-35.98145,3.9
442,2026-07-31T21:11:00-03:00,HEMACIAS,-8.27852,-35.97775,3.5
442,2026-07-31T21:16:00-03:00,HEMACIAS,-8.28217,-35.97488,3.5
442,2026-07-31T21:21:00-03:00,HEMACIAS,-8.28380,-35.97072,3.3
443,2026-07-31T17:56:00-03:00,HEMACIAS,-8.04760,-34.87636,4.7
443,2026-07-31T18:01:00-03:00,HEMACIAS,-8.05246,-34.88317,4.5
443,2026-07-31T18:06:00-03:00,HEMACIAS,-8.05733,-34.88829,4.6
443,2026-07-31T18:11:00-03:00,HEMACIAS,-8.05907,-34.89510,4.4
444,2026-07-31T21:36:00-03:00,HEMACIAS,-8.04783,-34.87731,4.2
444,2026-07-31T21:41:00-03:00,HEMACIAS,-8.05181,-34.89312,4.2
444,2026-07-31T21:46:00-03:00,HEMACIAS,-8.05488,-34.90837,3.7
444,2026-07-31T21:51:00-03:00,HEMACIAS,-8.05776,-34.92639,3.6
444,2026-07-31T21:56:00-03:00,HEMACIAS,-8.06184,-34.94372,3.7
444,2026-07-31T22:01:00-03:00,HEMACIAS,-8.06582,-34.95783,3.8
444,2026-07-31T22:06:00-03:00,HEMACIAS,-8.06963,-34.97390,3.6
444,2026-07-31T22:11:00-03:00,HEMACIAS,-8.07301,-34.98955,3.7
444,2026-07-31T22:16:00-03:00,HEMACIAS,-8.07622,-35.00569,3.3
444,2026-07-31T22:21:00-03:00,HEMACIAS,-8.07883,-35.02308,3.6
444,2026-07-31T22:26:00-03:00,HEMACIAS,-8.08217,-35.03891,3.7
444,2026-07-31T22:31:00-03:00,HEMACIAS,-8.08650,-35.05559,3.5
444,2026-07-31T22:36:00-03:00,HEMACIAS,-8.09039,-35.07151,3.8
444,2026-07-31T22:41:00-03:00,HEMACIAS,-8.09354,-35.08809,3.8
444,2026-07-31T22:46:00-03:00,HEMACIAS,-8.09693,-35.10385,3.3
444,2026-07-31T22:51:00-03:00,HEMACIAS,-8.10159,-35.12079,3.6
444,2026-07-31T22:56:00-03:00,HEMACIAS,-8.10345,-35.13784,3.0
444,2026-07-31T23:01:00-03:00,HEMACIAS,-8.10753,-35.15298,3.3
444,2026-07-31T23:06:00-03:00,HEMACIAS,-8.11079,-35.16840,3.6
444,2026-07-31T23:11:00-03:00,HEMACIAS,-8.11369,-35.18655,3.8
444,2026-07-31T23:16:00-03:00,HEMACIAS,-8.11672,-35.20122,4.2
444,2026-07-31T23:21:00-03:00,HEMACIAS,-8.12113,-35.21862,4.5
444,2026-07-31T23:26:00-03:00,HEMACIAS,-8.12599,-35.23340,5.0
444,2026-07-31T23:31:00-03:00,HEMACIAS,-8.12924,-35.25084,4.8
444,2026-07-31T23:36:00-03:00,HEMACIAS,-8.13072,-35.26605,4.4
444,2026-07-31T23:41:00-03:00,HEMACIAS,-8.13476,-35.28125,4.4
444,2026-07-31T23:46:00-03:00,HEMACIAS,-8.13767,-35.30005,3.8
444,2026-07-31T23:51:00-03:00,HEMACIAS,-8.14272,-35.31413,3.9
444,2026-07-31T23:56:00-03:00,HEMACIAS,-8.14677,-35.32967,4.1
444,2026-08-01T00:01:00-03:00,HEMACIAS,-8.15023,-35.34708,4.1
444,2026-08-01T00:06:00-03:00,HEMACIAS,-8.15349,-35.36337,4.2
444,2026-08-01T00:11:00-03:00,HEMACIAS,-8.15638,-35.38024,3.4
444,2026-08-01T00:16:00-03:00,HEMACIAS,-8.16042,-35.39540,3.3
444,2026-08-01T00:21:00-03:00,HEMACIAS,-8.16346,-35.41086,3.6
444,2026-08-01T00:26:00-03:00,HEMACIAS,-8.16838,-35.42965,3.7
444,2026-08-01T00:31:00-03:00,HEMACIAS,-8.17082,-35.44557,4.3
444,2026-08-01T00:36:00-03:00,HEMACIAS,-8.17366,-35.46001,3.8
444,2026-08-01T00:41:00-03:00,HEMACIAS,-8.17976,-35.47711,4.0
444,2026-08-01T00:46:00-03:00,HEMACIAS,-8.18152,-35.49350,3.8
444,2026-08-01T00:51:00-03:00,HEMACIAS,-8.18509,-35.50875,3.6
444,2026-08-01T00:56:00-03:00,HEMACIAS,-8.18812,-35.52615,4.2
444,2026-08-01T01:01:00-03:00,HEMACIAS,-8.19273,-35.54175,4.1
444,2026-08-01T01:06:00-03:00,HEMACIAS,-8.19679,-35.56028,3.9
444,2026-08-01T01:11:00-03:00,HEMACIAS,-8.20067,-35.57414,4.0
444,2026-08-01T01:16:00-03:00,HEMACIAS,-8.20311,-35.58871,3.9
444,2026-08-01T01:21:00-03:00,HEMACIAS,-8.20692,-35.60529,3.9
444,2026-08-01T01:26:00-03:00,HEMACIAS,-8.20916,-35.62238,4.3
444,2026-08-01T01:31:00-03:00,HEMACIAS,-8.21420,-35.63956,4.1
444,2026-08-01T01:36:00-03:00,HEMACIAS,-8.21744,-35.65460,4.4
444,2026-08-01T01:41:00-03:00,HEMACIAS,-8.21910,-35.67269,3.5
444,2026-08-01T01:46:00-03:00,HEMACIAS,-8.22406,-35.68665,3.2
444,2026-08-01T01:51:00-03:00,HEMACIAS,-8.22616,-35.70403,3.6
444,2026-08-01T01:56:00-03:00,HEMACIAS,-8.23030,-35.72039,3.3
444,2026-08-01T02:01:00-03:00,HEMACIAS,-8.23246,-35.73650,3.5
444,2026-08-01T02:06:00-03:00,HEMACIAS,-8.23743,-35.75188,3.5
444,2026-08-01T02:11:00-03:00,HEMACIAS,-8.24063,-35.76891,3.6
444,2026-08-01T02:16:00-03:00,HEMACIAS,-8.24540,-35.78522,3.6
444,2026-08-01T02:21:00-03:00,HEMACIAS,-8.24764,-35.80197,3.4
444,2026-08-01T02:26:00-03:00,HEMACIAS,-8.25223,-35.81720,2.9
444,2026-08-01T02:31:00-03:00,HEMACIAS,-8.25526,-35.83236,3.4
444,2026-08-01T02:36:00-03:00,HEMACIAS,-8.25975,-35.84950,3.9
444,2026-08-01T02:41:00-03:00,HEMACIAS,-8.26274,-35.86615,3.7
444,2026-08-01T02:46:00-03:00,HEMACIAS,-8.26630,-35.88261,3.3
444,2026-08-01T02:51:00-03:00,HEMACIAS,-8.26991,-35.89906,4.0
444,2026-08-01T02:56:00-03:00,HEMACIAS,-8.27296,-35.91510,3.0
444,2026-08-01T03:01:00-03:00,HEMACIAS,-8.27659,-35.93202,3.3
444,2026-08-01T03:06:00-03:00,HEMACIAS,-8.27970,-35.94625,3.3
444,2026-08-01T03:11:00-03:00,HEMACIAS,-8.28367,-35.96176,3.7
445,2026-07-31T20:26:00-03:00,HEMACIAS,-8.04733,-34.87705,3.9
445,2026-07-31T20:31:00-03:00,HEMACIAS,-8.05955,-34.90283,4.2
445,2026-07-31T20:36:00-03:00,HEMACIAS,-8.07265,-34.92991,4.7
445,2026-07-31T20:41:00-03:00,HEMACIAS,-8.08621,-34.95686,4.6
445,2026-07-31T20:46:00-03:00,HEMACIAS,-8.09775,-34.98137,4.2
445,2026-07-31T20:51:00-03:00,HEMACIAS,-8.11059,-35.00980,4.5
446,2026-07-31T21:41:00-03:00,HEMACIAS,-8.04756,-34.87654,3.5
446,2026-07-31T21:46:00-03:00,HEMACIAS,-8.04460,-34.88798,3.6
446,2026-07-31T21:51:00-03:00,HEMACIAS,-8.04077,-34.90218,3.7
446,2026-07-31T21:56:00-03:00,HEMACIAS,-8.03945,-34.91454,4.0
446,2026-07-31T22:01:00-03:00,HEMACIAS,-8.03560,-34.92637,4.6
446,2026-07-31T22:06:00-03:00,HEMACIAS,-8.03234,-34.93935,4.4
446,2026-07-31T22:11:00-03:00,HEMACIAS,-8.03057,-34.95058,4.5
446,2026-07-31T22:16:00-03:00,HEMACIAS,-8.02815,-34.96333,4.6
446,2026-07-31T22:21:00-03:00,HEMACIAS,-8.02304,-34.97505,4.6
447,2026-07-31T21:07:00-03:00,PLASMA,-8.04765,-34.87602,-29.8
447,2026-07-31T21:12:00-03:00,PLASMA,-8.03580,-34.87761,-30.3
447,2026-07-31T21:17:00-03:00,PLASMA,-8.02060,-34.87630,-30.6
447,2026-07-31T21:22:00-03:00,PLASMA,-8.00996,-34.87627,-30.7
447,2026-07-31T21:27:00-03:00,PLASMA,-7.99618,-34.87542,-30.0
447,2026-07-31T21:32:00-03:00,PLASMA,-7.98375,-34.87555,-29.5
447,2026-07-31T21:37:00-03:00,PLASMA,-7.97112,-34.87595,-31.4
447,2026-07-31T21:42:00-03:00,PLASMA,-7.95890,-34.87365,-30.6
447,2026-07-31T21:47:00-03:00,PLASMA,-7.94571,-34.87290,-31.6
448,2026-08-01T02:50:00-03:00,HEMACIAS,-8.04661,-34.87628,4.5
448,2026-08-01T02:55:00-03:00,HEMACIAS,-8.04293,-34.87731,3.6
448,2026-08-01T03:00:00-03:00,HEMACIAS,-8.03750,-34.87615,3.9
448,2026-08-01T03:05:00-03:00,HEMACIAS,-8.03064,-34.87490,3.8
448,2026-08-01T03:10:00-03:00,HEMACIAS,-8.02799,-34.87676,3.5
448,2026-08-01T03:15:00-03:00,HEMACIAS,-8.02404,-34.87575,4.1
448,2026-08-01T03:20:00-03:00,HEMACIAS,-8.01863,-34.87497,3.3
448,2026-08-01T03:25:00-03:00,HEMACIAS,-8.01378,-34.87491,2.9
448,2026-08-01T03:30:00-03:00,HEMACIAS,-8.00909,-34.87509,3.6
448,2026-08-01T03:35:00-03:00,HEMACIAS,-8.00480,-34.87453,3.5
448,2026-08-01T03:40:00-03:00,HEMACIAS,-8.00071,-34.87529,3.1
448,2026-08-01T03:45:00-03:00,HEMACIAS,-7.99521,-34.87447,3.5
448,2026-08-01T03:50:00-03:00,HEMACIAS,-7.99100,-34.87507,2.6
448,2026-08-01T03:55:00-03:00,HEMACIAS,-7.98510,-34.87432,2.2
448,2026-08-01T04:00:00-03:00,HEMACIAS,-7.98278,-34.87482,3.3
448,2026-08-01T04:05:00-03:00,HEMACIAS,-7.97628,-34.87417,2.8
448,2026-08-01T04:10:00-03:00,HEMACIAS,-7.97305,-34.87351,3.2
448,2026-08-01T04:15:00-03:00,HEMACIAS,-7.96785,-34.87386,3.4
448,2026-08-01T04:20:00-03:00,HEMACIAS,-7.96230,-34.87365,3.6
448,2026-08-01T04:25:00-03:00,HEMACIAS,-7.95877,-34.87317,4.2
448,2026-08-01T04:30:00-03:00,HEMACIAS,-7.95207,-34.87295,3.6
448,2026-08-01T04:35:00-03:00,HEMACIAS,-7.94824,-34.87318,3.7
448,2026-08-01T04:40:00-03:00,HEMACIAS,-7.94387,-34.87229,3.4
449,2026-08-01T12:56:00-03:00,HEMACIAS,-8.04604,-34.87660,3.2
449,2026-08-01T13:01:00-03:00,HEMACIAS,-8.05336,-34.88319,2.8
449,2026-08-01T13:06:00-03:00,HEMACIAS,-8.05863,-34.89266,3.2
449,2026-08-01T13:11:00-03:00,HEMACIAS,-8.06342,-34.89904,3.6
450,2026-08-01T19:51:00-03:00,HEMACIAS,-8.04752,-34.87725,4.5
450,2026-08-01T19:56:00-03:00,HEMACIAS,-8.05184,-34.88419,4.5
450,2026-08-01T20:01:00-03:00,HEMACIAS,-8.05837,-34.89174,4.7
450,2026-08-01T20:06:00-03:00,HEMACIAS,-8.06355,-34.89928,4.4
451,2026-08-01T14:35:00-03:00,PLASMA,-8.04689,-34.87664,-28.8
451,2026-08-01T14:40:00-03:00,PLASMA,-8.05027,-34.87955,-28.0
451,2026-08-01T14:45:00-03:00,PLASMA,-8.05218,-34.88446,-27.3
452,2026-08-01T14:48:00-03:00,HEMACIAS,-8.27550,-35.98184,4.4
452,2026-08-01T14:53:00-03:00,HEMACIAS,-8.27293,-35.95878,4.2
452,2026-08-01T14:58:00-03:00,HEMACIAS,-8.26853,-35.93701,3.9
452,2026-08-01T15:03:00-03:00,HEMACIAS,-8.26508,-35.91244,3.6
452,2026-08-01T15:08:00-03:00,HEMACIAS,-8.25822,-35.88871,3.4
452,2026-08-01T15:13:00-03:00,HEMACIAS,-8.25459,-35.86628,3.6
452,2026-08-01T15:18:00-03:00,HEMACIAS,-8.25140,-35.84285,3.5
452,2026-08-01T15:23:00-03:00,HEMACIAS,-8.24638,-35.81957,3.4
452,2026-08-01T15:28:00-03:00,HEMACIAS,-8.24387,-35.79683,3.2
452,2026-08-01T15:33:00-03:00,HEMACIAS,-8.23892,-35.77314,3.2
452,2026-08-01T15:38:00-03:00,HEMACIAS,-8.23391,-35.74993,2.6
452,2026-08-01T15:43:00-03:00,HEMACIAS,-8.22955,-35.72628,2.8
452,2026-08-01T15:48:00-03:00,HEMACIAS,-8.22669,-35.70487,3.5
452,2026-08-01T15:53:00-03:00,HEMACIAS,-8.22137,-35.68185,4.0
452,2026-08-01T15:58:00-03:00,HEMACIAS,-8.21725,-35.65683,4.2
452,2026-08-01T16:03:00-03:00,HEMACIAS,-8.21215,-35.63417,4.3
452,2026-08-01T16:08:00-03:00,HEMACIAS,-8.21072,-35.61080,4.6
452,2026-08-01T16:13:00-03:00,HEMACIAS,-8.20573,-35.58885,5.0
452,2026-08-01T16:18:00-03:00,HEMACIAS,-8.20203,-35.56490,4.1
454,2026-08-01T21:38:00-03:00,PLAQUETAS,-8.04805,-34.87660,21.6
454,2026-08-01T21:43:00-03:00,PLAQUETAS,-8.05302,-34.88574,21.6
454,2026-08-01T21:48:00-03:00,PLAQUETAS,-8.05928,-34.89282,22.0
455,2026-08-01T22:32:00-03:00,CRIOPRECIPITADO,-8.27580,-35.98121,-28.6
455,2026-08-01T22:37:00-03:00,CRIOPRECIPITADO,-8.27322,-35.96325,-28.6
455,2026-08-01T22:42:00-03:00,CRIOPRECIPITADO,-8.26779,-35.94423,-27.5
455,2026-08-01T22:47:00-03:00,CRIOPRECIPITADO,-8.26624,-35.92638,-28.9
455,2026-08-01T22:52:00-03:00,CRIOPRECIPITADO,-8.26205,-35.90741,-30.0
455,2026-08-01T22:57:00-03:00,CRIOPRECIPITADO,-8.26089,-35.89063,-28.6
455,2026-08-01T23:02:00-03:00,CRIOPRECIPITADO,-8.25649,-35.87137,-29.6
455,2026-08-01T23:07:00-03:00,CRIOPRECIPITADO,-8.25184,-35.85310,-30.1
455,2026-08-01T23:12:00-03:00,CRIOPRECIPITADO,-8.24953,-35.83467,-29.3
455,2026-08-01T23:17:00-03:00,CRIOPRECIPITADO,-8.24711,-35.81455,-28.5
455,2026-08-01T23:22:00-03:00,CRIOPRECIPITADO,-8.24207,-35.79754,-29.7
455,2026-08-01T23:27:00-03:00,CRIOPRECIPITADO,-8.23916,-35.77758,-29.2
455,2026-08-01T23:32:00-03:00,CRIOPRECIPITADO,-8.23588,-35.76115,-29.3
455,2026-08-01T23:37:00-03:00,CRIOPRECIPITADO,-8.23174,-35.74140,-30.5
455,2026-08-01T23:42:00-03:00,CRIOPRECIPITADO,-8.22972,-35.72453,-29.9
455,2026-08-01T23:47:00-03:00,CRIOPRECIPITADO,-8.22660,-35.70529,-30.3
455,2026-08-01T23:52:00-03:00,CRIOPRECIPITADO,-8.22265,-35.68738,-30.7
455,2026-08-01T23:57:00-03:00,CRIOPRECIPITADO,-8.21981,-35.66952,-29.7
455,2026-08-02T00:02:00-03:00,CRIOPRECIPITADO,-8.21678,-35.65046,-29.1
455,2026-08-02T00:07:00-03:00,CRIOPRECIPITADO,-8.21411,-35.63143,-28.9
455,2026-08-02T00:12:00-03:00,CRIOPRECIPITADO,-8.21067,-35.61247,-28.6
455,2026-08-02T00:17:00-03:00,CRIOPRECIPITADO,-8.20738,-35.59347,-30.1
455,2026-08-02T00:22:00-03:00,CRIOPRECIPITADO,-8.20290,-35.57637,-27.8
456,2026-08-02T10:51:00-03:00,PLAQUETAS,-8.27550,-35.98410,22.1
456,2026-08-02T10:56:00-03:00,PLAQUETAS,-8.27964,-35.97700,22.1
456,2026-08-02T11:01:00-03:00,PLAQUETAS,-8.28238,-35.97118,22.6
457,2026-08-02T05:17:00-03:00,HEMACIAS,-8.27604,-35.98169,4.2
457,2026-08-02T05:22:00-03:00,HEMACIAS,-8.27332,-35.96287,3.7
457,2026-08-02T05:27:00-03:00,HEMACIAS,-8.26945,-35.94256,3.8
457,2026-08-02T05:32:00-03:00,HEMACIAS,-8.26491,-35.92460,4.2
457,2026-08-02T05:37:00-03:00,HEMACIAS,-8.26208,-35.90382,3.8
457,2026-08-02T05:42:00-03:00,HEMACIAS,-8.25987,-35.88564,3.6
457,2026-08-02T05:47:00-03:00,HEMACIAS,-8.25417,-35.86728,3.5
457,2026-08-02T05:52:00-03:00,HEMACIAS,-8.25272,-35.84832,3.8
457,2026-08-02T05:57:00-03:00,HEMACIAS,-8.24746,-35.82798,3.7
457,2026-08-02T06:02:00-03:00,HEMACIAS,-8.24395,-35.80966,3.8
457,2026-08-02T06:07:00-03:00,HEMACIAS,-8.24099,-35.78983,4.1
457,2026-08-02T06:12:00-03:00,HEMACIAS,-8.23904,-35.77182,3.6
457,2026-08-02T06:17:00-03:00,HEMACIAS,-8.23455,-35.75291,3.9
457,2026-08-02T06:22:00-03:00,HEMACIAS,-8.23340,-35.73310,3.3
457,2026-08-02T06:27:00-03:00,HEMACIAS,-8.22877,-35.71370,3.2
457,2026-08-02T06:32:00-03:00,HEMACIAS,-8.22635,-35.69554,4.2
457,2026-08-02T06:37:00-03:00,HEMACIAS,-8.22129,-35.67584,4.1
457,2026-08-02T06:42:00-03:00,HEMACIAS,-8.21782,-35.65547,4.0
457,2026-08-02T06:47:00-03:00,HEMACIAS,-8.21505,-35.63713,4.0
457,2026-08-02T06:52:00-03:00,HEMACIAS,-8.20979,-35.61757,3.9
457,2026-08-02T06:57:00-03:00,HEMACIAS,-8.20696,-35.59965,3.8
457,2026-08-02T07:02:00-03:00,HEMACIAS,-8.20495,-35.57882,4.5
458,2026-08-02T14:05:00-03:00,CRIOPRECIPITADO,-8.04663,-34.87812,-28.9
458,2026-08-02T14:10:00-03:00,CRIOPRECIPITADO,-8.05093,-34.88152,-29.8
458,2026-08-02T14:15:00-03:00,CRIOPRECIPITADO,-8.05629,-34.88989,-30.4
458,2026-08-02T14:20:00-03:00,CRIOPRECIPITADO,-8.05878,-34.89331,-30.9
458,2026-08-02T14:25:00-03:00,CRIOPRECIPITADO,-8.06428,-34.90076,-32.0
459,2026-08-02T09:05:00-03:00,HEMACIAS,-8.27625,-35.98129,4.0
459,2026-08-02T09:10:00-03:00,HEMACIAS,-8.28182,-35.97633,3.8
461,2026-08-02T12:21:00-03:00,PLAQUETAS,-8.04735,-34.87725,22.1
461,2026-08-02T12:26:00-03:00,PLAQUETAS,-8.02949,-34.87691,22.9
461,2026-08-02T12:31:00-03:00,PLAQUETAS,-8.01158,-34.87527,23.0
461,2026-08-02T12:36:00-03:00,PLAQUETAS,-7.99381,-34.87416,22.7
461,2026-08-02T12:41:00-03:00,PLAQUETAS,-7.97599,-34.87332,22.5
461,2026-08-02T12:46:00-03:00,PLAQUETAS,-7.95729,-34.87482,22.4
461,2026-08-02T12:51:00-03:00,PLAQUETAS,-7.94140,-34.87221,21.9
462,2026-08-02T12:17:00-03:00,PLAQUETAS,-8.04838,-34.87692,21.6
462,2026-08-02T12:22:00-03:00,PLAQUETAS,-8.05294,-34.88516,22.0
462,2026-08-02T12:27:00-03:00,PLAQUETAS,-8.06097,-34.89599,22.5
463,2026-08-02T22:52:00-03:00,HEMACIAS,-8.04731,-34.87764,4.0
463,2026-08-02T22:57:00-03:00,HEMACIAS,-8.05581,-34.89271,3.7
463,2026-08-02T23:02:00-03:00,HEMACIAS,-8.06263,-34.90946,4.1
463,2026-08-02T23:07:00-03:00,HEMACIAS,-8.07116,-34.92482,4.0
463,2026-08-02T23:12:00-03:00,HEMACIAS,-8.07749,-34.94120,4.0
463,2026-08-02T23:17:00-03:00,HEMACIAS,-8.08490,-34.95729,3.4
463,2026-08-02T23:22:00-03:00,HEMACIAS,-8.09512,-34.97436,3.2
463,2026-08-02T23:27:00-03:00,HEMACIAS,-8.09823,-34.98929,3.5
463,2026-08-02T23:32:00-03:00,HEMACIAS,-8.10765,-35.00584,4.7
465,2026-08-02T16:39:00-03:00,HEMACIAS,-8.04909,-34.87588,4.5
465,2026-08-02T16:44:00-03:00,HEMACIAS,-8.05268,-34.88366,4.9
465,2026-08-02T16:49:00-03:00,HEMACIAS,-8.05588,-34.88842,5.1
465,2026-08-02T16:54:00-03:00,HEMACIAS,-8.05933,-34.89567,5.0
466,2026-08-02T16:29:00-03:00,HEMACIAS,-8.04834,-34.87750,3.5
466,2026-08-02T16:34:00-03:00,HEMACIAS,-8.05087,-34.87914,3.9
466,2026-08-02T16:39:00-03:00,HEMACIAS,-8.05126,-34.88359,3.9
466,2026-08-02T16:44:00-03:00,HEMACIAS,-8.05353,-34.88485,3.2
467,2026-08-03T11:31:00-03:00,HEMACIAS,-8.27704,-35.98096,3.4
467,2026-08-03T11:36:00-03:00,HEMACIAS,-8.28109,-35.97691,9.3
467,2026-08-03T11:41:00-03:00,HEMACIAS,-8.28448,-35.97255,9.8
468,2026-08-03T13:36:00-03:00,HEMACIAS,-8.04887,-34.87649,3.6
468,2026-08-03T13:41:00-03:00,HEMACIAS,-8.05242,-34.88437,3.4
468,2026-08-03T13:46:00-03:00,HEMACIAS,-8.05809,-34.89140,3.3
468,2026-08-03T13:51:00-03:00,HEMACIAS,-8.06398,-34.89971,4.4
469,2026-08-03T09:54:00-03:00,HEMACIAS,-8.04714,-34.87683,4.1
469,2026-08-03T09:59:00-03:00,HEMACIAS,-8.04969,-34.87997,4.0
469,2026-08-03T10:04:00-03:00,HEMACIAS,-8.05376,-34.88433,4.2
470,2026-08-03T11:43:00-03:00,CRIOPRECIPITADO,-8.04775,-34.87657,-30.3
470,2026-08-03T11:48:00-03:00,CRIOPRECIPITADO,-8.05096,-34.88483,-30.1
470,2026-08-03T11:53:00-03:00,CRIOPRECIPITADO,-8.05843,-34.89050,-30.5
470,2026-08-03T11:58:00-03:00,CRIOPRECIPITADO,-8.06285,-34.89848,-30.4
471,2026-08-03T10:44:00-03:00,PLASMA,-8.04678,-34.87753,-28.6
471,2026-08-03T10:49:00-03:00,PLASMA,-8.03945,-34.87315,-27.6
471,2026-08-03T10:54:00-03:00,PLASMA,-8.02983,-34.86737,-31.0
471,2026-08-03T10:59:00-03:00,PLASMA,-8.02106,-34.86168,-30.2
471,2026-08-03T11:04:00-03:00,PLASMA,-8.01032,-34.85635,-28.6
472,2026-08-03T15:33:00-03:00,HEMACIAS,-8.04743,-34.87622,4.2
472,2026-08-03T15:38:00-03:00,HEMACIAS,-8.04375,-34.87788,3.9
472,2026-08-03T15:43:00-03:00,HEMACIAS,-8.03899,-34.87694,3.5
472,2026-08-03T15:48:00-03:00,HEMACIAS,-8.03538,-34.87567,3.0
472,2026-08-03T15:53:00-03:00,HEMACIAS,-8.03121,-34.87738,3.5
472,2026-08-03T15:58:00-03:00,HEMACIAS,-8.02604,-34.87693,3.7
472,2026-08-03T16:03:00-03:00,HEMACIAS,-8.02376,-34.87478,3.5
472,2026-08-03T16:08:00-03:00,HEMACIAS,-8.01970,-34.87491,3.9
472,2026-08-03T16:13:00-03:00,HEMACIAS,-8.01521,-34.87576,3.8
472,2026-08-03T16:18:00-03:00,HEMACIAS,-8.00901,-34.87566,4.3
472,2026-08-03T16:23:00-03:00,HEMACIAS,-8.00660,-34.87473,4.1
472,2026-08-03T16:28:00-03:00,HEMACIAS,-8.00262,-34.87706,4.1
472,2026-08-03T16:33:00-03:00,HEMACIAS,-7.99853,-34.87598,3.9
472,2026-08-03T16:38:00-03:00,HEMACIAS,-7.99434,-34.87490,4.1
472,2026-08-03T16:43:00-03:00,HEMACIAS,-7.98852,-34.87621,4.0
472,2026-08-03T16:48:00-03:00,HEMACIAS,-7.98601,-34.87351,4.2
472,2026-08-03T16:53:00-03:00,HEMACIAS,-7.97919,-34.87385,3.9
472,2026-08-03T16:58:00-03:00,HEMACIAS,-7.97703,-34.87369,4.1
472,2026-08-03T17:03:00-03:00,HEMACIAS,-7.97265,-34.87361,4.5
472,2026-08-03T17:08:00-03:00,HEMACIAS,-7.96990,-34.87400,3.6
472,2026-08-03T17:13:00-03:00,HEMACIAS,-7.96452,-34.87330,4.0
472,2026-08-03T17:18:00-03:00,HEMACIAS,-7.96072,-34.87303,3.4
472,2026-08-03T17:23:00-03:00,HEMACIAS,-7.95671,-34.87201,4.1
472,2026-08-03T17:28:00-03:00,HEMACIAS,-7.95231,-34.87412,3.7
472,2026-08-03T17:33:00-03:00,HEMACIAS,-7.94830,-34.87478,3.6
472,2026-08-03T17:38:00-03:00,HEMACIAS,-7.94439,-34.87437,3.7
472,2026-08-03T17:43:00-03:00,HEMACIAS,-7.94145,-34.87466,3.8
473,2026-08-03T19:38:00-03:00,PLAQUETAS,-8.27587,-35.98227,21.8
473,2026-08-03T19:43:00-03:00,PLAQUETAS,-8.27918,-35.97698,21.6
473,2026-08-03T19:48:00-03:00,PLAQUETAS,-8.28309,-35.97217,21.5
474,2026-08-03T11:06:00-03:00,PLASMA,-8.04678,-34.87732,-30.5
474,2026-08-03T11:11:00-03:00,PLASMA,-8.05173,-34.88440,-29.9
474,2026-08-03T11:16:00-03:00,PLASMA,-8.05642,-34.89058,-30.9
474,2026-08-03T11:21:00-03:00,PLASMA,-8.06218,-34.89811,-31.5
475,2026-08-03T15:00:00-03:00,PLAQUETAS,-8.04723,-34.87784,21.4
475,2026-08-03T15:05:00-03:00,PLAQUETAS,-8.05667,-34.88428,21.8
475,2026-08-03T15:10:00-03:00,PLAQUETAS,-8.05815,-34.89330,21.0
476,2026-08-03T14:24:00-03:00,PLAQUETAS,-8.04687,-34.87687,22.4
476,2026-08-03T14:29:00-03:00,PLAQUETAS,-8.03606,-34.86949,22.2
476,2026-08-03T14:34:00-03:00,PLAQUETAS,-8.02048,-34.86264,22.3
476,2026-08-03T14:39:00-03:00,PLAQUETAS,-8.00912,-34.85457,22.0
477,2026-08-03T14:41:00-03:00,HEMACIAS,-8.27678,-35.98106,4.4
477,2026-08-03T14:46:00-03:00,HEMACIAS,-8.27276,-35.95967,4.1
477,2026-08-03T14:51:00-03:00,HEMACIAS,-8.26577,-35.93898,3.8
477,2026-08-03T14:56:00-03:00,HEMACIAS,-8.26260,-35.91641,3.6
477,2026-08-03T15:01:00-03:00,HEMACIAS,-8.25908,-35.89505,4.2
477,2026-08-03T15:06:00-03:00,HEMACIAS,-8.25550,-35.87183,4.0
477,2026-08-03T15:11:00-03:00,HEMACIAS,-8.25116,-35.85126,3.8
477,2026-08-03T15:16:00-03:00,HEMACIAS,-8.24618,-35.82862,3.4
477,2026-08-03T15:21:00-03:00,HEMACIAS,-8.24363,-35.80680,3.1
477,2026-08-03T15:26:00-03:00,HEMACIAS,-8.23735,-35.78561,3.2
477,2026-08-03T15:31:00-03:00,HEMACIAS,-8.23410,-35.76182,3.1
477,2026-08-03T15:36:00-03:00,HEMACIAS,-8.22845,-35.74132,3.2
477,2026-08-03T15:41:00-03:00,HEMACIAS,-8.22345,-35.71882,3.7
477,2026-08-03T15:46:00-03:00,HEMACIAS,-8.21995,-35.69856,3.3
477,2026-08-03T15:51:00-03:00,HEMACIAS,-8.21549,-35.67714,3.7
477,2026-08-03T15:56:00-03:00,HEMACIAS,-8.21031,-35.65351,3.6
477,2026-08-03T16:01:00-03:00,HEMACIAS,-8.20727,-35.63222,3.8
477,2026-08-03T16:06:00-03:00,HEMACIAS,-8.20302,-35.61065,3.6
477,2026-08-03T16:11:00-03:00,HEMACIAS,-8.19802,-35.59027,4.1
477,2026-08-03T16:16:00-03:00,HEMACIAS,-8.19613,-35.56668,4.3
477,2026-08-03T16:21:00-03:00,HEMACIAS,-8.18890,-35.54432,4.3
477,2026-08-03T16:26:00-03:00,HEMACIAS,-8.18576,-35.52326,4.0
477,2026-08-03T16:31:00-03:00,HEMACIAS,-8.18223,-35.50067,3.6
477,2026-08-03T16:36:00-03:00,HEMACIAS,-8.17690,-35.48069,4.3
477,2026-08-03T16:41:00-03:00,HEMACIAS,-8.17265,-35.45650,4.2
477,2026-08-03T16:46:00-03:00,HEMACIAS,-8.16796,-35.43549,4.8
477,2026-08-03T16:51:00-03:00,HEMACIAS,-8.16380,-35.41359,4.9
477,2026-08-03T16:56:00-03:00,HEMACIAS,-8.16060,-35.39338,5.0
477,2026-08-03T17:01:00-03:00,HEMACIAS,-8.15476,-35.37066,4.7
477,2026-08-03T17:06:00-03:00,HEMACIAS,-8.15176,-35.34974,4.4
477,2026-08-03T17:11:00-03:00,HEMACIAS,-8.14734,-35.32760,4.7
477,2026-08-03T17:16:00-03:00,HEMACIAS,-8.14224,-35.30483,5.1
477,2026-08-03T17:21:00-03:00,HEMACIAS,-8.13885,-35.28347,4.4
477,2026-08-03T17:26:00-03:00,HEMACIAS,-8.13503,-35.26318,4.1
477,2026-08-03T17:31:00-03:00,HEMACIAS,-8.13066,-35.23893,3.5
477,2026-08-03T17:36:00-03:00,HEMACIAS,-8.12591,-35.21880,3.7
477,2026-08-03T17:41:00-03:00,HEMACIAS,-8.12163,-35.19527,4.4
477,2026-08-03T17:46:00-03:00,HEMACIAS,-8.11788,-35.17404,3.6
477,2026-08-03T17:51:00-03:00,HEMACIAS,-8.11234,-35.15247,3.5
477,2026-08-03T17:56:00-03:00,HEMACIAS,-8.10884,-35.13102,3.6
477,2026-08-03T18:01:00-03:00,HEMACIAS,-8.10544,-35.10814,4.0
477,2026-08-03T18:06:00-03:00,HEMACIAS,-8.09858,-35.08541,3.9
477,2026-08-03T18:11:00-03:00,HEMACIAS,-8.09510,-35.06446,4.3
477,2026-08-03T18:16:00-03:00,HEMACIAS,-8.09190,-35.04409,4.2
477,2026-08-03T18:21:00-03:00,HEMACIAS,-8.08644,-35.02189,4.2
477,2026-08-03T18:26:00-03:00,HEMACIAS,-8.08284,-34.99849,3.3
477,2026-08-03T18:31:00-03:00,HEMACIAS,-8.07900,-34.97922,3.8
477,2026-08-03T18:36:00-03:00,HEMACIAS,-8.07532,-34.95527,4.3
477,2026-08-03T18:41:00-03:00,HEMACIAS,-8.07052,-34.93518,4.9
477,2026-08-03T18:46:00-03:00,HEMACIAS,-8.06590,-34.91242,4.5
478,2026-08-03T21:37:00-03:00,HEMACIAS,-8.04679,-34.87710,3.4
478,2026-08-03T21:42:00-03:00,HEMACIAS,-8.02347,-34.87401,3.6
478,2026-08-03T21:47:00-03:00,HEMACIAS,-8.00023,-34.87450,3.1
478,2026-08-03T21:52:00-03:00,HEMACIAS,-7.97696,-34.87316,3.3
478,2026-08-03T21:57:00-03:00,HEMACIAS,-7.95447,-34.87286,3.3
479,2026-08-03T17:29:00-03:00,HEMACIAS,-8.27671,-35.98146,3.9
479,2026-08-03T17:34:00-03:00,HEMACIAS,-8.28003,-35.97645,3.7
479,2026-08-03T17:39:00-03:00,HEMACIAS,-8.28246,-35.97192,3.6
480,2026-08-04T00:52:00-03:00,HEMACIAS,-8.04755,-34.87646,4.3
480,2026-08-04T00:57:00-03:00,HEMACIAS,-8.05031,-34.88086,4.1
480,2026-08-04T01:02:00-03:00,HEMACIAS,-8.05315,-34.88442,4.0
482,2026-08-03T19:40:00-03:00,CRIOPRECIPITADO,-8.04820,-34.87664,-29.0
482,2026-08-03T19:45:00-03:00,CRIOPRECIPITADO,-8.05167,-34.88279,-28.8
482,2026-08-03T19:50:00-03:00,CRIOPRECIPITADO,-8.05499,-34.88770,-28.1
482,2026-08-03T19:55:00-03:00,CRIOPRECIPITADO,-8.05933,-34.89243,-27.6
482,2026-08-03T20:00:00-03:00,CRIOPRECIPITADO,-8.06000,-34.89866,-28.6
483,2026-08-04T03:38:00-03:00,HEMACIAS,-8.04759,-34.87690,4.3
483,2026-08-04T03:43:00-03:00,HEMACIAS,-8.05423,-34.88609,3.7
483,2026-08-04T03:48:00-03:00,HEMACIAS,-8.06066,-34.89346,3.7
484,2026-08-03T22:47:00-03:00,HEMACIAS,-8.27732,-35.98338,3.9
484,2026-08-03T22:52:00-03:00,HEMACIAS,-8.27319,-35.96138,3.4
484,2026-08-03T22:57:00-03:00,HEMACIAS,-8.26799,-35.93912,3.9
484,2026-08-03T23:02:00-03:00,HEMACIAS,-8.26375,-35.91819,3.4
484,2026-08-03T23:07:00-03:00,HEMACIAS,-8.26047,-35.89779,4.3
484,2026-08-03T23:12:00-03:00,HEMACIAS,-8.25603,-35.87547,4.0
484,2026-08-03T23:17:00-03:00,HEMACIAS,-8.25165,-35.85363,3.5
484,2026-08-03T23:22:00-03:00,HEMACIAS,-8.24978,-35.83297,3.1
484,2026-08-03T23:27:00-03:00,HEMACIAS,-8.24394,-35.81084,3.3
484,2026-08-03T23:32:00-03:00,HEMACIAS,-8.24228,-35.79018,3.6
484,2026-08-03T23:37:00-03:00,HEMACIAS,-8.23774,-35.76840,3.3
484,2026-08-03T23:42:00-03:00,HEMACIAS,-8.23479,-35.74705,3.3
484,2026-08-03T23:47:00-03:00,HEMACIAS,-8.23009,-35.72766,4.0
484,2026-08-03T23:52:00-03:00,HEMACIAS,-8.22590,-35.70495,4.1
484,2026-08-03T23:57:00-03:00,HEMACIAS,-8.22326,-35.68274,3.8
484,2026-08-04T00:02:00-03:00,HEMACIAS,-8.21899,-35.66336,4.3
484,2026-08-04T00:07:00-03:00,HEMACIAS,-8.21478,-35.64122,4.7
484,2026-08-04T00:12:00-03:00,HEMACIAS,-8.21138,-35.62024,4.5
484,2026-08-04T00:17:00-03:00,HEMACIAS,-8.20782,-35.59941,4.5
484,2026-08-04T00:22:00-03:00,HEMACIAS,-8.20427,-35.57881,3.9
485,2026-08-03T23:05:00-03:00,HEMACIAS,-8.04718,-34.87734,3.9
485,2026-08-03T23:10:00-03:00,HEMACIAS,-8.04880,-34.87967,4.3
485,2026-08-03T23:15:00-03:00,HEMACIAS,-8.05235,-34.88458,4.2
486,2026-08-04T10:34:00-03:00,HEMACIAS,-8.04771,-34.87765,4.5
486,2026-08-04T10:39:00-03:00,HEMACIAS,-8.05353,-34.89246,4.1
486,2026-08-04T10:44:00-03:00,HEMACIAS,-8.06175,-34.90791,4.2
486,2026-08-04T10:49:00-03:00,HEMACIAS,-8.06788,-34.92191,3.9
486,2026-08-04T10:54:00-03:00,HEMACIAS,-8.07595,-34.93881,3.4
486,2026-08-04T10:59:00-03:00,HEMACIAS,-8.08207,-34.95378,4.1
486,2026-08-04T11:04:00-03:00,HEMACIAS,-8.09116,-34.96780,3.8
486,2026-08-04T11:09:00-03:00,HEMACIAS,-8.09807,-34.98422,4.5
486,2026-08-04T11:14:00-03:00,HEMACIAS,-8.10519,-34.99797,4.4
486,2026-08-04T11:19:00-03:00,HEMACIAS,-8.11293,-35.01485,3.7
487,2026-08-03T23:30:00-03:00,HEMACIAS,-8.04757,-34.87827,3.6
487,2026-08-03T23:35:00-03:00,HEMACIAS,-8.05045,-34.88072,3.7
487,2026-08-03T23:40:00-03:00,HEMACIAS,-8.05366,-34.88567,3.4
488,2026-08-04T09:20:00-03:00,CRIOPRECIPITADO,-8.04785,-34.87538,-29.4
488,2026-08-04T09:25:00-03:00,CRIOPRECIPITADO,-8.04963,-34.87999,-30.4
488,2026-08-04T09:30:00-03:00,CRIOPRECIPITADO,-8.05303,-34.88185,-29.8
489,2026-08-04T02:10:00-03:00,HEMACIAS,-8.27666,-35.98185,4.0
489,2026-08-04T02:15:00-03:00,HEMACIAS,-8.26984,-35.96407,3.5
489,2026-08-04T02:20:00-03:00,HEMACIAS,-8.26696,-35.94789,3.6
489,2026-08-04T02:25:00-03:00,HEMACIAS,-8.25969,-35.93063,3.9
489,2026-08-04T02:30:00-03:00,HEMACIAS,-8.25573,-35.91493,3.8
489,2026-08-04T02:35:00-03:00,HEMACIAS,-8.25139,-35.89598,4.7
489,2026-08-04T02:40:00-03:00,HEMACIAS,-8.24548,-35.87865,4.0
489,2026-08-04T02:45:00-03:00,HEMACIAS,-8.23934,-35.86242,4.2
489,2026-08-04T02:50:00-03:00,HEMACIAS,-8.23414,-35.84696,3.7
489,2026-08-04T02:55:00-03:00,HEMACIAS,-8.22858,-35.82856,3.8
489,2026-08-04T03:00:00-03:00,HEMACIAS,-8.22497,-35.81331,3.5
489,2026-08-04T03:05:00-03:00,HEMACIAS,-8.21903,-35.79457,3.6
489,2026-08-04T03:10:00-03:00,HEMACIAS,-8.21430,-35.77862,3.7
489,2026-08-04T03:15:00-03:00,HEMACIAS,-8.20913,-35.75961,4.1
489,2026-08-04T03:20:00-03:00,HEMACIAS,-8.20388,-35.74328,4.8
489,2026-08-04T03:25:00-03:00,HEMACIAS,-8.19856,-35.72601,4.7
489,2026-08-04T03:30:00-03:00,HEMACIAS,-8.19489,-35.71043,4.6
489,2026-08-04T03:35:00-03:00,HEMACIAS,-8.18766,-35.69386,4.0
489,2026-08-04T03:40:00-03:00,HEMACIAS,-8.18342,-35.67482,4.2
489,2026-08-04T03:45:00-03:00,HEMACIAS,-8.18003,-35.66079,4.3
489,2026-08-04T03:50:00-03:00,HEMACIAS,-8.17433,-35.64225,4.2
489,2026-08-04T03:55:00-03:00,HEMACIAS,-8.16752,-35.62457,3.4
489,2026-08-04T04:00:00-03:00,HEMACIAS,-8.16283,-35.60702,3.6
489,2026-08-04T04:05:00-03:00,HEMACIAS,-8.15861,-35.59061,3.6
489,2026-08-04T04:10:00-03:00,HEMACIAS,-8.15392,-35.57245,4.4
489,2026-08-04T04:15:00-03:00,HEMACIAS,-8.14805,-35.55713,4.7
489,2026-08-04T04:20:00-03:00,HEMACIAS,-8.14161,-35.53934,4.5
489,2026-08-04T04:25:00-03:00,HEMACIAS,-8.13804,-35.52306,5.0
489,2026-08-04T04:30:00-03:00,HEMACIAS,-8.13254,-35.50606,4.6
489,2026-08-04T04:35:00-03:00,HEMACIAS,-8.12768,-35.48780,4.9
489,2026-08-04T04:40:00-03:00,HEMACIAS,-8.12024,-35.47207,5.1
489,2026-08-04T04:45:00-03:00,HEMACIAS,-8.11620,-35.45495,5.4
489,2026-08-04T04:50:00-03:00,HEMACIAS,-8.11164,-35.43615,5.3
489,2026-08-04T04:55:00-03:00,HEMACIAS,-8.10718,-35.41945,5.4
489,2026-08-04T05:00:00-03:00,HEMACIAS,-8.10112,-35.40269,4.7
489,2026-08-04T05:05:00-03:00,HEMACIAS,-8.09587,-35.38630,4.7
489,2026-08-04T05:10:00-03:00,HEMACIAS,-8.09013,-35.36924,4.6
489,2026-08-04T05:15:00-03:00,HEMACIAS,-8.08581,-35.35244,4.3
489,2026-08-04T05:20:00-03:00,HEMACIAS,-8.08039,-35.33646,3.8
489,2026-08-04T05:25:00-03:00,HEMACIAS,-8.07563,-35.31845,4.1
489,2026-08-04T05:30:00-03:00,HEMACIAS,-8.07182,-35.30229,4.0
489,2026-08-04T05:35:00-03:00,HEMACIAS,-8.06445,-35.28581,3.9
489,2026-08-04T05:40:00-03:00,HEMACIAS,-8.06145,-35.26636,4.3
489,2026-08-04T05:45:00-03:00,HEMACIAS,-8.05574,-35.25073,3.3
489,2026-08-04T05:50:00-03:00,HEMACIAS,-8.05072,-35.23384,3.2
489,2026-08-04T05:55:00-03:00,HEMACIAS,-8.04419,-35.21717,3.5
489,2026-08-04T06:00:00-03:00,HEMACIAS,-8.03759,-35.20056,4.2
489,2026-08-04T06:05:00-03:00,HEMACIAS,-8.03367,-35.18244,4.0
489,2026-08-04T06:10:00-03:00,HEMACIAS,-8.02934,-35.16499,4.2
489,2026-08-04T06:15:00-03:00,HEMACIAS,-8.02470,-35.14951,4.3
489,2026-08-04T06:20:00-03:00,HEMACIAS,-8.01799,-35.13159,4.1
489,2026-08-04T06:25:00-03:00,HEMACIAS,-8.01354,-35.11366,4.7
489,2026-08-04T06:30:00-03:00,HEMACIAS,-8.00856,-35.09815,4.9
489,2026-08-04T06:35:00-03:00,HEMACIAS,-8.00423,-35.08041,4.7
489,2026-08-04T06:40:00-03:00,HEMACIAS,-7.99787,-35.06329,4.2
489,2026-08-04T06:45:00-03:00,HEMACIAS,-7.99317,-35.04693,3.4
489,2026-08-04T06:50:00-03:00,HEMACIAS,-7.98711,-35.02924,3.6
489,2026-08-04T06:55:00-03:00,HEMACIAS,-7.98287,-35.01324,3.9
489,2026-08-04T07:00:00-03:00,HEMACIAS,-7.97725,-34.99684,3.8
489,2026-08-04T07:05:00-03:00,HEMACIAS,-7.97201,-34.97788,4.0
489,2026-08-04T07:10:00-03:00,HEMACIAS,-7.96811,-34.96075,4.4
489,2026-08-04T07:15:00-03:00,HEMACIAS,-7.96243,-34.94376,4.1
489,2026-08-04T07:20:00-03:00,HEMACIAS,-7.95764,-34.92651,4.1
489,2026-08-04T07:25:00-03:00,HEMACIAS,-7.95275,-34.90984,4.5
489,2026-08-04T07:30:00-03:00,HEMACIAS,-7.94758,-34.89296,4.0
489,2026-08-04T07:35:00-03:00,HEMACIAS,-7.94312,-34.87588,4.5
491,2026-08-04T07:36:00-03:00,HEMACIAS,-8.27643,-35.98288,3.9
491,2026-08-04T07:41:00-03:00,HEMACIAS,-8.28109,-35.97428,3.7
492,2026-08-04T10:27:00-03:00,PLAQUETAS,-8.04754,-34.87685,22.0
492,2026-08-04T10:32:00-03:00,PLAQUETAS,-8.03680,-34.86902,22.0
492,2026-08-04T10:37:00-03:00,PLAQUETAS,-8.02184,-34.86319,21.9
492,2026-08-04T10:42:00-03:00,PLAQUETAS,-8.00872,-34.85587,21.8
493,2026-08-04T13:32:00-03:00,HEMACIAS,-8.27706,-35.98037,3.8
493,2026-08-04T13:37:00-03:00,HEMACIAS,-8.26992,-35.96027,3.8
493,2026-08-04T13:42:00-03:00,HEMACIAS,-8.26652,-35.93875,3.5
493,2026-08-04T13:47:00-03:00,HEMACIAS,-8.26430,-35.91535,3.8
493,2026-08-04T13:52:00-03:00,HEMACIAS,-8.26008,-35.89358,4.5
493,2026-08-04T13:57:00-03:00,HEMACIAS,-8.25559,-35.87205,4.4
493,2026-08-04T14:02:00-03:00,HEMACIAS,-8.25073,-35.84884,4.8
493,2026-08-04T14:07:00-03:00,HEMACIAS,-8.24817,-35.82623,4.7
493,2026-08-04T14:12:00-03:00,HEMACIAS,-8.24489,-35.80429,3.8
493,2026-08-04T14:17:00-03:00,HEMACIAS,-8.24040,-35.78240,3.4
493,2026-08-04T14:22:00-03:00,HEMACIAS,-8.23559,-35.75991,3.0
493,2026-08-04T14:27:00-03:00,HEMACIAS,-8.23248,-35.73846,4.0
493,2026-08-04T14:32:00-03:00,HEMACIAS,-8.22639,-35.71538,3.5
493,2026-08-04T14:37:00-03:00,HEMACIAS,-8.22470,-35.69438,4.1
493,2026-08-04T14:42:00-03:00,HEMACIAS,-8.22041,-35.67080,4.5
493,2026-08-04T14:47:00-03:00,HEMACIAS,-8.21518,-35.65017,4.0
493,2026-08-04T14:52:00-03:00,HEMACIAS,-8.21237,-35.62737,4.1
493,2026-08-04T14:57:00-03:00,HEMACIAS,-8.20897,-35.60488,3.8
493,2026-08-04T15:02:00-03:00,HEMACIAS,-8.20485,-35.58223,3.3
494,2026-08-04T11:10:00-03:00,HEMACIAS,-8.04677,-34.87814,4.0
494,2026-08-04T11:15:00-03:00,HEMACIAS,-8.02231,-34.87551,3.6
494,2026-08-04T11:20:00-03:00,HEMACIAS,-7.99603,-34.87515,3.7
494,2026-08-04T11:25:00-03:00,HEMACIAS,-7.97099,-34.87436,3.9
494,2026-08-04T11:30:00-03:00,HEMACIAS,-7.94716,-34.87276,4.4
495,2026-08-04T12:53:00-03:00,HEMACIAS,-8.04760,-34.87627,3.7
495,2026-08-04T12:58:00-03:00,HEMACIAS,-8.03090,-34.87693,3.2
495,2026-08-04T13:03:00-03:00,HEMACIAS,-8.01661,-34.87672,4.0
495,2026-08-04T13:08:00-03:00,HEMACIAS,-7.99897,-34.87382,4.0
495,2026-08-04T13:13:00-03:00,HEMACIAS,-7.98283,-34.87406,4.1
495,2026-08-04T13:18:00-03:00,HEMACIAS,-7.96690,-34.87383,4.3
495,2026-08-04T13:23:00-03:00,HEMACIAS,-7.94988,-34.87546,4.3
496,2026-08-04T15:11:00-03:00,HEMACIAS,-8.27607,-35.98281,3.5
496,2026-08-04T15:16:00-03:00,HEMACIAS,-8.27386,-35.96299,3.6
496,2026-08-04T15:21:00-03:00,HEMACIAS,-8.26840,-35.94117,3.4
496,2026-08-04T15:26:00-03:00,HEMACIAS,-8.26603,-35.91945,2.8
496,2026-08-04T15:31:00-03:00,HEMACIAS,-8.26112,-35.90179,2.3
496,2026-08-04T15:36:00-03:00,HEMACIAS,-8.25869,-35.88222,2.9
496,2026-08-04T15:41:00-03:00,HEMACIAS,-8.25325,-35.86123,3.5
496,2026-08-04T15:46:00-03:00,HEMACIAS,-8.25094,-35.84049,3.3
496,2026-08-04T15:51:00-03:00,HEMACIAS,-8.24762,-35.82056,3.4
496,2026-08-04T15:56:00-03:00,HEMACIAS,-8.24274,-35.80130,3.5
496,2026-08-04T16:01:00-03:00,HEMACIAS,-8.24051,-35.78116,2.9
496,2026-08-04T16:06:00-03:00,HEMACIAS,-8.23633,-35.76079,3.3
496,2026-08-04T16:11:00-03:00,HEMACIAS,-8.23276,-35.74054,3.2
496,2026-08-04T16:16:00-03:00,HEMACIAS,-8.22774,-35.72273,3.8
496,2026-08-04T16:21:00-03:00,HEMACIAS,-8.22594,-35.70158,3.6
496,2026-08-04T16:26:00-03:00,HEMACIAS,-8.22236,-35.68295,4.1
496,2026-08-04T16:31:00-03:00,HEMACIAS,-8.21850,-35.66042,3.6
496,2026-08-04T16:36:00-03:00,HEMACIAS,-8.21523,-35.63991,3.9
496,2026-08-04T16:41:00-03:00,HEMACIAS,-8.21138,-35.62146,3.9
496,2026-08-04T16:46:00-03:00,HEMACIAS,-8.20835,-35.60087,3.7
496,2026-08-04T16:51:00-03:00,HEMACIAS,-8.20436,-35.58045,3.5
497,2026-08-04T13:42:00-03:00,HEMACIAS,-8.04717,-34.87627,4.0
497,2026-08-04T13:47:00-03:00,HEMACIAS,-8.03562,-34.87073,3.6
497,2026-08-04T13:52:00-03:00,HEMACIAS,-8.02302,-34.86383,3.6
497,2026-08-04T13:57:00-03:00,HEMACIAS,-8.01325,-34.85680,3.9
498,2026-08-04T15:27:00-03:00,CRIOPRECIPITADO,-8.04820,-34.87746,-30.2
498,2026-08-04T15:32:00-03:00,CRIOPRECIPITADO,-8.05359,-34.89083,-29.9
498,2026-08-04T15:37:00-03:00,CRIOPRECIPITADO,-8.05940,-34.90372,-30.0
498,2026-08-04T15:42:00-03:00,CRIOPRECIPITADO,-8.06598,-34.91622,-30.0
498,2026-08-04T15:47:00-03:00,CRIOPRECIPITADO,-8.07346,-34.92698,-29.5
498,2026-08-04T15:52:00-03:00,CRIOPRECIPITADO,-8.07910,-34.94293,-32.0
498,2026-08-04T15:57:00-03:00,CRIOPRECIPITADO,-8.08557,-34.95565,-30.6
498,2026-08-04T16:02:00-03:00,CRIOPRECIPITADO,-8.08852,-34.96730,-31.3
498,2026-08-04T16:07:00-03:00,CRIOPRECIPITADO,-8.09557,-34.98025,-31.4
498,2026-08-04T16:12:00-03:00,CRIOPRECIPITADO,-8.10297,-34.99305,-30.6
498,2026-08-04T16:17:00-03:00,CRIOPRECIPITADO,-8.10814,-35.00689,-31.1
499,2026-08-04T16:13:00-03:00,HEMACIAS,-8.04681,-34.87653,4.0
499,2026-08-04T16:18:00-03:00,HEMACIAS,-8.05939,-34.90263,3.6
499,2026-08-04T16:23:00-03:00,HEMACIAS,-8.07164,-34.92769,3.3
499,2026-08-04T16:28:00-03:00,HEMACIAS,-8.08368,-34.95393,4.3
499,2026-08-04T16:33:00-03:00,HEMACIAS,-8.09605,-34.97857,4.0
499,2026-08-04T16:38:00-03:00,HEMACIAS,-8.10742,-35.00415,4.0
500,2026-08-04T20:38:00-03:00,HEMACIAS,-8.27544,-35.98193,3.9
500,2026-08-04T20:43:00-03:00,HEMACIAS,-8.27920,-35.97714,3.8
500,2026-08-04T20:48:00-03:00,HEMACIAS,-8.28312,-35.97182,4.0
501,2026-08-04T17:39:00-03:00,HEMACIAS,-8.04808,-34.87689,5.1
501,2026-08-04T17:44:00-03:00,HEMACIAS,-8.03443,-34.87648,4.7
501,2026-08-04T17:49:00-03:00,HEMACIAS,-8.01905,-34.87454,4.5
501,2026-08-04T17:54:00-03:00,HEMACIAS,-8.00526,-34.87593,4.2
501,2026-08-04T17:59:00-03:00,HEMACIAS,-7.99131,-34.87454,3.7
501,2026-08-04T18:04:00-03:00,HEMACIAS,-7.97863,-34.87365,4.3
501,2026-08-04T18:09:00-03:00,HEMACIAS,-7.96534,-34.87470,4.3
501,2026-08-04T18:14:00-03:00,HEMACIAS,-7.95250,-34.87380,4.0
502,2026-08-04T21:00:00-03:00,HEMACIAS,-8.27719,-35.98226,4.4
502,2026-08-04T21:05:00-03:00,HEMACIAS,-8.27988,-35.97730,4.2
502,2026-08-04T21:10:00-03:00,HEMACIAS,-8.28328,-35.97270,3.9
504,2026-08-05T10:20:00-03:00,HEMACIAS,-8.27669,-35.98160,4.4
504,2026-08-05T10:25:00-03:00,HEMACIAS,-8.27330,-35.96073,4.1
504,2026-08-05T10:30:00-03:00,HEMACIAS,-8.26859,-35.94216,3.3
504,2026-08-05T10:35:00-03:00,HEMACIAS,-8.26567,-35.92037,3.9
504,2026-08-05T10:40:00-03:00,HEMACIAS,-8.26086,-35.90139,3.8
504,2026-08-05T10:45:00-03:00,HEMACIAS,-8.25719,-35.87802,10.5
504,2026-08-05T10:50:00-03:00,HEMACIAS,-8.25430,-35.85772,10.0
504,2026-08-05T10:55:00-03:00,HEMACIAS,-8.25096,-35.83807,9.4
504,2026-08-05T11:00:00-03:00,HEMACIAS,-8.24880,-35.81735,9.9
504,2026-08-05T11:05:00-03:00,HEMACIAS,-8.24358,-35.79746,10.1
504,2026-08-05T11:10:00-03:00,HEMACIAS,-8.24018,-35.77676,10.8
504,2026-08-05T11:15:00-03:00,HEMACIAS,-8.23592,-35.75644,10.3
504,2026-08-05T11:20:00-03:00,HEMACIAS,-8.23270,-35.73658,4.4
504,2026-08-05T11:25:00-03:00,HEMACIAS,-8.22929,-35.71642,3.9
504,2026-08-05T11:30:00-03:00,HEMACIAS,-8.22562,-35.69464,4.2
504,2026-08-05T11:35:00-03:00,HEMACIAS,-8.21975,-35.67502,3.9
504,2026-08-05T11:40:00-03:00,HEMACIAS,-8.21791,-35.65589,3.8
504,2026-08-05T11:45:00-03:00,HEMACIAS,-8.21381,-35.63491,3.6
504,2026-08-05T11:50:00-03:00,HEMACIAS,-8.20981,-35.61348,3.8
504,2026-08-05T11:55:00-03:00,HEMACIAS,-8.20535,-35.59354,4.1
504,2026-08-05T12:00:00-03:00,HEMACIAS,-8.20198,-35.57281,4.6
505,2026-08-05T10:17:00-03:00,HEMACIAS,-8.04575,-34.87595,3.6
505,2026-08-05T10:22:00-03:00,HEMACIAS,-8.04934,-34.87893,4.5
505,2026-08-05T10:27:00-03:00,HEMACIAS,-8.05071,-34.88245,4.1
505,2026-08-05T10:32:00-03:00,HEMACIAS,-8.05251,-34.88142,3.8
506,2026-08-05T04:10:00-03:00,PLAQUETAS,-8.04830,-34.87672,22.7
506,2026-08-05T04:15:00-03:00,PLAQUETAS,-8.05248,-34.88327,22.3
506,2026-08-05T04:20:00-03:00,PLAQUETAS,-8.05819,-34.88908,21.5
506,2026-08-05T04:25:00-03:00,PLAQUETAS,-8.06160,-34.89765,21.9
507,2026-08-05T04:06:00-03:00,HEMACIAS,-8.04786,-34.87673,4.3
507,2026-08-05T04:11:00-03:00,HEMACIAS,-8.05340,-34.88679,4.3
507,2026-08-05T04:16:00-03:00,HEMACIAS,-8.05831,-34.89433,4.5
508,2026-08-05T08:11:00-03:00,HEMACIAS,-8.04645,-34.87710,4.4
508,2026-08-05T08:16:00-03:00,HEMACIAS,-8.03955,-34.87118,4.2
508,2026-08-05T08:21:00-03:00,HEMACIAS,-8.03273,-34.86726,4.1
508,2026-08-05T08:26:00-03:00,HEMACIAS,-8.02440,-34.86294,4.0
508,2026-08-05T08:31:00-03:00,HEMACIAS,-8.01514,-34.85951,4.2
509,2026-08-05T11:03:00-03:00,PLASMA,-8.04734,-34.87818,-30.4
509,2026-08-05T11:08:00-03:00,PLASMA,-8.05189,-34.88120,-29.2
509,2026-08-05T11:13:00-03:00,PLASMA,-8.05397,-34.88762,-30.0
509,2026-08-05T11:18:00-03:00,PLASMA,-8.05837,-34.89340,-30.7
509,2026-08-05T11:23:00-03:00,PLASMA,-8.06101,-34.89864,-31.9
511,2026-08-05T17:57:00-03:00,CRIOPRECIPITADO,-8.04791,-34.87747,-31.8
511,2026-08-05T18:02:00-03:00,CRIOPRECIPITADO,-8.05202,-34.88280,-29.5
511,2026-08-05T18:07:00-03:00,CRIOPRECIPITADO,-8.05528,-34.88827,-29.5
511,2026-08-05T18:12:00-03:00,CRIOPRECIPITADO,-8.06151,-34.89426,-29.4
512,2026-08-05T12:40:00-03:00,PLAQUETAS,-8.04789,-34.87773,22.2
512,2026-08-05T12:45:00-03:00,PLAQUETAS,-8.05452,-34.88431,21.5
512,2026-08-05T12:50:00-03:00,PLAQUETAS,-8.05779,-34.89024,21.6
512,2026-08-05T12:55:00-03:00,PLAQUETAS,-8.06113,-34.89711,22.1
513,2026-08-05T12:30:00-03:00,HEMACIAS,-8.04742,-34.87742,4.8
513,2026-08-05T12:35:00-03:00,HEMACIAS,-8.05251,-34.88585,4.6
513,2026-08-05T12:40:00-03:00,HEMACIAS,-8.05955,-34.89675,4.7
514,2026-08-05T19:17:00-03:00,HEMACIAS,-8.04683,-34.87582,3.3
514,2026-08-05T19:22:00-03:00,HEMACIAS,-8.02972,-34.87679,2.7
514,2026-08-05T19:27:00-03:00,HEMACIAS,-8.00954,-34.87564,3.3
514,2026-08-05T19:32:00-03:00,HEMACIAS,-7.99102,-34.87497,3.6
514,2026-08-05T19:37:00-03:00,HEMACIAS,-7.97125,-34.87548,3.2
514,2026-08-05T19:42:00-03:00,HEMACIAS,-7.95089,-34.87248,3.7
515,2026-08-05T15:42:00-03:00,HEMACIAS,-8.04722,-34.87646,4.1
515,2026-08-05T15:47:00-03:00,HEMACIAS,-8.04995,-34.87989,4.0
515,2026-08-05T15:52:00-03:00,HEMACIAS,-8.05336,-34.88215,4.0
516,2026-08-05T15:37:00-03:00,HEMACIAS,-8.04760,-34.87557,4.0
516,2026-08-05T15:42:00-03:00,HEMACIAS,-8.05005,-34.87690,4.2
516,2026-08-05T15:47:00-03:00,HEMACIAS,-8.04868,-34.87973,4.4
516,2026-08-05T15:52:00-03:00,HEMACIAS,-8.04954,-34.88009,4.3
516,2026-08-05T15:57:00-03:00,HEMACIAS,-8.05183,-34.88009,4.1
516,2026-08-05T16:02:00-03:00,HEMACIAS,-8.05032,-34.88073,3.9
516,2026-08-05T16:07:00-03:00,HEMACIAS,-8.05011,-34.88243,3.9
516,2026-08-05T16:12:00-03:00,HEMACIAS,-8.05255,-34.88060,3.5
516,2026-08-05T16:17:00-03:00,HEMACIAS,-8.05240,-34.88275,4.9
516,2026-08-05T16:22:00-03:00,HEMACIAS,-8.05180,-34.88488,9.1
516,2026-08-05T16:27:00-03:00,HEMACIAS,-8.05590,-34.88586,9.5
516,2026-08-05T16:32:00-03:00,HEMACIAS,-8.05289,-34.88588,9.3
516,2026-08-05T16:37:00-03:00,HEMACIAS,-8.05541,-34.88718,9.0
516,2026-08-05T16:42:00-03:00,HEMACIAS,-8.05520,-34.88914,9.1
516,2026-08-05T16:47:00-03:00,HEMACIAS,-8.05627,-34.88878,9.2
516,2026-08-05T16:52:00-03:00,HEMACIAS,-8.05560,-34.89074,5.0
516,2026-08-05T16:57:00-03:00,HEMACIAS,-8.05589,-34.89006,4.4
516,2026-08-05T17:02:00-03:00,HEMACIAS,-8.05662,-34.89032,4.6
516,2026-08-05T17:07:00-03:00,HEMACIAS,-8.05707,-34.89215,4.3
516,2026-08-05T17:12:00-03:00,HEMACIAS,-8.05930,-34.89336,4.5
516,2026-08-05T17:17:00-03:00,HEMACIAS,-8.06004,-34.89479,4.2
516,2026-08-05T17:22:00-03:00,HEMACIAS,-8.06001,-34.89558,4.6
516,2026-08-05T17:27:00-03:00,HEMACIAS,-8.05967,-34.89600,5.0
516,2026-08-05T17:32:00-03:00,HEMACIAS,-8.06002,-34.89442,4.9
516,2026-08-05T17:37:00-03:00,HEMACIAS,-8.06073,-34.89852,4.7
516,2026-08-05T17:42:00-03:00,HEMACIAS,-8.06283,-34.89852,4.2
516,2026-08-05T17:47:00-03:00,HEMACIAS,-8.06303,-34.89990,3.8
517,2026-08-05T16:17:00-03:00,HEMACIAS,-8.27485,-35.98065,3.3
517,2026-08-05T16:22:00-03:00,HEMACIAS,-8.27406,-35.96522,3.7
517,2026-08-05T16:27:00-03:00,HEMACIAS,-8.27046,-35.94767,3.8
517,2026-08-05T16:32:00-03:00,HEMACIAS,-8.26505,-35.93056,3.5
517,2026-08-05T16:37:00-03:00,HEMACIAS,-8.26159,-35.91365,3.5
517,2026-08-05T16:42:00-03:00,HEMACIAS,-8.25880,-35.89548,3.8
517,2026-08-05T16:47:00-03:00,HEMACIAS,-8.25456,-35.87880,3.9
517,2026-08-05T16:52:00-03:00,HEMACIAS,-8.25188,-35.86238,4.6
517,2026-08-05T16:57:00-03:00,HEMACIAS,-8.24881,-35.84582,3.3
517,2026-08-05T17:02:00-03:00,HEMACIAS,-8.24627,-35.82799,3.7
517,2026-08-05T17:07:00-03:00,HEMACIAS,-8.24189,-35.81231,3.5
517,2026-08-05T17:12:00-03:00,HEMACIAS,-8.24093,-35.79329,3.7
517,2026-08-05T17:17:00-03:00,HEMACIAS,-8.23515,-35.77712,3.6
517,2026-08-05T17:22:00-03:00,HEMACIAS,-8.23373,-35.75921,4.8
517,2026-08-05T17:27:00-03:00,HEMACIAS,-8.22820,-35.74325,4.2
517,2026-08-05T17:32:00-03:00,HEMACIAS,-8.22585,-35.72515,4.2
517,2026-08-05T17:37:00-03:00,HEMACIAS,-8.22183,-35.70868,3.8
517,2026-08-05T17:42:00-03:00,HEMACIAS,-8.22068,-35.69203,3.6
517,2026-08-05T17:47:00-03:00,HEMACIAS,-8.21617,-35.67479,3.6
517,2026-08-05T17:52:00-03:00,HEMACIAS,-8.21152,-35.65673,3.8
517,2026-08-05T17:57:00-03:00,HEMACIAS,-8.20837,-35.63902,4.0
517,2026-08-05T18:02:00-03:00,HEMACIAS,-8.20484,-35.62294,3.7
517,2026-08-05T18:07:00-03:00,HEMACIAS,-8.20227,-35.60677,4.1
517,2026-08-05T18:12:00-03:00,HEMACIAS,-8.19964,-35.58870,3.7
517,2026-08-05T18:17:00-03:00,HEMACIAS,-8.19416,-35.57207,3.8
517,2026-08-05T18:22:00-03:00,HEMACIAS,-8.19206,-35.55566,4.3
517,2026-08-05T18:27:00-03:00,HEMACIAS,-8.18849,-35.53857,4.5
517,2026-08-05T18:32:00-03:00,HEMACIAS,-8.18575,-35.52155,4.0
517,2026-08-05T18:37:00-03:00,HEMACIAS,-8.18201,-35.50430,4.1
517,2026-08-05T18:42:00-03:00,HEMACIAS,-8.17965,-35.48614,4.1
517,2026-08-05T18:47:00-03:00,HEMACIAS,-8.17610,-35.46869,4.3
517,2026-08-05T18:52:00-03:00,HEMACIAS,-8.17156,-35.45281,4.2
517,2026-08-05T18:57:00-03:00,HEMACIAS,-8.16815,-35.43541,4.4
517,2026-08-05T19:02:00-03:00,HEMACIAS,-8.16568,-35.41838,4.5
517,2026-08-05T19:07:00-03:00,HEMACIAS,-8.15975,-35.39996,4.3
517,2026-08-05T19:12:00-03:00,HEMACIAS,-8.15769,-35.38528,4.2
517,2026-08-05T19:17:00-03:00,HEMACIAS,-8.15542,-35.36681,4.0
517,2026-08-05T19:22:00-03:00,HEMACIAS,-8.15203,-35.34956,4.2
517,2026-08-05T19:27:00-03:00,HEMACIAS,-8.14959,-35.33185,4.3
517,2026-08-05T19:32:00-03:00,HEMACIAS,-8.14380,-35.31571,4.3
517,2026-08-05T19:37:00-03:00,HEMACIAS,-8.14082,-35.29845,4.6
517,2026-08-05T19:42:00-03:00,HEMACIAS,-8.13868,-35.28252,4.1
517,2026-08-05T19:47:00-03:00,HEMACIAS,-8.13396,-35.26539,4.1
517,2026-08-05T19:52:00-03:00,HEMACIAS,-8.13153,-35.24628,3.9
517,2026-08-05T19:57:00-03:00,HEMACIAS,-8.12926,-35.23004,3.9
517,2026-08-05T20:02:00-03:00,HEMACIAS,-8.12579,-35.21194,3.9
517,2026-08-05T20:07:00-03:00,HEMACIAS,-8.12049,-35.19683,4.1
517,2026-08-05T20:12:00-03:00,HEMACIAS,-8.11887,-35.17970,4.2
517,2026-08-05T20:17:00-03:00,HEMACIAS,-8.11512,-35.16147,3.1
517,2026-08-05T20:22:00-03:00,HEMACIAS,-8.11055,-35.14575,3.0
517,2026-08-05T20:27:00-03:00,HEMACIAS,-8.10917,-35.12744,3.5
517,2026-08-05T20:32:00-03:00,HEMACIAS,-8.10513,-35.11105,3.2
517,2026-08-05T20:37:00-03:00,HEMACIAS,-8.10124,-35.09358,3.2
517,2026-08-05T20:42:00-03:00,HEMACIAS,-8.09826,-35.07563,3.6
517,2026-08-05T20:47:00-03:00,HEMACIAS,-8.09444,-35.05932,3.1
517,2026-08-05T20:52:00-03:00,HEMACIAS,-8.09143,-35.04235,3.7
517,2026-08-05T20:57:00-03:00,HEMACIAS,-8.08799,-35.02552,3.8
517,2026-08-05T21:02:00-03:00,HEMACIAS,-8.08523,-35.00892,4.0
517,2026-08-05T21:07:00-03:00,HEMACIAS,-8.08015,-34.99155,4.6
517,2026-08-05T21:12:00-03:00,HEMACIAS,-8.07673,-34.97494,4.4
517,2026-08-05T21:17:00-03:00,HEMACIAS,-8.07279,-34.95791,4.4
517,2026-08-05T21:22:00-03:00,HEMACIAS,-8.07042,-34.93967,4.3
517,2026-08-05T21:27:00-03:00,HEMACIAS,-8.06808,-34.92288,4.3
517,2026-08-05T21:32:00-03:00,HEMACIAS,-8.06505,-34.90587,3.3
518,2026-08-05T18:23:00-03:00,PLASMA,-8.27728,-35.98157,-28.7
518,2026-08-05T18:28:00-03:00,PLASMA,-8.28021,-35.97807,-29.0
518,2026-08-05T18:33:00-03:00,PLASMA,-8.28124,-35.97348,-28.7
519,2026-08-06T01:28:00-03:00,HEMACIAS,-8.04666,-34.87501,4.1
519,2026-08-06T01:33:00-03:00,HEMACIAS,-8.05361,-34.88578,3.8
519,2026-08-06T01:38:00-03:00,HEMACIAS,-8.05924,-34.89315,3.6
520,2026-08-05T22:48:00-03:00,PLAQUETAS,-8.27628,-35.98207,21.8
520,2026-08-05T22:53:00-03:00,PLAQUETAS,-8.27944,-35.97669,21.8
520,2026-08-05T22:58:00-03:00,PLAQUETAS,-8.28134,-35.97491,22.6
521,2026-08-06T00:24:00-03:00,HEMACIAS,-8.04721,-34.87686,4.4
521,2026-08-06T00:29:00-03:00,HEMACIAS,-8.03445,-34.87638,4.2
521,2026-08-06T00:34:00-03:00,HEMACIAS,-8.01757,-34.87596,4.2
521,2026-08-06T00:39:00-03:00,HEMACIAS,-8.00563,-34.87544,3.5
521,2026-08-06T00:44:00-03:00,HEMACIAS,-7.98963,-34.87430,3.7
521,2026-08-06T00:49:00-03:00,HEMACIAS,-7.97558,-34.87544,4.0
521,2026-08-06T00:54:00-03:00,HEMACIAS,-7.96083,-34.87272,3.2
521,2026-08-06T00:59:00-03:00,HEMACIAS,-7.94771,-34.87429,3.6
522,2026-08-06T00:02:00-03:00,HEMACIAS,-8.04666,-34.87616,4.3
522,2026-08-06T00:07:00-03:00,HEMACIAS,-8.05393,-34.88273,4.1
522,2026-08-06T00:12:00-03:00,HEMACIAS,-8.05595,-34.89052,4.3
522,2026-08-06T00:17:00-03:00,HEMACIAS,-8.05983,-34.89623,4.1
523,2026-08-06T01:28:00-03:00,PLAQUETAS,-8.04803,-34.87612,21.5
523,2026-08-06T01:33:00-03:00,PLAQUETAS,-8.03864,-34.87647,21.6
523,2026-08-06T01:38:00-03:00,PLAQUETAS,-8.03034,-34.87593,22.1
523,2026-08-06T01:43:00-03:00,PLAQUETAS,-8.02063,-34.87618,22.9
523,2026-08-06T01:48:00-03:00,PLAQUETAS,-8.01318,-34.87671,22.0
523,2026-08-06T01:53:00-03:00,PLAQUETAS,-8.00439,-34.87555,22.1
523,2026-08-06T01:58:00-03:00,PLAQUETAS,-7.99605,-34.87556,22.3
523,2026-08-06T02:03:00-03:00,PLAQUETAS,-7.98721,-34.87530,22.5
523,2026-08-06T02:08:00-03:00,PLAQUETAS,-7.97831,-34.87569,22.1
523,2026-08-06T02:13:00-03:00,PLAQUETAS,-7.97135,-34.87344,22.3
523,2026-08-06T02:18:00-03:00,PLAQUETAS,-7.96250,-34.87440,22.7
523,2026-08-06T02:23:00-03:00,PLAQUETAS,-7.95321,-34.87392,23.2
523,2026-08-06T02:28:00-03:00,PLAQUETAS,-7.94442,-34.87372,22.8
524,2026-08-05T22:04:00-03:00,CRIOPRECIPITADO,-8.27711,-35.98213,-31.5
524,2026-08-05T22:09:00-03:00,CRIOPRECIPITADO,-8.27740,-35.97980,-32.1
524,2026-08-05T22:14:00-03:00,CRIOPRECIPITADO,-8.28116,-35.97593,-32.8
524,2026-08-05T22:19:00-03:00,CRIOPRECIPITADO,-8.28393,-35.97193,-31.9
525,2026-08-05T22:10:00-03:00,PLASMA,-8.27630,-35.98068,-30.9
525,2026-08-05T22:15:00-03:00,PLASMA,-8.27928,-35.97723,-30.3
525,2026-08-05T22:20:00-03:00,PLASMA,-8.28278,-35.97446,-29.1
526,2026-08-06T08:39:00-03:00,HEMACIAS,-8.04722,-34.87794,3.8
526,2026-08-06T08:44:00-03:00,HEMACIAS,-8.05405,-34.89002,3.1
526,2026-08-06T08:49:00-03:00,HEMACIAS,-8.05952,-34.90310,3.4
526,2026-08-06T08:54:00-03:00,HEMACIAS,-8.06594,-34.91701,3.8
526,2026-08-06T08:59:00-03:00,HEMACIAS,-8.07106,-34.92906,3.7
526,2026-08-06T09:04:00-03:00,HEMACIAS,-8.07787,-34.94162,3.9
526,2026-08-06T09:09:00-03:00,HEMACIAS,-8.08379,-34.95409,4.6
526,2026-08-06T09:14:00-03:00,HEMACIAS,-8.08985,-34.96777,4.9
526,2026-08-06T09:19:00-03:00,HEMACIAS,-8.09574,-34.98147,4.8
526,2026-08-06T09:24:00-03:00,HEMACIAS,-8.10293,-34.99354,4.5
526,2026-08-06T09:29:00-03:00,HEMACIAS,-8.10816,-35.00846,4.2
527,2026-08-06T06:36:00-03:00,PLASMA,-8.04729,-34.87816,-30.3
527,2026-08-06T06:41:00-03:00,PLASMA,-8.04393,-34.89675,-31.0
527,2026-08-06T06:46:00-03:00,PLASMA,-8.03843,-34.91932,-28.8
527,2026-08-06T06:51:00-03:00,PLASMA,-8.03239,-34.93848,-28.5
527,2026-08-06T06:56:00-03:00,PLASMA,-8.02916,-34.95717,-31.1
527,2026-08-06T07:01:00-03:00,PLASMA,-8.02431,-34.97737,-31.1
528,2026-08-06T15:24:00-03:00,HEMACIAS,-8.04910,-34.87731,3.8
528,2026-08-06T15:29:00-03:00,HEMACIAS,-8.03934,-34.87264,3.7
528,2026-08-06T15:34:00-03:00,HEMACIAS,-8.03022,-34.86706,3.6
528,2026-08-06T15:39:00-03:00,HEMACIAS,-8.02238,-34.86262,4.0
528,2026-08-06T15:44:00-03:00,HEMACIAS,-8.01319,-34.85744,4.3
529,2026-08-06T12:09:00-03:00,CRIOPRECIPITADO,-8.04844,-34.87596,-28.5
529,2026-08-06T12:14:00-03:00,CRIOPRECIPITADO,-8.05397,-34.88993,-28.2
529,2026-08-06T12:19:00-03:00,CRIOPRECIPITADO,-8.06016,-34.90177,-28.5
529,2026-08-06T12:24:00-03:00,CRIOPRECIPITADO,-8.06747,-34.91509,-27.7
529,2026-08-06T12:29:00-03:00,CRIOPRECIPITADO,-8.07213,-34.92814,-29.2
529,2026-08-06T12:34:00-03:00,CRIOPRECIPITADO,-8.07891,-34.94041,-28.1
529,2026-08-06T12:39:00-03:00,CRIOPRECIPITADO,-8.08451,-34.95397,-30.9
529,2026-08-06T12:44:00-03:00,CRIOPRECIPITADO,-8.09057,-34.96609,-30.9
529,2026-08-06T12:49:00-03:00,CRIOPRECIPITADO,-8.09559,-34.97959,-30.1
529,2026-08-06T12:54:00-03:00,CRIOPRECIPITADO,-8.10124,-34.99155,-29.0
529,2026-08-06T12:59:00-03:00,CRIOPRECIPITADO,-8.10802,-35.00271,-28.3
530,2026-08-06T13:19:00-03:00,HEMACIAS,-8.04861,-34.87618,3.7
530,2026-08-06T13:24:00-03:00,HEMACIAS,-8.04965,-34.87977,3.9
530,2026-08-06T13:29:00-03:00,HEMACIAS,-8.05046,-34.88484,3.2
530,2026-08-06T13:34:00-03:00,HEMACIAS,-8.05336,-34.88781,3.1
530,2026-08-06T13:39:00-03:00,HEMACIAS,-8.05352,-34.89215,3.2
530,2026-08-06T13:44:00-03:00,HEMACIAS,-8.05599,-34.89413,3.2
530,2026-08-06T13:49:00-03:00,HEMACIAS,-8.05737,-34.89927,4.2
530,2026-08-06T13:54:00-03:00,HEMACIAS,-8.05957,-34.90117,4.3
530,2026-08-06T13:59:00-03:00,HEMACIAS,-8.06059,-34.90503,4.0
530,2026-08-06T14:04:00-03:00,HEMACIAS,-8.06315,-34.90939,3.5
530,2026-08-06T14:09:00-03:00,HEMACIAS,-8.06362,-34.91148,4.6
530,2026-08-06T14:14:00-03:00,HEMACIAS,-8.06618,-34.91424,4.5
530,2026-08-06T14:19:00-03:00,HEMACIAS,-8.06685,-34.91919,4.2
530,2026-08-06T14:24:00-03:00,HEMACIAS,-8.06966,-34.92459,3.3
530,2026-08-06T14:29:00-03:00,HEMACIAS,-8.07171,-34.92712,3.1
530,2026-08-06T14:34:00-03:00,HEMACIAS,-8.07280,-34.92980,3.2
530,2026-08-06T14:39:00-03:00,HEMACIAS,-8.07319,-34.93275,2.8
530,2026-08-06T14:44:00-03:00,HEMACIAS,-8.07606,-34.93688,3.1
530,2026-08-06T14:49:00-03:00,HEMACIAS,-8.07706,-34.94031,3.7
530,2026-08-06T14:54:00-03:00,HEMACIAS,-8.07947,-34.94481,4.0
530,2026-08-06T14:59:00-03:00,HEMACIAS,-8.08139,-34.94870,3.6
530,2026-08-06T15:04:00-03:00,HEMACIAS,-8.08265,-34.95157,3.9
530,2026-08-06T15:09:00-03:00,HEMACIAS,-8.08593,-34.95680,3.8
530,2026-08-06T15:14:00-03:00,HEMACIAS,-8.08742,-34.95884,4.1
530,2026-08-06T15:19:00-03:00,HEMACIAS,-8.08809,-34.96272,4.1
530,2026-08-06T15:24:00-03:00,HEMACIAS,-8.08854,-34.96645,4.1
530,2026-08-06T15:29:00-03:00,HEMACIAS,-8.09278,-34.97110,4.2
530,2026-08-06T15:34:00-03:00,HEMACIAS,-8.09388,-34.97317,4.3
530,2026-08-06T15:39:00-03:00,HEMACIAS,-8.09454,-34.97614,4.0
530,2026-08-06T15:44:00-03:00,HEMACIAS,-8.09730,-34.98090,3.6
530,2026-08-06T15:49:00-03:00,HEMACIAS,-8.09836,-34.98306,3.5
530,2026-08-06T15:54:00-03:00,HEMACIAS,-8.10048,-34.98694,3.1
530,2026-08-06T15:59:00-03:00,HEMACIAS,-8.10207,-34.99130,3.2
530,2026-08-06T16:04:00-03:00,HEMACIAS,-8.10389,-34.99562,3.5
530,2026-08-06T16:09:00-03:00,HEMACIAS,-8.10520,-34.99840,3.4
530,2026-08-06T16:14:00-03:00,HEMACIAS,-8.10648,-35.00170,3.6
530,2026-08-06T16:19:00-03:00,HEMACIAS,-8.10917,-35.00607,4.1
530,2026-08-06T16:24:00-03:00,HEMACIAS,-8.10918,-35.00918,4.5
530,2026-08-06T16:29:00-03:00,HEMACIAS,-8.11180,-35.01494,4.6
531,2026-08-06T19:36:00-03:00,PLAQUETAS,-8.04857,-34.87857,21.9
531,2026-08-06T19:41:00-03:00,PLAQUETAS,-8.04670,-34.88481,21.4
531,2026-08-06T19:46:00-03:00,PLAQUETAS,-8.04416,-34.89249,21.5
531,2026-08-06T19:51:00-03:00,PLAQUETAS,-8.04190,-34.89892,21.6
531,2026-08-06T19:56:00-03:00,PLAQUETAS,-8.04105,-34.90684,22.4
531,2026-08-06T20:01:00-03:00,PLAQUETAS,-8.03843,-34.91349,22.8
531,2026-08-06T20:06:00-03:00,PLAQUETAS,-8.03703,-34.91996,22.5
531,2026-08-06T20:11:00-03:00,PLAQUETAS,-8.03489,-34.92857,22.7
531,2026-08-06T20:16:00-03:00,PLAQUETAS,-8.03230,-34.93669,22.8
531,2026-08-06T20:21:00-03:00,PLAQUETAS,-8.03260,-34.94228,22.8
531,2026-08-06T20:26:00-03:00,PLAQUETAS,-8.02912,-34.95055,22.1
531,2026-08-06T20:31:00-03:00,PLAQUETAS,-8.02854,-34.95830,22.5
531,2026-08-06T20:36:00-03:00,PLAQUETAS,-8.02698,-34.96553,22.4
531,2026-08-06T20:41:00-03:00,PLAQUETAS,-8.02548,-34.97171,22.4
532,2026-08-06T19:38:00-03:00,PLASMA,-8.04758,-34.87741,-30.0
532,2026-08-06T19:43:00-03:00,PLASMA,-8.04546,-34.89052,-30.0
532,2026-08-06T19:48:00-03:00,PLASMA,-8.04301,-34.90321,-31.4
532,2026-08-06T19:53:00-03:00,PLASMA,-8.03668,-34.91541,-31.5
532,2026-08-06T19:58:00-03:00,PLASMA,-8.03584,-34.92891,-30.1
532,2026-08-06T20:03:00-03:00,PLASMA,-8.03124,-34.94042,-30.8
532,2026-08-06T20:08:00-03:00,PLASMA,-8.02968,-34.95430,-29.7
532,2026-08-06T20:13:00-03:00,PLASMA,-8.02550,-34.96773,-29.1
534,2026-08-06T22:48:00-03:00,HEMACIAS,-8.27523,-35.98177,4.2
534,2026-08-06T22:53:00-03:00,HEMACIAS,-8.28034,-35.97431,4.6
535,2026-08-07T10:27:00-03:00,HEMACIAS,-8.04829,-34.87566,4.1
535,2026-08-07T10:32:00-03:00,HEMACIAS,-8.05150,-34.88015,3.8
535,2026-08-07T10:37:00-03:00,HEMACIAS,-8.05349,-34.88450,3.5
536,2026-08-07T08:57:00-03:00,HEMACIAS,-8.04705,-34.87761,3.9
536,2026-08-07T09:02:00-03:00,HEMACIAS,-8.05566,-34.89581,4.1
536,2026-08-07T09:07:00-03:00,HEMACIAS,-8.06554,-34.91495,3.7
536,2026-08-07T09:12:00-03:00,HEMACIAS,-8.07517,-34.93371,3.5
536,2026-08-07T09:17:00-03:00,HEMACIAS,-8.08343,-34.95345,3.1
536,2026-08-07T09:22:00-03:00,HEMACIAS,-8.09146,-34.97254,3.9
536,2026-08-07T09:27:00-03:00,HEMACIAS,-8.10235,-34.99283,3.6
536,2026-08-07T09:32:00-03:00,HEMACIAS,-8.11044,-35.01119,3.8
537,2026-08-07T09:52:00-03:00,HEMACIAS,-8.04801,-34.87673,4.2
537,2026-08-07T09:57:00-03:00,HEMACIAS,-8.04034,-34.87396,4.1
537,2026-08-07T10:02:00-03:00,HEMACIAS,-8.03450,-34.87099,3.6
537,2026-08-07T10:07:00-03:00,HEMACIAS,-8.02794,-34.86562,2.9
537,2026-08-07T10:12:00-03:00,HEMACIAS,-8.02075,-34.86154,3.4
537,2026-08-07T10:17:00-03:00,HEMACIAS,-8.01522,-34.85845,3.5
537,2026-08-07T10:22:00-03:00,HEMACIAS,-8.00919,-34.85462,3.6
538,2026-08-07T18:09:00-03:00,PLAQUETAS,-8.04730,-34.87648,22.0
538,2026-08-07T18:14:00-03:00,PLAQUETAS,-8.05282,-34.88220,21.9
538,2026-08-07T18:19:00-03:00,PLAQUETAS,-8.05809,-34.89138,21.9
538,2026-08-07T18:24:00-03:00,PLAQUETAS,-8.06057,-34.89673,22.3
539,2026-08-07T20:05:00-03:00,HEMACIAS,-8.04680,-34.87602,3.8
539,2026-08-07T20:10:00-03:00,HEMACIAS,-8.05136,-34.88730,3.5
539,2026-08-07T20:15:00-03:00,HEMACIAS,-8.05832,-34.89850,3.0
539,2026-08-07T20:20:00-03:00,HEMACIAS,-8.06223,-34.90863,3.7
539,2026-08-07T20:25:00-03:00,HEMACIAS,-8.06729,-34.91967,4.0
539,2026-08-07T20:30:00-03:00,HEMACIAS,-8.07294,-34.92849,4.0
539,2026-08-07T20:35:00-03:00,HEMACIAS,-8.07716,-34.94100,4.1
539,2026-08-07T20:40:00-03:00,HEMACIAS,-8.08382,-34.95077,4.3
539,2026-08-07T20:45:00-03:00,HEMACIAS,-8.08695,-34.96195,4.2
539,2026-08-07T20:50:00-03:00,HEMACIAS,-8.09277,-34.97122,3.7
539,2026-08-07T20:55:00-03:00,HEMACIAS,-8.09820,-34.98276,3.7
539,2026-08-07T21:00:00-03:00,HEMACIAS,-8.10256,-34.99345,3.6
539,2026-08-07T21:05:00-03:00,HEMACIAS,-8.10886,-35.00535,4.1
539,2026-08-07T21:10:00-03:00,HEMACIAS,-8.11201,-35.01530,4.3
540,2026-08-07T17:39:00-03:00,PLAQUETAS,-8.27613,-35.98307,21.7
540,2026-08-07T17:44:00-03:00,PLAQUETAS,-8.27810,-35.97719,22.3
540,2026-08-07T17:49:00-03:00,PLAQUETAS,-8.27960,-35.97659,23.0
540,2026-08-07T17:54:00-03:00,PLAQUETAS,-8.28093,-35.97460,22.3
540,2026-08-07T17:59:00-03:00,PLAQUETAS,-8.28446,-35.97111,21.7
541,2026-08-07T17:49:00-03:00,PLASMA,-8.04669,-34.87806,-31.7
541,2026-08-07T17:54:00-03:00,PLASMA,-8.05584,-34.88714,-31.1
541,2026-08-07T17:59:00-03:00,PLASMA,-8.05995,-34.89582,-31.1
542,2026-08-07T14:13:00-03:00,PLASMA,-8.27478,-35.98255,-28.8
542,2026-08-07T14:18:00-03:00,PLASMA,-8.27272,-35.96148,-29.1
542,2026-08-07T14:23:00-03:00,PLASMA,-8.26930,-35.94186,-29.6
542,2026-08-07T14:28:00-03:00,PLASMA,-8.26535,-35.92335,-29.9
542,2026-08-07T14:33:00-03:00,PLASMA,-8.26236,-35.90345,-27.9
542,2026-08-07T14:38:00-03:00,PLASMA,-8.25838,-35.88198,-29.4
542,2026-08-07T14:43:00-03:00,PLASMA,-8.25513,-35.86109,-30.1
542,2026-08-07T14:48:00-03:00,PLASMA,-8.25001,-35.84061,-29.3
542,2026-08-07T14:53:00-03:00,PLASMA,-8.24707,-35.82168,-28.8
542,2026-08-07T14:58:00-03:00,PLASMA,-8.24456,-35.80146,-28.7
542,2026-08-07T15:03:00-03:00,PLASMA,-8.24061,-35.78064,-29.7
542,2026-08-07T15:08:00-03:00,PLASMA,-8.23717,-35.76154,-30.8
542,2026-08-07T15:13:00-03:00,PLASMA,-8.23158,-35.74096,-32.0
542,2026-08-07T15:18:00-03:00,PLASMA,-8.22845,-35.72207,-29.2
542,2026-08-07T15:23:00-03:00,PLASMA,-8.22682,-35.70222,-27.8
542,2026-08-07T15:28:00-03:00,PLASMA,-8.22178,-35.68074,-30.0
542,2026-08-07T15:33:00-03:00,PLASMA,-8.21718,-35.66028,-29.3
542,2026-08-07T15:38:00-03:00,PLASMA,-8.21511,-35.64123,-30.8
542,2026-08-07T15:43:00-03:00,PLASMA,-8.21185,-35.61986,-31.7
542,2026-08-07T15:48:00-03:00,PLASMA,-8.20777,-35.60022,-32.3
542,2026-08-07T15:53:00-03:00,PLASMA,-8.20462,-35.58222,-32.3
543,2026-08-07T19:02:00-03:00,HEMACIAS,-8.04715,-34.87678,4.1
543,2026-08-07T19:07:00-03:00,HEMACIAS,-8.05275,-34.88397,3.4
543,2026-08-07T19:12:00-03:00,HEMACIAS,-8.05903,-34.89161,3.8
544,2026-08-07T16:48:00-03:00,HEMACIAS,-8.27649,-35.98105,3.8
544,2026-08-07T16:53:00-03:00,HEMACIAS,-8.27625,-35.97993,4.2
544,2026-08-07T16:58:00-03:00,HEMACIAS,-8.27657,-35.98037,4.5
544,2026-08-07T17:03:00-03:00,HEMACIAS,-8.27838,-35.98008,5.1
544,2026-08-07T17:08:00-03:00,HEMACIAS,-8.27721,-35.97891,5.2
544,2026-08-07T17:13:00-03:00,HEMACIAS,-8.27985,-35.97900,5.0
544,2026-08-07T17:18:00-03:00,HEMACIAS,-8.27917,-35.97709,4.5
544,2026-08-07T17:23:00-03:00,HEMACIAS,-8.28012,-35.97592,5.0
544,2026-08-07T17:28:00-03:00,HEMACIAS,-8.28109,-35.97509,4.2
544,2026-08-07T17:33:00-03:00,HEMACIAS,-8.28135,-35.97626,4.1
544,2026-08-07T17:38:00-03:00,HEMACIAS,-8.28104,-35.97383,4.0
544,2026-08-07T17:43:00-03:00,HEMACIAS,-8.28234,-35.97285,4.4
544,2026-08-07T17:48:00-03:00,HEMACIAS,-8.28409,-35.97280,5.3
544,2026-08-07T17:53:00-03:00,HEMACIAS,-8.28382,-35.97208,5.4
544,2026-08-07T17:58:00-03:00,HEMACIAS,-8.28442,-35.97083,4.8
545,2026-08-07T18:40:00-03:00,HEMACIAS,-8.04862,-34.87659,3.9
545,2026-08-07T18:45:00-03:00,HEMACIAS,-8.05045,-34.88065,3.9
545,2026-08-07T18:50:00-03:00,HEMACIAS,-8.05388,-34.88577,3.9
546,2026-08-08T00:09:00-03:00,HEMACIAS,-8.04803,-34.87640,3.8
546,2026-08-08T00:14:00-03:00,HEMACIAS,-8.05190,-34.88118,3.8
546,2026-08-08T00:19:00-03:00,HEMACIAS,-8.05517,-34.88368,4.1
547,2026-08-07T19:48:00-03:00,PLASMA,-8.27558,-35.98321,-28.0
547,2026-08-07T19:53:00-03:00,PLASMA,-8.28097,-35.97917,-27.1
547,2026-08-07T19:58:00-03:00,PLASMA,-8.28097,-35.97604,-28.3
547,2026-08-07T20:03:00-03:00,PLASMA,-8.28417,-35.97150,-27.7
548,2026-08-07T23:13:00-03:00,PLASMA,-8.04937,-34.87720,-28.3
548,2026-08-07T23:18:00-03:00,PLASMA,-8.05099,-34.88213,-27.8
548,2026-08-07T23:23:00-03:00,PLASMA,-8.05438,-34.88841,-29.2
548,2026-08-07T23:28:00-03:00,PLASMA,-8.05924,-34.89484,-31.1
549,2026-08-07T23:51:00-03:00,PLASMA,-8.04890,-34.87598,-28.8
549,2026-08-07T23:56:00-03:00,PLASMA,-8.05164,-34.88011,-29.3
549,2026-08-08T00:01:00-03:00,PLASMA,-8.05541,-34.88641,-28.7
549,2026-08-08T00:06:00-03:00,PLASMA,-8.05592,-34.89086,-27.6
549,2026-08-08T00:11:00-03:00,PLASMA,-8.06180,-34.89755,-29.2
550,2026-08-08T08:43:00-03:00,PLASMA,-8.04816,-34.87613,-30.8
550,2026-08-08T08:48:00-03:00,PLASMA,-8.04245,-34.87217,-30.1
550,2026-08-08T08:53:00-03:00,PLASMA,-8.03544,-34.86996,-30.9
550,2026-08-08T08:58:00-03:00,PLASMA,-8.02938,-34.86588,-30.6
550,2026-08-08T09:03:00-03:00,PLASMA,-8.02193,-34.86253,-31.1
550,2026-08-08T09:08:00-03:00,PLASMA,-8.01597,-34.86017,-31.9
550,2026-08-08T09:13:00-03:00,PLASMA,-8.00961,-34.85584,-31.0
551,2026-08-08T10:29:00-03:00,HEMACIAS,-8.27424,-35.98154,4.2
551,2026-08-08T10:34:00-03:00,HEMACIAS,-8.27368,-35.96290,4.2
551,2026-08-08T10:39:00-03:00,HEMACIAS,-8.26914,-35.94414,3.7
551,2026-08-08T10:44:00-03:00,HEMACIAS,-8.26516,-35.92686,3.9
551,2026-08-08T10:49:00-03:00,HEMACIAS,-8.26361,-35.90796,3.2
551,2026-08-08T10:54:00-03:00,HEMACIAS,-8.25881,-35.88818,3.4
551,2026-08-08T10:59:00-03:00,HEMACIAS,-8.25611,-35.87031,3.1
551,2026-08-08T11:04:00-03:00,HEMACIAS,-8.25207,-35.85301,3.1
551,2026-08-08T11:09:00-03:00,HEMACIAS,-8.24862,-35.83564,3.4
551,2026-08-08T11:14:00-03:00,HEMACIAS,-8.24476,-35.81560,2.9
551,2026-08-08T11:19:00-03:00,HEMACIAS,-8.24177,-35.79667,2.9
551,2026-08-08T11:24:00-03:00,HEMACIAS,-8.24007,-35.77806,3.3
551,2026-08-08T11:29:00-03:00,HEMACIAS,-8.23704,-35.76110,3.1
551,2026-08-08T11:34:00-03:00,HEMACIAS,-8.23202,-35.74264,3.1
551,2026-08-08T11:39:00-03:00,HEMACIAS,-8.22891,-35.72374,3.6
551,2026-08-08T11:44:00-03:00,HEMACIAS,-8.22500,-35.70565,4.3
551,2026-08-08T11:49:00-03:00,HEMACIAS,-8.22249,-35.68755,4.5
551,2026-08-08T11:54:00-03:00,HEMACIAS,-8.21814,-35.66784,4.2
551,2026-08-08T11:59:00-03:00,HEMACIAS,-8.21744,-35.64932,4.7
551,2026-08-08T12:04:00-03:00,HEMACIAS,-8.21007,-35.63206,4.9
551,2026-08-08T12:09:00-03:00,HEMACIAS,-8.20950,-35.61257,4.5
551,2026-08-08T12:14:00-03:00,HEMACIAS,-8.20609,-35.59580,5.1
551,2026-08-08T12:19:00-03:00,HEMACIAS,-8.20308,-35.57676,4.7
552,2026-08-08T04:53:00-03:00,HEMACIAS,-8.04617,-34.87733,4.9
552,2026-08-08T04:58:00-03:00,HEMACIAS,-8.05081,-34.88096,4.5
552,2026-08-08T05:03:00-03:00,HEMACIAS,-8.05411,-34.88351,4.2
553,2026-08-08T10:10:00-03:00,PLASMA,-8.04771,-34.87713,-30.5
553,2026-08-08T10:15:00-03:00,PLASMA,-8.03883,-34.87261,-30.5
553,2026-08-08T10:20:00-03:00,PLASMA,-8.03137,-34.86746,-29.3
553,2026-08-08T10:25:00-03:00,PLASMA,-8.02231,-34.86245,-29.6
553,2026-08-08T10:30:00-03:00,PLASMA,-8.01342,-34.85729,-27.7
554,2026-08-08T15:08:00-03:00,HEMACIAS,-8.04765,-34.87604,4.2
554,2026-08-08T15:13:00-03:00,HEMACIAS,-8.05200,-34.88524,4.7
554,2026-08-08T15:18:00-03:00,HEMACIAS,-8.05665,-34.89155,4.6
554,2026-08-08T15:23:00-03:00,HEMACIAS,-8.06271,-34.89771,4.7
555,2026-08-08T18:25:00-03:00,CRIOPRECIPITADO,-8.27676,-35.98067,-29.4
555,2026-08-08T18:30:00-03:00,CRIOPRECIPITADO,-8.27024,-35.95281,-28.2
555,2026-08-08T18:35:00-03:00,CRIOPRECIPITADO,-8.26745,-35.92727,-28.1
555,2026-08-08T18:40:00-03:00,CRIOPRECIPITADO,-8.26250,-35.89743,-28.8
555,2026-08-08T18:45:00-03:00,CRIOPRECIPITADO,-8.25671,-35.86825,-29.3
555,2026-08-08T18:50:00-03:00,CRIOPRECIPITADO,-8.25215,-35.83929,-29.3
555,2026-08-08T18:55:00-03:00,CRIOPRECIPITADO,-8.24634,-35.81120,-29.4
555,2026-08-08T19:00:00-03:00,CRIOPRECIPITADO,-8.24343,-35.78522,-26.9
555,2026-08-08T19:05:00-03:00,CRIOPRECIPITADO,-8.23781,-35.75638,-27.8
555,2026-08-08T19:10:00-03:00,CRIOPRECIPITADO,-8.23303,-35.72709,-28.6
555,2026-08-08T19:15:00-03:00,CRIOPRECIPITADO,-8.22762,-35.69854,-27.8
555,2026-08-08T19:20:00-03:00,CRIOPRECIPITADO,-8.22429,-35.67078,-28.9
555,2026-08-08T19:25:00-03:00,CRIOPRECIPITADO,-8.21874,-35.64220,-28.1
555,2026-08-08T19:30:00-03:00,CRIOPRECIPITADO,-8.21330,-35.61464,-27.4
555,2026-08-08T19:35:00-03:00,CRIOPRECIPITADO,-8.21033,-35.58477,-27.7
555,2026-08-08T19:40:00-03:00,CRIOPRECIPITADO,-8.20552,-35.55749,-27.8
555,2026-08-08T19:45:00-03:00,CRIOPRECIPITADO,-8.19938,-35.52910,-26.9
555,2026-08-08T19:50:00-03:00,CRIOPRECIPITADO,-8.19397,-35.50220,-26.9
555,2026-08-08T19:55:00-03:00,CRIOPRECIPITADO,-8.19071,-35.47227,-28.0
555,2026-08-08T20:00:00-03:00,CRIOPRECIPITADO,-8.18406,-35.44501,-28.4
555,2026-08-08T20:05:00-03:00,CRIOPRECIPITADO,-8.17979,-35.41565,-28.9
555,2026-08-08T20:10:00-03:00,CRIOPRECIPITADO,-8.17724,-35.38724,-27.3
555,2026-08-08T20:15:00-03:00,CRIOPRECIPITADO,-8.17042,-35.35919,-26.9
555,2026-08-08T20:20:00-03:00,CRIOPRECIPITADO,-8.16597,-35.33129,-25.2
555,2026-08-08T20:25:00-03:00,CRIOPRECIPITADO,-8.16252,-35.30236,-26.1
555,2026-08-08T20:30:00-03:00,CRIOPRECIPITADO,-8.15714,-35.27525,-25.5
555,2026-08-08T20:35:00-03:00,CRIOPRECIPITADO,-8.15160,-35.24695,-27.1
555,2026-08-08T20:40:00-03:00,CRIOPRECIPITADO,-8.14727,-35.21795,-28.3
555,2026-08-08T20:45:00-03:00,CRIOPRECIPITADO,-8.14261,-35.19058,-28.8
555,2026-08-08T20:50:00-03:00,CRIOPRECIPITADO,-8.13762,-35.16143,-30.2
555,2026-08-08T20:55:00-03:00,CRIOPRECIPITADO,-8.13176,-35.13264,-29.9
555,2026-08-08T21:00:00-03:00,CRIOPRECIPITADO,-8.12942,-35.10501,-29.9
555,2026-08-08T21:05:00-03:00,CRIOPRECIPITADO,-8.12342,-35.07725,-32.1
555,2026-08-08T21:10:00-03:00,CRIOPRECIPITADO,-8.11777,-35.04821,-30.8
555,2026-08-08T21:15:00-03:00,CRIOPRECIPITADO,-8.11337,-35.02041,-30.4
556,2026-08-08T17:47:00-03:00,PLASMA,-8.04743,-34.87658,-29.5
556,2026-08-08T17:52:00-03:00,PLASMA,-8.05119,-34.88253,-30.3
556,2026-08-08T17:57:00-03:00,PLASMA,-8.05349,-34.88740,-29.0
556,2026-08-08T18:02:00-03:00,PLASMA,-8.05867,-34.89174,-29.7
556,2026-08-08T18:07:00-03:00,PLASMA,-8.06259,-34.89885,-30.4
557,2026-08-08T22:38:00-03:00,HEMACIAS,-8.04655,-34.87768,4.4
557,2026-08-08T22:43:00-03:00,HEMACIAS,-8.05694,-34.89534,4.7
557,2026-08-08T22:48:00-03:00,HEMACIAS,-8.06418,-34.91325,4.7
557,2026-08-08T22:53:00-03:00,HEMACIAS,-8.07407,-34.93402,4.5
557,2026-08-08T22:58:00-03:00,HEMACIAS,-8.08421,-34.95034,4.3
557,2026-08-08T23:03:00-03:00,HEMACIAS,-8.09153,-34.97011,4.3
557,2026-08-08T23:08:00-03:00,HEMACIAS,-8.09941,-34.98816,3.6
557,2026-08-08T23:13:00-03:00,HEMACIAS,-8.10904,-35.00648,3.7
559,2026-08-09T09:36:00-03:00,HEMACIAS,-8.27521,-35.98266,3.8
559,2026-08-09T09:41:00-03:00,HEMACIAS,-8.27338,-35.96415,5.1
559,2026-08-09T09:46:00-03:00,HEMACIAS,-8.26875,-35.94647,4.6
559,2026-08-09T09:51:00-03:00,HEMACIAS,-8.26545,-35.92813,5.1
559,2026-08-09T09:56:00-03:00,HEMACIAS,-8.26192,-35.91042,4.8
559,2026-08-09T10:01:00-03:00,HEMACIAS,-8.26033,-35.89350,4.8
559,2026-08-09T10:06:00-03:00,HEMACIAS,-8.25605,-35.87609,4.8
559,2026-08-09T10:11:00-03:00,HEMACIAS,-8.25322,-35.85792,4.7
559,2026-08-09T10:16:00-03:00,HEMACIAS,-8.25117,-35.84263,4.5
559,2026-08-09T10:21:00-03:00,HEMACIAS,-8.24602,-35.82259,4.2
559,2026-08-09T10:26:00-03:00,HEMACIAS,-8.24561,-35.80456,4.2
559,2026-08-09T10:31:00-03:00,HEMACIAS,-8.24068,-35.78906,4.2
559,2026-08-09T10:36:00-03:00,HEMACIAS,-8.23774,-35.76807,3.8
559,2026-08-09T10:41:00-03:00,HEMACIAS,-8.23432,-35.75091,4.2
559,2026-08-09T10:46:00-03:00,HEMACIAS,-8.23205,-35.73437,3.4
559,2026-08-09T10:51:00-03:00,HEMACIAS,-8.23096,-35.71653,3.2
559,2026-08-09T10:56:00-03:00,HEMACIAS,-8.22440,-35.69978,3.4
559,2026-08-09T11:01:00-03:00,HEMACIAS,-8.22236,-35.68109,4.0
559,2026-08-09T11:06:00-03:00,HEMACIAS,-8.21826,-35.66532,4.3
559,2026-08-09T11:11:00-03:00,HEMACIAS,-8.21628,-35.64621,5.0
559,2026-08-09T11:16:00-03:00,HEMACIAS,-8.21198,-35.62794,4.8
559,2026-08-09T11:21:00-03:00,HEMACIAS,-8.20966,-35.60971,4.2
559,2026-08-09T11:26:00-03:00,HEMACIAS,-8.20625,-35.59431,4.9
559,2026-08-09T11:31:00-03:00,HEMACIAS,-8.20299,-35.57582,3.8
560,2026-08-09T06:40:00-03:00,HEMACIAS,-8.04715,-34.87629,4.3
560,2026-08-09T06:45:00-03:00,HEMACIAS,-8.04417,-34.89102,3.5
560,2026-08-09T06:50:00-03:00,HEMACIAS,-8.03942,-34.90412,3.4
560,2026-08-09T06:55:00-03:00,HEMACIAS,-8.03816,-34.91768,3.3
560,2026-08-09T07:00:00-03:00,HEMACIAS,-8.03514,-34.93074,3.7
560,2026-08-09T07:05:00-03:00,HEMACIAS,-8.03212,-34.94449,3.8
560,2026-08-09T07:10:00-03:00,HEMACIAS,-8.02758,-34.95984,3.6
560,2026-08-09T07:15:00-03:00,HEMACIAS,-8.02311,-34.97235,3.4
561,2026-08-09T10:56:00-03:00,PLASMA,-8.04708,-34.87792,-30.4
561,2026-08-09T11:01:00-03:00,PLASMA,-8.05208,-34.88396,-29.8
561,2026-08-09T11:06:00-03:00,PLASMA,-8.05846,-34.89057,-30.9
561,2026-08-09T11:11:00-03:00,PLASMA,-8.06019,-34.89652,-30.7
562,2026-08-09T09:41:00-03:00,HEMACIAS,-8.27746,-35.98207,4.0
562,2026-08-09T09:46:00-03:00,HEMACIAS,-8.27475,-35.96818,3.5
562,2026-08-09T09:51:00-03:00,HEMACIAS,-8.26985,-35.95011,3.5
562,2026-08-09T09:56:00-03:00,HEMACIAS,-8.26634,-35.93777,3.3
562,2026-08-09T10:01:00-03:00,HEMACIAS,-8.26387,-35.92407,3.2
562,2026-08-09T10:06:00-03:00,HEMACIAS,-8.26072,-35.90856,3.8
562,2026-08-09T10:11:00-03:00,HEMACIAS,-8.25875,-35.89417,4.0
562,2026-08-09T10:16:00-03:00,HEMACIAS,-8.25494,-35.88002,4.6
562,2026-08-09T10:21:00-03:00,HEMACIAS,-8.25319,-35.86422,4.2
562,2026-08-09T10:26:00-03:00,HEMACIAS,-8.24943,-35.84802,3.6
562,2026-08-09T10:31:00-03:00,HEMACIAS,-8.24516,-35.83441,3.2
562,2026-08-09T10:36:00-03:00,HEMACIAS,-8.24243,-35.81902,3.8
562,2026-08-09T10:41:00-03:00,HEMACIAS,-8.23951,-35.80420,4.2
562,2026-08-09T10:46:00-03:00,HEMACIAS,-8.23583,-35.78863,3.6
562,2026-08-09T10:51:00-03:00,HEMACIAS,-8.23360,-35.77540,4.0
562,2026-08-09T10:56:00-03:00,HEMACIAS,-8.22990,-35.75882,3.7
562,2026-08-09T11:01:00-03:00,HEMACIAS,-8.22827,-35.74573,3.8
562,2026-08-09T11:06:00-03:00,HEMACIAS,-8.22460,-35.73014,4.1
562,2026-08-09T11:11:00-03:00,HEMACIAS,-8.22234,-35.71472,3.9
562,2026-08-09T11:16:00-03:00,HEMACIAS,-8.22011,-35.70175,3.4
562,2026-08-09T11:21:00-03:00,HEMACIAS,-8.21548,-35.68570,3.9
562,2026-08-09T11:26:00-03:00,HEMACIAS,-8.21441,-35.67064,3.9
562,2026-08-09T11:31:00-03:00,HEMACIAS,-8.21007,-35.65673,4.0
562,2026-08-09T11:36:00-03:00,HEMACIAS,-8.20667,-35.64287,3.9
562,2026-08-09T11:41:00-03:00,HEMACIAS,-8.20542,-35.62822,4.0
562,2026-08-09T11:46:00-03:00,HEMACIAS,-8.20090,-35.61153,4.2
562,2026-08-09T11:51:00-03:00,HEMACIAS,-8.19920,-35.59656,3.7
562,2026-08-09T11:56:00-03:00,HEMACIAS,-8.19466,-35.58277,3.5
562,2026-08-09T12:01:00-03:00,HEMACIAS,-8.19446,-35.56907,3.8
562,2026-08-09T12:06:00-03:00,HEMACIAS,-8.18992,-35.55305,3.8
562,2026-08-09T12:11:00-03:00,HEMACIAS,-8.18592,-35.53774,3.5
562,2026-08-09T12:16:00-03:00,HEMACIAS,-8.18389,-35.52301,3.3
562,2026-08-09T12:21:00-03:00,HEMACIAS,-8.17876,-35.50913,3.6
562,2026-08-09T12:26:00-03:00,HEMACIAS,-8.17831,-35.49454,4.0
562,2026-08-09T12:31:00-03:00,HEMACIAS,-8.17607,-35.47911,3.8
562,2026-08-09T12:36:00-03:00,HEMACIAS,-8.17006,-35.46407,3.8
562,2026-08-09T12:41:00-03:00,HEMACIAS,-8.16817,-35.44969,3.9
562,2026-08-09T12:46:00-03:00,HEMACIAS,-8.16521,-35.43438,3.3
562,2026-08-09T12:51:00-03:00,HEMACIAS,-8.16111,-35.42017,3.1
562,2026-08-09T12:56:00-03:00,HEMACIAS,-8.15863,-35.40442,3.2
562,2026-08-09T13:01:00-03:00,HEMACIAS,-8.15720,-35.39098,3.7
562,2026-08-09T13:06:00-03:00,HEMACIAS,-8.15489,-35.37480,3.7
562,2026-08-09T13:11:00-03:00,HEMACIAS,-8.15061,-35.36035,4.0
562,2026-08-09T13:16:00-03:00,HEMACIAS,-8.14889,-35.34480,3.5
562,2026-08-09T13:21:00-03:00,HEMACIAS,-8.14533,-35.33138,3.9
562,2026-08-09T13:26:00-03:00,HEMACIAS,-8.14122,-35.31615,4.1
562,2026-08-09T13:31:00-03:00,HEMACIAS,-8.13918,-35.30275,4.2
562,2026-08-09T13:36:00-03:00,HEMACIAS,-8.13550,-35.28817,4.2
562,2026-08-09T13:41:00-03:00,HEMACIAS,-8.13202,-35.27292,4.0
562,2026-08-09T13:46:00-03:00,HEMACIAS,-8.12961,-35.25790,4.1
562,2026-08-09T13:51:00-03:00,HEMACIAS,-8.12641,-35.24215,4.2
562,2026-08-09T13:56:00-03:00,HEMACIAS,-8.12255,-35.22812,3.9
562,2026-08-09T14:01:00-03:00,HEMACIAS,-8.11983,-35.21285,4.3
562,2026-08-09T14:06:00-03:00,HEMACIAS,-8.11771,-35.19839,4.2
562,2026-08-09T14:11:00-03:00,HEMACIAS,-8.11487,-35.18329,4.3
562,2026-08-09T14:16:00-03:00,HEMACIAS,-8.10999,-35.17017,3.9
562,2026-08-09T14:21:00-03:00,HEMACIAS,-8.10830,-35.15455,3.6
562,2026-08-09T14:26:00-03:00,HEMACIAS,-8.10652,-35.14037,3.8
562,2026-08-09T14:31:00-03:00,HEMACIAS,-8.10264,-35.12450,3.6
562,2026-08-09T14:36:00-03:00,HEMACIAS,-8.09964,-35.10926,4.1
562,2026-08-09T14:41:00-03:00,HEMACIAS,-8.09737,-35.09345,4.3
562,2026-08-09T14:46:00-03:00,HEMACIAS,-8.09371,-35.07952,3.4
562,2026-08-09T14:51:00-03:00,HEMACIAS,-8.09011,-35.06458,4.0
562,2026-08-09T14:56:00-03:00,HEMACIAS,-8.08706,-35.05057,4.5
562,2026-08-09T15:01:00-03:00,HEMACIAS,-8.08381,-35.03728,4.6
562,2026-08-09T15:06:00-03:00,HEMACIAS,-8.08174,-35.02006,4.0
562,2026-08-09T15:11:00-03:00,HEMACIAS,-8.07938,-35.00487,4.4
562,2026-08-09T15:16:00-03:00,HEMACIAS,-8.07600,-34.99089,4.2
562,2026-08-09T15:21:00-03:00,HEMACIAS,-8.07362,-34.97625,3.9
562,2026-08-09T15:26:00-03:00,HEMACIAS,-8.06826,-34.96182,3.9
562,2026-08-09T15:31:00-03:00,HEMACIAS,-8.06690,-34.94747,4.2
562,2026-08-09T15:36:00-03:00,HEMACIAS,-8.06393,-34.93306,4.0
562,2026-08-09T15:41:00-03:00,HEMACIAS,-8.06113,-34.91718,3.0
562,2026-08-09T15:46:00-03:00,HEMACIAS,-8.05811,-34.90304,3.3
562,2026-08-09T15:51:00-03:00,HEMACIAS,-8.05475,-34.88775,3.6
563,2026-08-10T03:22:00-03:00,HEMACIAS,-8.04737,-34.87767,3.9
563,2026-08-10T03:27:00-03:00,HEMACIAS,-8.03844,-34.87225,3.7
563,2026-08-10T03:32:00-03:00,HEMACIAS,-8.03067,-34.86623,3.8
563,2026-08-10T03:37:00-03:00,HEMACIAS,-8.01972,-34.86265,3.1
563,2026-08-10T03:42:00-03:00,HEMACIAS,-8.01261,-34.85794,2.9
564,2026-08-09T18:07:00-03:00,HEMACIAS,-8.04861,-34.87834,4.3
564,2026-08-09T18:12:00-03:00,HEMACIAS,-8.05438,-34.88502,4.4
564,2026-08-09T18:17:00-03:00,HEMACIAS,-8.05828,-34.89271,4.6
565,2026-08-10T10:12:00-03:00,HEMACIAS,-8.04676,-34.87610,3.9
565,2026-08-10T10:17:00-03:00,HEMACIAS,-8.05343,-34.88469,4.5
565,2026-08-10T10:22:00-03:00,HEMACIAS,-8.06199,-34.89416,5.0
566,2026-08-10T07:33:00-03:00,PLAQUETAS,-8.04589,-34.87787,21.4
566,2026-08-10T07:38:00-03:00,PLAQUETAS,-8.05133,-34.88084,21.8
566,2026-08-10T07:43:00-03:00,PLAQUETAS,-8.05471,-34.88939,21.6
566,2026-08-10T07:48:00-03:00,PLAQUETAS,-8.05918,-34.89259,21.9
566,2026-08-10T07:53:00-03:00,PLAQUETAS,-8.06225,-34.89920,21.7
567,2026-08-10T11:10:00-03:00,HEMACIAS,-8.04639,-34.87775,3.6
567,2026-08-10T11:15:00-03:00,HEMACIAS,-8.05457,-34.90531,4.5
567,2026-08-10T11:20:00-03:00,HEMACIAS,-8.05838,-34.93298,3.9
567,2026-08-10T11:25:00-03:00,HEMACIAS,-8.06488,-34.95829,3.9
567,2026-08-10T11:30:00-03:00,HEMACIAS,-8.07240,-34.98513,3.6
567,2026-08-10T11:35:00-03:00,HEMACIAS,-8.08007,-35.01536,3.8
567,2026-08-10T11:40:00-03:00,HEMACIAS,-8.08477,-35.03931,3.5
567,2026-08-10T11:45:00-03:00,HEMACIAS,-8.08992,-35.06720,4.0
567,2026-08-10T11:50:00-03:00,HEMACIAS,-8.09686,-35.09544,3.7
567,2026-08-10T11:55:00-03:00,HEMACIAS,-8.10133,-35.12236,3.9
567,2026-08-10T12:00:00-03:00,HEMACIAS,-8.10880,-35.15123,3.9
567,2026-08-10T12:05:00-03:00,HEMACIAS,-8.11365,-35.17862,3.7
567,2026-08-10T12:10:00-03:00,HEMACIAS,-8.12206,-35.20434,3.9
567,2026-08-10T12:15:00-03:00,HEMACIAS,-8.12745,-35.23276,4.3
567,2026-08-10T12:20:00-03:00,HEMACIAS,-8.13304,-35.25960,4.1
567,2026-08-10T12:25:00-03:00,HEMACIAS,-8.13772,-35.28733,3.9
567,2026-08-10T12:30:00-03:00,HEMACIAS,-8.14516,-35.31390,3.7
567,2026-08-10T12:35:00-03:00,HEMACIAS,-8.15060,-35.33969,3.7
567,2026-08-10T12:40:00-03:00,HEMACIAS,-8.15692,-35.36832,3.8
567,2026-08-10T12:45:00-03:00,HEMACIAS,-8.16410,-35.39662,3.9
567,2026-08-10T12:50:00-03:00,HEMACIAS,-8.16924,-35.42189,3.5
567,2026-08-10T12:55:00-03:00,HEMACIAS,-8.17614,-35.44961,3.9
567,2026-08-10T13:00:00-03:00,HEMACIAS,-8.18070,-35.47826,3.7
567,2026-08-10T13:05:00-03:00,HEMACIAS,-8.18680,-35.50396,3.3
567,2026-08-10T13:10:00-03:00,HEMACIAS,-8.19502,-35.53107,3.5
567,2026-08-10T13:15:00-03:00,HEMACIAS,-8.20021,-35.55873,3.3
568,2026-08-10T12:22:00-03:00,HEMACIAS,-8.04793,-34.87728,3.2
568,2026-08-10T12:27:00-03:00,HEMACIAS,-8.05092,-34.88144,4.3
568,2026-08-10T12:32:00-03:00,HEMACIAS,-8.05421,-34.88818,4.1
568,2026-08-10T12:37:00-03:00,HEMACIAS,-8.05942,-34.89305,3.8
568,2026-08-10T12:42:00-03:00,HEMACIAS,-8.06399,-34.89815,4.5
569,2026-08-10T14:41:00-03:00,HEMACIAS,-8.04836,-34.87657,4.2
569,2026-08-10T14:46:00-03:00,HEMACIAS,-8.04010,-34.87298,4.4
569,2026-08-10T14:51:00-03:00,HEMACIAS,-8.03177,-34.86887,4.6
569,2026-08-10T14:56:00-03:00,HEMACIAS,-8.02375,-34.86412,4.4
569,2026-08-10T15:01:00-03:00,HEMACIAS,-8.01497,-34.85870,4.1
570,2026-08-10T13:01:00-03:00,PLAQUETAS,-8.04821,-34.87689,21.7
570,2026-08-10T13:06:00-03:00,PLAQUETAS,-8.03518,-34.86812,21.6
570,2026-08-10T13:11:00-03:00,PLAQUETAS,-8.01957,-34.86017,21.9
571,2026-08-10T14:25:00-03:00,HEMACIAS,-8.04873,-34.87740,3.9
571,2026-08-10T14:30:00-03:00,HEMACIAS,-8.04086,-34.87354,4.3
571,2026-08-10T14:35:00-03:00,HEMACIAS,-8.03260,-34.86994,4.0
571,2026-08-10T14:40:00-03:00,HEMACIAS,-8.02627,-34.86562,4.2
571,2026-08-10T14:45:00-03:00,HEMACIAS,-8.02046,-34.86158,3.9
571,2026-08-10T14:50:00-03:00,HEMACIAS,-8.01204,-34.85831,4.0
572,2026-08-10T15:07:00-03:00,PLAQUETAS,-8.04834,-34.87665,22.3
572,2026-08-10T15:12:00-03:00,PLAQUETAS,-8.05380,-34.88622,22.0
572,2026-08-10T15:17:00-03:00,PLAQUETAS,-8.05877,-34.89405,22.2
573,2026-08-11T04:03:00-03:00,HEMACIAS,-8.04784,-34.87718,3.3
573,2026-08-11T04:08:00-03:00,HEMACIAS,-8.05250,-34.88407,3.8
573,2026-08-11T04:13:00-03:00,HEMACIAS,-8.05613,-34.89034,4.2
573,2026-08-11T04:18:00-03:00,HEMACIAS,-8.06059,-34.89699,4.9
574,2026-08-10T16:27:00-03:00,PLAQUETAS,-8.04640,-34.87613,21.8
574,2026-08-10T16:32:00-03:00,PLAQUETAS,-8.04225,-34.89434,22.2
574,2026-08-10T16:37:00-03:00,PLAQUETAS,-8.03791,-34.91085,22.6
574,2026-08-10T16:42:00-03:00,PLAQUETAS,-8.03512,-34.92963,22.6
574,2026-08-10T16:47:00-03:00,PLAQUETAS,-8.03119,-34.94872,22.2
574,2026-08-10T16:52:00-03:00,PLAQUETAS,-8.02607,-34.96416,22.5
575,2026-08-10T16:31:00-03:00,PLAQUETAS,-8.27573,-35.98356,22.1
575,2026-08-10T16:36:00-03:00,PLAQUETAS,-8.27277,-35.96761,22.7
575,2026-08-10T16:41:00-03:00,PLAQUETAS,-8.26998,-35.95399,22.3
575,2026-08-10T16:46:00-03:00,PLAQUETAS,-8.26914,-35.93902,22.3
575,2026-08-10T16:51:00-03:00,PLAQUETAS,-8.26510,-35.92365,22.5
575,2026-08-10T16:56:00-03:00,PLAQUETAS,-8.26382,-35.90901,22.5
575,2026-08-10T17:01:00-03:00,PLAQUETAS,-8.25994,-35.89599,22.3
575,2026-08-10T17:06:00-03:00,PLAQUETAS,-8.25833,-35.88159,22.2
575,2026-08-10T17:11:00-03:00,PLAQUETAS,-8.25585,-35.86543,22.0
575,2026-08-10T17:16:00-03:00,PLAQUETAS,-8.25419,-35.85311,21.5
575,2026-08-10T17:21:00-03:00,PLAQUETAS,-8.24895,-35.83633,21.5
575,2026-08-10T17:26:00-03:00,PLAQUETAS,-8.24796,-35.82318,21.5
575,2026-08-10T17:31:00-03:00,PLAQUETAS,-8.24684,-35.80697,21.6
575,2026-08-10T17:36:00-03:00,PLAQUETAS,-8.24296,-35.79252,22.4
575,2026-08-10T17:41:00-03:00,PLAQUETAS,-8.23892,-35.77924,22.5
575,2026-08-10T17:46:00-03:00,PLAQUETAS,-8.23661,-35.76394,22.5
575,2026-08-10T17:51:00-03:00,PLAQUETAS,-8.23354,-35.75103,22.1
575,2026-08-10T17:56:00-03:00,PLAQUETAS,-8.23153,-35.73620,22.7
575,2026-08-10T18:01:00-03:00,PLAQUETAS,-8.22903,-35.72210,22.2
575,2026-08-10T18:06:00-03:00,PLAQUETAS,-8.22588,-35.70630,22.5
575,2026-08-10T18:11:00-03:00,PLAQUETAS,-8.22478,-35.69117,22.2
575,2026-08-10T18:16:00-03:00,PLAQUETAS,-8.22084,-35.67771,22.4
575,2026-08-10T18:21:00-03:00,PLAQUETAS,-8.21950,-35.66344,22.5
575,2026-08-10T18:26:00-03:00,PLAQUETAS,-8.21715,-35.64910,22.2
575,2026-08-10T18:31:00-03:00,PLAQUETAS,-8.21431,-35.63358,21.6
575,2026-08-10T18:36:00-03:00,PLAQUETAS,-8.21186,-35.62068,21.8
575,2026-08-10T18:41:00-03:00,PLAQUETAS,-8.20828,-35.60745,22.2
575,2026-08-10T18:46:00-03:00,PLAQUETAS,-8.20587,-35.59078,22.3
575,2026-08-10T18:51:00-03:00,PLAQUETAS,-8.20266,-35.57683,21.7
576,2026-08-11T08:02:00-03:00,HEMACIAS,-8.27506,-35.98179,4.0
576,2026-08-11T08:07:00-03:00,HEMACIAS,-8.27390,-35.96245,4.2
576,2026-08-11T08:12:00-03:00,HEMACIAS,-8.26824,-35.94311,4.5
576,2026-08-11T08:17:00-03:00,HEMACIAS,-8.26423,-35.92234,3.9
576,2026-08-11T08:22:00-03:00,HEMACIAS,-8.26275,-35.90521,4.1
576,2026-08-11T08:27:00-03:00,HEMACIAS,-8.25746,-35.88425,3.7
576,2026-08-11T08:32:00-03:00,HEMACIAS,-8.25509,-35.86549,3.9
576,2026-08-11T08:37:00-03:00,HEMACIAS,-8.25190,-35.84700,4.4
576,2026-08-11T08:42:00-03:00,HEMACIAS,-8.24803,-35.82659,3.6
576,2026-08-11T08:47:00-03:00,HEMACIAS,-8.24359,-35.80674,3.5
576,2026-08-11T08:52:00-03:00,HEMACIAS,-8.24022,-35.78622,3.6
576,2026-08-11T08:57:00-03:00,HEMACIAS,-8.23715,-35.76840,3.8
576,2026-08-11T09:02:00-03:00,HEMACIAS,-8.23249,-35.74889,3.8
576,2026-08-11T09:07:00-03:00,HEMACIAS,-8.23025,-35.72879,4.0
576,2026-08-11T09:12:00-03:00,HEMACIAS,-8.22744,-35.70932,4.3
576,2026-08-11T09:17:00-03:00,HEMACIAS,-8.22269,-35.68919,4.4
576,2026-08-11T09:22:00-03:00,HEMACIAS,-8.21897,-35.67070,4.3
576,2026-08-11T09:27:00-03:00,HEMACIAS,-8.21756,-35.65027,4.5
576,2026-08-11T09:32:00-03:00,HEMACIAS,-8.21348,-35.63096,4.3
576,2026-08-11T09:37:00-03:00,HEMACIAS,-8.20802,-35.61183,4.5
576,2026-08-11T09:42:00-03:00,HEMACIAS,-8.20647,-35.59215,4.3
576,2026-08-11T09:47:00-03:00,HEMACIAS,-8.20206,-35.57292,4.5
577,2026-08-10T20:02:00-03:00,HEMACIAS,-8.04689,-34.87597,3.4
577,2026-08-10T20:07:00-03:00,HEMACIAS,-8.05309,-34.88806,4.1
577,2026-08-10T20:12:00-03:00,HEMACIAS,-8.05638,-34.89737,3.6
577,2026-08-10T20:17:00-03:00,HEMACIAS,-8.06253,-34.90792,4.1
577,2026-08-10T20:22:00-03:00,HEMACIAS,-8.06753,-34.91767,3.8
577,2026-08-10T20:27:00-03:00,HEMACIAS,-8.07139,-34.92788,4.1
577,2026-08-10T20:32:00-03:00,HEMACIAS,-8.07637,-34.93846,4.4
577,2026-08-10T20:37:00-03:00,HEMACIAS,-8.08171,-34.94839,4.6
577,2026-08-10T20:42:00-03:00,HEMACIAS,-8.08604,-34.95782,4.2
577,2026-08-10T20:47:00-03:00,HEMACIAS,-8.09098,-34.96912,4.1
577,2026-08-10T20:52:00-03:00,HEMACIAS,-8.09500,-34.97784,4.2
577,2026-08-10T20:57:00-03:00,HEMACIAS,-8.10056,-34.98867,4.4
577,2026-08-10T21:02:00-03:00,HEMACIAS,-8.10568,-34.99896,4.3
577,2026-08-10T21:07:00-03:00,HEMACIAS,-8.11007,-35.00812,4.4
578,2026-08-11T11:25:00-03:00,HEMACIAS,-8.04720,-34.87567,3.7
578,2026-08-11T11:30:00-03:00,HEMACIAS,-8.04840,-34.87955,3.8
578,2026-08-11T11:35:00-03:00,HEMACIAS,-8.05078,-34.88273,4.2
578,2026-08-11T11:40:00-03:00,HEMACIAS,-8.05333,-34.88372,4.1
579,2026-08-11T04:39:00-03:00,PLASMA,-8.27425,-35.98135,-31.7
579,2026-08-11T04:44:00-03:00,PLASMA,-8.27890,-35.97824,-29.7
579,2026-08-11T04:49:00-03:00,PLASMA,-8.28182,-35.97494,-29.4
579,2026-08-11T04:54:00-03:00,PLASMA,-8.28466,-35.96982,-30.0
580,2026-08-11T09:33:00-03:00,HEMACIAS,-8.04825,-34.87640,3.7
580,2026-08-11T09:38:00-03:00,HEMACIAS,-8.03887,-34.87318,2.9
580,2026-08-11T09:43:00-03:00,HEMACIAS,-8.03118,-34.86785,2.9
580,2026-08-11T09:48:00-03:00,HEMACIAS,-8.02221,-34.86210,3.3
580,2026-08-11T09:53:00-03:00,HEMACIAS,-8.01603,-34.85865,3.5
581,2026-08-11T11:36:00-03:00,PLAQUETAS,-8.27526,-35.98135,21.8
581,2026-08-11T11:41:00-03:00,PLAQUETAS,-8.27149,-35.95355,21.9
581,2026-08-11T11:46:00-03:00,PLAQUETAS,-8.26483,-35.92723,22.1
581,2026-08-11T11:51:00-03:00,PLAQUETAS,-8.26050,-35.90156,21.8
581,2026-08-11T11:56:00-03:00,PLAQUETAS,-8.25404,-35.87493,22.5
581,2026-08-11T12:01:00-03:00,PLAQUETAS,-8.24874,-35.84534,22.3
581,2026-08-11T12:06:00-03:00,PLAQUETAS,-8.24446,-35.81894,21.1
581,2026-08-11T12:11:00-03:00,PLAQUETAS,-8.23814,-35.79167,21.3
581,2026-08-11T12:16:00-03:00,PLAQUETAS,-8.23290,-35.76449,22.2
581,2026-08-11T12:21:00-03:00,PLAQUETAS,-8.22591,-35.73785,22.5
581,2026-08-11T12:26:00-03:00,PLAQUETAS,-8.22024,-35.70961,22.6
581,2026-08-11T12:31:00-03:00,PLAQUETAS,-8.21444,-35.68238,21.9
581,2026-08-11T12:36:00-03:00,PLAQUETAS,-8.21062,-35.65610,22.5
581,2026-08-11T12:41:00-03:00,PLAQUETAS,-8.20416,-35.62935,21.9
581,2026-08-11T12:46:00-03:00,PLAQUETAS,-8.20010,-35.60247,22.0
581,2026-08-11T12:51:00-03:00,PLAQUETAS,-8.19375,-35.57357,22.1
581,2026-08-11T12:56:00-03:00,PLAQUETAS,-8.18779,-35.54633,22.0
581,2026-08-11T13:01:00-03:00,PLAQUETAS,-8.18170,-35.52013,22.1
581,2026-08-11T13:06:00-03:00,PLAQUETAS,-8.17663,-35.49386,22.3
581,2026-08-11T13:11:00-03:00,PLAQUETAS,-8.17107,-35.46630,23.0
581,2026-08-11T13:16:00-03:00,PLAQUETAS,-8.16653,-35.44009,23.3
581,2026-08-11T13:21:00-03:00,PLAQUETAS,-8.16040,-35.41171,23.3
581,2026-08-11T13:26:00-03:00,PLAQUETAS,-8.15605,-35.38349,23.5
581,2026-08-11T13:31:00-03:00,PLAQUETAS,-8.14925,-35.35771,23.2
581,2026-08-11T13:36:00-03:00,PLAQUETAS,-8.14380,-35.33001,23.6
581,2026-08-11T13:41:00-03:00,PLAQUETAS,-8.13883,-35.30147,22.8
581,2026-08-11T13:46:00-03:00,PLAQUETAS,-8.13328,-35.27673,23.3
581,2026-08-11T13:51:00-03:00,PLAQUETAS,-8.12638,-35.24864,23.5
581,2026-08-11T13:56:00-03:00,PLAQUETAS,-8.12103,-35.22067,22.8
581,2026-08-11T14:01:00-03:00,PLAQUETAS,-8.11706,-35.19247,22.2
581,2026-08-11T14:06:00-03:00,PLAQUETAS,-8.11194,-35.16954,22.2
581,2026-08-11T14:11:00-03:00,PLAQUETAS,-8.10462,-35.13998,22.4
581,2026-08-11T14:16:00-03:00,PLAQUETAS,-8.10040,-35.11238,21.6
581,2026-08-11T14:21:00-03:00,PLAQUETAS,-8.09389,-35.08635,21.8
581,2026-08-11T14:26:00-03:00,PLAQUETAS,-8.08896,-35.06000,21.6
581,2026-08-11T14:31:00-03:00,PLAQUETAS,-8.08456,-35.03198,21.2
581,2026-08-11T14:36:00-03:00,PLAQUETAS,-8.07652,-35.00467,21.2
581,2026-08-11T14:41:00-03:00,PLAQUETAS,-8.07335,-34.97709,21.6
581,2026-08-11T14:46:00-03:00,PLAQUETAS,-8.06613,-34.94912,21.2
581,2026-08-11T14:51:00-03:00,PLAQUETAS,-8.06366,-34.92342,21.5
581,2026-08-11T14:56:00-03:00,PLAQUETAS,-8.05574,-34.89628,21.6
582,2026-08-11T14:30:00-03:00,HEMACIAS,-8.27592,-35.98071,3.6
582,2026-08-11T14:35:00-03:00,HEMACIAS,-8.27395,-35.95777,4.2
582,2026-08-11T14:40:00-03:00,HEMACIAS,-8.26797,-35.93336,4.0
582,2026-08-11T14:45:00-03:00,HEMACIAS,-8.26315,-35.90897,4.2
582,2026-08-11T14:50:00-03:00,HEMACIAS,-8.25843,-35.88485,4.1
582,2026-08-11T14:55:00-03:00,HEMACIAS,-8.25281,-35.86014,3.9
582,2026-08-11T15:00:00-03:00,HEMACIAS,-8.25006,-35.83702,4.3
582,2026-08-11T15:05:00-03:00,HEMACIAS,-8.24574,-35.81173,4.1
582,2026-08-11T15:10:00-03:00,HEMACIAS,-8.24161,-35.78755,4.7
582,2026-08-11T15:15:00-03:00,HEMACIAS,-8.23683,-35.76389,4.2
582,2026-08-11T15:20:00-03:00,HEMACIAS,-8.23141,-35.73913,4.4
582,2026-08-11T15:25:00-03:00,HEMACIAS,-8.22728,-35.71560,4.4
582,2026-08-11T15:30:00-03:00,HEMACIAS,-8.22342,-35.69033,4.5
582,2026-08-11T15:35:00-03:00,HEMACIAS,-8.21955,-35.66760,4.7
582,2026-08-11T15:40:00-03:00,HEMACIAS,-8.21476,-35.64255,5.0
582,2026-08-11T15:45:00-03:00,HEMACIAS,-8.21157,-35.61800,4.4
582,2026-08-11T15:50:00-03:00,HEMACIAS,-8.20642,-35.59425,4.5
582,2026-08-11T15:55:00-03:00,HEMACIAS,-8.20122,-35.56965,4.3
583,2026-08-11T17:52:00-03:00,HEMACIAS,-8.04742,-34.87693,3.9
583,2026-08-11T17:57:00-03:00,HEMACIAS,-8.05308,-34.88378,3.3
583,2026-08-11T18:02:00-03:00,HEMACIAS,-8.05873,-34.89238,3.1
584,2026-08-11T14:06:00-03:00,HEMACIAS,-8.04841,-34.87881,4.2
584,2026-08-11T14:11:00-03:00,HEMACIAS,-8.05069,-34.88161,4.4
584,2026-08-11T14:16:00-03:00,HEMACIAS,-8.05226,-34.88528,3.7
584,2026-08-11T14:21:00-03:00,HEMACIAS,-8.05480,-34.88977,4.0
584,2026-08-11T14:26:00-03:00,HEMACIAS,-8.05803,-34.89215,4.5
584,2026-08-11T14:31:00-03:00,HEMACIAS,-8.06112,-34.89537,4.2
585,2026-08-11T11:51:00-03:00,HEMACIAS,-8.04829,-34.87555,2.8
585,2026-08-11T11:56:00-03:00,HEMACIAS,-8.04458,-34.89219,3.3
585,2026-08-11T12:01:00-03:00,HEMACIAS,-8.04040,-34.90916,3.4
585,2026-08-11T12:06:00-03:00,HEMACIAS,-8.03600,-34.92310,3.7
585,2026-08-11T12:11:00-03:00,HEMACIAS,-8.03357,-34.93837,3.6
585,2026-08-11T12:16:00-03:00,HEMACIAS,-8.03072,-34.95279,3.8
585,2026-08-11T12:21:00-03:00,HEMACIAS,-8.02619,-34.96826,4.3
586,2026-08-11T12:07:00-03:00,HEMACIAS,-8.04757,-34.87629,3.5
586,2026-08-11T12:12:00-03:00,HEMACIAS,-8.05475,-34.89283,3.5
586,2026-08-11T12:17:00-03:00,HEMACIAS,-8.06230,-34.90782,3.3
586,2026-08-11T12:22:00-03:00,HEMACIAS,-8.06977,-34.92419,3.9
586,2026-08-11T12:27:00-03:00,HEMACIAS,-8.07700,-34.94120,4.3
586,2026-08-11T12:32:00-03:00,HEMACIAS,-8.08571,-34.95836,3.9
586,2026-08-11T12:37:00-03:00,HEMACIAS,-8.09311,-34.97418,3.8
586,2026-08-11T12:42:00-03:00,HEMACIAS,-8.10103,-34.98941,3.3
586,2026-08-11T12:47:00-03:00,HEMACIAS,-8.10892,-35.00596,3.5
587,2026-08-11T13:14:00-03:00,CRIOPRECIPITADO,-8.04752,-34.87766,-29.7
587,2026-08-11T13:19:00-03:00,CRIOPRECIPITADO,-8.05194,-34.88129,-32.0
588,2026-08-11T19:33:00-03:00,PLAQUETAS,-8.04774,-34.87702,22.3
588,2026-08-11T19:38:00-03:00,PLAQUETAS,-8.05230,-34.88437,22.1
588,2026-08-11T19:43:00-03:00,PLAQUETAS,-8.05609,-34.89209,22.4
588,2026-08-11T19:48:00-03:00,PLAQUETAS,-8.06286,-34.90016,22.3
589,2026-08-12T09:19:00-03:00,PLAQUETAS,-8.04953,-34.87849,21.9
589,2026-08-12T09:24:00-03:00,PLAQUETAS,-8.05172,-34.88281,22.3
589,2026-08-12T09:29:00-03:00,PLAQUETAS,-8.05631,-34.89145,22.4
589,2026-08-12T09:34:00-03:00,PLAQUETAS,-8.06042,-34.89589,22.3
590,2026-08-11T21:03:00-03:00,PLAQUETAS,-8.27653,-35.98173,22.7
590,2026-08-11T21:08:00-03:00,PLAQUETAS,-8.28143,-35.97540,22.7
591,2026-08-11T23:46:00-03:00,PLASMA,-8.27472,-35.98270,-30.2
591,2026-08-11T23:51:00-03:00,PLASMA,-8.27154,-35.96176,-31.8
591,2026-08-11T23:56:00-03:00,PLASMA,-8.26654,-35.94086,-31.1
591,2026-08-12T00:01:00-03:00,PLASMA,-8.26346,-35.92003,-29.7
591,2026-08-12T00:06:00-03:00,PLASMA,-8.25909,-35.89825,-30.1
591,2026-08-12T00:11:00-03:00,PLASMA,-8.25570,-35.87785,-29.1
591,2026-08-12T00:16:00-03:00,PLASMA,-8.25102,-35.85924,-28.3
591,2026-08-12T00:21:00-03:00,PLASMA,-8.24616,-35.83720,-29.7
591,2026-08-12T00:26:00-03:00,PLASMA,-8.24323,-35.81715,-29.4
591,2026-08-12T00:31:00-03:00,PLASMA,-8.24007,-35.79547,-31.7
591,2026-08-12T00:36:00-03:00,PLASMA,-8.23446,-35.77643,-32.2
591,2026-08-12T00:41:00-03:00,PLASMA,-8.22876,-35.75508,-31.3
591,2026-08-12T00:46:00-03:00,PLASMA,-8.22607,-35.73576,-30.3
591,2026-08-12T00:51:00-03:00,PLASMA,-8.22318,-35.71446,-28.3
591,2026-08-12T00:56:00-03:00,PLASMA,-8.21758,-35.69346,-28.1
591,2026-08-12T01:01:00-03:00,PLASMA,-8.21199,-35.67243,-28.6
591,2026-08-12T01:06:00-03:00,PLASMA,-8.20966,-35.65260,-29.6
591,2026-08-12T01:11:00-03:00,PLASMA,-8.20462,-35.63265,-29.9
591,2026-08-12T01:16:00-03:00,PLASMA,-8.20179,-35.61077,-30.9
591,2026-08-12T01:21:00-03:00,PLASMA,-8.19657,-35.58915,-29.9
591,2026-08-12T01:26:00-03:00,PLASMA,-8.19379,-35.57002,-30.8
591,2026-08-12T01:31:00-03:00,PLASMA,-8.18797,-35.54826,-30.2
591,2026-08-12T01:36:00-03:00,PLASMA,-8.18472,-35.52766,-29.5
591,2026-08-12T01:41:00-03:00,PLASMA,-8.17976,-35.50730,-29.2
591,2026-08-12T01:46:00-03:00,PLASMA,-8.17635,-35.48748,-29.7
591,2026-08-12T01:51:00-03:00,PLASMA,-8.17207,-35.46695,-30.0
591,2026-08-12T01:56:00-03:00,PLASMA,-8.16721,-35.44733,-29.3
591,2026-08-12T02:01:00-03:00,PLASMA,-8.16346,-35.42439,-29.8
591,2026-08-12T02:06:00-03:00,PLASMA,-8.15847,-35.40540,-30.6
591,2026-08-12T02:11:00-03:00,PLASMA,-8.15482,-35.38464,-29.5
591,2026-08-12T02:16:00-03:00,PLASMA,-8.15104,-35.36367,-31.7
591,2026-08-12T02:21:00-03:00,PLASMA,-8.14581,-35.34334,-32.3
591,2026-08-12T02:26:00-03:00,PLASMA,-8.14274,-35.32234,-31.1
591,2026-08-12T02:31:00-03:00,PLASMA,-8.13718,-35.30249,-32.4
591,2026-08-12T02:36:00-03:00,PLASMA,-8.13441,-35.28176,-30.6
591,2026-08-12T02:41:00-03:00,PLASMA,-8.13068,-35.26030,-31.0
591,2026-08-12T02:46:00-03:00,PLASMA,-8.12570,-35.23905,-30.7
591,2026-08-12T02:51:00-03:00,PLASMA,-8.12216,-35.21705,-30.4
591,2026-08-12T02:56:00-03:00,PLASMA,-8.11683,-35.19766,-31.1
591,2026-08-12T03:01:00-03:00,PLASMA,-8.11527,-35.17644,-30.2
591,2026-08-12T03:06:00-03:00,PLASMA,-8.10912,-35.15702,-32.0
591,2026-08-12T03:11:00-03:00,PLASMA,-8.10545,-35.13670,-30.7
591,2026-08-12T03:16:00-03:00,PLASMA,-8.09893,-35.11560,-30.9
591,2026-08-12T03:21:00-03:00,PLASMA,-8.09643,-35.09491,-29.3
591,2026-08-12T03:26:00-03:00,PLASMA,-8.09229,-35.07506,-29.7
591,2026-08-12T03:31:00-03:00,PLASMA,-8.08845,-35.05451,-30.3
591,2026-08-12T03:36:00-03:00,PLASMA,-8.08433,-35.03199,-31.5
591,2026-08-12T03:41:00-03:00,PLASMA,-8.07902,-35.01202,-32.2
591,2026-08-12T03:46:00-03:00,PLASMA,-8.07609,-34.99286,-30.4
591,2026-08-12T03:51:00-03:00,PLASMA,-8.07185,-34.97187,-29.4
591,2026-08-12T03:56:00-03:00,PLASMA,-8.06786,-34.95266,-30.5
591,2026-08-12T04:01:00-03:00,PLASMA,-8.06196,-34.93340,-30.1
591,2026-08-12T04:06:00-03:00,PLASMA,-8.06004,-34.90929,-30.3
591,2026-08-12T04:11:00-03:00,PLASMA,-8.05435,-34.88941,-30.0
592,2026-08-12T11:19:00-03:00,PLAQUETAS,-8.04657,-34.87591,22.1
592,2026-08-12T11:24:00-03:00,PLAQUETAS,-8.05155,-34.88323,22.1
592,2026-08-12T11:29:00-03:00,PLAQUETAS,-8.05705,-34.88940,21.8
592,2026-08-12T11:34:00-03:00,PLAQUETAS,-8.06097,-34.89656,21.8
593,2026-08-12T11:33:00-03:00,HEMACIAS,-8.27693,-35.98205,3.7
593,2026-08-12T11:38:00-03:00,HEMACIAS,-8.27421,-35.96595,4.1
593,2026-08-12T11:43:00-03:00,HEMACIAS,-8.27203,-35.95259,4.2
593,2026-08-12T11:48:00-03:00,HEMACIAS,-8.26702,-35.93671,3.9
593,2026-08-12T11:53:00-03:00,HEMACIAS,-8.26440,-35.92233,3.8
593,2026-08-12T11:58:00-03:00,HEMACIAS,-8.26250,-35.90801,3.6
593,2026-08-12T12:03:00-03:00,HEMACIAS,-8.25985,-35.89454,3.5
593,2026-08-12T12:08:00-03:00,HEMACIAS,-8.25711,-35.87701,3.1
593,2026-08-12T12:13:00-03:00,HEMACIAS,-8.25467,-35.86441,2.8
593,2026-08-12T12:18:00-03:00,HEMACIAS,-8.25115,-35.84842,3.3
593,2026-08-12T12:23:00-03:00,HEMACIAS,-8.24813,-35.83360,3.6
593,2026-08-12T12:28:00-03:00,HEMACIAS,-8.24668,-35.81799,3.6
593,2026-08-12T12:33:00-03:00,HEMACIAS,-8.24333,-35.80254,3.4
593,2026-08-12T12:38:00-03:00,HEMACIAS,-8.24076,-35.78913,3.7
593,2026-08-12T12:43:00-03:00,HEMACIAS,-8.23874,-35.77412,4.4
593,2026-08-12T12:48:00-03:00,HEMACIAS,-8.23506,-35.75842,4.4
593,2026-08-12T12:53:00-03:00,HEMACIAS,-8.23305,-35.74336,4.6
593,2026-08-12T12:58:00-03:00,HEMACIAS,-8.22862,-35.72984,3.3
593,2026-08-12T13:03:00-03:00,HEMACIAS,-8.22865,-35.71269,3.3
593,2026-08-12T13:08:00-03:00,HEMACIAS,-8.22530,-35.69878,3.3
593,2026-08-12T13:13:00-03:00,HEMACIAS,-8.22330,-35.68338,3.4
593,2026-08-12T13:18:00-03:00,HEMACIAS,-8.21984,-35.66980,3.6
593,2026-08-12T13:23:00-03:00,HEMACIAS,-8.21648,-35.65383,3.9
593,2026-08-12T13:28:00-03:00,HEMACIAS,-8.21505,-35.63884,4.7
593,2026-08-12T13:33:00-03:00,HEMACIAS,-8.21312,-35.62346,4.9
593,2026-08-12T13:38:00-03:00,HEMACIAS,-8.21037,-35.60882,4.5
593,2026-08-12T13:43:00-03:00,HEMACIAS,-8.20826,-35.59508,4.2
593,2026-08-12T13:48:00-03:00,HEMACIAS,-8.20300,-35.58069,3.8
593,2026-08-12T13:53:00-03:00,HEMACIAS,-8.20104,-35.56391,3.7
594,2026-08-12T06:02:00-03:00,HEMACIAS,-8.27624,-35.98057,3.8
594,2026-08-12T06:07:00-03:00,HEMACIAS,-8.27943,-35.97737,4.0
594,2026-08-12T06:12:00-03:00,HEMACIAS,-8.28302,-35.97352,4.3
595,2026-08-12T06:48:00-03:00,HEMACIAS,-8.04691,-34.87654,3.8
595,2026-08-12T06:53:00-03:00,HEMACIAS,-8.05063,-34.88057,3.2
595,2026-08-12T06:58:00-03:00,HEMACIAS,-8.05334,-34.88385,3.7
596,2026-08-12T11:39:00-03:00,HEMACIAS,-8.27654,-35.98148,4.0
596,2026-08-12T11:44:00-03:00,HEMACIAS,-8.27179,-35.96397,3.7
596,2026-08-12T11:49:00-03:00,HEMACIAS,-8.26916,-35.94581,3.4
596,2026-08-12T11:54:00-03:00,HEMACIAS,-8.26660,-35.92814,4.0
596,2026-08-12T11:59:00-03:00,HEMACIAS,-8.26096,-35.91140,4.3
596,2026-08-12T12:04:00-03:00,HEMACIAS,-8.25789,-35.89192,3.9
596,2026-08-12T12:09:00-03:00,HEMACIAS,-8.25635,-35.87265,4.7
596,2026-08-12T12:14:00-03:00,HEMACIAS,-8.25060,-35.85661,3.9
596,2026-08-12T12:19:00-03:00,HEMACIAS,-8.24768,-35.83720,4.0
596,2026-08-12T12:24:00-03:00,HEMACIAS,-8.24413,-35.82054,4.4
596,2026-08-12T12:29:00-03:00,HEMACIAS,-8.24001,-35.80239,5.0
596,2026-08-12T12:34:00-03:00,HEMACIAS,-8.23614,-35.78315,4.3
596,2026-08-12T12:39:00-03:00,HEMACIAS,-8.23333,-35.76534,4.1
596,2026-08-12T12:44:00-03:00,HEMACIAS,-8.22955,-35.74794,3.6
596,2026-08-12T12:49:00-03:00,HEMACIAS,-8.22607,-35.73088,4.3
596,2026-08-12T12:54:00-03:00,HEMACIAS,-8.22375,-35.71135,4.0
596,2026-08-12T12:59:00-03:00,HEMACIAS,-8.21871,-35.69436,4.7
596,2026-08-12T13:04:00-03:00,HEMACIAS,-8.21576,-35.67593,4.7
596,2026-08-12T13:09:00-03:00,HEMACIAS,-8.21230,-35.65925,3.7
596,2026-08-12T13:14:00-03:00,HEMACIAS,-8.20849,-35.63826,3.5
596,2026-08-12T13:19:00-03:00,HEMACIAS,-8.20636,-35.62175,2.9
596,2026-08-12T13:24:00-03:00,HEMACIAS,-8.20132,-35.60509,2.8
596,2026-08-12T13:29:00-03:00,HEMACIAS,-8.19797,-35.58629,3.8
596,2026-08-12T13:34:00-03:00,HEMACIAS,-8.19441,-35.56853,3.5
596,2026-08-12T13:39:00-03:00,HEMACIAS,-8.19103,-35.54964,4.0
596,2026-08-12T13:44:00-03:00,HEMACIAS,-8.18935,-35.53209,4.0
596,2026-08-12T13:49:00-03:00,HEMACIAS,-8.18540,-35.51409,3.8
596,2026-08-12T13:54:00-03:00,HEMACIAS,-8.18147,-35.49546,4.4
596,2026-08-12T13:59:00-03:00,HEMACIAS,-8.17527,-35.47759,4.7
596,2026-08-12T14:04:00-03:00,HEMACIAS,-8.17526,-35.45982,4.3
596,2026-08-12T14:09:00-03:00,HEMACIAS,-8.16920,-35.44194,4.1
596,2026-08-12T14:14:00-03:00,HEMACIAS,-8.16563,-35.42391,4.3
596,2026-08-12T14:19:00-03:00,HEMACIAS,-8.16190,-35.40638,4.0
596,2026-08-12T14:24:00-03:00,HEMACIAS,-8.16004,-35.38901,3.7
596,2026-08-12T14:29:00-03:00,HEMACIAS,-8.15587,-35.36976,3.5
596,2026-08-12T14:34:00-03:00,HEMACIAS,-8.15222,-35.35262,3.8
596,2026-08-12T14:39:00-03:00,HEMACIAS,-8.14836,-35.33518,3.8
596,2026-08-12T14:44:00-03:00,HEMACIAS,-8.14408,-35.31672,3.8
596,2026-08-12T14:49:00-03:00,HEMACIAS,-8.14195,-35.29718,4.1
596,2026-08-12T14:54:00-03:00,HEMACIAS,-8.13855,-35.27897,4.4
596,2026-08-12T14:59:00-03:00,HEMACIAS,-8.13506,-35.26301,4.6
596,2026-08-12T15:04:00-03:00,HEMACIAS,-8.13125,-35.24405,4.4
596,2026-08-12T15:09:00-03:00,HEMACIAS,-8.12720,-35.22501,3.7
596,2026-08-12T15:14:00-03:00,HEMACIAS,-8.12405,-35.20955,3.9
596,2026-08-12T15:19:00-03:00,HEMACIAS,-8.12035,-35.19074,4.1
596,2026-08-12T15:24:00-03:00,HEMACIAS,-8.11671,-35.17184,4.0
596,2026-08-12T15:29:00-03:00,HEMACIAS,-8.11335,-35.15410,4.1
596,2026-08-12T15:34:00-03:00,HEMACIAS,-8.10972,-35.13380,3.9
596,2026-08-12T15:39:00-03:00,HEMACIAS,-8.10551,-35.11855,4.4
596,2026-08-12T15:44:00-03:00,HEMACIAS,-8.10352,-35.10012,4.7
596,2026-08-12T15:49:00-03:00,HEMACIAS,-8.09825,-35.08414,4.6
596,2026-08-12T15:54:00-03:00,HEMACIAS,-8.09647,-35.06332,3.9
596,2026-08-12T15:59:00-03:00,HEMACIAS,-8.09208,-35.04593,4.4
596,2026-08-12T16:04:00-03:00,HEMACIAS,-8.08764,-35.02896,4.9
596,2026-08-12T16:09:00-03:00,HEMACIAS,-8.08520,-35.01114,4.5
596,2026-08-12T16:14:00-03:00,HEMACIAS,-8.08102,-34.99300,4.5
596,2026-08-12T16:19:00-03:00,HEMACIAS,-8.07791,-34.97479,4.4
596,2026-08-12T16:24:00-03:00,HEMACIAS,-8.07446,-34.95675,4.6
596,2026-08-12T16:29:00-03:00,HEMACIAS,-8.07123,-34.93937,4.1
596,2026-08-12T16:34:00-03:00,HEMACIAS,-8.06594,-34.92190,3.9
596,2026-08-12T16:39:00-03:00,HEMACIAS,-8.06366,-34.90157,4.4
597,2026-08-12T11:01:00-03:00,PLAQUETAS,-8.04799,-34.87688,22.2
597,2026-08-12T11:06:00-03:00,PLAQUETAS,-8.05048,-34.88229,22.9
597,2026-08-12T11:11:00-03:00,PLAQUETAS,-8.05281,-34.88511,22.3
598,2026-08-12T09:01:00-03:00,CRIOPRECIPITADO,-8.27820,-35.98121,-28.7
598,2026-08-12T09:06:00-03:00,CRIOPRECIPITADO,-8.28126,-35.97759,-30.2
598,2026-08-12T09:11:00-03:00,CRIOPRECIPITADO,-8.28271,-35.97163,-31.3
600,2026-08-12T12:54:00-03:00,CRIOPRECIPITADO,-8.27556,-35.98250,-31.1
600,2026-08-12T12:59:00-03:00,CRIOPRECIPITADO,-8.27969,-35.97675,-33.9
600,2026-08-12T13:04:00-03:00,CRIOPRECIPITADO,-8.28181,-35.97224,-33.7
600,2026-08-12T13:09:00-03:00,CRIOPRECIPITADO,-8.28456,-35.96972,-31.3
601,2026-08-12T17:52:00-03:00,HEMACIAS,-8.04723,-34.87645,3.8
601,2026-08-12T17:57:00-03:00,HEMACIAS,-8.04530,-34.89010,4.4
601,2026-08-12T18:02:00-03:00,HEMACIAS,-8.04085,-34.90362,4.5
601,2026-08-12T18:07:00-03:00,HEMACIAS,-8.03868,-34.91670,5.1
601,2026-08-12T18:12:00-03:00,HEMACIAS,-8.03506,-34.93137,4.3
601,2026-08-12T18:17:00-03:00,HEMACIAS,-8.03196,-34.94391,4.3
601,2026-08-12T18:22:00-03:00,HEMACIAS,-8.02837,-34.95800,4.7
601,2026-08-12T18:27:00-03:00,HEMACIAS,-8.02606,-34.97035,4.1
602,2026-08-13T08:23:00-03:00,CRIOPRECIPITADO,-8.04778,-34.87827,-29.2
602,2026-08-13T08:28:00-03:00,CRIOPRECIPITADO,-8.05121,-34.88086,-30.2
602,2026-08-13T08:33:00-03:00,CRIOPRECIPITADO,-8.05344,-34.88291,-28.8
603,2026-08-13T05:44:00-03:00,PLAQUETAS,-8.04662,-34.87667,22.3
603,2026-08-13T05:49:00-03:00,PLAQUETAS,-8.04379,-34.89119,22.4
603,2026-08-13T05:54:00-03:00,PLAQUETAS,-8.04146,-34.90333,22.2
603,2026-08-13T05:59:00-03:00,PLAQUETAS,-8.03727,-34.91872,22.6
603,2026-08-13T06:04:00-03:00,PLAQUETAS,-8.03613,-34.93183,22.0
603,2026-08-13T06:09:00-03:00,PLAQUETAS,-8.03242,-34.94544,21.8
603,2026-08-13T06:14:00-03:00,PLAQUETAS,-8.02914,-34.95896,22.1
603,2026-08-13T06:19:00-03:00,PLAQUETAS,-8.02511,-34.97076,22.0
604,2026-08-13T12:29:00-03:00,HEMACIAS,-8.04590,-34.87765,4.0
604,2026-08-13T12:34:00-03:00,HEMACIAS,-8.05057,-34.88035,4.0
604,2026-08-13T12:39:00-03:00,HEMACIAS,-8.05357,-34.88579,4.3
605,2026-08-13T17:09:00-03:00,HEMACIAS,-8.04769,-34.87682,3.8
605,2026-08-13T17:14:00-03:00,HEMACIAS,-8.05271,-34.88431,4.1
605,2026-08-13T17:19:00-03:00,HEMACIAS,-8.05751,-34.89190,4.3
605,2026-08-13T17:24:00-03:00,HEMACIAS,-8.06280,-34.89759,3.6
606,2026-08-13T17:37:00-03:00,HEMACIAS,-8.04637,-34.87637,3.4
606,2026-08-13T17:42:00-03:00,HEMACIAS,-8.05158,-34.88456,3.9
606,2026-08-13T17:47:00-03:00,HEMACIAS,-8.05708,-34.88940,4.3
606,2026-08-13T17:52:00-03:00,HEMACIAS,-8.06135,-34.89690,4.0
607,2026-08-13T19:03:00-03:00,PLASMA,-8.27609,-35.98094,-30.7
607,2026-08-13T19:08:00-03:00,PLASMA,-8.27992,-35.97728,-30.5
607,2026-08-13T19:13:00-03:00,PLASMA,-8.28271,-35.97238,-29.3
608,2026-08-13T15:28:00-03:00,PLAQUETAS,-8.04681,-34.87681,22.0
608,2026-08-13T15:33:00-03:00,PLAQUETAS,-8.05291,-34.88496,22.9
608,2026-08-13T15:38:00-03:00,PLAQUETAS,-8.05885,-34.89410,22.1
609,2026-08-14T08:30:00-03:00,HEMACIAS,-8.04790,-34.87772,3.9
609,2026-08-14T08:35:00-03:00,HEMACIAS,-8.04175,-34.87353,4.5
609,2026-08-14T08:40:00-03:00,HEMACIAS,-8.03312,-34.87012,4.6
609,2026-08-14T08:45:00-03:00,HEMACIAS,-8.02819,-34.86615,3.8
609,2026-08-14T08:50:00-03:00,HEMACIAS,-8.02175,-34.86144,3.1
609,2026-08-14T08:55:00-03:00,HEMACIAS,-8.01457,-34.85842,3.4
609,2026-08-14T09:00:00-03:00,HEMACIAS,-8.00995,-34.85446,3.3
610,2026-08-13T20:15:00-03:00,HEMACIAS,-8.04670,-34.87784,3.1
610,2026-08-13T20:20:00-03:00,HEMACIAS,-8.05102,-34.87984,2.8
610,2026-08-13T20:25:00-03:00,HEMACIAS,-8.05464,-34.88414,3.1
611,2026-08-13T18:56:00-03:00,HEMACIAS,-8.04808,-34.87797,4.7
611,2026-08-13T19:01:00-03:00,HEMACIAS,-8.03340,-34.87690,4.8
611,2026-08-13T19:06:00-03:00,HEMACIAS,-8.02116,-34.87528,4.7
611,2026-08-13T19:11:00-03:00,HEMACIAS,-8.00740,-34.87577,4.3
611,2026-08-13T19:16:00-03:00,HEMACIAS,-7.99183,-34.87393,4.3
611,2026-08-13T19:21:00-03:00,HEMACIAS,-7.97989,-34.87382,3.8
611,2026-08-13T19:26:00-03:00,HEMACIAS,-7.96567,-34.87353,4.2
611,2026-08-13T19:31:00-03:00,HEMACIAS,-7.95174,-34.87291,3.9
612,2026-08-13T21:27:00-03:00,PLASMA,-8.04733,-34.87628,-30.5
612,2026-08-13T21:32:00-03:00,PLASMA,-8.05205,-34.88352,-30.9
612,2026-08-13T21:37:00-03:00,PLASMA,-8.05517,-34.88799,-29.8
612,2026-08-13T21:42:00-03:00,PLASMA,-8.06090,-34.89542,-30.7
613,2026-08-14T01:19:00-03:00,CRIOPRECIPITADO,-8.27559,-35.98202,-29.4
613,2026-08-14T01:24:00-03:00,CRIOPRECIPITADO,-8.27940,-35.97920,-28.8
613,2026-08-14T01:29:00-03:00,CRIOPRECIPITADO,-8.28173,-35.97424,-29.8
613,2026-08-14T01:34:00-03:00,CRIOPRECIPITADO,-8.28345,-35.96927,-30.4
615,2026-08-14T06:37:00-03:00,PLASMA,-8.27552,-35.98200,-29.2
615,2026-08-14T06:42:00-03:00,PLASMA,-8.26904,-35.94326,-30.3
615,2026-08-14T06:47:00-03:00,PLASMA,-8.26298,-35.90561,-30.0
615,2026-08-14T06:52:00-03:00,PLASMA,-8.25610,-35.86759,-30.1
615,2026-08-14T06:57:00-03:00,PLASMA,-8.24917,-35.82761,-30.6
615,2026-08-14T07:02:00-03:00,PLASMA,-8.24099,-35.78893,-30.1
615,2026-08-14T07:07:00-03:00,PLASMA,-8.23472,-35.75002,-30.0
615,2026-08-14T07:12:00-03:00,PLASMA,-8.22764,-35.71073,-29.9
615,2026-08-14T07:17:00-03:00,PLASMA,-8.21958,-35.67097,-29.5
615,2026-08-14T07:22:00-03:00,PLASMA,-8.21403,-35.63468,-28.6
615,2026-08-14T07:27:00-03:00,PLASMA,-8.20708,-35.59669,-29.1
616,2026-08-14T14:02:00-03:00,PLAQUETAS,-8.04630,-34.87762,21.9
616,2026-08-14T14:07:00-03:00,PLAQUETAS,-8.05127,-34.87913,21.6
616,2026-08-14T14:12:00-03:00,PLAQUETAS,-8.05269,-34.88462,21.6
617,2026-08-14T15:27:00-03:00,HEMACIAS,-8.27613,-35.98173,4.2
617,2026-08-14T15:32:00-03:00,HEMACIAS,-8.27392,-35.96635,3.8
617,2026-08-14T15:37:00-03:00,HEMACIAS,-8.26991,-35.95037,3.3
617,2026-08-14T15:42:00-03:00,HEMACIAS,-8.26833,-35.93415,3.6
617,2026-08-14T15:47:00-03:00,HEMACIAS,-8.26447,-35.91675,3.7
617,2026-08-14T15:52:00-03:00,HEMACIAS,-8.26109,-35.90296,4.0
617,2026-08-14T15:57:00-03:00,HEMACIAS,-8.25954,-35.88583,4.1
617,2026-08-14T16:02:00-03:00,HEMACIAS,-8.25463,-35.87062,3.6
617,2026-08-14T16:07:00-03:00,HEMACIAS,-8.25432,-35.85281,3.1
617,2026-08-14T16:12:00-03:00,HEMACIAS,-8.25004,-35.83884,3.6
617,2026-08-14T16:17:00-03:00,HEMACIAS,-8.24713,-35.82120,3.9
617,2026-08-14T16:22:00-03:00,HEMACIAS,-8.24368,-35.80772,4.3
617,2026-08-14T16:27:00-03:00,HEMACIAS,-8.24212,-35.79056,4.4
617,2026-08-14T16:32:00-03:00,HEMACIAS,-8.24023,-35.77529,4.3
617,2026-08-14T16:37:00-03:00,HEMACIAS,-8.23716,-35.76009,4.3
617,2026-08-14T16:42:00-03:00,HEMACIAS,-8.23206,-35.74304,4.5
617,2026-08-14T16:47:00-03:00,HEMACIAS,-8.22989,-35.72766,3.9
617,2026-08-14T16:52:00-03:00,HEMACIAS,-8.22858,-35.71000,3.5
617,2026-08-14T16:57:00-03:00,HEMACIAS,-8.22561,-35.69420,3.9
617,2026-08-14T17:02:00-03:00,HEMACIAS,-8.22095,-35.67992,3.9
617,2026-08-14T17:07:00-03:00,HEMACIAS,-8.21849,-35.66460,3.7
617,2026-08-14T17:12:00-03:00,HEMACIAS,-8.21476,-35.64725,3.3
617,2026-08-14T17:17:00-03:00,HEMACIAS,-8.21355,-35.63197,3.9
617,2026-08-14T17:22:00-03:00,HEMACIAS,-8.21043,-35.61672,4.4
617,2026-08-14T17:27:00-03:00,HEMACIAS,-8.20843,-35.59986,4.1
617,2026-08-14T17:32:00-03:00,HEMACIAS,-8.20443,-35.58492,4.6
617,2026-08-14T17:37:00-03:00,HEMACIAS,-8.20173,-35.56781,4.6
618,2026-08-14T10:51:00-03:00,HEMACIAS,-8.27492,-35.98228,4.0
618,2026-08-14T10:56:00-03:00,HEMACIAS,-8.28141,-35.97582,3.6
618,2026-08-14T11:01:00-03:00,HEMACIAS,-8.28476,-35.97031,4.4
619,2026-08-14T14:30:00-03:00,HEMACIAS,-8.04806,-34.87683,4.6
619,2026-08-14T14:35:00-03:00,HEMACIAS,-8.04054,-34.89851,4.3
619,2026-08-14T14:40:00-03:00,HEMACIAS,-8.03426,-34.91974,3.4
619,2026-08-14T14:45:00-03:00,HEMACIAS,-8.03190,-34.94291,3.9
619,2026-08-14T14:50:00-03:00,HEMACIAS,-8.02592,-34.96506,3.5
620,2026-08-14T11:30:00-03:00,PLASMA,-8.04696,-34.87737,-33.0
620,2026-08-14T11:35:00-03:00,PLASMA,-8.03315,-34.86877,-32.1
620,2026-08-14T11:40:00-03:00,PLASMA,-8.01718,-34.85979,-31.0
621,2026-08-14T17:32:00-03:00,HEMACIAS,-8.04926,-34.87683,3.8
621,2026-08-14T17:37:00-03:00,HEMACIAS,-8.05515,-34.89368,3.3
621,2026-08-14T17:42:00-03:00,HEMACIAS,-8.06340,-34.90647,3.6
621,2026-08-14T17:47:00-03:00,HEMACIAS,-8.07036,-34.92450,3.0
621,2026-08-14T17:52:00-03:00,HEMACIAS,-8.07565,-34.93816,3.8
621,2026-08-14T17:57:00-03:00,HEMACIAS,-8.08576,-34.95445,3.7
621,2026-08-14T18:02:00-03:00,HEMACIAS,-8.09146,-34.96952,4.1
621,2026-08-14T18:07:00-03:00,HEMACIAS,-8.09628,-34.98373,4.8
621,2026-08-14T18:12:00-03:00,HEMACIAS,-8.10655,-34.99839,5.1
621,2026-08-14T18:17:00-03:00,HEMACIAS,-8.11159,-35.01376,4.5
623,2026-08-14T19:25:00-03:00,PLAQUETAS,-8.27702,-35.98126,22.0
623,2026-08-14T19:30:00-03:00,PLAQUETAS,-8.27100,-35.96280,22.2
623,2026-08-14T19:35:00-03:00,PLAQUETAS,-8.26793,-35.94412,21.6
623,2026-08-14T19:40:00-03:00,PLAQUETAS,-8.26169,-35.92440,21.7
623,2026-08-14T19:45:00-03:00,PLAQUETAS,-8.25793,-35.90536,22.0
623,2026-08-14T19:50:00-03:00,PLAQUETAS,-8.25211,-35.88759,22.3
623,2026-08-14T19:55:00-03:00,PLAQUETAS,-8.24676,-35.86780,22.4
623,2026-08-14T20:00:00-03:00,PLAQUETAS,-8.24303,-35.85040,22.4
623,2026-08-14T20:05:00-03:00,PLAQUETAS,-8.23819,-35.83082,22.4
623,2026-08-14T20:10:00-03:00,PLAQUETAS,-8.23265,-35.81127,22.4
623,2026-08-14T20:15:00-03:00,PLAQUETAS,-8.22762,-35.79260,22.1
623,2026-08-14T20:20:00-03:00,PLAQUETAS,-8.22349,-35.77353,21.9
623,2026-08-14T20:25:00-03:00,PLAQUETAS,-8.21824,-35.75401,21.8
623,2026-08-14T20:30:00-03:00,PLAQUETAS,-8.21464,-35.73490,21.6
623,2026-08-14T20:35:00-03:00,PLAQUETAS,-8.20865,-35.71712,21.6
623,2026-08-14T20:40:00-03:00,PLAQUETAS,-8.20455,-35.69724,21.6
623,2026-08-14T20:45:00-03:00,PLAQUETAS,-8.19913,-35.67674,21.7
623,2026-08-14T20:50:00-03:00,PLAQUETAS,-8.19613,-35.65898,21.6
623,2026-08-14T20:55:00-03:00,PLAQUETAS,-8.18960,-35.63951,22.4
623,2026-08-14T21:00:00-03:00,PLAQUETAS,-8.18490,-35.62043,22.0
623,2026-08-14T21:05:00-03:00,PLAQUETAS,-8.18021,-35.60110,21.8
623,2026-08-14T21:10:00-03:00,PLAQUETAS,-8.17696,-35.58262,21.6
623,2026-08-14T21:15:00-03:00,PLAQUETAS,-8.17058,-35.56303,21.3
623,2026-08-14T21:20:00-03:00,PLAQUETAS,-8.16464,-35.54545,21.0
623,2026-08-14T21:25:00-03:00,PLAQUETAS,-8.16044,-35.52518,21.1
623,2026-08-14T21:30:00-03:00,PLAQUETAS,-8.15701,-35.50720,21.2
623,2026-08-14T21:35:00-03:00,PLAQUETAS,-8.15097,-35.48647,21.8
623,2026-08-14T21:40:00-03:00,PLAQUETAS,-8.14685,-35.46741,21.7
623,2026-08-14T21:45:00-03:00,PLAQUETAS,-8.14190,-35.44928,21.4
623,2026-08-14T21:50:00-03:00,PLAQUETAS,-8.13707,-35.42978,21.7
623,2026-08-14T21:55:00-03:00,PLAQUETAS,-8.13235,-35.41177,21.8
623,2026-08-14T22:00:00-03:00,PLAQUETAS,-8.12764,-35.39213,21.8
623,2026-08-14T22:05:00-03:00,PLAQUETAS,-8.12249,-35.37456,21.9
623,2026-08-14T22:10:00-03:00,PLAQUETAS,-8.11757,-35.35416,21.2
623,2026-08-14T22:15:00-03:00,PLAQUETAS,-8.11262,-35.33540,21.5
623,2026-08-14T22:20:00-03:00,PLAQUETAS,-8.10805,-35.31560,21.4
623,2026-08-14T22:25:00-03:00,PLAQUETAS,-8.10382,-35.29831,21.6
623,2026-08-14T22:30:00-03:00,PLAQUETAS,-8.09883,-35.27989,21.6
623,2026-08-14T22:35:00-03:00,PLAQUETAS,-8.09360,-35.26102,21.6
623,2026-08-14T22:40:00-03:00,PLAQUETAS,-8.08895,-35.23986,21.8
623,2026-08-14T22:45:00-03:00,PLAQUETAS,-8.08553,-35.22166,22.2
623,2026-08-14T22:50:00-03:00,PLAQUETAS,-8.07935,-35.20424,22.1
623,2026-08-14T22:55:00-03:00,PLAQUETAS,-8.07551,-35.18290,21.9
623,2026-08-14T23:00:00-03:00,PLAQUETAS,-8.06989,-35.16318,21.3
623,2026-08-14T23:05:00-03:00,PLAQUETAS,-8.06495,-35.14582,21.5
623,2026-08-14T23:10:00-03:00,PLAQUETAS,-8.06022,-35.12768,21.6
623,2026-08-14T23:15:00-03:00,PLAQUETAS,-8.05516,-35.10739,21.7
623,2026-08-14T23:20:00-03:00,PLAQUETAS,-8.05093,-35.08849,21.5
623,2026-08-14T23:25:00-03:00,PLAQUETAS,-8.04659,-35.06775,21.7
623,2026-08-14T23:30:00-03:00,PLAQUETAS,-8.04275,-35.05007,22.0
623,2026-08-14T23:35:00-03:00,PLAQUETAS,-8.03611,-35.03163,22.6
623,2026-08-14T23:40:00-03:00,PLAQUETAS,-8.03390,-35.01276,23.1
623,2026-08-14T23:45:00-03:00,PLAQUETAS,-8.02810,-34.99246,23.2
624,2026-08-14T16:10:00-03:00,PLAQUETAS,-8.04766,-34.87728,21.4
624,2026-08-14T16:15:00-03:00,PLAQUETAS,-8.05027,-34.88148,21.1
624,2026-08-14T16:20:00-03:00,PLAQUETAS,-8.05513,-34.88714,21.3
624,2026-08-14T16:25:00-03:00,PLAQUETAS,-8.05797,-34.89229,21.7
624,2026-08-14T16:30:00-03:00,PLAQUETAS,-8.06327,-34.89804,21.8
625,2026-08-14T19:39:00-03:00,HEMACIAS,-8.04843,-34.87759,3.9
625,2026-08-14T19:44:00-03:00,HEMACIAS,-8.05032,-34.88081,4.1
625,2026-08-14T19:49:00-03:00,HEMACIAS,-8.05343,-34.88486,3.9
626,2026-08-15T00:19:00-03:00,HEMACIAS,-8.04943,-34.87534,3.8
626,2026-08-15T00:24:00-03:00,HEMACIAS,-8.05862,-34.90082,3.8
626,2026-08-15T00:29:00-03:00,HEMACIAS,-8.06981,-34.92313,3.9
626,2026-08-15T00:34:00-03:00,HEMACIAS,-8.08097,-34.94650,3.8
626,2026-08-15T00:39:00-03:00,HEMACIAS,-8.09034,-34.96771,4.1
626,2026-08-15T00:44:00-03:00,HEMACIAS,-8.09998,-34.99070,4.6
626,2026-08-15T00:49:00-03:00,HEMACIAS,-8.11381,-35.01370,4.6
627,2026-08-14T17:06:00-03:00,PLAQUETAS,-8.04716,-34.87560,21.4
627,2026-08-14T17:11:00-03:00,PLAQUETAS,-8.05472,-34.90179,22.0
627,2026-08-14T17:16:00-03:00,PLAQUETAS,-8.05834,-34.92677,22.1
627,2026-08-14T17:21:00-03:00,PLAQUETAS,-8.06398,-34.95125,22.0
627,2026-08-14T17:26:00-03:00,PLAQUETAS,-8.06946,-34.97480,22.3
627,2026-08-14T17:31:00-03:00,PLAQUETAS,-8.07584,-35.00045,22.6
627,2026-08-14T17:36:00-03:00,PLAQUETAS,-8.08113,-35.02345,22.1
627,2026-08-14T17:41:00-03:00,PLAQUETAS,-8.08573,-35.04810,21.3
627,2026-08-14T17:46:00-03:00,PLAQUETAS,-8.09097,-35.07294,21.6
627,2026-08-14T17:51:00-03:00,PLAQUETAS,-8.09851,-35.09756,21.8
627,2026-08-14T17:56:00-03:00,PLAQUETAS,-8.10398,-35.12248,21.6
627,2026-08-14T18:01:00-03:00,PLAQUETAS,-8.10927,-35.14675,22.1
627,2026-08-14T18:06:00-03:00,PLAQUETAS,-8.11445,-35.17210,21.5
627,2026-08-14T18:11:00-03:00,PLAQUETAS,-8.11867,-35.19595,21.8
627,2026-08-14T18:16:00-03:00,PLAQUETAS,-8.12353,-35.22209,22.3
627,2026-08-14T18:21:00-03:00,PLAQUETAS,-8.13022,-35.24499,22.0
627,2026-08-14T18:26:00-03:00,PLAQUETAS,-8.13487,-35.27149,22.3
627,2026-08-14T18:31:00-03:00,PLAQUETAS,-8.14010,-35.29444,23.0
627,2026-08-14T18:36:00-03:00,PLAQUETAS,-8.14657,-35.31966,22.8
627,2026-08-14T18:41:00-03:00,PLAQUETAS,-8.15180,-35.34452,23.0
627,2026-08-14T18:46:00-03:00,PLAQUETAS,-8.15728,-35.36815,23.5
627,2026-08-14T18:51:00-03:00,PLAQUETAS,-8.16272,-35.39237,23.1
627,2026-08-14T18:56:00-03:00,PLAQUETAS,-8.16913,-35.41813,23.3
627,2026-08-14T19:01:00-03:00,PLAQUETAS,-8.17397,-35.44190,22.7
627,2026-08-14T19:06:00-03:00,PLAQUETAS,-8.17778,-35.46614,22.0
627,2026-08-14T19:11:00-03:00,PLAQUETAS,-8.18542,-35.49150,22.6
627,2026-08-14T19:16:00-03:00,PLAQUETAS,-8.18994,-35.51667,22.5
627,2026-08-14T19:21:00-03:00,PLAQUETAS,-8.19598,-35.53984,22.7
627,2026-08-14T19:26:00-03:00,PLAQUETAS,-8.20091,-35.56550,22.2
628,2026-08-15T00:22:00-03:00,PLAQUETAS,-8.27599,-35.98111,22.4
628,2026-08-15T00:27:00-03:00,PLAQUETAS,-8.27294,-35.96152,22.1
628,2026-08-15T00:32:00-03:00,PLAQUETAS,-8.26860,-35.94248,21.8
628,2026-08-15T00:37:00-03:00,PLAQUETAS,-8.26555,-35.92424,22.0
628,2026-08-15T00:42:00-03:00,PLAQUETAS,-8.26050,-35.90433,22.1
628,2026-08-15T00:47:00-03:00,PLAQUETAS,-8.25854,-35.88415,22.4
628,2026-08-15T00:52:00-03:00,PLAQUETAS,-8.25620,-35.86651,22.7
628,2026-08-15T00:57:00-03:00,PLAQUETAS,-8.25399,-35.84678,23.1
628,2026-08-15T01:02:00-03:00,PLAQUETAS,-8.24798,-35.82747,22.3
628,2026-08-15T01:07:00-03:00,PLAQUETAS,-8.24634,-35.80829,22.3
628,2026-08-15T01:12:00-03:00,PLAQUETAS,-8.24137,-35.78838,21.4
628,2026-08-15T01:17:00-03:00,PLAQUETAS,-8.23679,-35.77047,22.4
628,2026-08-15T01:22:00-03:00,PLAQUETAS,-8.23431,-35.75039,22.6
628,2026-08-15T01:27:00-03:00,PLAQUETAS,-8.23082,-35.73076,22.6
628,2026-08-15T01:32:00-03:00,PLAQUETAS,-8.22785,-35.71113,21.8
628,2026-08-15T01:37:00-03:00,PLAQUETAS,-8.22242,-35.69321,21.8
628,2026-08-15T01:42:00-03:00,PLAQUETAS,-8.21992,-35.67386,21.8
628,2026-08-15T01:47:00-03:00,PLAQUETAS,-8.21666,-35.65421,21.5
628,2026-08-15T01:52:00-03:00,PLAQUETAS,-8.21371,-35.63494,21.1
628,2026-08-15T01:57:00-03:00,PLAQUETAS,-8.20984,-35.61471,20.4
628,2026-08-15T02:02:00-03:00,PLAQUETAS,-8.20696,-35.59554,20.9
628,2026-08-15T02:07:00-03:00,PLAQUETAS,-8.20296,-35.57654,21.2
629,2026-08-14T20:54:00-03:00,CRIOPRECIPITADO,-8.27736,-35.98059,-28.8
629,2026-08-14T20:59:00-03:00,CRIOPRECIPITADO,-8.27321,-35.97123,-27.9
629,2026-08-14T21:04:00-03:00,CRIOPRECIPITADO,-8.27023,-35.95996,-27.8
629,2026-08-14T21:09:00-03:00,CRIOPRECIPITADO,-8.26755,-35.95020,-27.6
629,2026-08-14T21:14:00-03:00,CRIOPRECIPITADO,-8.26555,-35.94040,-30.8
629,2026-08-14T21:19:00-03:00,CRIOPRECIPITADO,-8.26105,-35.92933,-29.2
629,2026-08-14T21:24:00-03:00,CRIOPRECIPITADO,-8.26055,-35.91736,-31.3
629,2026-08-14T21:29:00-03:00,CRIOPRECIPITADO,-8.25747,-35.90757,-28.4
629,2026-08-14T21:34:00-03:00,CRIOPRECIPITADO,-8.25457,-35.89782,-28.3
629,2026-08-14T21:39:00-03:00,CRIOPRECIPITADO,-8.25179,-35.88689,-26.7
629,2026-08-14T21:44:00-03:00,CRIOPRECIPITADO,-8.24792,-35.87664,-27.0
629,2026-08-14T21:49:00-03:00,CRIOPRECIPITADO,-8.24628,-35.86509,-27.6
629,2026-08-14T21:54:00-03:00,CRIOPRECIPITADO,-8.24452,-35.85474,-28.8
629,2026-08-14T21:59:00-03:00,CRIOPRECIPITADO,-8.24057,-35.84355,-30.0
629,2026-08-14T22:04:00-03:00,CRIOPRECIPITADO,-8.23806,-35.83289,-27.8
629,2026-08-14T22:09:00-03:00,CRIOPRECIPITADO,-8.23552,-35.82134,-27.6
629,2026-08-14T22:14:00-03:00,CRIOPRECIPITADO,-8.23346,-35.81159,-26.8
629,2026-08-14T22:19:00-03:00,CRIOPRECIPITADO,-8.22900,-35.80083,-27.9
629,2026-08-14T22:24:00-03:00,CRIOPRECIPITADO,-8.22785,-35.79005,-27.7
629,2026-08-14T22:29:00-03:00,CRIOPRECIPITADO,-8.22475,-35.78037,-28.8
629,2026-08-14T22:34:00-03:00,CRIOPRECIPITADO,-8.22209,-35.76958,-29.9
629,2026-08-14T22:39:00-03:00,CRIOPRECIPITADO,-8.21797,-35.75731,-31.5
629,2026-08-14T22:44:00-03:00,CRIOPRECIPITADO,-8.21608,-35.74693,-33.8
629,2026-08-14T22:49:00-03:00,CRIOPRECIPITADO,-8.21527,-35.73756,-33.3
629,2026-08-14T22:54:00-03:00,CRIOPRECIPITADO,-8.21288,-35.72755,-32.0
629,2026-08-14T22:59:00-03:00,CRIOPRECIPITADO,-8.20874,-35.71494,-29.7
629,2026-08-14T23:04:00-03:00,CRIOPRECIPITADO,-8.20536,-35.70570,-31.5
629,2026-08-14T23:09:00-03:00,CRIOPRECIPITADO,-8.20346,-35.69328,-30.7
629,2026-08-14T23:14:00-03:00,CRIOPRECIPITADO,-8.20083,-35.68399,-28.9
629,2026-08-14T23:19:00-03:00,CRIOPRECIPITADO,-8.19846,-35.67280,-29.5
629,2026-08-14T23:24:00-03:00,CRIOPRECIPITADO,-8.19515,-35.66195,-28.4
629,2026-08-14T23:29:00-03:00,CRIOPRECIPITADO,-8.19318,-35.65136,-29.7
629,2026-08-14T23:34:00-03:00,CRIOPRECIPITADO,-8.19032,-35.63894,-30.1
629,2026-08-14T23:39:00-03:00,CRIOPRECIPITADO,-8.18756,-35.62961,-30.2
629,2026-08-14T23:44:00-03:00,CRIOPRECIPITADO,-8.18381,-35.62118,-28.9
629,2026-08-14T23:49:00-03:00,CRIOPRECIPITADO,-8.18191,-35.60910,-29.8
629,2026-08-14T23:54:00-03:00,CRIOPRECIPITADO,-8.17930,-35.59800,-32.0
629,2026-08-14T23:59:00-03:00,CRIOPRECIPITADO,-8.17623,-35.58814,-31.1
629,2026-08-15T00:04:00-03:00,CRIOPRECIPITADO,-8.17428,-35.57661,-30.0
629,2026-08-15T00:09:00-03:00,CRIOPRECIPITADO,-8.17282,-35.56581,-28.9
629,2026-08-15T00:14:00-03:00,CRIOPRECIPITADO,-8.16809,-35.55730,-15.7
629,2026-08-15T00:19:00-03:00,CRIOPRECIPITADO,-8.16701,-35.54664,-15.5
629,2026-08-15T00:24:00-03:00,CRIOPRECIPITADO,-8.16358,-35.53475,-14.3
629,2026-08-15T00:29:00-03:00,CRIOPRECIPITADO,-8.16144,-35.52321,-13.7
629,2026-08-15T00:34:00-03:00,CRIOPRECIPITADO,-8.15772,-35.51187,-14.2
629,2026-08-15T00:39:00-03:00,CRIOPRECIPITADO,-8.15508,-35.50261,-12.9
629,2026-08-15T00:44:00-03:00,CRIOPRECIPITADO,-8.15300,-35.49154,-28.7
629,2026-08-15T00:49:00-03:00,CRIOPRECIPITADO,-8.15046,-35.48131,-27.8
629,2026-08-15T00:54:00-03:00,CRIOPRECIPITADO,-8.14854,-35.47186,-29.5
629,2026-08-15T00:59:00-03:00,CRIOPRECIPITADO,-8.14536,-35.45922,-29.1
629,2026-08-15T01:04:00-03:00,CRIOPRECIPITADO,-8.14090,-35.44854,-29.4
629,2026-08-15T01:09:00-03:00,CRIOPRECIPITADO,-8.14038,-35.43771,-27.4
629,2026-08-15T01:14:00-03:00,CRIOPRECIPITADO,-8.13596,-35.42840,-28.4
629,2026-08-15T01:19:00-03:00,CRIOPRECIPITADO,-8.13310,-35.41738,-28.5
629,2026-08-15T01:24:00-03:00,CRIOPRECIPITADO,-8.12992,-35.40679,-28.8
629,2026-08-15T01:29:00-03:00,CRIOPRECIPITADO,-8.12792,-35.39715,-30.0
629,2026-08-15T01:34:00-03:00,CRIOPRECIPITADO,-8.12371,-35.38369,-30.4
629,2026-08-15T01:39:00-03:00,CRIOPRECIPITADO,-8.12454,-35.37482,-29.7
629,2026-08-15T01:44:00-03:00,CRIOPRECIPITADO,-8.12052,-35.36389,-30.6
629,2026-08-15T01:49:00-03:00,CRIOPRECIPITADO,-8.11843,-35.35320,-32.4
629,2026-08-15T01:54:00-03:00,CRIOPRECIPITADO,-8.11502,-35.34333,-34.6
629,2026-08-15T01:59:00-03:00,CRIOPRECIPITADO,-8.11264,-35.33081,-32.7
629,2026-08-15T02:04:00-03:00,CRIOPRECIPITADO,-8.10930,-35.32143,-31.0
629,2026-08-15T02:09:00-03:00,CRIOPRECIPITADO,-8.10663,-35.30936,-32.8
629,2026-08-15T02:14:00-03:00,CRIOPRECIPITADO,-8.10536,-35.29885,-32.2
629,2026-08-15T02:19:00-03:00,CRIOPRECIPITADO,-8.10172,-35.29020,-30.2
629,2026-08-15T02:24:00-03:00,CRIOPRECIPITADO,-8.09895,-35.27982,-28.2
629,2026-08-15T02:29:00-03:00,CRIOPRECIPITADO,-8.09581,-35.26769,-29.3
629,2026-08-15T02:34:00-03:00,CRIOPRECIPITADO,-8.09431,-35.25729,-30.4
629,2026-08-15T02:39:00-03:00,CRIOPRECIPITADO,-8.09191,-35.24585,-29.1
629,2026-08-15T02:44:00-03:00,CRIOPRECIPITADO,-8.08921,-35.23582,-29.4
629,2026-08-15T02:49:00-03:00,CRIOPRECIPITADO,-8.08563,-35.22561,-28.7
629,2026-08-15T02:54:00-03:00,CRIOPRECIPITADO,-8.08327,-35.21551,-30.2
629,2026-08-15T02:59:00-03:00,CRIOPRECIPITADO,-8.08079,-35.20296,-30.3
629,2026-08-15T03:04:00-03:00,CRIOPRECIPITADO,-8.07849,-35.19458,-30.2
629,2026-08-15T03:09:00-03:00,CRIOPRECIPITADO,-8.07483,-35.18472,-31.3
629,2026-08-15T03:14:00-03:00,CRIOPRECIPITADO,-8.07228,-35.17339,-30.9
629,2026-08-15T03:19:00-03:00,CRIOPRECIPITADO,-8.07003,-35.16166,-30.3
629,2026-08-15T03:24:00-03:00,CRIOPRECIPITADO,-8.06643,-35.15160,-32.3
629,2026-08-15T03:29:00-03:00,CRIOPRECIPITADO,-8.06508,-35.14139,-31.9
629,2026-08-15T03:34:00-03:00,CRIOPRECIPITADO,-8.06279,-35.13003,-30.2
629,2026-08-15T03:39:00-03:00,CRIOPRECIPITADO,-8.05901,-35.11961,-30.6
629,2026-08-15T03:44:00-03:00,CRIOPRECIPITADO,-8.05504,-35.10804,-30.5
629,2026-08-15T03:49:00-03:00,CRIOPRECIPITADO,-8.05338,-35.09762,-30.6
629,2026-08-15T03:54:00-03:00,CRIOPRECIPITADO,-8.05173,-35.08782,-30.1
629,2026-08-15T03:59:00-03:00,CRIOPRECIPITADO,-8.04902,-35.07573,-31.7
629,2026-08-15T04:04:00-03:00,CRIOPRECIPITADO,-8.04665,-35.06552,-31.7
629,2026-08-15T04:09:00-03:00,CRIOPRECIPITADO,-8.04154,-35.05514,-32.0
629,2026-08-15T04:14:00-03:00,CRIOPRECIPITADO,-8.03936,-35.04477,-31.4
629,2026-08-15T04:19:00-03:00,CRIOPRECIPITADO,-8.03958,-35.03373,-31.2
629,2026-08-15T04:24:00-03:00,CRIOPRECIPITADO,-8.03477,-35.02275,-31.6
629,2026-08-15T04:29:00-03:00,CRIOPRECIPITADO,-8.03218,-35.01182,-31.7
629,2026-08-15T04:34:00-03:00,CRIOPRECIPITADO,-8.02818,-35.00175,-32.1
629,2026-08-15T04:39:00-03:00,CRIOPRECIPITADO,-8.02636,-34.99258,-29.1
629,2026-08-15T04:44:00-03:00,CRIOPRECIPITADO,-8.02465,-34.97975,-28.1
630,2026-08-15T03:13:00-03:00,HEMACIAS,-8.04802,-34.87618,3.5
630,2026-08-15T03:18:00-03:00,HEMACIAS,-8.03211,-34.87682,4.5
630,2026-08-15T03:23:00-03:00,HEMACIAS,-8.02165,-34.87474,4.1
630,2026-08-15T03:28:00-03:00,HEMACIAS,-8.01042,-34.87558,4.0
630,2026-08-15T03:33:00-03:00,HEMACIAS,-7.99514,-34.87375,3.9
630,2026-08-15T03:38:00-03:00,HEMACIAS,-7.98191,-34.87542,3.8
630,2026-08-15T03:43:00-03:00,HEMACIAS,-7.97017,-34.87336,3.9
630,2026-08-15T03:48:00-03:00,HEMACIAS,-7.95665,-34.87264,3.6
630,2026-08-15T03:53:00-03:00,HEMACIAS,-7.94414,-34.87244,3.1
631,2026-08-15T09:23:00-03:00,HEMACIAS,-8.04790,-34.87667,4.5
631,2026-08-15T09:28:00-03:00,HEMACIAS,-8.04972,-34.88034,3.7
631,2026-08-15T09:33:00-03:00,HEMACIAS,-8.05216,-34.88278,4.0
632,2026-08-15T20:03:00-03:00,PLAQUETAS,-8.04732,-34.87788,22.3
632,2026-08-15T20:08:00-03:00,PLAQUETAS,-8.05334,-34.88647,21.5
632,2026-08-15T20:13:00-03:00,PLAQUETAS,-8.05937,-34.89535,21.4
633,2026-08-15T13:25:00-03:00,HEMACIAS,-8.04794,-34.87797,4.2
633,2026-08-15T13:30:00-03:00,HEMACIAS,-8.05029,-34.87964,4.0
633,2026-08-15T13:35:00-03:00,HEMACIAS,-8.05342,-34.88420,4.5
634,2026-08-16T03:35:00-03:00,HEMACIAS,-8.04664,-34.87789,4.2
634,2026-08-16T03:40:00-03:00,HEMACIAS,-8.05800,-34.89923,3.9
634,2026-08-16T03:45:00-03:00,HEMACIAS,-8.06835,-34.92152,3.8
634,2026-08-16T03:50:00-03:00,HEMACIAS,-8.07820,-34.94192,4.3
634,2026-08-16T03:55:00-03:00,HEMACIAS,-8.08889,-34.96471,4.3
634,2026-08-16T04:00:00-03:00,HEMACIAS,-8.10004,-34.98798,4.1
634,2026-08-16T04:05:00-03:00,HEMACIAS,-8.10991,-35.00905,3.9
635,2026-08-15T22:29:00-03:00,PLASMA,-8.04676,-34.87613,-31.2
635,2026-08-15T22:34:00-03:00,PLASMA,-8.04217,-34.87303,-32.3
635,2026-08-15T22:39:00-03:00,PLASMA,-8.03379,-34.86882,-31.1
635,2026-08-15T22:44:00-03:00,PLASMA,-8.02879,-34.86609,-31.4
635,2026-08-15T22:49:00-03:00,PLASMA,-8.02052,-34.86253,-31.9
635,2026-08-15T22:54:00-03:00,PLASMA,-8.01581,-34.85900,-31.4
635,2026-08-15T22:59:00-03:00,PLASMA,-8.00807,-34.85562,-31.8
636,2026-08-16T03:04:00-03:00,HEMACIAS,-8.04763,-34.87650,4.4
636,2026-08-16T03:09:00-03:00,HEMACIAS,-8.05295,-34.88782,4.5
636,2026-08-16T03:14:00-03:00,HEMACIAS,-8.05876,-34.90066,4.7
636,2026-08-16T03:19:00-03:00,HEMACIAS,-8.06542,-34.91396,4.1
636,2026-08-16T03:24:00-03:00,HEMACIAS,-8.07061,-34.92551,4.4
636,2026-08-16T03:29:00-03:00,HEMACIAS,-8.07710,-34.93791,3.9
636,2026-08-16T03:34:00-03:00,HEMACIAS,-8.08215,-34.95247,4.1
636,2026-08-16T03:39:00-03:00,HEMACIAS,-8.08764,-34.96290,4.1
636,2026-08-16T03:44:00-03:00,HEMACIAS,-8.09426,-34.97521,4.0
636,2026-08-16T03:49:00-03:00,HEMACIAS,-8.09861,-34.98779,4.2
636,2026-08-16T03:54:00-03:00,HEMACIAS,-8.10722,-35.00045,4.5
636,2026-08-16T03:59:00-03:00,HEMACIAS,-8.11283,-35.01277,4.5
637,2026-08-15T19:29:00-03:00,HEMACIAS,-8.04717,-34.87676,4.8
637,2026-08-15T19:34:00-03:00,HEMACIAS,-8.04454,-34.89169,4.8
637,2026-08-15T19:39:00-03:00,HEMACIAS,-8.04099,-34.90254,5.0
637,2026-08-15T19:44:00-03:00,HEMACIAS,-8.03896,-34.91732,4.7
637,2026-08-15T19:49:00-03:00,HEMACIAS,-8.03490,-34.93067,4.3
637,2026-08-15T19:54:00-03:00,HEMACIAS,-8.03045,-34.94469,4.7
637,2026-08-15T19:59:00-03:00,HEMACIAS,-8.02803,-34.95823,4.1
637,2026-08-15T20:04:00-03:00,HEMACIAS,-8.02559,-34.96950,4.8
639,2026-08-15T21:30:00-03:00,HEMACIAS,-8.04710,-34.87610,3.4
639,2026-08-15T21:35:00-03:00,HEMACIAS,-8.05215,-34.88197,3.6
639,2026-08-15T21:40:00-03:00,HEMACIAS,-8.05573,-34.88837,3.9
639,2026-08-15T21:45:00-03:00,HEMACIAS,-8.05922,-34.89524,4.2
640,2026-08-16T06:46:00-03:00,HEMACIAS,-8.04724,-34.87681,4.2
640,2026-08-16T06:51:00-03:00,HEMACIAS,-8.05403,-34.88666,3.8
640,2026-08-16T06:56:00-03:00,HEMACIAS,-8.06100,-34.89507,4.0
642,2026-08-16T05:07:00-03:00,HEMACIAS,-8.04830,-34.87606,4.1
642,2026-08-16T05:12:00-03:00,HEMACIAS,-8.05182,-34.88382,4.5
642,2026-08-16T05:17:00-03:00,HEMACIAS,-8.05779,-34.88972,4.3
642,2026-08-16T05:22:00-03:00,HEMACIAS,-8.06169,-34.89715,3.7
643,2026-08-16T07:19:00-03:00,PLAQUETAS,-8.04795,-34.87676,21.8
643,2026-08-16T07:24:00-03:00,PLAQUETAS,-8.04745,-34.87685,22.0
643,2026-08-16T07:29:00-03:00,PLAQUETAS,-8.04494,-34.87572,22.1
643,2026-08-16T07:34:00-03:00,PLAQUETAS,-8.04300,-34.87288,22.2
643,2026-08-16T07:39:00-03:00,PLAQUETAS,-8.04054,-34.87286,22.2
643,2026-08-16T07:44:00-03:00,PLAQUETAS,-8.03973,-34.87331,22.0
643,2026-08-16T07:49:00-03:00,PLAQUETAS,-8.03894,-34.87278,22.5
643,2026-08-16T07:54:00-03:00,PLAQUETAS,-8.03866,-34.87168,22.4
643,2026-08-16T07:59:00-03:00,PLAQUETAS,-8.03617,-34.87091,22.5
643,2026-08-16T08:04:00-03:00,PLAQUETAS,-8.03482,-34.86924,22.5
643,2026-08-16T08:09:00-03:00,PLAQUETAS,-8.03353,-34.86959,21.9
643,2026-08-16T08:14:00-03:00,PLAQUETAS,-8.03165,-34.86848,21.7
643,2026-08-16T08:19:00-03:00,PLAQUETAS,-8.03063,-34.86857,22.2
643,2026-08-16T08:24:00-03:00,PLAQUETAS,-8.03004,-34.86741,22.3
643,2026-08-16T08:29:00-03:00,PLAQUETAS,-8.02754,-34.86553,22.3
643,2026-08-16T08:34:00-03:00,PLAQUETAS,-8.02665,-34.86596,22.0
643,2026-08-16T08:39:00-03:00,PLAQUETAS,-8.02660,-34.86476,22.4
643,2026-08-16T08:44:00-03:00,PLAQUETAS,-8.02378,-34.86398,22.4
643,2026-08-16T08:49:00-03:00,PLAQUETAS,-8.02150,-34.86347,21.8
643,2026-08-16T08:54:00-03:00,PLAQUETAS,-8.02228,-34.86068,21.7
643,2026-08-16T08:59:00-03:00,PLAQUETAS,-8.02108,-34.86184,21.7
643,2026-08-16T09:04:00-03:00,PLAQUETAS,-8.01817,-34.86087,21.1
643,2026-08-16T09:09:00-03:00,PLAQUETAS,-8.01752,-34.86062,22.0
643,2026-08-16T09:14:00-03:00,PLAQUETAS,-8.01707,-34.85928,22.1
643,2026-08-16T09:19:00-03:00,PLAQUETAS,-8.01341,-34.85707,22.1
643,2026-08-16T09:24:00-03:00,PLAQUETAS,-8.01329,-34.85687,22.3
643,2026-08-16T09:29:00-03:00,PLAQUETAS,-8.01230,-34.85895,22.2
643,2026-08-16T09:34:00-03:00,PLAQUETAS,-8.01033,-34.85518,22.2
643,2026-08-16T09:39:00-03:00,PLAQUETAS,-8.00824,-34.85494,22.3
644,2026-08-16T15:18:00-03:00,HEMACIAS,-8.27566,-35.98208,4.3
644,2026-08-16T15:23:00-03:00,HEMACIAS,-8.27940,-35.97795,4.0
644,2026-08-16T15:28:00-03:00,HEMACIAS,-8.28280,-35.97425,3.1
646,2026-08-16T19:10:00-03:00,HEMACIAS,-8.27639,-35.98184,4.3
646,2026-08-16T19:15:00-03:00,HEMACIAS,-8.27911,-35.97835,4.0
646,2026-08-16T19:20:00-03:00,HEMACIAS,-8.28233,-35.97405,4.4
647,2026-08-16T19:06:00-03:00,HEMACIAS,-8.04756,-34.87827,3.9
647,2026-08-16T19:11:00-03:00,HEMACIAS,-8.05317,-34.88720,3.9
647,2026-08-16T19:16:00-03:00,HEMACIAS,-8.05727,-34.89727,3.5
647,2026-08-16T19:21:00-03:00,HEMACIAS,-8.06133,-34.90726,3.9
647,2026-08-16T19:26:00-03:00,HEMACIAS,-8.06748,-34.91831,4.2
647,2026-08-16T19:31:00-03:00,HEMACIAS,-8.07145,-34.92802,4.0
647,2026-08-16T19:36:00-03:00,HEMACIAS,-8.07687,-34.94021,3.7
647,2026-08-16T19:41:00-03:00,HEMACIAS,-8.08056,-34.94813,4.6
647,2026-08-16T19:46:00-03:00,HEMACIAS,-8.08673,-34.95821,4.5
647,2026-08-16T19:51:00-03:00,HEMACIAS,-8.08933,-34.97025,4.5
647,2026-08-16T19:56:00-03:00,HEMACIAS,-8.09770,-34.97897,3.6
647,2026-08-16T20:01:00-03:00,HEMACIAS,-8.10210,-34.99219,3.2
647,2026-08-16T20:06:00-03:00,HEMACIAS,-8.10600,-34.99956,3.8
647,2026-08-16T20:11:00-03:00,HEMACIAS,-8.11183,-35.01007,4.0
648,2026-08-16T22:46:00-03:00,HEMACIAS,-8.04734,-34.87618,3.9
648,2026-08-16T22:51:00-03:00,HEMACIAS,-8.05503,-34.89141,4.3
648,2026-08-16T22:56:00-03:00,HEMACIAS,-8.06135,-34.90312,4.8
648,2026-08-16T23:01:00-03:00,HEMACIAS,-8.06597,-34.91643,4.8
648,2026-08-16T23:06:00-03:00,HEMACIAS,-8.07219,-34.93002,4.7
648,2026-08-16T23:11:00-03:00,HEMACIAS,-8.08014,-34.94400,5.2
648,2026-08-16T23:16:00-03:00,HEMACIAS,-8.08572,-34.95760,4.6
648,2026-08-16T23:21:00-03:00,HEMACIAS,-8.09189,-34.96878,5.1
648,2026-08-16T23:26:00-03:00,HEMACIAS,-8.09634,-34.98386,4.8
648,2026-08-16T23:31:00-03:00,HEMACIAS,-8.10394,-34.99760,5.2
648,2026-08-16T23:36:00-03:00,HEMACIAS,-8.11086,-35.00967,4.7
649,2026-08-16T23:51:00-03:00,HEMACIAS,-8.27494,-35.98221,4.2
649,2026-08-16T23:56:00-03:00,HEMACIAS,-8.27240,-35.96220,4.1
649,2026-08-17T00:01:00-03:00,HEMACIAS,-8.26876,-35.94103,3.7
649,2026-08-17T00:06:00-03:00,HEMACIAS,-8.26576,-35.92106,3.5
649,2026-08-17T00:11:00-03:00,HEMACIAS,-8.26147,-35.90038,3.8
649,2026-08-17T00:16:00-03:00,HEMACIAS,-8.25773,-35.87886,4.2
649,2026-08-17T00:21:00-03:00,HEMACIAS,-8.25318,-35.85898,4.5
649,2026-08-17T00:26:00-03:00,HEMACIAS,-8.24970,-35.83780,3.9
649,2026-08-17T00:31:00-03:00,HEMACIAS,-8.24659,-35.81859,4.3
649,2026-08-17T00:36:00-03:00,HEMACIAS,-8.24244,-35.79793,4.1
649,2026-08-17T00:41:00-03:00,HEMACIAS,-8.23824,-35.77766,4.2
649,2026-08-17T00:46:00-03:00,HEMACIAS,-8.23303,-35.75664,4.5
649,2026-08-17T00:51:00-03:00,HEMACIAS,-8.23100,-35.73622,4.2
649,2026-08-17T00:56:00-03:00,HEMACIAS,-8.22678,-35.71437,4.4
649,2026-08-17T01:01:00-03:00,HEMACIAS,-8.22510,-35.69540,4.8
649,2026-08-17T01:06:00-03:00,HEMACIAS,-8.22217,-35.67706,4.1
649,2026-08-17T01:11:00-03:00,HEMACIAS,-8.21728,-35.65422,4.1
649,2026-08-17T01:16:00-03:00,HEMACIAS,-8.21445,-35.63436,4.2
649,2026-08-17T01:21:00-03:00,HEMACIAS,-8.20820,-35.61457,3.9
649,2026-08-17T01:26:00-03:00,HEMACIAS,-8.20765,-35.59280,3.9
649,2026-08-17T01:31:00-03:00,HEMACIAS,-8.20239,-35.57122,4.4
650,2026-08-16T21:24:00-03:00,HEMACIAS,-8.04902,-34.87718,4.1
650,2026-08-16T21:29:00-03:00,HEMACIAS,-8.05317,-34.88372,3.8
650,2026-08-16T21:34:00-03:00,HEMACIAS,-8.05830,-34.89279,3.9
651,2026-08-17T16:23:00-03:00,PLAQUETAS,-8.04759,-34.87666,21.8
651,2026-08-17T16:28:00-03:00,PLAQUETAS,-8.05264,-34.88427,21.9
651,2026-08-17T16:33:00-03:00,PLAQUETAS,-8.05932,-34.89069,21.1
651,2026-08-17T16:38:00-03:00,PLAQUETAS,-8.06270,-34.89884,21.9
652,2026-08-17T04:58:00-03:00,HEMACIAS,-8.04813,-34.87690,3.7
652,2026-08-17T05:03:00-03:00,HEMACIAS,-8.03242,-34.86786,4.1
652,2026-08-17T05:08:00-03:00,HEMACIAS,-8.02039,-34.86114,3.9
653,2026-08-17T09:40:00-03:00,PLAQUETAS,-8.04714,-34.87710,21.8
653,2026-08-17T09:45:00-03:00,PLAQUETAS,-8.05033,-34.88066,22.5
653,2026-08-17T09:50:00-03:00,PLAQUETAS,-8.05358,-34.88394,22.6
655,2026-08-17T09:27:00-03:00,HEMACIAS,-8.04924,-34.87607,3.8
655,2026-08-17T09:32:00-03:00,HEMACIAS,-8.03331,-34.86713,4.3
655,2026-08-17T09:37:00-03:00,HEMACIAS,-8.01738,-34.86105,4.4
656,2026-08-17T12:15:00-03:00,HEMACIAS,-8.04816,-34.87759,3.8
656,2026-08-17T12:20:00-03:00,HEMACIAS,-8.04433,-34.89312,3.7
656,2026-08-17T12:25:00-03:00,HEMACIAS,-8.03916,-34.90910,3.9
656,2026-08-17T12:30:00-03:00,HEMACIAS,-8.03587,-34.92564,3.1
656,2026-08-17T12:35:00-03:00,HEMACIAS,-8.03198,-34.94403,3.1
656,2026-08-17T12:40:00-03:00,HEMACIAS,-8.02695,-34.96024,3.3
656,2026-08-17T12:45:00-03:00,HEMACIAS,-8.02431,-34.97460,3.8
657,2026-08-17T12:49:00-03:00,HEMACIAS,-8.04714,-34.87576,4.2
657,2026-08-17T12:54:00-03:00,HEMACIAS,-8.05217,-34.87844,4.0
657,2026-08-17T12:59:00-03:00,HEMACIAS,-8.05328,-34.88427,3.9
658,2026-08-17T17:11:00-03:00,PLAQUETAS,-8.04970,-34.87724,21.1
658,2026-08-17T17:16:00-03:00,PLAQUETAS,-8.05024,-34.88073,21.5
658,2026-08-17T17:21:00-03:00,PLAQUETAS,-8.05240,-34.88424,22.0
659,2026-08-17T14:14:00-03:00,HEMACIAS,-8.04833,-34.87642,3.6
659,2026-08-17T14:19:00-03:00,HEMACIAS,-8.05004,-34.88081,4.3
659,2026-08-17T14:24:00-03:00,HEMACIAS,-8.05445,-34.88547,4.5
659,2026-08-17T14:29:00-03:00,HEMACIAS,-8.05663,-34.89042,4.4
659,2026-08-17T14:34:00-03:00,HEMACIAS,-8.05955,-34.89413,4.9
659,2026-08-17T14:39:00-03:00,HEMACIAS,-8.06284,-34.89960,4.6
660,2026-08-18T04:58:00-03:00,HEMACIAS,-8.04630,-34.87749,4.7
660,2026-08-18T05:03:00-03:00,HEMACIAS,-8.05317,-34.89078,4.2
660,2026-08-18T05:08:00-03:00,HEMACIAS,-8.06021,-34.90386,4.3
660,2026-08-18T05:13:00-03:00,HEMACIAS,-8.06778,-34.91879,3.3
660,2026-08-18T05:18:00-03:00,HEMACIAS,-8.07371,-34.93238,3.5
660,2026-08-18T05:23:00-03:00,HEMACIAS,-8.07987,-34.94530,4.0
660,2026-08-18T05:28:00-03:00,HEMACIAS,-8.08735,-34.95943,3.8
660,2026-08-18T05:33:00-03:00,HEMACIAS,-8.09212,-34.97339,4.1
660,2026-08-18T05:38:00-03:00,HEMACIAS,-8.09964,-34.98777,3.4
660,2026-08-18T05:43:00-03:00,HEMACIAS,-8.10762,-35.00090,3.4
660,2026-08-18T05:48:00-03:00,HEMACIAS,-8.11070,-35.01428,3.3
661,2026-08-17T23:37:00-03:00,HEMACIAS,-8.27591,-35.98147,4.0
661,2026-08-17T23:42:00-03:00,HEMACIAS,-8.27888,-35.97814,3.7
661,2026-08-17T23:47:00-03:00,HEMACIAS,-8.28500,-35.96973,3.1
662,2026-08-17T22:46:00-03:00,HEMACIAS,-8.04881,-34.87794,4.2
662,2026-08-17T22:51:00-03:00,HEMACIAS,-8.05136,-34.88137,3.8
662,2026-08-17T22:56:00-03:00,HEMACIAS,-8.05289,-34.88513,3.1
662,2026-08-17T23:01:00-03:00,HEMACIAS,-8.05543,-34.88900,3.5
662,2026-08-17T23:06:00-03:00,HEMACIAS,-8.05934,-34.89274,3.9
662,2026-08-17T23:11:00-03:00,HEMACIAS,-8.06247,-34.89832,4.1
664,2026-08-17T20:52:00-03:00,HEMACIAS,-8.04896,-34.87740,3.8
664,2026-08-17T20:57:00-03:00,HEMACIAS,-8.03210,-34.86874,3.8
664,2026-08-17T21:02:00-03:00,HEMACIAS,-8.01769,-34.86110,4.3
665,2026-08-17T23:11:00-03:00,PLASMA,-8.04588,-34.87605,-30.9
665,2026-08-17T23:16:00-03:00,PLASMA,-8.05124,-34.88226,-30.8
665,2026-08-17T23:21:00-03:00,PLASMA,-8.05536,-34.88976,-31.7
665,2026-08-17T23:26:00-03:00,PLASMA,-8.06041,-34.89305,-32.3
665,2026-08-17T23:31:00-03:00,PLASMA,-8.06393,-34.89963,-33.5
666,2026-08-17T21:40:00-03:00,HEMACIAS,-8.04774,-34.87728,3.9
666,2026-08-17T21:45:00-03:00,HEMACIAS,-8.03634,-34.87179,4.0
666,2026-08-17T21:50:00-03:00,HEMACIAS,-8.02431,-34.86333,3.8
666,2026-08-17T21:55:00-03:00,HEMACIAS,-8.01293,-34.85904,4.4
667,2026-08-18T01:01:00-03:00,CRIOPRECIPITADO,-8.04794,-34.87791,-31.4
667,2026-08-18T01:06:00-03:00,CRIOPRECIPITADO,-8.05227,-34.88316,-30.5
667,2026-08-18T01:11:00-03:00,CRIOPRECIPITADO,-8.05572,-34.89077,-30.3
667,2026-08-18T01:16:00-03:00,CRIOPRECIPITADO,-8.06275,-34.89596,-29.7
668,2026-08-18T08:41:00-03:00,HEMACIAS,-8.04650,-34.87715,4.5
668,2026-08-18T08:46:00-03:00,HEMACIAS,-8.05214,-34.88213,4.2
669,2026-08-18T07:52:00-03:00,HEMACIAS,-8.04947,-34.87583,3.9
669,2026-08-18T07:57:00-03:00,HEMACIAS,-8.04967,-34.88128,4.3
669,2026-08-18T08:02:00-03:00,HEMACIAS,-8.05393,-34.88606,4.3
670,2026-08-18T08:57:00-03:00,HEMACIAS,-8.04841,-34.87714,4.0
670,2026-08-18T09:02:00-03:00,HEMACIAS,-8.04935,-34.87849,4.2
670,2026-08-18T09:07:00-03:00,HEMACIAS,-8.05102,-34.88091,4.7
670,2026-08-18T09:12:00-03:00,HEMACIAS,-8.05166,-34.88429,4.8
671,2026-08-18T15:17:00-03:00,HEMACIAS,-8.27645,-35.98137,4.7
671,2026-08-18T15:22:00-03:00,HEMACIAS,-8.27937,-35.97743,4.2
671,2026-08-18T15:27:00-03:00,HEMACIAS,-8.28227,-35.97142,3.9
672,2026-08-18T12:01:00-03:00,PLAQUETAS,-8.27547,-35.98172,21.9
672,2026-08-18T12:06:00-03:00,PLAQUETAS,-8.27135,-35.95499,22.1
672,2026-08-18T12:11:00-03:00,PLAQUETAS,-8.26692,-35.92901,22.2
672,2026-08-18T12:16:00-03:00,PLAQUETAS,-8.26257,-35.90176,22.7
672,2026-08-18T12:21:00-03:00,PLAQUETAS,-8.25580,-35.87393,22.7
672,2026-08-18T12:26:00-03:00,PLAQUETAS,-8.25264,-35.84696,22.4
672,2026-08-18T12:31:00-03:00,PLAQUETAS,-8.24806,-35.82182,23.0
672,2026-08-18T12:36:00-03:00,PLAQUETAS,-8.24234,-35.79603,22.6
672,2026-08-18T12:41:00-03:00,PLAQUETAS,-8.23917,-35.76744,22.2
672,2026-08-18T12:46:00-03:00,PLAQUETAS,-8.23356,-35.74153,21.9
672,2026-08-18T12:51:00-03:00,PLAQUETAS,-8.22809,-35.71499,22.1
672,2026-08-18T12:56:00-03:00,PLAQUETAS,-8.22318,-35.68754,22.4
672,2026-08-18T13:01:00-03:00,PLAQUETAS,-8.21918,-35.66039,22.3
672,2026-08-18T13:06:00-03:00,PLAQUETAS,-8.21368,-35.63523,22.3
672,2026-08-18T13:11:00-03:00,PLAQUETAS,-8.20798,-35.60758,22.3
672,2026-08-18T13:16:00-03:00,PLAQUETAS,-8.20390,-35.57921,21.6
673,2026-08-18T13:57:00-03:00,PLASMA,-8.04735,-34.87759,-30.5
673,2026-08-18T14:02:00-03:00,PLASMA,-8.05004,-34.88074,-30.2
673,2026-08-18T14:07:00-03:00,PLASMA,-8.05297,-34.88587,-29.2
673,2026-08-18T14:12:00-03:00,PLASMA,-8.05727,-34.89265,-27.8
673,2026-08-18T14:17:00-03:00,PLASMA,-8.06058,-34.89603,-27.7
674,2026-08-18T09:45:00-03:00,HEMACIAS,-8.04749,-34.87759,3.9
674,2026-08-18T09:50:00-03:00,HEMACIAS,-8.05082,-34.88055,3.9
675,2026-08-18T17:21:00-03:00,PLASMA,-8.04791,-34.87622,-28.8
675,2026-08-18T17:26:00-03:00,PLASMA,-8.05015,-34.87975,-28.7
675,2026-08-18T17:31:00-03:00,PLASMA,-8.05314,-34.88304,-28.2
675,2026-08-18T17:36:00-03:00,PLASMA,-8.05427,-34.88398,-30.2
676,2026-08-18T13:02:00-03:00,PLAQUETAS,-8.04679,-34.87762,21.8
676,2026-08-18T13:07:00-03:00,PLAQUETAS,-8.03495,-34.87633,21.6
676,2026-08-18T13:12:00-03:00,PLAQUETAS,-8.02287,-34.87662,21.2
676,2026-08-18T13:17:00-03:00,PLAQUETAS,-8.01174,-34.87613,21.3
676,2026-08-18T13:22:00-03:00,PLAQUETAS,-7.99910,-34.87469,21.9
676,2026-08-18T13:27:00-03:00,PLAQUETAS,-7.98676,-34.87295,22.1
676,2026-08-18T13:32:00-03:00,PLAQUETAS,-7.97432,-34.87465,22.4
676,2026-08-18T13:37:00-03:00,PLAQUETAS,-7.96354,-34.87274,21.8
676,2026-08-18T13:42:00-03:00,PLAQUETAS,-7.95001,-34.87224,21.7
677,2026-08-18T15:32:00-03:00,HEMACIAS,-8.04823,-34.87857,3.6
677,2026-08-18T15:37:00-03:00,HEMACIAS,-8.05297,-34.88604,7.7
677,2026-08-18T15:42:00-03:00,HEMACIAS,-8.05798,-34.89404,8.2
678,2026-08-18T17:27:00-03:00,HEMACIAS,-8.04781,-34.87676,3.4
678,2026-08-18T17:32:00-03:00,HEMACIAS,-8.03526,-34.86863,3.1
678,2026-08-18T17:37:00-03:00,HEMACIAS,-8.02131,-34.86323,3.1
678,2026-08-18T17:42:00-03:00,HEMACIAS,-8.00969,-34.85438,2.9
679,2026-08-18T14:46:00-03:00,HEMACIAS,-8.04745,-34.87658,4.6
679,2026-08-18T14:51:00-03:00,HEMACIAS,-8.03436,-34.87050,4.7
679,2026-08-18T14:56:00-03:00,HEMACIAS,-8.02560,-34.86288,4.4
679,2026-08-18T15:01:00-03:00,HEMACIAS,-8.01164,-34.85767,4.6
680,2026-08-18T20:57:00-03:00,HEMACIAS,-8.04776,-34.87594,4.0
680,2026-08-18T21:02:00-03:00,HEMACIAS,-8.04463,-34.88935,4.0
680,2026-08-18T21:07:00-03:00,HEMACIAS,-8.04089,-34.90374,3.3
680,2026-08-18T21:12:00-03:00,HEMACIAS,-8.03939,-34.91489,3.4
680,2026-08-18T21:17:00-03:00,HEMACIAS,-8.03640,-34.92890,4.4
680,2026-08-18T21:22:00-03:00,HEMACIAS,-8.03176,-34.93998,4.1
680,2026-08-18T21:27:00-03:00,HEMACIAS,-8.02943,-34.95243,4.6
680,2026-08-18T21:32:00-03:00,HEMACIAS,-8.02682,-34.96536,4.0
680,2026-08-18T21:37:00-03:00,HEMACIAS,-8.02296,-34.97846,3.5
681,2026-08-18T18:59:00-03:00,HEMACIAS,-8.04840,-34.87735,4.6
681,2026-08-18T19:04:00-03:00,HEMACIAS,-8.05536,-34.89213,4.9
681,2026-08-18T19:09:00-03:00,HEMACIAS,-8.06230,-34.90598,4.7
681,2026-08-18T19:14:00-03:00,HEMACIAS,-8.06885,-34.92290,5.1
681,2026-08-18T19:19:00-03:00,HEMACIAS,-8.07708,-34.93733,5.1
681,2026-08-18T19:24:00-03:00,HEMACIAS,-8.08424,-34.95309,4.8
681,2026-08-18T19:29:00-03:00,HEMACIAS,-8.08891,-34.96875,4.5
681,2026-08-18T19:34:00-03:00,HEMACIAS,-8.09807,-34.98313,4.4
681,2026-08-18T19:39:00-03:00,HEMACIAS,-8.10666,-34.99900,4.0
681,2026-08-18T19:44:00-03:00,HEMACIAS,-8.11103,-35.01447,4.6
682,2026-08-18T17:32:00-03:00,HEMACIAS,-8.04799,-34.87709,4.1
682,2026-08-18T17:37:00-03:00,HEMACIAS,-8.05336,-34.88869,4.3
682,2026-08-18T17:42:00-03:00,HEMACIAS,-8.05712,-34.89781,4.3
682,2026-08-18T17:47:00-03:00,HEMACIAS,-8.06172,-34.90725,5.0
682,2026-08-18T17:52:00-03:00,HEMACIAS,-8.06688,-34.92022,4.8
682,2026-08-18T17:57:00-03:00,HEMACIAS,-8.07226,-34.92868,4.5
682,2026-08-18T18:02:00-03:00,HEMACIAS,-8.07910,-34.93947,4.9
682,2026-08-18T18:07:00-03:00,HEMACIAS,-8.08338,-34.94953,4.2
682,2026-08-18T18:12:00-03:00,HEMACIAS,-8.08792,-34.95997,3.8
682,2026-08-18T18:17:00-03:00,HEMACIAS,-8.09189,-34.97076,3.8
682,2026-08-18T18:22:00-03:00,HEMACIAS,-8.09652,-34.98199,3.6
682,2026-08-18T18:27:00-03:00,HEMACIAS,-8.10174,-34.99127,3.1
682,2026-08-18T18:32:00-03:00,HEMACIAS,-8.10767,-35.00153,3.6
682,2026-08-18T18:37:00-03:00,HEMACIAS,-8.10985,-35.01176,3.9
683,2026-08-19T01:06:00-03:00,HEMACIAS,-8.04869,-34.87580,4.3
683,2026-08-19T01:11:00-03:00,HEMACIAS,-8.02586,-34.87650,4.2
683,2026-08-19T01:16:00-03:00,HEMACIAS,-8.00512,-34.87730,4.2
683,2026-08-19T01:21:00-03:00,HEMACIAS,-7.98503,-34.87475,9.7
683,2026-08-19T01:26:00-03:00,HEMACIAS,-7.96148,-34.87323,8.7
683,2026-08-19T01:31:00-03:00,HEMACIAS,-7.94114,-34.87347,9.4
684,2026-08-18T18:50:00-03:00,PLASMA,-8.27711,-35.98313,-32.0
684,2026-08-18T18:55:00-03:00,PLASMA,-8.28052,-35.97749,-31.6
684,2026-08-18T19:00:00-03:00,PLASMA,-8.28251,-35.97162,-31.1
685,2026-08-19T07:45:00-03:00,HEMACIAS,-8.04775,-34.87668,3.8
685,2026-08-19T07:50:00-03:00,HEMACIAS,-8.05838,-34.90179,3.5
685,2026-08-19T07:55:00-03:00,HEMACIAS,-8.07151,-34.92649,3.4
685,2026-08-19T08:00:00-03:00,HEMACIAS,-8.08218,-34.95134,3.8
685,2026-08-19T08:05:00-03:00,HEMACIAS,-8.09458,-34.97516,4.1
685,2026-08-19T08:10:00-03:00,HEMACIAS,-8.10506,-34.99921,3.6
686,2026-08-18T21:15:00-03:00,PLASMA,-8.04724,-34.87638,-29.1
686,2026-08-18T21:20:00-03:00,PLASMA,-8.05121,-34.87989,-29.1
686,2026-08-18T21:25:00-03:00,PLASMA,-8.05038,-34.88237,-28.6
687,2026-08-18T22:15:00-03:00,HEMACIAS,-8.04831,-34.87703,4.6
687,2026-08-18T22:20:00-03:00,HEMACIAS,-8.05534,-34.88559,7.6
687,2026-08-18T22:25:00-03:00,HEMACIAS,-8.06057,-34.89568,7.3
688,2026-08-19T02:47:00-03:00,PLASMA,-8.04874,-34.87653,-29.7
688,2026-08-19T02:52:00-03:00,PLASMA,-8.04297,-34.90039,-29.7
688,2026-08-19T02:57:00-03:00,PLASMA,-8.03623,-34.92026,-28.8
688,2026-08-19T03:02:00-03:00,PLASMA,-8.03205,-34.94332,-29.0
688,2026-08-19T03:07:00-03:00,PLASMA,-8.02641,-34.96590,-28.7
689,2026-08-19T10:41:00-03:00,PLAQUETAS,-8.04829,-34.87732,21.5
689,2026-08-19T10:46:00-03:00,PLAQUETAS,-8.03252,-34.87677,21.8
689,2026-08-19T10:51:00-03:00,PLAQUETAS,-8.01402,-34.87512,22.5
689,2026-08-19T10:56:00-03:00,PLAQUETAS,-8.00021,-34.87549,21.8
689,2026-08-19T11:01:00-03:00,PLAQUETAS,-7.98231,-34.87581,21.8
689,2026-08-19T11:06:00-03:00,PLAQUETAS,-7.96721,-34.87407,21.7
689,2026-08-19T11:11:00-03:00,PLAQUETAS,-7.95012,-34.87476,21.9
690,2026-08-19T11:54:00-03:00,PLAQUETAS,-8.04704,-34.87681,22.0
690,2026-08-19T11:59:00-03:00,PLAQUETAS,-8.04911,-34.88149,21.7
690,2026-08-19T12:04:00-03:00,PLAQUETAS,-8.05394,-34.88609,21.9
690,2026-08-19T12:09:00-03:00,PLAQUETAS,-8.05575,-34.88913,22.0
690,2026-08-19T12:14:00-03:00,PLAQUETAS,-8.05898,-34.89160,22.8
690,2026-08-19T12:19:00-03:00,PLAQUETAS,-8.06096,-34.89705,22.9
691,2026-08-19T13:36:00-03:00,HEMACIAS,-8.27582,-35.98068,4.6
691,2026-08-19T13:41:00-03:00,HEMACIAS,-8.27783,-35.97833,4.1
691,2026-08-19T13:46:00-03:00,HEMACIAS,-8.28007,-35.97451,4.1
691,2026-08-19T13:51:00-03:00,HEMACIAS,-8.28499,-35.97092,4.1
692,2026-08-19T09:12:00-03:00,HEMACIAS,-8.04781,-34.87774,4.3
692,2026-08-19T09:17:00-03:00,HEMACIAS,-8.03897,-34.87081,4.3
692,2026-08-19T09:22:00-03:00,HEMACIAS,-8.02658,-34.86540,4.3
692,2026-08-19T09:27:00-03:00,HEMACIAS,-8.01845,-34.86087,4.2
692,2026-08-19T09:32:00-03:00,HEMACIAS,-8.01044,-34.85578,3.9
693,2026-08-19T10:54:00-03:00,HEMACIAS,-8.27616,-35.98117,3.7
693,2026-08-19T10:59:00-03:00,HEMACIAS,-8.27756,-35.97933,3.9
693,2026-08-19T11:04:00-03:00,HEMACIAS,-8.27922,-35.97621,4.3
693,2026-08-19T11:09:00-03:00,HEMACIAS,-8.28089,-35.97344,3.9
693,2026-08-19T11:14:00-03:00,HEMACIAS,-8.28468,-35.97072,3.7
694,2026-08-19T15:08:00-03:00,PLASMA,-8.04780,-34.87814,-29.7
694,2026-08-19T15:13:00-03:00,PLASMA,-8.05438,-34.89005,-29.1
694,2026-08-19T15:18:00-03:00,PLASMA,-8.06106,-34.90429,-28.7
694,2026-08-19T15:23:00-03:00,PLASMA,-8.06568,-34.91523,-28.6
694,2026-08-19T15:28:00-03:00,PLASMA,-8.07181,-34.92843,-29.5
694,2026-08-19T15:33:00-03:00,PLASMA,-8.07753,-34.94159,-29.2
694,2026-08-19T15:38:00-03:00,PLASMA,-8.08395,-34.95432,-31.0
694,2026-08-19T15:43:00-03:00,PLASMA,-8.09060,-34.96820,-30.1
694,2026-08-19T15:48:00-03:00,PLASMA,-8.09714,-34.98119,-30.5
694,2026-08-19T15:53:00-03:00,PLASMA,-8.10223,-34.99338,-30.0
694,2026-08-19T15:58:00-03:00,PLASMA,-8.11001,-35.00526,-31.1
695,2026-08-19T12:05:00-03:00,HEMACIAS,-8.04727,-34.87928,4.0
695,2026-08-19T12:10:00-03:00,HEMACIAS,-8.03025,-34.87598,3.7
695,2026-08-19T12:15:00-03:00,HEMACIAS,-8.01373,-34.87705,9.5
695,2026-08-19T12:20:00-03:00,HEMACIAS,-7.99715,-34.87529,9.2
695,2026-08-19T12:25:00-03:00,HEMACIAS,-7.98191,-34.87605,9.2
695,2026-08-19T12:30:00-03:00,HEMACIAS,-7.96300,-34.87481,9.5
695,2026-08-19T12:35:00-03:00,HEMACIAS,-7.94849,-34.87334,10.1
696,2026-08-19T14:19:00-03:00,HEMACIAS,-8.04760,-34.87824,3.3
696,2026-08-19T14:24:00-03:00,HEMACIAS,-8.03286,-34.87637,3.2
696,2026-08-19T14:29:00-03:00,HEMACIAS,-8.01733,-34.87775,3.3
696,2026-08-19T14:34:00-03:00,HEMACIAS,-8.00234,-34.87548,2.5
696,2026-08-19T14:39:00-03:00,HEMACIAS,-7.98916,-34.87603,2.6
696,2026-08-19T14:44:00-03:00,HEMACIAS,-7.97316,-34.87370,3.2
696,2026-08-19T14:49:00-03:00,HEMACIAS,-7.95842,-34.87311,2.7
696,2026-08-19T14:54:00-03:00,HEMACIAS,-7.94315,-34.87250,2.5
697,2026-08-19T17:22:00-03:00,PLASMA,-8.04766,-34.87720,-28.9
697,2026-08-19T17:27:00-03:00,PLASMA,-8.03930,-34.87672,-30.0
697,2026-08-19T17:32:00-03:00,PLASMA,-8.03017,-34.87782,-29.9
697,2026-08-19T17:37:00-03:00,PLASMA,-8.01924,-34.87562,-31.1
697,2026-08-19T17:42:00-03:00,PLASMA,-8.01106,-34.87549,-31.4
697,2026-08-19T17:47:00-03:00,PLASMA,-8.00371,-34.87643,-31.7
697,2026-08-19T17:52:00-03:00,PLASMA,-7.99263,-34.87418,-30.8
697,2026-08-19T17:57:00-03:00,PLASMA,-7.98388,-34.87447,-27.7
697,2026-08-19T18:02:00-03:00,PLASMA,-7.97498,-34.87420,-28.6
697,2026-08-19T18:07:00-03:00,PLASMA,-7.96675,-34.87312,-29.3
697,2026-08-19T18:12:00-03:00,PLASMA,-7.95740,-34.87333,-31.4
697,2026-08-19T18:17:00-03:00,PLASMA,-7.94764,-34.87348,-29.7
698,2026-08-19T17:33:00-03:00,PLASMA,-8.04700,-34.87810,-31.5
698,2026-08-19T17:38:00-03:00,PLASMA,-8.04917,-34.87959,-30.4
698,2026-08-19T17:43:00-03:00,PLASMA,-8.05276,-34.88336,-29.6
699,2026-08-19T18:49:00-03:00,HEMACIAS,-8.04791,-34.87755,3.7
699,2026-08-19T18:54:00-03:00,HEMACIAS,-8.04998,-34.88160,4.0
699,2026-08-19T18:59:00-03:00,HEMACIAS,-8.05569,-34.88547,4.0
700,2026-08-19T18:23:00-03:00,HEMACIAS,-8.04774,-34.87601,4.1
700,2026-08-19T18:28:00-03:00,HEMACIAS,-8.04474,-34.89182,4.4
700,2026-08-19T18:33:00-03:00,HEMACIAS,-8.04110,-34.90466,4.2
700,2026-08-19T18:38:00-03:00,HEMACIAS,-8.03857,-34.91962,3.9
700,2026-08-19T18:43:00-03:00,HEMACIAS,-8.03462,-34.93347,4.0
700,2026-08-19T18:48:00-03:00,HEMACIAS,-8.02872,-34.94587,3.6
700,2026-08-19T18:53:00-03:00,HEMACIAS,-8.02943,-34.96028,3.9
700,2026-08-19T18:58:00-03:00,HEMACIAS,-8.02530,-34.97573,3.5
701,2026-08-20T00:32:00-03:00,HEMACIAS,-8.04889,-34.87636,3.8
701,2026-08-20T00:37:00-03:00,HEMACIAS,-8.03676,-34.87613,3.9
701,2026-08-20T00:42:00-03:00,HEMACIAS,-8.02583,-34.87641,4.2
701,2026-08-20T00:47:00-03:00,HEMACIAS,-8.01526,-34.87490,4.1
701,2026-08-20T00:52:00-03:00,HEMACIAS,-8.00412,-34.87631,4.3
701,2026-08-20T00:57:00-03:00,HEMACIAS,-7.99475,-34.87465,4.4
701,2026-08-20T01:02:00-03:00,HEMACIAS,-7.98258,-34.87501,4.1
701,2026-08-20T01:07:00-03:00,HEMACIAS,-7.97153,-34.87434,3.9
701,2026-08-20T01:12:00-03:00,HEMACIAS,-7.96212,-34.87237,3.3
701,2026-08-20T01:17:00-03:00,HEMACIAS,-7.95177,-34.87366,3.6
701,2026-08-20T01:22:00-03:00,HEMACIAS,-7.94095,-34.87274,3.5
702,2026-08-20T05:24:00-03:00,PLASMA,-8.04685,-34.87792,-30.2
702,2026-08-20T05:29:00-03:00,PLASMA,-8.04873,-34.88055,-29.5
702,2026-08-20T05:34:00-03:00,PLASMA,-8.05200,-34.88200,-30.0
703,2026-08-20T11:04:00-03:00,HEMACIAS,-8.04799,-34.87687,4.8
703,2026-08-20T11:09:00-03:00,HEMACIAS,-8.03668,-34.87645,4.6
703,2026-08-20T11:14:00-03:00,HEMACIAS,-8.02676,-34.87620,4.3
703,2026-08-20T11:19:00-03:00,HEMACIAS,-8.01725,-34.87566,4.1
703,2026-08-20T11:24:00-03:00,HEMACIAS,-8.00644,-34.87563,3.8
703,2026-08-20T11:29:00-03:00,HEMACIAS,-7.99703,-34.87590,3.6
703,2026-08-20T11:34:00-03:00,HEMACIAS,-7.98395,-34.87324,2.9
703,2026-08-20T11:39:00-03:00,HEMACIAS,-7.97540,-34.87338,2.5
703,2026-08-20T11:44:00-03:00,HEMACIAS,-7.96584,-34.87288,2.7
703,2026-08-20T11:49:00-03:00,HEMACIAS,-7.95524,-34.87250,3.3
703,2026-08-20T11:54:00-03:00,HEMACIAS,-7.94355,-34.87290,3.1
704,2026-08-20T08:52:00-03:00,PLASMA,-8.04582,-34.87773,-32.6
704,2026-08-20T08:57:00-03:00,PLASMA,-8.04201,-34.87332,-31.6
704,2026-08-20T09:02:00-03:00,PLASMA,-8.03453,-34.86900,-30.9
704,2026-08-20T09:07:00-03:00,PLASMA,-8.02558,-34.86486,-30.8
704,2026-08-20T09:12:00-03:00,PLASMA,-8.01866,-34.86102,-30.4
704,2026-08-20T09:17:00-03:00,PLASMA,-8.01088,-34.85599,-30.2
705,2026-08-20T13:18:00-03:00,PLAQUETAS,-8.04852,-34.87688,21.8
705,2026-08-20T13:23:00-03:00,PLAQUETAS,-8.04159,-34.87285,21.7
705,2026-08-20T13:28:00-03:00,PLAQUETAS,-8.03325,-34.87070,21.7
705,2026-08-20T13:33:00-03:00,PLAQUETAS,-8.02628,-34.86537,21.7
705,2026-08-20T13:38:00-03:00,PLAQUETAS,-8.01920,-34.86048,21.8
705,2026-08-20T13:43:00-03:00,PLAQUETAS,-8.01460,-34.85713,22.0
706,2026-08-20T09:56:00-03:00,HEMACIAS,-8.04860,-34.87680,3.5
706,2026-08-20T10:01:00-03:00,HEMACIAS,-8.05238,-34.88350,3.7
706,2026-08-20T10:06:00-03:00,HEMACIAS,-8.05600,-34.88846,3.9
706,2026-08-20T10:11:00-03:00,HEMACIAS,-8.06047,-34.89595,4.0
707,2026-08-20T17:46:00-03:00,PLASMA,-8.04761,-34.87883,-29.1
707,2026-08-20T17:51:00-03:00,PLASMA,-8.05044,-34.88018,-29.7
707,2026-08-20T17:56:00-03:00,PLASMA,-8.05379,-34.88562,-31.0
708,2026-08-20T20:12:00-03:00,PLAQUETAS,-8.04832,-34.87759,22.1
708,2026-08-20T20:17:00-03:00,PLAQUETAS,-8.05308,-34.88688,21.7
708,2026-08-20T20:22:00-03:00,PLAQUETAS,-8.05808,-34.89748,21.9
708,2026-08-20T20:27:00-03:00,PLAQUETAS,-8.06105,-34.90894,22.5
708,2026-08-20T20:32:00-03:00,PLAQUETAS,-8.06718,-34.91965,22.4
708,2026-08-20T20:37:00-03:00,PLAQUETAS,-8.07214,-34.92885,22.4
708,2026-08-20T20:42:00-03:00,PLAQUETAS,-8.07713,-34.93921,21.9
708,2026-08-20T20:47:00-03:00,PLAQUETAS,-8.08186,-34.95062,22.5
708,2026-08-20T20:52:00-03:00,PLAQUETAS,-8.08717,-34.96021,22.3
708,2026-08-20T20:57:00-03:00,PLAQUETAS,-8.09304,-34.97018,22.3
708,2026-08-20T21:02:00-03:00,PLAQUETAS,-8.09680,-34.98051,22.1
708,2026-08-20T21:07:00-03:00,PLAQUETAS,-8.10234,-34.99121,22.0
708,2026-08-20T21:12:00-03:00,PLAQUETAS,-8.10687,-35.00202,22.2
708,2026-08-20T21:17:00-03:00,PLAQUETAS,-8.11235,-35.01291,21.8
710,2026-08-21T02:58:00-03:00,HEMACIAS,-8.04946,-34.87557,3.6
710,2026-08-21T03:03:00-03:00,HEMACIAS,-8.05485,-34.88704,3.8
710,2026-08-21T03:08:00-03:00,HEMACIAS,-8.06141,-34.89799,4.1
711,2026-08-20T20:57:00-03:00,HEMACIAS,-8.04643,-34.87592,3.9
711,2026-08-20T21:02:00-03:00,HEMACIAS,-8.03795,-34.87099,3.6
711,2026-08-20T21:07:00-03:00,HEMACIAS,-8.02907,-34.86708,3.8
711,2026-08-20T21:12:00-03:00,HEMACIAS,-8.01875,-34.86024,3.8
711,2026-08-20T21:17:00-03:00,HEMACIAS,-8.00920,-34.85554,3.8
712,2026-08-20T18:29:00-03:00,HEMACIAS,-8.04742,-34.87626,4.5
712,2026-08-20T18:34:00-03:00,HEMACIAS,-8.03355,-34.86848,4.1
712,2026-08-20T18:39:00-03:00,HEMACIAS,-8.02055,-34.86120,4.2
713,2026-08-20T19:48:00-03:00,HEMACIAS,-8.04558,-34.87614,3.6
713,2026-08-20T19:53:00-03:00,HEMACIAS,-8.05232,-34.88357,3.9
713,2026-08-20T19:58:00-03:00,HEMACIAS,-8.05900,-34.89170,4.3
713,2026-08-20T20:03:00-03:00,HEMACIAS,-8.06337,-34.89866,4.8
714,2026-08-20T19:28:00-03:00,CRIOPRECIPITADO,-8.27636,-35.98149,-31.3
714,2026-08-20T19:33:00-03:00,CRIOPRECIPITADO,-8.27239,-35.96256,-30.9
714,2026-08-20T19:38:00-03:00,CRIOPRECIPITADO,-8.26965,-35.94363,-30.4
714,2026-08-20T19:43:00-03:00,CRIOPRECIPITADO,-8.26710,-35.92631,-30.2
714,2026-08-20T19:48:00-03:00,CRIOPRECIPITADO,-8.26321,-35.90719,-30.2
714,2026-08-20T19:53:00-03:00,CRIOPRECIPITADO,-8.25761,-35.88730,-32.2
714,2026-08-20T19:58:00-03:00,CRIOPRECIPITADO,-8.25568,-35.86894,-31.8
714,2026-08-20T20:03:00-03:00,CRIOPRECIPITADO,-8.25139,-35.84811,-28.9
714,2026-08-20T20:08:00-03:00,CRIOPRECIPITADO,-8.24755,-35.82927,-29.0
714,2026-08-20T20:13:00-03:00,CRIOPRECIPITADO,-8.24609,-35.81069,-30.4
714,2026-08-20T20:18:00-03:00,CRIOPRECIPITADO,-8.24226,-35.79242,-29.7
714,2026-08-20T20:23:00-03:00,CRIOPRECIPITADO,-8.23930,-35.77237,-30.7
714,2026-08-20T20:28:00-03:00,CRIOPRECIPITADO,-8.23470,-35.75488,-30.8
714,2026-08-20T20:33:00-03:00,CRIOPRECIPITADO,-8.23246,-35.73562,-30.4
714,2026-08-20T20:38:00-03:00,CRIOPRECIPITADO,-8.22882,-35.71794,-29.8
714,2026-08-20T20:43:00-03:00,CRIOPRECIPITADO,-8.22509,-35.69723,-30.3
714,2026-08-20T20:48:00-03:00,CRIOPRECIPITADO,-8.22141,-35.67801,-29.4
714,2026-08-20T20:53:00-03:00,CRIOPRECIPITADO,-8.21930,-35.66021,-29.9
714,2026-08-20T20:58:00-03:00,CRIOPRECIPITADO,-8.21442,-35.64106,-31.6
714,2026-08-20T21:03:00-03:00,CRIOPRECIPITADO,-8.21142,-35.62346,-30.1
714,2026-08-20T21:08:00-03:00,CRIOPRECIPITADO,-8.20770,-35.60214,-28.5
714,2026-08-20T21:13:00-03:00,CRIOPRECIPITADO,-8.20494,-35.58481,-28.5
714,2026-08-20T21:18:00-03:00,CRIOPRECIPITADO,-8.20067,-35.56604,-28.0
715,2026-08-20T18:48:00-03:00,HEMACIAS,-8.27560,-35.98135,4.0
715,2026-08-20T18:53:00-03:00,HEMACIAS,-8.27112,-35.96589,3.7
715,2026-08-20T18:58:00-03:00,HEMACIAS,-8.26859,-35.94775,3.7
715,2026-08-20T19:03:00-03:00,HEMACIAS,-8.26412,-35.92979,3.8
715,2026-08-20T19:08:00-03:00,HEMACIAS,-8.26136,-35.91239,4.1
715,2026-08-20T19:13:00-03:00,HEMACIAS,-8.25819,-35.89584,3.6
715,2026-08-20T19:18:00-03:00,HEMACIAS,-8.25449,-35.87702,3.5
715,2026-08-20T19:23:00-03:00,HEMACIAS,-8.25060,-35.86046,3.6
715,2026-08-20T19:28:00-03:00,HEMACIAS,-8.24805,-35.84192,3.7
715,2026-08-20T19:33:00-03:00,HEMACIAS,-8.24417,-35.82499,3.5
715,2026-08-20T19:38:00-03:00,HEMACIAS,-8.24192,-35.80892,3.6
715,2026-08-20T19:43:00-03:00,HEMACIAS,-8.23825,-35.78973,3.9
715,2026-08-20T19:48:00-03:00,HEMACIAS,-8.23401,-35.77424,3.9
715,2026-08-20T19:53:00-03:00,HEMACIAS,-8.22880,-35.75707,3.9
715,2026-08-20T19:58:00-03:00,HEMACIAS,-8.22749,-35.73861,3.7
715,2026-08-20T20:03:00-03:00,HEMACIAS,-8.22345,-35.72424,4.1
715,2026-08-20T20:08:00-03:00,HEMACIAS,-8.22082,-35.70371,4.1
715,2026-08-20T20:13:00-03:00,HEMACIAS,-8.21704,-35.68683,4.1
715,2026-08-20T20:18:00-03:00,HEMACIAS,-8.21309,-35.66983,4.1
715,2026-08-20T20:23:00-03:00,HEMACIAS,-8.20963,-35.65226,4.0
715,2026-08-20T20:28:00-03:00,HEMACIAS,-8.20492,-35.63421,4.5
715,2026-08-20T20:33:00-03:00,HEMACIAS,-8.20128,-35.61755,4.5
715,2026-08-20T20:38:00-03:00,HEMACIAS,-8.19910,-35.59950,4.4
715,2026-08-20T20:43:00-03:00,HEMACIAS,-8.19517,-35.58358,4.1
715,2026-08-20T20:48:00-03:00,HEMACIAS,-8.19067,-35.56468,3.8
715,2026-08-20T20:53:00-03:00,HEMACIAS,-8.18763,-35.54732,4.1
715,2026-08-20T20:58:00-03:00,HEMACIAS,-8.18539,-35.53049,4.5
715,2026-08-20T21:03:00-03:00,HEMACIAS,-8.18116,-35.51242,4.8
715,2026-08-20T21:08:00-03:00,HEMACIAS,-8.17837,-35.49546,4.2
715,2026-08-20T21:13:00-03:00,HEMACIAS,-8.17456,-35.47871,4.1
715,2026-08-20T21:18:00-03:00,HEMACIAS,-8.17033,-35.46008,4.3
715,2026-08-20T21:23:00-03:00,HEMACIAS,-8.16643,-35.44395,4.0
715,2026-08-20T21:28:00-03:00,HEMACIAS,-8.16327,-35.42641,3.9
715,2026-08-20T21:33:00-03:00,HEMACIAS,-8.16173,-35.40918,3.8
715,2026-08-20T21:38:00-03:00,HEMACIAS,-8.15582,-35.39122,4.2
715,2026-08-20T21:43:00-03:00,HEMACIAS,-8.15240,-35.37383,3.5
715,2026-08-20T21:48:00-03:00,HEMACIAS,-8.15013,-35.35626,3.3
715,2026-08-20T21:53:00-03:00,HEMACIAS,-8.14564,-35.33937,3.6
715,2026-08-20T21:58:00-03:00,HEMACIAS,-8.14133,-35.32345,3.6
715,2026-08-20T22:03:00-03:00,HEMACIAS,-8.13765,-35.30539,3.9
715,2026-08-20T22:08:00-03:00,HEMACIAS,-8.13452,-35.28759,3.5
715,2026-08-20T22:13:00-03:00,HEMACIAS,-8.13182,-35.27140,3.0
715,2026-08-20T22:18:00-03:00,HEMACIAS,-8.12597,-35.25322,3.4
715,2026-08-20T22:23:00-03:00,HEMACIAS,-8.12399,-35.23584,3.2
715,2026-08-20T22:28:00-03:00,HEMACIAS,-8.12129,-35.21775,3.5
715,2026-08-20T22:33:00-03:00,HEMACIAS,-8.11897,-35.20122,3.6
715,2026-08-20T22:38:00-03:00,HEMACIAS,-8.11379,-35.18375,3.5
715,2026-08-20T22:43:00-03:00,HEMACIAS,-8.11047,-35.16732,4.2
715,2026-08-20T22:48:00-03:00,HEMACIAS,-8.10903,-35.14908,3.9
715,2026-08-20T22:53:00-03:00,HEMACIAS,-8.10227,-35.13107,3.9
715,2026-08-20T22:58:00-03:00,HEMACIAS,-8.10069,-35.11349,3.7
715,2026-08-20T23:03:00-03:00,HEMACIAS,-8.09668,-35.09578,3.5
715,2026-08-20T23:08:00-03:00,HEMACIAS,-8.09462,-35.07938,3.5
715,2026-08-20T23:13:00-03:00,HEMACIAS,-8.09040,-35.06204,4.7
715,2026-08-20T23:18:00-03:00,HEMACIAS,-8.08599,-35.04453,4.1
715,2026-08-20T23:23:00-03:00,HEMACIAS,-8.08235,-35.02653,4.3
715,2026-08-20T23:28:00-03:00,HEMACIAS,-8.07971,-35.00985,4.6
715,2026-08-20T23:33:00-03:00,HEMACIAS,-8.07486,-34.99453,4.5
715,2026-08-20T23:38:00-03:00,HEMACIAS,-8.07275,-34.97487,4.1
715,2026-08-20T23:43:00-03:00,HEMACIAS,-8.06997,-34.95937,4.1
715,2026-08-20T23:48:00-03:00,HEMACIAS,-8.06450,-34.94065,3.9
715,2026-08-20T23:53:00-03:00,HEMACIAS,-8.06163,-34.92240,4.2
715,2026-08-20T23:58:00-03:00,HEMACIAS,-8.05759,-34.90502,3.8
715,2026-08-21T00:03:00-03:00,HEMACIAS,-8.05587,-34.88849,3.8
716,2026-08-20T19:46:00-03:00,HEMACIAS,-8.04650,-34.87733,4.2
716,2026-08-20T19:51:00-03:00,HEMACIAS,-8.05950,-34.90049,4.0
716,2026-08-20T19:56:00-03:00,HEMACIAS,-8.06961,-34.92534,3.6
716,2026-08-20T20:01:00-03:00,HEMACIAS,-8.08163,-34.94730,3.6
716,2026-08-20T20:06:00-03:00,HEMACIAS,-8.09145,-34.97243,3.1
716,2026-08-20T20:11:00-03:00,HEMACIAS,-8.10409,-34.99560,3.1
717,2026-08-20T22:10:00-03:00,PLAQUETAS,-8.04587,-34.87753,22.0
717,2026-08-20T22:15:00-03:00,PLAQUETAS,-8.05389,-34.88981,21.7
717,2026-08-20T22:20:00-03:00,PLAQUETAS,-8.05820,-34.90317,21.9
717,2026-08-20T22:25:00-03:00,PLAQUETAS,-8.06645,-34.91508,21.5
717,2026-08-20T22:30:00-03:00,PLAQUETAS,-8.07314,-34.92835,22.0
717,2026-08-20T22:35:00-03:00,PLAQUETAS,-8.07885,-34.94151,22.1
717,2026-08-20T22:40:00-03:00,PLAQUETAS,-8.08367,-34.95279,22.1
717,2026-08-20T22:45:00-03:00,PLAQUETAS,-8.08927,-34.96622,21.7
717,2026-08-20T22:50:00-03:00,PLAQUETAS,-8.09612,-34.97983,21.9
717,2026-08-20T22:55:00-03:00,PLAQUETAS,-8.10299,-34.99082,22.1
717,2026-08-20T23:00:00-03:00,PLAQUETAS,-8.10688,-35.00479,21.6
718,2026-08-21T01:12:00-03:00,PLASMA,-8.04847,-34.87676,-30.3
718,2026-08-21T01:17:00-03:00,PLASMA,-8.05360,-34.88335,-28.1
719,2026-08-21T10:32:00-03:00,HEMACIAS,-8.04662,-34.87719,3.7
719,2026-08-21T10:37:00-03:00,HEMACIAS,-8.05088,-34.88225,3.7
719,2026-08-21T10:42:00-03:00,HEMACIAS,-8.05396,-34.88499,3.5
719,2026-08-21T10:47:00-03:00,HEMACIAS,-8.05779,-34.89289,3.7
719,2026-08-21T10:52:00-03:00,HEMACIAS,-8.06121,-34.89798,3.7
720,2026-08-21T08:57:00-03:00,HEMACIAS,-8.04702,-34.87688,4.4
720,2026-08-21T09:02:00-03:00,HEMACIAS,-8.04942,-34.88219,3.9
720,2026-08-21T09:07:00-03:00,HEMACIAS,-8.05431,-34.88540,3.7
720,2026-08-21T09:12:00-03:00,HEMACIAS,-8.05963,-34.89107,3.4
720,2026-08-21T09:17:00-03:00,HEMACIAS,-8.06178,-34.89716,3.8
721,2026-08-21T09:16:00-03:00,HEMACIAS,-8.04790,-34.87677,4.2
721,2026-08-21T09:21:00-03:00,HEMACIAS,-8.05226,-34.88730,4.3
721,2026-08-21T09:26:00-03:00,HEMACIAS,-8.05602,-34.89577,3.7
721,2026-08-21T09:31:00-03:00,HEMACIAS,-8.06092,-34.90570,3.9
721,2026-08-21T09:36:00-03:00,HEMACIAS,-8.06407,-34.91327,4.3
721,2026-08-21T09:41:00-03:00,HEMACIAS,-8.06846,-34.92358,3.9
721,2026-08-21T09:46:00-03:00,HEMACIAS,-8.07429,-34.93379,4.2
721,2026-08-21T09:51:00-03:00,HEMACIAS,-8.07818,-34.94269,4.5
721,2026-08-21T09:56:00-03:00,HEMACIAS,-8.08240,-34.95106,4.7
721,2026-08-21T10:01:00-03:00,HEMACIAS,-8.08954,-34.95996,4.3
721,2026-08-21T10:06:00-03:00,HEMACIAS,-8.09251,-34.97109,4.4
721,2026-08-21T10:11:00-03:00,HEMACIAS,-8.09510,-34.98039,4.7
721,2026-08-21T10:16:00-03:00,HEMACIAS,-8.10011,-34.98837,4.6
721,2026-08-21T10:21:00-03:00,HEMACIAS,-8.10392,-34.99664,4.4
721,2026-08-21T10:26:00-03:00,HEMACIAS,-8.10985,-35.00600,3.9
722,2026-08-21T09:16:00-03:00,HEMACIAS,-8.04784,-34.87624,3.2
722,2026-08-21T09:21:00-03:00,HEMACIAS,-8.05126,-34.88353,2.9
722,2026-08-21T09:26:00-03:00,HEMACIAS,-8.05578,-34.88813,3.4
722,2026-08-21T09:31:00-03:00,HEMACIAS,-8.05876,-34.89106,3.3
722,2026-08-21T09:36:00-03:00,HEMACIAS,-8.06267,-34.89608,3.8
723,2026-08-21T15:17:00-03:00,HEMACIAS,-8.04777,-34.87718,4.2
723,2026-08-21T15:22:00-03:00,HEMACIAS,-8.02828,-34.87625,4.0
723,2026-08-21T15:27:00-03:00,HEMACIAS,-8.01063,-34.87485,3.7
723,2026-08-21T15:32:00-03:00,HEMACIAS,-7.98959,-34.87552,3.3
723,2026-08-21T15:37:00-03:00,HEMACIAS,-7.97044,-34.87473,3.4
723,2026-08-21T15:42:00-03:00,HEMACIAS,-7.95375,-34.87448,4.3
724,2026-08-21T14:22:00-03:00,HEMACIAS,-8.27524,-35.98129,4.2
724,2026-08-21T14:27:00-03:00,HEMACIAS,-8.28051,-35.97671,4.3
724,2026-08-21T14:32:00-03:00,HEMACIAS,-8.28539,-35.96941,4.2
725,2026-08-21T15:47:00-03:00,CRIOPRECIPITADO,-8.04695,-34.87733,-28.8
725,2026-08-21T15:52:00-03:00,CRIOPRECIPITADO,-8.05267,-34.88333,-28.6
725,2026-08-21T15:57:00-03:00,CRIOPRECIPITADO,-8.05826,-34.89138,-29.6
725,2026-08-21T16:02:00-03:00,CRIOPRECIPITADO,-8.06078,-34.89625,-29.1
726,2026-08-21T18:42:00-03:00,PLAQUETAS,-8.04809,-34.87650,22.0
726,2026-08-21T18:47:00-03:00,PLAQUETAS,-8.03651,-34.86949,21.9
726,2026-08-21T18:52:00-03:00,PLAQUETAS,-8.02381,-34.86351,21.7
726,2026-08-21T18:57:00-03:00,PLAQUETAS,-8.01238,-34.85674,22.2
727,2026-08-21T13:54:00-03:00,HEMACIAS,-8.04735,-34.87716,4.1
727,2026-08-21T13:59:00-03:00,HEMACIAS,-8.04914,-34.88094,3.7
727,2026-08-21T14:04:00-03:00,HEMACIAS,-8.05147,-34.88599,3.6
727,2026-08-21T14:09:00-03:00,HEMACIAS,-8.05283,-34.89022,4.2
727,2026-08-21T14:14:00-03:00,HEMACIAS,-8.05596,-34.89571,4.4
727,2026-08-21T14:19:00-03:00,HEMACIAS,-8.05872,-34.89883,3.6
727,2026-08-21T14:24:00-03:00,HEMACIAS,-8.05991,-34.90309,3.6
727,2026-08-21T14:29:00-03:00,HEMACIAS,-8.06271,-34.90847,3.2
727,2026-08-21T14:34:00-03:00,HEMACIAS,-8.06391,-34.91223,3.5
727,2026-08-21T14:39:00-03:00,HEMACIAS,-8.06602,-34.91609,3.5
727,2026-08-21T14:44:00-03:00,HEMACIAS,-8.06825,-34.92004,3.7
727,2026-08-21T14:49:00-03:00,HEMACIAS,-8.07091,-34.92523,4.2
727,2026-08-21T14:54:00-03:00,HEMACIAS,-8.07211,-34.92798,4.2
727,2026-08-21T14:59:00-03:00,HEMACIAS,-8.07463,-34.93446,4.2
727,2026-08-21T15:04:00-03:00,HEMACIAS,-8.07556,-34.93895,3.7
727,2026-08-21T15:09:00-03:00,HEMACIAS,-8.08069,-34.94261,3.8
727,2026-08-21T15:14:00-03:00,HEMACIAS,-8.08016,-34.94705,4.1
727,2026-08-21T15:19:00-03:00,HEMACIAS,-8.08317,-34.95103,3.4
727,2026-08-21T15:24:00-03:00,HEMACIAS,-8.08483,-34.95634,3.4
727,2026-08-21T15:29:00-03:00,HEMACIAS,-8.08744,-34.95974,3.2
727,2026-08-21T15:34:00-03:00,HEMACIAS,-8.08861,-34.96539,3.3
727,2026-08-21T15:39:00-03:00,HEMACIAS,-8.09176,-34.96915,3.6
727,2026-08-21T15:44:00-03:00,HEMACIAS,-8.09269,-34.97384,3.8
727,2026-08-21T15:49:00-03:00,HEMACIAS,-8.09471,-34.97793,4.2
727,2026-08-21T15:54:00-03:00,HEMACIAS,-8.09579,-34.98223,4.2
727,2026-08-21T15:59:00-03:00,HEMACIAS,-8.09884,-34.98684,4.5
727,2026-08-21T16:04:00-03:00,HEMACIAS,-8.10115,-34.98917,4.2
727,2026-08-21T16:09:00-03:00,HEMACIAS,-8.10453,-34.99426,3.9
727,2026-08-21T16:14:00-03:00,HEMACIAS,-8.10459,-35.00015,4.3
727,2026-08-21T16:19:00-03:00,HEMACIAS,-8.10747,-35.00493,3.6
727,2026-08-21T16:24:00-03:00,HEMACIAS,-8.11017,-35.00774,3.5
727,2026-08-21T16:29:00-03:00,HEMACIAS,-8.11027,-35.01323,3.4
728,2026-08-21T15:55:00-03:00,HEMACIAS,-8.04706,-34.87600,4.1
728,2026-08-21T16:00:00-03:00,HEMACIAS,-8.03511,-34.87023,4.1
728,2026-08-21T16:05:00-03:00,HEMACIAS,-8.02383,-34.86339,4.1
728,2026-08-21T16:10:00-03:00,HEMACIAS,-8.01203,-34.85594,4.4
729,2026-08-21T15:38:00-03:00,HEMACIAS,-8.04821,-34.87824,3.9
729,2026-08-21T15:43:00-03:00,HEMACIAS,-8.04515,-34.88808,3.8
729,2026-08-21T15:48:00-03:00,HEMACIAS,-8.04128,-34.89927,3.8
729,2026-08-21T15:53:00-03:00,HEMACIAS,-8.03889,-34.91240,3.6
729,2026-08-21T15:58:00-03:00,HEMACIAS,-8.03564,-34.92333,3.9
729,2026-08-21T16:03:00-03:00,HEMACIAS,-8.03467,-34.93491,4.1
729,2026-08-21T16:08:00-03:00,HEMACIAS,-8.02944,-34.94899,4.2
729,2026-08-21T16:13:00-03:00,HEMACIAS,-8.02829,-34.96062,4.2
729,2026-08-21T16:18:00-03:00,HEMACIAS,-8.02513,-34.96934,3.8
730,2026-08-21T18:26:00-03:00,PLASMA,-8.04797,-34.87756,-30.5
730,2026-08-21T18:31:00-03:00,PLASMA,-8.03020,-34.87748,-30.9
730,2026-08-21T18:36:00-03:00,PLASMA,-8.01171,-34.87627,-30.7
730,2026-08-21T18:41:00-03:00,PLASMA,-7.99320,-34.87438,-30.8
730,2026-08-21T18:46:00-03:00,PLASMA,-7.97582,-34.87476,-29.6
730,2026-08-21T18:51:00-03:00,PLASMA,-7.95760,-34.87364,-30.4
730,2026-08-21T18:56:00-03:00,PLASMA,-7.94245,-34.87277,-30.7
731,2026-08-21T18:52:00-03:00,HEMACIAS,-8.27547,-35.98239,3.8
731,2026-08-21T18:57:00-03:00,HEMACIAS,-8.27086,-35.96700,3.9
731,2026-08-21T19:02:00-03:00,HEMACIAS,-8.26546,-35.95028,4.4
731,2026-08-21T19:07:00-03:00,HEMACIAS,-8.26477,-35.93651,4.1
731,2026-08-21T19:12:00-03:00,HEMACIAS,-8.25739,-35.92095,3.8
731,2026-08-21T19:17:00-03:00,HEMACIAS,-8.25500,-35.90654,3.7
731,2026-08-21T19:22:00-03:00,HEMACIAS,-8.24889,-35.89194,4.7
731,2026-08-21T19:27:00-03:00,HEMACIAS,-8.24509,-35.87740,4.7
731,2026-08-21T19:32:00-03:00,HEMACIAS,-8.23963,-35.86311,4.3
731,2026-08-21T19:37:00-03:00,HEMACIAS,-8.23550,-35.84659,4.0
731,2026-08-21T19:42:00-03:00,HEMACIAS,-8.22986,-35.83192,3.7
731,2026-08-21T19:47:00-03:00,HEMACIAS,-8.22514,-35.81803,3.6
731,2026-08-21T19:52:00-03:00,HEMACIAS,-8.22182,-35.80318,4.1
731,2026-08-21T19:57:00-03:00,HEMACIAS,-8.21669,-35.78922,4.0
731,2026-08-21T20:02:00-03:00,HEMACIAS,-8.21310,-35.77378,3.6
731,2026-08-21T20:07:00-03:00,HEMACIAS,-8.20912,-35.75778,3.5
731,2026-08-21T20:12:00-03:00,HEMACIAS,-8.20365,-35.74446,3.1
731,2026-08-21T20:17:00-03:00,HEMACIAS,-8.19943,-35.72741,3.3
731,2026-08-21T20:22:00-03:00,HEMACIAS,-8.19554,-35.71272,3.6
731,2026-08-21T20:27:00-03:00,HEMACIAS,-8.18991,-35.69624,3.4
731,2026-08-21T20:32:00-03:00,HEMACIAS,-8.18575,-35.68321,3.4
731,2026-08-21T20:37:00-03:00,HEMACIAS,-8.18067,-35.66807,4.1
731,2026-08-21T20:42:00-03:00,HEMACIAS,-8.17707,-35.65261,4.2
731,2026-08-21T20:47:00-03:00,HEMACIAS,-8.17231,-35.63731,5.0
731,2026-08-21T20:52:00-03:00,HEMACIAS,-8.16764,-35.62414,4.4
731,2026-08-21T20:57:00-03:00,HEMACIAS,-8.16278,-35.60666,3.5
731,2026-08-21T21:02:00-03:00,HEMACIAS,-8.15754,-35.59246,2.6
731,2026-08-21T21:07:00-03:00,HEMACIAS,-8.15482,-35.57808,2.7
731,2026-08-21T21:12:00-03:00,HEMACIAS,-8.14978,-35.56401,2.0
731,2026-08-21T21:17:00-03:00,HEMACIAS,-8.14589,-35.54959,2.5
731,2026-08-21T21:22:00-03:00,HEMACIAS,-8.13840,-35.53383,3.1
731,2026-08-21T21:27:00-03:00,HEMACIAS,-8.13498,-35.51662,3.9
731,2026-08-21T21:32:00-03:00,HEMACIAS,-8.13068,-35.50512,3.8
731,2026-08-21T21:37:00-03:00,HEMACIAS,-8.12763,-35.48891,4.1
731,2026-08-21T21:42:00-03:00,HEMACIAS,-8.12221,-35.47333,4.1
731,2026-08-21T21:47:00-03:00,HEMACIAS,-8.11884,-35.45831,4.2
731,2026-08-21T21:52:00-03:00,HEMACIAS,-8.11249,-35.44362,4.2
731,2026-08-21T21:57:00-03:00,HEMACIAS,-8.10894,-35.42814,3.9
731,2026-08-21T22:02:00-03:00,HEMACIAS,-8.10504,-35.41348,3.3
731,2026-08-21T22:07:00-03:00,HEMACIAS,-8.09983,-35.39936,3.7
731,2026-08-21T22:12:00-03:00,HEMACIAS,-8.09452,-35.38388,3.1
731,2026-08-21T22:17:00-03:00,HEMACIAS,-8.09121,-35.37078,2.7
731,2026-08-21T22:22:00-03:00,HEMACIAS,-8.08644,-35.35532,3.0
731,2026-08-21T22:27:00-03:00,HEMACIAS,-8.08280,-35.34030,2.9
731,2026-08-21T22:32:00-03:00,HEMACIAS,-8.07525,-35.32483,3.1
731,2026-08-21T22:37:00-03:00,HEMACIAS,-8.07278,-35.30945,3.5
731,2026-08-21T22:42:00-03:00,HEMACIAS,-8.06872,-35.29426,3.6
731,2026-08-21T22:47:00-03:00,HEMACIAS,-8.06350,-35.27799,3.7
731,2026-08-21T22:52:00-03:00,HEMACIAS,-8.05871,-35.26464,4.2
731,2026-08-21T22:57:00-03:00,HEMACIAS,-8.05468,-35.24895,3.3
731,2026-08-21T23:02:00-03:00,HEMACIAS,-8.05065,-35.23503,3.3
731,2026-08-21T23:07:00-03:00,HEMACIAS,-8.04503,-35.21813,3.8
731,2026-08-21T23:12:00-03:00,HEMACIAS,-8.04058,-35.20478,4.1
731,2026-08-21T23:17:00-03:00,HEMACIAS,-8.03572,-35.18927,4.0
731,2026-08-21T23:22:00-03:00,HEMACIAS,-8.03258,-35.17584,4.5
731,2026-08-21T23:27:00-03:00,HEMACIAS,-8.02776,-35.16041,4.1
731,2026-08-21T23:32:00-03:00,HEMACIAS,-8.02208,-35.14616,4.4
731,2026-08-21T23:37:00-03:00,HEMACIAS,-8.01680,-35.13101,4.2
731,2026-08-21T23:42:00-03:00,HEMACIAS,-8.01562,-35.11530,4.4
731,2026-08-21T23:47:00-03:00,HEMACIAS,-8.01058,-35.10001,3.9
731,2026-08-21T23:52:00-03:00,HEMACIAS,-8.00563,-35.08366,3.6
731,2026-08-21T23:57:00-03:00,HEMACIAS,-8.00009,-35.07085,3.5
731,2026-08-22T00:02:00-03:00,HEMACIAS,-7.99643,-35.05453,3.8
731,2026-08-22T00:07:00-03:00,HEMACIAS,-7.99018,-35.03919,4.0
731,2026-08-22T00:12:00-03:00,HEMACIAS,-7.98731,-35.02542,4.1
731,2026-08-22T00:17:00-03:00,HEMACIAS,-7.98180,-35.01083,4.4
731,2026-08-22T00:22:00-03:00,HEMACIAS,-7.97870,-34.99497,3.8
731,2026-08-22T00:27:00-03:00,HEMACIAS,-7.97366,-34.97885,3.0
731,2026-08-22T00:32:00-03:00,HEMACIAS,-7.96894,-34.96445,3.6
731,2026-08-22T00:37:00-03:00,HEMACIAS,-7.96467,-34.95064,3.8
731,2026-08-22T00:42:00-03:00,HEMACIAS,-7.95986,-34.93637,3.3
731,2026-08-22T00:47:00-03:00,HEMACIAS,-7.95610,-34.92131,3.5
731,2026-08-22T00:52:00-03:00,HEMACIAS,-7.95124,-34.90651,3.7
731,2026-08-22T00:57:00-03:00,HEMACIAS,-7.94512,-34.89186,3.9
731,2026-08-22T01:02:00-03:00,HEMACIAS,-7.94138,-34.87548,3.8
732,2026-08-21T21:46:00-03:00,HEMACIAS,-8.04703,-34.87698,4.5
732,2026-08-21T21:51:00-03:00,HEMACIAS,-8.05216,-34.88278,4.0
732,2026-08-21T21:56:00-03:00,HEMACIAS,-8.05550,-34.88906,3.5
732,2026-08-21T22:01:00-03:00,HEMACIAS,-8.06036,-34.89382,4.4
733,2026-08-22T06:55:00-03:00,HEMACIAS,-8.04686,-34.87642,4.9
733,2026-08-22T07:00:00-03:00,HEMACIAS,-8.03584,-34.86887,4.4
733,2026-08-22T07:05:00-03:00,HEMACIAS,-8.02309,-34.86368,4.4
733,2026-08-22T07:10:00-03:00,HEMACIAS,-8.01304,-34.85728,4.4
734,2026-08-22T00:49:00-03:00,PLAQUETAS,-8.04676,-34.87795,22.1
734,2026-08-22T00:54:00-03:00,PLAQUETAS,-8.04792,-34.87681,22.0
734,2026-08-22T00:59:00-03:00,PLAQUETAS,-8.04710,-34.87755,22.4
734,2026-08-22T01:04:00-03:00,PLAQUETAS,-8.04829,-34.87922,21.9
734,2026-08-22T01:09:00-03:00,PLAQUETAS,-8.04957,-34.87723,22.2
734,2026-08-22T01:14:00-03:00,PLAQUETAS,-8.04953,-34.87813,22.3
734,2026-08-22T01:19:00-03:00,PLAQUETAS,-8.04957,-34.87743,22.4
734,2026-08-22T01:24:00-03:00,PLAQUETAS,-8.04772,-34.87882,22.1
734,2026-08-22T01:29:00-03:00,PLAQUETAS,-8.04933,-34.87895,22.4
734,2026-08-22T01:34:00-03:00,PLAQUETAS,-8.04975,-34.87878,22.1
734,2026-08-22T01:39:00-03:00,PLAQUETAS,-8.05090,-34.88007,22.0
734,2026-08-22T01:44:00-03:00,PLAQUETAS,-8.04918,-34.88020,22.7
734,2026-08-22T01:49:00-03:00,PLAQUETAS,-8.05049,-34.88110,22.3
734,2026-08-22T01:54:00-03:00,PLAQUETAS,-8.05072,-34.88016,22.9
734,2026-08-22T01:59:00-03:00,PLAQUETAS,-8.05039,-34.87957,22.9
734,2026-08-22T02:04:00-03:00,PLAQUETAS,-8.05175,-34.88073,22.5
734,2026-08-22T02:09:00-03:00,PLAQUETAS,-8.05152,-34.88080,22.3
734,2026-08-22T02:14:00-03:00,PLAQUETAS,-8.05166,-34.88214,22.4
734,2026-08-22T02:19:00-03:00,PLAQUETAS,-8.05208,-34.88283,22.3
734,2026-08-22T02:24:00-03:00,PLAQUETAS,-8.05234,-34.88193,21.9
734,2026-08-22T02:29:00-03:00,PLAQUETAS,-8.05322,-34.88253,21.8
734,2026-08-22T02:34:00-03:00,PLAQUETAS,-8.05193,-34.88300,21.7
734,2026-08-22T02:39:00-03:00,PLAQUETAS,-8.05429,-34.88354,21.7
734,2026-08-22T02:44:00-03:00,PLAQUETAS,-8.05326,-34.88241,21.8
734,2026-08-22T02:49:00-03:00,PLAQUETAS,-8.05452,-34.88419,21.5
734,2026-08-22T02:54:00-03:00,PLAQUETAS,-8.05408,-34.88431,21.9
734,2026-08-22T02:59:00-03:00,PLAQUETAS,-8.05384,-34.88580,21.7
734,2026-08-22T03:04:00-03:00,PLAQUETAS,-8.05428,-34.88562,21.0
735,2026-08-22T07:39:00-03:00,HEMACIAS,-8.04715,-34.87506,4.2
735,2026-08-22T07:44:00-03:00,HEMACIAS,-8.05002,-34.88000,4.9
735,2026-08-22T07:49:00-03:00,HEMACIAS,-8.05257,-34.88124,4.8
736,2026-08-22T08:37:00-03:00,HEMACIAS,-8.04747,-34.87771,3.7
736,2026-08-22T08:42:00-03:00,HEMACIAS,-8.05201,-34.88221,3.2
736,2026-08-22T08:47:00-03:00,HEMACIAS,-8.05711,-34.88859,3.2
736,2026-08-22T08:52:00-03:00,HEMACIAS,-8.05992,-34.89519,4.0
737,2026-08-22T10:07:00-03:00,PLASMA,-8.04812,-34.87768,-29.3
737,2026-08-22T10:12:00-03:00,PLASMA,-8.03830,-34.87632,-30.2
737,2026-08-22T10:17:00-03:00,PLASMA,-8.02919,-34.87710,-29.7
737,2026-08-22T10:22:00-03:00,PLASMA,-8.01890,-34.87717,-29.7
737,2026-08-22T10:27:00-03:00,PLASMA,-8.00878,-34.87688,-30.6
737,2026-08-22T10:32:00-03:00,PLASMA,-7.99938,-34.87650,-29.6
737,2026-08-22T10:37:00-03:00,PLASMA,-7.98959,-34.87470,-28.0
737,2026-08-22T10:42:00-03:00,PLASMA,-7.97910,-34.87447,-30.1
737,2026-08-22T10:47:00-03:00,PLASMA,-7.97074,-34.87379,-31.0
737,2026-08-22T10:52:00-03:00,PLASMA,-7.96062,-34.87437,-31.3
737,2026-08-22T10:57:00-03:00,PLASMA,-7.94976,-34.87380,-32.6
737,2026-08-22T11:02:00-03:00,PLASMA,-7.94140,-34.87324,-30.6
738,2026-08-22T12:50:00-03:00,HEMACIAS,-8.27630,-35.98097,3.4
738,2026-08-22T12:55:00-03:00,HEMACIAS,-8.27150,-35.96110,3.2
738,2026-08-22T13:00:00-03:00,HEMACIAS,-8.26900,-35.94004,3.8
738,2026-08-22T13:05:00-03:00,HEMACIAS,-8.26427,-35.91656,3.4
738,2026-08-22T13:10:00-03:00,HEMACIAS,-8.25845,-35.89545,4.3
738,2026-08-22T13:15:00-03:00,HEMACIAS,-8.25644,-35.87328,3.6
738,2026-08-22T13:20:00-03:00,HEMACIAS,-8.25224,-35.84974,4.0
738,2026-08-22T13:25:00-03:00,HEMACIAS,-8.24833,-35.82921,4.3
738,2026-08-22T13:30:00-03:00,HEMACIAS,-8.24466,-35.80603,4.3
738,2026-08-22T13:35:00-03:00,HEMACIAS,-8.23989,-35.78439,4.8
738,2026-08-22T13:40:00-03:00,HEMACIAS,-8.23699,-35.76234,4.9
738,2026-08-22T13:45:00-03:00,HEMACIAS,-8.23257,-35.74118,4.9
738,2026-08-22T13:50:00-03:00,HEMACIAS,-8.22805,-35.71942,4.9
738,2026-08-22T13:55:00-03:00,HEMACIAS,-8.22561,-35.69712,4.2
738,2026-08-22T14:00:00-03:00,HEMACIAS,-8.22065,-35.67390,4.6
738,2026-08-22T14:05:00-03:00,HEMACIAS,-8.21631,-35.65437,3.9
738,2026-08-22T14:10:00-03:00,HEMACIAS,-8.21265,-35.63100,4.1
738,2026-08-22T14:15:00-03:00,HEMACIAS,-8.20830,-35.61018,4.1
738,2026-08-22T14:20:00-03:00,HEMACIAS,-8.20534,-35.58660,4.3
738,2026-08-22T14:25:00-03:00,HEMACIAS,-8.20239,-35.56406,3.9
739,2026-08-22T10:01:00-03:00,HEMACIAS,-8.04745,-34.87745,3.7
739,2026-08-22T10:06:00-03:00,HEMACIAS,-8.03447,-34.87003,3.3
739,2026-08-22T10:11:00-03:00,HEMACIAS,-8.02111,-34.86334,3.3
739,2026-08-22T10:16:00-03:00,HEMACIAS,-8.00854,-34.85580,3.9
741,2026-08-22T14:08:00-03:00,HEMACIAS,-8.27570,-35.98013,3.9
741,2026-08-22T14:13:00-03:00,HEMACIAS,-8.27231,-35.96605,3.7
741,2026-08-22T14:18:00-03:00,HEMACIAS,-8.27007,-35.95073,4.1
741,2026-08-22T14:23:00-03:00,HEMACIAS,-8.26845,-35.93438,5.1
741,2026-08-22T14:28:00-03:00,HEMACIAS,-8.26428,-35.91868,4.7
741,2026-08-22T14:33:00-03:00,HEMACIAS,-8.26209,-35.90235,4.5
741,2026-08-22T14:38:00-03:00,HEMACIAS,-8.25974,-35.88525,4.3
741,2026-08-22T14:43:00-03:00,HEMACIAS,-8.25585,-35.87025,4.4
741,2026-08-22T14:48:00-03:00,HEMACIAS,-8.25273,-35.85604,4.0
741,2026-08-22T14:53:00-03:00,HEMACIAS,-8.25084,-35.84002,3.8
741,2026-08-22T14:58:00-03:00,HEMACIAS,-8.24765,-35.82309,4.2
741,2026-08-22T15:03:00-03:00,HEMACIAS,-8.24521,-35.80782,4.1
741,2026-08-22T15:08:00-03:00,HEMACIAS,-8.24135,-35.79156,4.3
741,2026-08-22T15:13:00-03:00,HEMACIAS,-8.23870,-35.77717,3.7
741,2026-08-22T15:18:00-03:00,HEMACIAS,-8.23761,-35.76249,3.1
741,2026-08-22T15:23:00-03:00,HEMACIAS,-8.23420,-35.74344,3.1
741,2026-08-22T15:28:00-03:00,HEMACIAS,-8.23073,-35.72862,3.8
741,2026-08-22T15:33:00-03:00,HEMACIAS,-8.22863,-35.71385,4.4
741,2026-08-22T15:38:00-03:00,HEMACIAS,-8.22602,-35.69802,4.8
741,2026-08-22T15:43:00-03:00,HEMACIAS,-8.22261,-35.68194,5.0
741,2026-08-22T15:48:00-03:00,HEMACIAS,-8.22030,-35.66566,4.8
741,2026-08-22T15:53:00-03:00,HEMACIAS,-8.21620,-35.65117,4.8
741,2026-08-22T15:58:00-03:00,HEMACIAS,-8.21458,-35.63573,4.3
741,2026-08-22T16:03:00-03:00,HEMACIAS,-8.21035,-35.61844,4.7
741,2026-08-22T16:08:00-03:00,HEMACIAS,-8.20835,-35.60278,4.4
741,2026-08-22T16:13:00-03:00,HEMACIAS,-8.20580,-35.58654,3.5
741,2026-08-22T16:18:00-03:00,HEMACIAS,-8.20284,-35.57141,4.0
742,2026-08-22T15:05:00-03:00,HEMACIAS,-8.04700,-34.87671,4.0
742,2026-08-22T15:10:00-03:00,HEMACIAS,-8.04976,-34.87964,4.2
742,2026-08-22T15:15:00-03:00,HEMACIAS,-8.05180,-34.88332,3.9
743,2026-08-22T14:26:00-03:00,PLASMA,-8.04800,-34.87752,-28.7
743,2026-08-22T14:31:00-03:00,PLASMA,-8.05352,-34.88987,-26.2
743,2026-08-22T14:36:00-03:00,PLASMA,-8.06050,-34.90339,-28.3
743,2026-08-22T14:41:00-03:00,PLASMA,-8.06905,-34.91785,-29.4
743,2026-08-22T14:46:00-03:00,PLASMA,-8.07274,-34.93025,-30.6
743,2026-08-22T14:51:00-03:00,PLASMA,-8.07922,-34.94369,-29.5
743,2026-08-22T14:56:00-03:00,PLASMA,-8.08722,-34.95818,-29.5
743,2026-08-22T15:01:00-03:00,PLASMA,-8.09197,-34.96960,-30.2
743,2026-08-22T15:06:00-03:00,PLASMA,-8.09940,-34.98679,-30.3
743,2026-08-22T15:11:00-03:00,PLASMA,-8.10526,-34.99868,-29.6
743,2026-08-22T15:16:00-03:00,PLASMA,-8.11095,-35.01080,-28.3
744,2026-08-22T18:13:00-03:00,HEMACIAS,-8.04663,-34.87801,4.2
744,2026-08-22T18:18:00-03:00,HEMACIAS,-8.05107,-34.88400,4.3
744,2026-08-22T18:23:00-03:00,HEMACIAS,-8.05652,-34.89001,3.8
744,2026-08-22T18:28:00-03:00,HEMACIAS,-8.06026,-34.89528,4.0
745,2026-08-22T14:51:00-03:00,HEMACIAS,-8.04766,-34.87769,3.6
745,2026-08-22T14:56:00-03:00,HEMACIAS,-8.05323,-34.88541,3.9
745,2026-08-22T15:01:00-03:00,HEMACIAS,-8.05945,-34.89328,3.9
746,2026-08-22T20:35:00-03:00,PLAQUETAS,-8.27509,-35.98173,22.2
746,2026-08-22T20:40:00-03:00,PLAQUETAS,-8.27325,-35.96657,22.0
746,2026-08-22T20:45:00-03:00,PLAQUETAS,-8.27023,-35.95184,22.1
746,2026-08-22T20:50:00-03:00,PLAQUETAS,-8.26740,-35.94024,22.9
746,2026-08-22T20:55:00-03:00,PLAQUETAS,-8.26614,-35.92482,22.8
746,2026-08-22T21:00:00-03:00,PLAQUETAS,-8.26460,-35.90810,22.3
746,2026-08-22T21:05:00-03:00,PLAQUETAS,-8.26085,-35.89618,22.0
746,2026-08-22T21:10:00-03:00,PLAQUETAS,-8.25697,-35.88144,22.6
746,2026-08-22T21:15:00-03:00,PLAQUETAS,-8.25381,-35.86862,22.8
746,2026-08-22T21:20:00-03:00,PLAQUETAS,-8.25261,-35.85328,22.4
746,2026-08-22T21:25:00-03:00,PLAQUETAS,-8.25109,-35.83946,22.6
746,2026-08-22T21:30:00-03:00,PLAQUETAS,-8.24725,-35.82357,22.9
746,2026-08-22T21:35:00-03:00,PLAQUETAS,-8.24449,-35.81051,22.8
746,2026-08-22T21:40:00-03:00,PLAQUETAS,-8.24340,-35.79680,22.3
746,2026-08-22T21:45:00-03:00,PLAQUETAS,-8.23905,-35.78143,22.9
746,2026-08-22T21:50:00-03:00,PLAQUETAS,-8.23716,-35.76884,22.6
746,2026-08-22T21:55:00-03:00,PLAQUETAS,-8.23510,-35.75418,22.3
746,2026-08-22T22:00:00-03:00,PLAQUETAS,-8.23297,-35.73845,22.2
746,2026-08-22T22:05:00-03:00,PLAQUETAS,-8.22893,-35.72540,21.5
746,2026-08-22T22:10:00-03:00,PLAQUETAS,-8.22617,-35.71049,21.2
746,2026-08-22T22:15:00-03:00,PLAQUETAS,-8.22551,-35.69506,21.5
746,2026-08-22T22:20:00-03:00,PLAQUETAS,-8.22238,-35.68168,21.9
746,2026-08-22T22:25:00-03:00,PLAQUETAS,-8.22028,-35.66732,22.3
746,2026-08-22T22:30:00-03:00,PLAQUETAS,-8.21690,-35.65353,22.3
746,2026-08-22T22:35:00-03:00,PLAQUETAS,-8.21450,-35.63910,22.3
746,2026-08-22T22:40:00-03:00,PLAQUETAS,-8.21218,-35.62389,22.7
746,2026-08-22T22:45:00-03:00,PLAQUETAS,-8.21011,-35.60970,22.7
746,2026-08-22T22:50:00-03:00,PLAQUETAS,-8.20662,-35.59697,23.1
746,2026-08-22T22:55:00-03:00,PLAQUETAS,-8.20418,-35.58082,22.7
746,2026-08-22T23:00:00-03:00,PLAQUETAS,-8.20096,-35.56775,22.8
747,2026-08-22T20:22:00-03:00,HEMACIAS,-8.04875,-34.87764,4.0
747,2026-08-22T20:27:00-03:00,HEMACIAS,-8.05125,-34.88331,4.5
748,2026-08-22T18:01:00-03:00,PLAQUETAS,-8.27689,-35.98078,21.5
748,2026-08-22T18:06:00-03:00,PLAQUETAS,-8.26954,-35.95223,22.0
748,2026-08-22T18:11:00-03:00,PLAQUETAS,-8.26455,-35.91916,21.8
748,2026-08-22T18:16:00-03:00,PLAQUETAS,-8.25787,-35.88923,21.9
748,2026-08-22T18:21:00-03:00,PLAQUETAS,-8.25071,-35.85902,22.0
748,2026-08-22T18:26:00-03:00,PLAQUETAS,-8.24592,-35.82946,22.0
748,2026-08-22T18:31:00-03:00,PLAQUETAS,-8.23994,-35.79725,22.4
748,2026-08-22T18:36:00-03:00,PLAQUETAS,-8.23310,-35.76776,21.7
748,2026-08-22T18:41:00-03:00,PLAQUETAS,-8.22983,-35.73471,21.4
748,2026-08-22T18:46:00-03:00,PLAQUETAS,-8.22186,-35.70568,21.5
748,2026-08-22T18:51:00-03:00,PLAQUETAS,-8.21460,-35.67462,20.7
748,2026-08-22T18:56:00-03:00,PLAQUETAS,-8.21081,-35.64299,21.2
748,2026-08-22T19:01:00-03:00,PLAQUETAS,-8.20223,-35.61354,21.5
748,2026-08-22T19:06:00-03:00,PLAQUETAS,-8.19709,-35.58109,21.5
748,2026-08-22T19:11:00-03:00,PLAQUETAS,-8.19131,-35.55052,21.3
748,2026-08-22T19:16:00-03:00,PLAQUETAS,-8.18612,-35.51985,22.0
748,2026-08-22T19:21:00-03:00,PLAQUETAS,-8.18029,-35.49065,22.2
748,2026-08-22T19:26:00-03:00,PLAQUETAS,-8.17260,-35.45817,22.5
748,2026-08-22T19:31:00-03:00,PLAQUETAS,-8.16539,-35.42760,22.7
748,2026-08-22T19:36:00-03:00,PLAQUETAS,-8.15989,-35.39659,22.5
748,2026-08-22T19:41:00-03:00,PLAQUETAS,-8.15363,-35.36745,21.9
748,2026-08-22T19:46:00-03:00,PLAQUETAS,-8.14726,-35.33712,21.8
748,2026-08-22T19:51:00-03:00,PLAQUETAS,-8.14245,-35.30518,21.8
748,2026-08-22T19:56:00-03:00,PLAQUETAS,-8.13569,-35.27334,22.0
748,2026-08-22T20:01:00-03:00,PLAQUETAS,-8.13172,-35.24463,21.6
748,2026-08-22T20:06:00-03:00,PLAQUETAS,-8.12437,-35.21282,21.1
748,2026-08-22T20:11:00-03:00,PLAQUETAS,-8.11827,-35.18166,21.5
748,2026-08-22T20:16:00-03:00,PLAQUETAS,-8.11317,-35.15082,21.1
748,2026-08-22T20:21:00-03:00,PLAQUETAS,-8.10647,-35.12092,21.7
748,2026-08-22T20:26:00-03:00,PLAQUETAS,-8.09925,-35.08957,21.5
748,2026-08-22T20:31:00-03:00,PLAQUETAS,-8.09469,-35.05974,21.9
748,2026-08-22T20:36:00-03:00,PLAQUETAS,-8.08909,-35.02719,22.5
748,2026-08-22T20:41:00-03:00,PLAQUETAS,-8.08234,-34.99712,22.1
748,2026-08-22T20:46:00-03:00,PLAQUETAS,-8.07530,-34.96723,22.1
748,2026-08-22T20:51:00-03:00,PLAQUETAS,-8.06953,-34.93563,22.0
748,2026-08-22T20:56:00-03:00,PLAQUETAS,-8.06442,-34.90602,22.3
749,2026-08-22T20:53:00-03:00,HEMACIAS,-8.04863,-34.87711,3.9
749,2026-08-22T20:58:00-03:00,HEMACIAS,-8.05335,-34.88408,4.1
749,2026-08-22T21:03:00-03:00,HEMACIAS,-8.05701,-34.89259,4.4
749,2026-08-22T21:08:00-03:00,HEMACIAS,-8.06369,-34.89935,3.7
750,2026-08-23T04:56:00-03:00,HEMACIAS,-8.27581,-35.98161,3.8
750,2026-08-23T05:01:00-03:00,HEMACIAS,-8.27250,-35.96714,3.5
750,2026-08-23T05:06:00-03:00,HEMACIAS,-8.27103,-35.94755,4.2
750,2026-08-23T05:11:00-03:00,HEMACIAS,-8.26700,-35.93292,4.3
750,2026-08-23T05:16:00-03:00,HEMACIAS,-8.26301,-35.91492,3.9
750,2026-08-23T05:21:00-03:00,HEMACIAS,-8.26264,-35.89990,4.0
750,2026-08-23T05:26:00-03:00,HEMACIAS,-8.25744,-35.88492,4.3
750,2026-08-23T05:31:00-03:00,HEMACIAS,-8.25627,-35.86729,3.9
750,2026-08-23T05:36:00-03:00,HEMACIAS,-8.25148,-35.85088,3.4
750,2026-08-23T05:41:00-03:00,HEMACIAS,-8.24880,-35.83513,3.5
750,2026-08-23T05:46:00-03:00,HEMACIAS,-8.24631,-35.81841,4.1
750,2026-08-23T05:51:00-03:00,HEMACIAS,-8.24305,-35.80086,4.7
750,2026-08-23T05:56:00-03:00,HEMACIAS,-8.23966,-35.78484,4.3
750,2026-08-23T06:01:00-03:00,HEMACIAS,-8.23825,-35.76936,4.7
750,2026-08-23T06:06:00-03:00,HEMACIAS,-8.23479,-35.75248,4.8
750,2026-08-23T06:11:00-03:00,HEMACIAS,-8.23231,-35.73554,4.5
750,2026-08-23T06:16:00-03:00,HEMACIAS,-8.22839,-35.72013,4.6
750,2026-08-23T06:21:00-03:00,HEMACIAS,-8.22560,-35.70389,3.8
750,2026-08-23T06:26:00-03:00,HEMACIAS,-8.22359,-35.68573,3.7
750,2026-08-23T06:31:00-03:00,HEMACIAS,-8.22097,-35.67020,4.1
750,2026-08-23T06:36:00-03:00,HEMACIAS,-8.21701,-35.65295,3.8
750,2026-08-23T06:41:00-03:00,HEMACIAS,-8.21494,-35.63647,4.0
750,2026-08-23T06:46:00-03:00,HEMACIAS,-8.21136,-35.61993,4.0
750,2026-08-23T06:51:00-03:00,HEMACIAS,-8.20795,-35.60536,3.9
750,2026-08-23T06:56:00-03:00,HEMACIAS,-8.20557,-35.58865,3.9
750,2026-08-23T07:01:00-03:00,HEMACIAS,-8.20164,-35.57164,4.2
751,2026-08-23T14:00:00-03:00,PLASMA,-8.04889,-34.87872,-29.3
751,2026-08-23T14:05:00-03:00,PLASMA,-8.05685,-34.89809,-28.7
751,2026-08-23T14:10:00-03:00,PLASMA,-8.06536,-34.91651,-30.0
751,2026-08-23T14:15:00-03:00,PLASMA,-8.07647,-34.93691,-30.6
751,2026-08-23T14:20:00-03:00,PLASMA,-8.08425,-34.95535,-32.1
751,2026-08-23T14:25:00-03:00,PLASMA,-8.09412,-34.97630,-33.8
751,2026-08-23T14:30:00-03:00,PLASMA,-8.10285,-34.99471,-31.2
751,2026-08-23T14:35:00-03:00,PLASMA,-8.11220,-35.01453,-31.2
752,2026-08-23T08:48:00-03:00,CRIOPRECIPITADO,-8.04861,-34.87767,-28.9
752,2026-08-23T08:53:00-03:00,CRIOPRECIPITADO,-8.05288,-34.88909,-29.8
752,2026-08-23T08:58:00-03:00,CRIOPRECIPITADO,-8.05959,-34.90225,-29.2
752,2026-08-23T09:03:00-03:00,CRIOPRECIPITADO,-8.06536,-34.91554,-30.0
752,2026-08-23T09:08:00-03:00,CRIOPRECIPITADO,-8.07088,-34.92786,-30.5
752,2026-08-23T09:13:00-03:00,CRIOPRECIPITADO,-8.07842,-34.94052,-30.0
752,2026-08-23T09:18:00-03:00,CRIOPRECIPITADO,-8.08448,-34.95262,-31.1
752,2026-08-23T09:23:00-03:00,CRIOPRECIPITADO,-8.08852,-34.96557,-30.2
752,2026-08-23T09:28:00-03:00,CRIOPRECIPITADO,-8.09455,-34.97577,-27.2
752,2026-08-23T09:33:00-03:00,CRIOPRECIPITADO,-8.09985,-34.99018,-27.2
752,2026-08-23T09:38:00-03:00,CRIOPRECIPITADO,-8.10597,-35.00328,-27.8
752,2026-08-23T09:43:00-03:00,CRIOPRECIPITADO,-8.11157,-35.01360,-28.9
754,2026-08-23T12:14:00-03:00,CRIOPRECIPITADO,-8.04902,-34.87638,-30.6
754,2026-08-23T12:19:00-03:00,CRIOPRECIPITADO,-8.05102,-34.88099,-30.0
754,2026-08-23T12:24:00-03:00,CRIOPRECIPITADO,-8.05333,-34.88587,-30.1
754,2026-08-23T12:29:00-03:00,CRIOPRECIPITADO,-8.05625,-34.89116,-28.6
754,2026-08-23T12:34:00-03:00,CRIOPRECIPITADO,-8.06018,-34.89518,-25.8
754,2026-08-23T12:39:00-03:00,CRIOPRECIPITADO,-8.06179,-34.89947,-28.0
755,2026-08-23T08:54:00-03:00,HEMACIAS,-8.04801,-34.87790,4.2
755,2026-08-23T08:59:00-03:00,HEMACIAS,-8.05415,-34.89222,4.1
755,2026-08-23T09:04:00-03:00,HEMACIAS,-8.06374,-34.90847,4.0
755,2026-08-23T09:09:00-03:00,HEMACIAS,-8.07048,-34.92421,4.6
755,2026-08-23T09:14:00-03:00,HEMACIAS,-8.07776,-34.94161,4.4
755,2026-08-23T09:19:00-03:00,HEMACIAS,-8.08440,-34.95891,4.4
755,2026-08-23T09:24:00-03:00,HEMACIAS,-8.09196,-34.97177,3.8
755,2026-08-23T09:29:00-03:00,HEMACIAS,-8.10122,-34.98951,3.7
755,2026-08-23T09:34:00-03:00,HEMACIAS,-8.10967,-35.00602,4.0
756,2026-08-23T11:53:00-03:00,HEMACIAS,-8.27587,-35.98123,3.6
756,2026-08-23T11:58:00-03:00,HEMACIAS,-8.27915,-35.97581,3.8
756,2026-08-23T12:03:00-03:00,HEMACIAS,-8.28507,-35.96891,4.5
757,2026-08-23T14:20:00-03:00,PLAQUETAS,-8.27503,-35.98217,22.0
757,2026-08-23T14:25:00-03:00,PLAQUETAS,-8.27292,-35.96447,22.3
757,2026-08-23T14:30:00-03:00,PLAQUETAS,-8.26991,-35.94931,22.4
757,2026-08-23T14:35:00-03:00,PLAQUETAS,-8.26530,-35.92924,21.8
757,2026-08-23T14:40:00-03:00,PLAQUETAS,-8.26444,-35.91183,21.9
757,2026-08-23T14:45:00-03:00,PLAQUETAS,-8.25988,-35.89564,22.2
757,2026-08-23T14:50:00-03:00,PLAQUETAS,-8.25742,-35.87780,21.6
757,2026-08-23T14:55:00-03:00,PLAQUETAS,-8.25468,-35.85806,21.3
757,2026-08-23T15:00:00-03:00,PLAQUETAS,-8.25066,-35.84253,21.5
757,2026-08-23T15:05:00-03:00,PLAQUETAS,-8.24875,-35.82367,22.3
757,2026-08-23T15:10:00-03:00,PLAQUETAS,-8.24413,-35.80684,21.9
757,2026-08-23T15:15:00-03:00,PLAQUETAS,-8.24045,-35.78960,22.1
757,2026-08-23T15:20:00-03:00,PLAQUETAS,-8.23793,-35.77125,22.3
757,2026-08-23T15:25:00-03:00,PLAQUETAS,-8.23492,-35.75280,22.3
757,2026-08-23T15:30:00-03:00,PLAQUETAS,-8.23233,-35.73766,22.2
757,2026-08-23T15:35:00-03:00,PLAQUETAS,-8.22850,-35.71685,22.4
757,2026-08-23T15:40:00-03:00,PLAQUETAS,-8.22621,-35.70173,22.6
757,2026-08-23T15:45:00-03:00,PLAQUETAS,-8.22202,-35.68397,22.4
757,2026-08-23T15:50:00-03:00,PLAQUETAS,-8.21923,-35.66716,22.2
757,2026-08-23T15:55:00-03:00,PLAQUETAS,-8.21670,-35.64890,22.5
757,2026-08-23T16:00:00-03:00,PLAQUETAS,-8.21228,-35.63282,22.5
757,2026-08-23T16:05:00-03:00,PLAQUETAS,-8.20952,-35.61505,22.1
757,2026-08-23T16:10:00-03:00,PLAQUETAS,-8.20748,-35.59601,22.0
757,2026-08-23T16:15:00-03:00,PLAQUETAS,-8.20320,-35.57991,21.8
758,2026-08-23T18:09:00-03:00,HEMACIAS,-8.04794,-34.87596,4.4
758,2026-08-23T18:14:00-03:00,HEMACIAS,-8.05230,-34.88331,4.1
758,2026-08-23T18:19:00-03:00,HEMACIAS,-8.05800,-34.89261,3.5
758,2026-08-23T18:24:00-03:00,HEMACIAS,-8.06295,-34.89963,3.1
759,2026-08-23T20:45:00-03:00,PLASMA,-8.27604,-35.98138,-30.9
759,2026-08-23T20:50:00-03:00,PLASMA,-8.28063,-35.97594,-31.3
761,2026-08-24T01:49:00-03:00,HEMACIAS,-8.04575,-34.87864,3.7
761,2026-08-24T01:54:00-03:00,HEMACIAS,-8.03168,-34.87832,4.3
761,2026-08-24T01:59:00-03:00,HEMACIAS,-8.01426,-34.87552,4.5
761,2026-08-24T02:04:00-03:00,HEMACIAS,-7.99541,-34.87515,4.3
761,2026-08-24T02:09:00-03:00,HEMACIAS,-7.98100,-34.87544,4.5
761,2026-08-24T02:14:00-03:00,HEMACIAS,-7.96425,-34.87435,4.0
761,2026-08-24T02:19:00-03:00,HEMACIAS,-7.94803,-34.87282,3.8
762,2026-08-24T10:59:00-03:00,HEMACIAS,-8.04913,-34.87751,3.4
762,2026-08-24T11:04:00-03:00,HEMACIAS,-8.05416,-34.88513,4.2
762,2026-08-24T11:09:00-03:00,HEMACIAS,-8.06092,-34.89451,4.3
764,2026-08-24T02:32:00-03:00,PLASMA,-8.04696,-34.87844,-29.9
764,2026-08-24T02:37:00-03:00,PLASMA,-8.04348,-34.88994,-31.0
764,2026-08-24T02:42:00-03:00,PLASMA,-8.04211,-34.90176,-30.2
764,2026-08-24T02:47:00-03:00,PLASMA,-8.03892,-34.91219,-29.6
764,2026-08-24T02:52:00-03:00,PLASMA,-8.03517,-34.92611,-28.6
764,2026-08-24T02:57:00-03:00,PLASMA,-8.03457,-34.93823,-29.9
764,2026-08-24T03:02:00-03:00,PLASMA,-8.03168,-34.94841,-29.3
764,2026-08-24T03:07:00-03:00,PLASMA,-8.02705,-34.96068,-29.4
764,2026-08-24T03:12:00-03:00,PLASMA,-8.02358,-34.97270,-28.4
765,2026-08-24T10:39:00-03:00,HEMACIAS,-8.04814,-34.87678,3.5
765,2026-08-24T10:44:00-03:00,HEMACIAS,-8.05230,-34.88342,3.3
765,2026-08-24T10:49:00-03:00,HEMACIAS,-8.05736,-34.88926,3.9
765,2026-08-24T10:54:00-03:00,HEMACIAS,-8.06219,-34.89527,3.3
766,2026-08-24T08:48:00-03:00,HEMACIAS,-8.04627,-34.87618,4.0
766,2026-08-24T08:53:00-03:00,HEMACIAS,-8.05198,-34.88889,3.2
766,2026-08-24T08:58:00-03:00,HEMACIAS,-8.05815,-34.90081,2.6
766,2026-08-24T09:03:00-03:00,HEMACIAS,-8.06426,-34.91285,2.7
766,2026-08-24T09:08:00-03:00,HEMACIAS,-8.06955,-34.92503,3.3
766,2026-08-24T09:13:00-03:00,HEMACIAS,-8.07569,-34.93579,4.2
766,2026-08-24T09:18:00-03:00,HEMACIAS,-8.08144,-34.94757,3.8
766,2026-08-24T09:23:00-03:00,HEMACIAS,-8.08722,-34.96044,3.6
766,2026-08-24T09:28:00-03:00,HEMACIAS,-8.09211,-34.97255,3.8
766,2026-08-24T09:33:00-03:00,HEMACIAS,-8.09750,-34.98384,3.3
766,2026-08-24T09:38:00-03:00,HEMACIAS,-8.10198,-34.99597,3.3
766,2026-08-24T09:43:00-03:00,HEMACIAS,-8.10882,-35.00782,3.4
767,2026-08-24T08:13:00-03:00,HEMACIAS,-8.04687,-34.87811,4.2
767,2026-08-24T08:18:00-03:00,HEMACIAS,-8.05132,-34.88250,3.9
767,2026-08-24T08:23:00-03:00,HEMACIAS,-8.05280,-34.88957,4.2
767,2026-08-24T08:28:00-03:00,HEMACIAS,-8.05953,-34.89311,4.4
767,2026-08-24T08:33:00-03:00,HEMACIAS,-8.06363,-34.89961,4.3
768,2026-08-24T08:54:00-03:00,HEMACIAS,-8.04678,-34.87643,4.1
768,2026-08-24T08:59:00-03:00,HEMACIAS,-8.03248,-34.87670,3.9
768,2026-08-24T09:04:00-03:00,HEMACIAS,-8.01754,-34.87522,3.7
768,2026-08-24T09:09:00-03:00,HEMACIAS,-8.00075,-34.87416,3.5
768,2026-08-24T09:14:00-03:00,HEMACIAS,-7.98386,-34.87370,3.9
768,2026-08-24T09:19:00-03:00,HEMACIAS,-7.96867,-34.87210,3.9
768,2026-08-24T09:24:00-03:00,HEMACIAS,-7.95354,-34.87342,4.3
769,2026-08-24T14:43:00-03:00,PLAQUETAS,-8.04766,-34.87669,22.0
769,2026-08-24T14:48:00-03:00,PLAQUETAS,-8.04892,-34.87925,21.4
769,2026-08-24T14:53:00-03:00,PLAQUETAS,-8.05190,-34.88265,21.5
771,2026-08-24T10:58:00-03:00,HEMACIAS,-8.27671,-35.98140,3.9
771,2026-08-24T11:03:00-03:00,HEMACIAS,-8.27937,-35.97758,4.3
771,2026-08-24T11:08:00-03:00,HEMACIAS,-8.28300,-35.97214,4.5
772,2026-08-24T20:06:00-03:00,HEMACIAS,-8.04688,-34.87745,4.0
772,2026-08-24T20:11:00-03:00,HEMACIAS,-8.03849,-34.87125,3.9
772,2026-08-24T20:16:00-03:00,HEMACIAS,-8.02898,-34.86661,4.0
772,2026-08-24T20:21:00-03:00,HEMACIAS,-8.02041,-34.86354,3.9
772,2026-08-24T20:26:00-03:00,HEMACIAS,-8.01246,-34.85765,3.4
775,2026-08-24T15:55:00-03:00,HEMACIAS,-8.04724,-34.87762,4.1
775,2026-08-24T16:00:00-03:00,HEMACIAS,-8.05434,-34.89306,3.8
775,2026-08-24T16:05:00-03:00,HEMACIAS,-8.06337,-34.90673,3.7
775,2026-08-24T16:10:00-03:00,HEMACIAS,-8.06959,-34.92108,3.7
775,2026-08-24T16:15:00-03:00,HEMACIAS,-8.07607,-34.93730,3.3
775,2026-08-24T16:20:00-03:00,HEMACIAS,-8.08380,-34.95207,3.8
775,2026-08-24T16:25:00-03:00,HEMACIAS,-8.09116,-34.96712,3.8
775,2026-08-24T16:30:00-03:00,HEMACIAS,-8.09801,-34.98303,3.5
775,2026-08-24T16:35:00-03:00,HEMACIAS,-8.10323,-34.99725,3.6
775,2026-08-24T16:40:00-03:00,HEMACIAS,-8.11107,-35.01237,4.0
776,2026-08-24T15:23:00-03:00,PLASMA,-8.04843,-34.87730,-28.3
776,2026-08-24T15:28:00-03:00,PLASMA,-8.05666,-34.89604,-30.3
776,2026-08-24T15:33:00-03:00,PLASMA,-8.06497,-34.91316,-30.5
776,2026-08-24T15:38:00-03:00,PLASMA,-8.07336,-34.93147,-30.9
776,2026-08-24T15:43:00-03:00,PLASMA,-8.08178,-34.95114,-31.7
776,2026-08-24T15:48:00-03:00,PLASMA,-8.09012,-34.96711,-30.6
776,2026-08-24T15:53:00-03:00,PLASMA,-8.09827,-34.98539,-29.5
776,2026-08-24T15:58:00-03:00,PLASMA,-8.10826,-35.00455,-30.3
777,2026-08-24T20:13:00-03:00,PLAQUETAS,-8.27667,-35.98189,21.8
777,2026-08-24T20:18:00-03:00,PLAQUETAS,-8.27130,-35.95891,21.7
777,2026-08-24T20:23:00-03:00,PLAQUETAS,-8.26687,-35.93295,21.8
777,2026-08-24T20:28:00-03:00,PLAQUETAS,-8.26366,-35.91014,21.7
777,2026-08-24T20:33:00-03:00,PLAQUETAS,-8.25799,-35.88604,22.0
777,2026-08-24T20:38:00-03:00,PLAQUETAS,-8.25426,-35.86097,22.1
777,2026-08-24T20:43:00-03:00,PLAQUETAS,-8.25039,-35.83696,21.7
777,2026-08-24T20:48:00-03:00,PLAQUETAS,-8.24658,-35.81076,21.7
777,2026-08-24T20:53:00-03:00,PLAQUETAS,-8.24082,-35.78716,21.9
777,2026-08-24T20:58:00-03:00,PLAQUETAS,-8.23793,-35.76483,21.6
777,2026-08-24T21:03:00-03:00,PLAQUETAS,-8.23315,-35.74029,22.3
777,2026-08-24T21:08:00-03:00,PLAQUETAS,-8.22915,-35.71522,22.8
777,2026-08-24T21:13:00-03:00,PLAQUETAS,-8.22322,-35.69123,22.5
777,2026-08-24T21:18:00-03:00,PLAQUETAS,-8.21868,-35.66782,22.1
777,2026-08-24T21:23:00-03:00,PLAQUETAS,-8.21619,-35.64310,21.6
777,2026-08-24T21:28:00-03:00,PLAQUETAS,-8.20987,-35.61806,21.4
777,2026-08-24T21:33:00-03:00,PLAQUETAS,-8.20728,-35.59496,21.6
777,2026-08-24T21:38:00-03:00,PLAQUETAS,-8.20391,-35.56905,21.5
778,2026-08-24T21:09:00-03:00,HEMACIAS,-8.04775,-34.87674,4.2
778,2026-08-24T21:14:00-03:00,HEMACIAS,-8.05194,-34.88140,4.1
778,2026-08-24T21:19:00-03:00,HEMACIAS,-8.05501,-34.88703,4.4
778,2026-08-24T21:24:00-03:00,HEMACIAS,-8.05801,-34.89260,4.5
778,2026-08-24T21:29:00-03:00,HEMACIAS,-8.06100,-34.89632,4.2
780,2026-08-25T02:01:00-03:00,HEMACIAS,-8.27691,-35.98269,4.3
780,2026-08-25T02:06:00-03:00,HEMACIAS,-8.27743,-35.97908,4.1
780,2026-08-25T02:11:00-03:00,HEMACIAS,-8.28004,-35.97655,3.5
780,2026-08-25T02:16:00-03:00,HEMACIAS,-8.28368,-35.97448,3.5
780,2026-08-25T02:21:00-03:00,HEMACIAS,-8.28365,-35.97114,3.9
781,2026-08-24T21:59:00-03:00,HEMACIAS,-8.27467,-35.98236,3.7
781,2026-08-24T22:04:00-03:00,HEMACIAS,-8.27271,-35.96334,4.2
781,2026-08-24T22:09:00-03:00,HEMACIAS,-8.26723,-35.94834,4.6
781,2026-08-24T22:14:00-03:00,HEMACIAS,-8.26496,-35.93083,5.0
781,2026-08-24T22:19:00-03:00,HEMACIAS,-8.26034,-35.91275,4.6
781,2026-08-24T22:24:00-03:00,HEMACIAS,-8.25633,-35.89764,4.2
781,2026-08-24T22:29:00-03:00,HEMACIAS,-8.25036,-35.88122,4.1
781,2026-08-24T22:34:00-03:00,HEMACIAS,-8.24701,-35.86470,4.0
781,2026-08-24T22:39:00-03:00,HEMACIAS,-8.24386,-35.84509,3.8
781,2026-08-24T22:44:00-03:00,HEMACIAS,-8.24000,-35.82969,3.7
781,2026-08-24T22:49:00-03:00,HEMACIAS,-8.23688,-35.81262,4.0
781,2026-08-24T22:54:00-03:00,HEMACIAS,-8.23106,-35.79635,4.3
781,2026-08-24T22:59:00-03:00,HEMACIAS,-8.22834,-35.77999,3.8
781,2026-08-24T23:04:00-03:00,HEMACIAS,-8.22579,-35.76232,3.4
781,2026-08-24T23:09:00-03:00,HEMACIAS,-8.22061,-35.74509,3.0
781,2026-08-24T23:14:00-03:00,HEMACIAS,-8.21546,-35.72958,3.1
781,2026-08-24T23:19:00-03:00,HEMACIAS,-8.21125,-35.71163,3.9
781,2026-08-24T23:24:00-03:00,HEMACIAS,-8.20674,-35.69425,3.4
781,2026-08-24T23:29:00-03:00,HEMACIAS,-8.20279,-35.67649,3.2
781,2026-08-24T23:34:00-03:00,HEMACIAS,-8.20002,-35.66156,3.3
781,2026-08-24T23:39:00-03:00,HEMACIAS,-8.19555,-35.64271,3.2
781,2026-08-24T23:44:00-03:00,HEMACIAS,-8.19105,-35.62731,3.0
781,2026-08-24T23:49:00-03:00,HEMACIAS,-8.18743,-35.61056,3.8
781,2026-08-24T23:54:00-03:00,HEMACIAS,-8.18353,-35.59362,3.7
781,2026-08-24T23:59:00-03:00,HEMACIAS,-8.18055,-35.57637,3.6
781,2026-08-25T00:04:00-03:00,HEMACIAS,-8.17463,-35.55803,4.2
781,2026-08-25T00:09:00-03:00,HEMACIAS,-8.17106,-35.54186,4.5
781,2026-08-25T00:14:00-03:00,HEMACIAS,-8.16898,-35.52563,4.1
781,2026-08-25T00:19:00-03:00,HEMACIAS,-8.16460,-35.50963,4.1
781,2026-08-25T00:24:00-03:00,HEMACIAS,-8.15933,-35.49144,4.5
781,2026-08-25T00:29:00-03:00,HEMACIAS,-8.15637,-35.47502,4.1
781,2026-08-25T00:34:00-03:00,HEMACIAS,-8.15179,-35.45815,4.0
781,2026-08-25T00:39:00-03:00,HEMACIAS,-8.14809,-35.44142,4.2
781,2026-08-25T00:44:00-03:00,HEMACIAS,-8.14327,-35.42405,4.8
781,2026-08-25T00:49:00-03:00,HEMACIAS,-8.14089,-35.40648,5.1
781,2026-08-25T00:54:00-03:00,HEMACIAS,-8.13521,-35.38908,4.5
781,2026-08-25T00:59:00-03:00,HEMACIAS,-8.13165,-35.37377,3.7
781,2026-08-25T01:04:00-03:00,HEMACIAS,-8.12694,-35.35580,2.9
781,2026-08-25T01:09:00-03:00,HEMACIAS,-8.12400,-35.34122,3.3
781,2026-08-25T01:14:00-03:00,HEMACIAS,-8.12167,-35.32169,3.4
781,2026-08-25T01:19:00-03:00,HEMACIAS,-8.11620,-35.30620,3.7
781,2026-08-25T01:24:00-03:00,HEMACIAS,-8.11098,-35.28853,4.4
781,2026-08-25T01:29:00-03:00,HEMACIAS,-8.10747,-35.27191,4.0
781,2026-08-25T01:34:00-03:00,HEMACIAS,-8.10413,-35.25514,3.7
781,2026-08-25T01:39:00-03:00,HEMACIAS,-8.10001,-35.23719,4.3
781,2026-08-25T01:44:00-03:00,HEMACIAS,-8.09536,-35.21997,3.9
781,2026-08-25T01:49:00-03:00,HEMACIAS,-8.09129,-35.20368,3.8
781,2026-08-25T01:54:00-03:00,HEMACIAS,-8.08814,-35.18634,3.8
781,2026-08-25T01:59:00-03:00,HEMACIAS,-8.08348,-35.16953,4.5
781,2026-08-25T02:04:00-03:00,HEMACIAS,-8.08002,-35.15357,4.8
781,2026-08-25T02:09:00-03:00,HEMACIAS,-8.07574,-35.13486,4.1
781,2026-08-25T02:14:00-03:00,HEMACIAS,-8.06967,-35.12052,4.0
781,2026-08-25T02:19:00-03:00,HEMACIAS,-8.06781,-35.10273,4.3
781,2026-08-25T02:24:00-03:00,HEMACIAS,-8.06301,-35.08599,4.1
781,2026-08-25T02:29:00-03:00,HEMACIAS,-8.05884,-35.06807,4.4
781,2026-08-25T02:34:00-03:00,HEMACIAS,-8.05643,-35.05127,3.8
781,2026-08-25T02:39:00-03:00,HEMACIAS,-8.05188,-35.03366,4.2
781,2026-08-25T02:44:00-03:00,HEMACIAS,-8.04740,-35.01921,3.6
781,2026-08-25T02:49:00-03:00,HEMACIAS,-8.04280,-35.00002,4.5
781,2026-08-25T02:54:00-03:00,HEMACIAS,-8.04101,-34.98485,4.1
781,2026-08-25T02:59:00-03:00,HEMACIAS,-8.03600,-34.96655,4.1
781,2026-08-25T03:04:00-03:00,HEMACIAS,-8.02961,-34.94994,4.6
781,2026-08-25T03:09:00-03:00,HEMACIAS,-8.02803,-34.93398,4.6
781,2026-08-25T03:14:00-03:00,HEMACIAS,-8.02184,-34.91817,4.4
781,2026-08-25T03:19:00-03:00,HEMACIAS,-8.01827,-34.90013,4.7
781,2026-08-25T03:24:00-03:00,HEMACIAS,-8.01586,-34.88322,4.9
781,2026-08-25T03:29:00-03:00,HEMACIAS,-8.01119,-34.86751,4.5
782,2026-08-25T01:45:00-03:00,HEMACIAS,-8.04750,-34.87698,4.0
782,2026-08-25T01:50:00-03:00,HEMACIAS,-8.04964,-34.88202,3.5
782,2026-08-25T01:55:00-03:00,HEMACIAS,-8.05358,-34.88479,3.7
783,2026-08-25T11:46:00-03:00,HEMACIAS,-8.04741,-34.87711,4.1
783,2026-08-25T11:51:00-03:00,HEMACIAS,-8.05389,-34.88635,3.4
783,2026-08-25T11:56:00-03:00,HEMACIAS,-8.05943,-34.89273,3.7
784,2026-08-25T11:38:00-03:00,HEMACIAS,-8.04703,-34.87694,4.5
784,2026-08-25T11:43:00-03:00,HEMACIAS,-8.05769,-34.89824,4.9
784,2026-08-25T11:48:00-03:00,HEMACIAS,-8.07035,-34.92304,5.1
784,2026-08-25T11:53:00-03:00,HEMACIAS,-8.07929,-34.94495,4.9
784,2026-08-25T11:58:00-03:00,HEMACIAS,-8.09088,-34.96896,5.2
784,2026-08-25T12:03:00-03:00,HEMACIAS,-8.10176,-34.99165,5.0
784,2026-08-25T12:08:00-03:00,HEMACIAS,-8.11383,-35.01412,4.7
785,2026-08-25T11:49:00-03:00,PLAQUETAS,-8.27634,-35.98061,21.7
785,2026-08-25T11:54:00-03:00,PLAQUETAS,-8.27871,-35.98025,22.3
785,2026-08-25T11:59:00-03:00,PLAQUETAS,-8.27901,-35.97705,21.9
785,2026-08-25T12:04:00-03:00,PLAQUETAS,-8.28208,-35.97498,22.5
785,2026-08-25T12:09:00-03:00,PLAQUETAS,-8.28299,-35.97340,22.2
785,2026-08-25T12:14:00-03:00,PLAQUETAS,-8.28457,-35.97090,22.0
786,2026-08-25T20:12:00-03:00,HEMACIAS,-8.04810,-34.87636,3.5
786,2026-08-25T20:17:00-03:00,HEMACIAS,-8.05368,-34.90213,4.0
786,2026-08-25T20:22:00-03:00,HEMACIAS,-8.05972,-34.92653,4.4
786,2026-08-25T20:27:00-03:00,HEMACIAS,-8.06354,-34.95160,3.8
786,2026-08-25T20:32:00-03:00,HEMACIAS,-8.06921,-34.97410,4.2
786,2026-08-25T20:37:00-03:00,HEMACIAS,-8.07475,-35.00073,4.1
786,2026-08-25T20:42:00-03:00,HEMACIAS,-8.07950,-35.02594,3.5
786,2026-08-25T20:47:00-03:00,HEMACIAS,-8.08494,-35.04911,3.7
786,2026-08-25T20:52:00-03:00,HEMACIAS,-8.09173,-35.07590,3.4
786,2026-08-25T20:57:00-03:00,HEMACIAS,-8.09524,-35.09894,3.8
786,2026-08-25T21:02:00-03:00,HEMACIAS,-8.10221,-35.12571,3.9
786,2026-08-25T21:07:00-03:00,HEMACIAS,-8.10881,-35.14975,5.0
786,2026-08-25T21:12:00-03:00,HEMACIAS,-8.11428,-35.17400,5.0
786,2026-08-25T21:17:00-03:00,HEMACIAS,-8.11977,-35.19920,4.6
786,2026-08-25T21:22:00-03:00,HEMACIAS,-8.12383,-35.22334,4.2
786,2026-08-25T21:27:00-03:00,HEMACIAS,-8.13021,-35.24704,4.4
786,2026-08-25T21:32:00-03:00,HEMACIAS,-8.13564,-35.27205,3.9
786,2026-08-25T21:37:00-03:00,HEMACIAS,-8.14148,-35.29898,3.4
786,2026-08-25T21:42:00-03:00,HEMACIAS,-8.14639,-35.32316,3.5
786,2026-08-25T21:47:00-03:00,HEMACIAS,-8.15224,-35.34658,3.3
786,2026-08-25T21:52:00-03:00,HEMACIAS,-8.15836,-35.37313,3.6
786,2026-08-25T21:57:00-03:00,HEMACIAS,-8.16490,-35.39582,4.3
786,2026-08-25T22:02:00-03:00,HEMACIAS,-8.16849,-35.42073,4.9
786,2026-08-25T22:07:00-03:00,HEMACIAS,-8.17352,-35.44658,4.8
786,2026-08-25T22:12:00-03:00,HEMACIAS,-8.18013,-35.46922,4.3
786,2026-08-25T22:17:00-03:00,HEMACIAS,-8.18570,-35.49642,4.3
786,2026-08-25T22:22:00-03:00,HEMACIAS,-8.19097,-35.52012,4.2
786,2026-08-25T22:27:00-03:00,HEMACIAS,-8.19635,-35.54599,4.0
787,2026-08-25T13:07:00-03:00,HEMACIAS,-8.27557,-35.98145,4.2
787,2026-08-25T13:12:00-03:00,HEMACIAS,-8.26989,-35.94580,4.3
787,2026-08-25T13:17:00-03:00,HEMACIAS,-8.26281,-35.91582,4.4
787,2026-08-25T13:22:00-03:00,HEMACIAS,-8.25465,-35.88076,4.2
787,2026-08-25T13:27:00-03:00,HEMACIAS,-8.24950,-35.84673,5.0
787,2026-08-25T13:32:00-03:00,HEMACIAS,-8.24299,-35.81319,4.8
787,2026-08-25T13:37:00-03:00,HEMACIAS,-8.23489,-35.77859,4.8
787,2026-08-25T13:42:00-03:00,HEMACIAS,-8.22821,-35.74496,4.5
787,2026-08-25T13:47:00-03:00,HEMACIAS,-8.22059,-35.71139,5.0
787,2026-08-25T13:52:00-03:00,HEMACIAS,-8.21420,-35.67746,4.4
787,2026-08-25T13:57:00-03:00,HEMACIAS,-8.20755,-35.64467,3.8
787,2026-08-25T14:02:00-03:00,HEMACIAS,-8.20042,-35.60943,3.6
787,2026-08-25T14:07:00-03:00,HEMACIAS,-8.19456,-35.57495,4.4
787,2026-08-25T14:12:00-03:00,HEMACIAS,-8.18621,-35.54230,4.5
787,2026-08-25T14:17:00-03:00,HEMACIAS,-8.17869,-35.50687,4.0
787,2026-08-25T14:22:00-03:00,HEMACIAS,-8.17409,-35.47472,4.1
787,2026-08-25T14:27:00-03:00,HEMACIAS,-8.16716,-35.44031,4.1
787,2026-08-25T14:32:00-03:00,HEMACIAS,-8.16063,-35.40540,3.6
787,2026-08-25T14:37:00-03:00,HEMACIAS,-8.15248,-35.37331,3.3
787,2026-08-25T14:42:00-03:00,HEMACIAS,-8.14573,-35.33905,3.3
787,2026-08-25T14:47:00-03:00,HEMACIAS,-8.13887,-35.30494,3.2
787,2026-08-25T14:52:00-03:00,HEMACIAS,-8.13219,-35.26957,3.3
787,2026-08-25T14:57:00-03:00,HEMACIAS,-8.12455,-35.23740,3.9
787,2026-08-25T15:02:00-03:00,HEMACIAS,-8.11869,-35.20264,3.6
787,2026-08-25T15:07:00-03:00,HEMACIAS,-8.11165,-35.16896,3.8
787,2026-08-25T15:12:00-03:00,HEMACIAS,-8.10480,-35.13598,3.6
787,2026-08-25T15:17:00-03:00,HEMACIAS,-8.09714,-35.10214,3.7
787,2026-08-25T15:22:00-03:00,HEMACIAS,-8.09091,-35.06707,3.8
787,2026-08-25T15:27:00-03:00,HEMACIAS,-8.08603,-35.03394,3.6
787,2026-08-25T15:32:00-03:00,HEMACIAS,-8.07584,-34.99979,3.5
787,2026-08-25T15:37:00-03:00,HEMACIAS,-8.07120,-34.96703,3.5
787,2026-08-25T15:42:00-03:00,HEMACIAS,-8.06411,-34.93177,3.1
787,2026-08-25T15:47:00-03:00,HEMACIAS,-8.05854,-34.89898,3.4
788,2026-08-26T01:11:00-03:00,HEMACIAS,-8.27457,-35.98303,4.6
788,2026-08-26T01:16:00-03:00,HEMACIAS,-8.27975,-35.97695,4.7
788,2026-08-26T01:21:00-03:00,HEMACIAS,-8.28370,-35.97436,4.8
789,2026-08-25T22:19:00-03:00,HEMACIAS,-8.27685,-35.98141,3.9
789,2026-08-25T22:24:00-03:00,HEMACIAS,-8.27882,-35.97844,3.9
789,2026-08-25T22:29:00-03:00,HEMACIAS,-8.28290,-35.97274,3.3
790,2026-08-25T18:15:00-03:00,HEMACIAS,-8.04718,-34.87776,4.0
790,2026-08-25T18:20:00-03:00,HEMACIAS,-8.05003,-34.87799,4.4
790,2026-08-25T18:25:00-03:00,HEMACIAS,-8.05168,-34.88202,4.5
790,2026-08-25T18:30:00-03:00,HEMACIAS,-8.05353,-34.88487,4.0
791,2026-08-26T06:19:00-03:00,PLAQUETAS,-8.04723,-34.87638,21.6
791,2026-08-26T06:24:00-03:00,PLAQUETAS,-8.05306,-34.90302,22.0
791,2026-08-26T06:29:00-03:00,PLAQUETAS,-8.05971,-34.93142,21.8
791,2026-08-26T06:34:00-03:00,PLAQUETAS,-8.06554,-34.95858,22.6
791,2026-08-26T06:39:00-03:00,PLAQUETAS,-8.07205,-34.98684,22.5
791,2026-08-26T06:44:00-03:00,PLAQUETAS,-8.07707,-35.01255,22.6
791,2026-08-26T06:49:00-03:00,PLAQUETAS,-8.08460,-35.03990,22.2
791,2026-08-26T06:54:00-03:00,PLAQUETAS,-8.08926,-35.06840,22.7
791,2026-08-26T06:59:00-03:00,PLAQUETAS,-8.09561,-35.09595,22.5
791,2026-08-26T07:04:00-03:00,PLAQUETAS,-8.10151,-35.12216,22.6
791,2026-08-26T07:09:00-03:00,PLAQUETAS,-8.10570,-35.14979,22.0
791,2026-08-26T07:14:00-03:00,PLAQUETAS,-8.11358,-35.17665,21.9
791,2026-08-26T07:19:00-03:00,PLAQUETAS,-8.11912,-35.20650,22.6
791,2026-08-26T07:24:00-03:00,PLAQUETAS,-8.12440,-35.23084,22.7
791,2026-08-26T07:29:00-03:00,PLAQUETAS,-8.13072,-35.25994,23.2
791,2026-08-26T07:34:00-03:00,PLAQUETAS,-8.13730,-35.28650,23.3
791,2026-08-26T07:39:00-03:00,PLAQUETAS,-8.14427,-35.31399,23.2
791,2026-08-26T07:44:00-03:00,PLAQUETAS,-8.14734,-35.34146,23.0
791,2026-08-26T07:49:00-03:00,PLAQUETAS,-8.15404,-35.36932,22.6
791,2026-08-26T07:54:00-03:00,PLAQUETAS,-8.16128,-35.39537,22.8
791,2026-08-26T07:59:00-03:00,PLAQUETAS,-8.16681,-35.42381,22.8
791,2026-08-26T08:04:00-03:00,PLAQUETAS,-8.17159,-35.45161,22.5
791,2026-08-26T08:09:00-03:00,PLAQUETAS,-8.17693,-35.47847,22.4
791,2026-08-26T08:14:00-03:00,PLAQUETAS,-8.18299,-35.50471,22.6
791,2026-08-26T08:19:00-03:00,PLAQUETAS,-8.19030,-35.53272,22.7
791,2026-08-26T08:24:00-03:00,PLAQUETAS,-8.19580,-35.55976,22.5
791,2026-08-26T08:29:00-03:00,PLAQUETAS,-8.20220,-35.58642,22.5
791,2026-08-26T08:34:00-03:00,PLAQUETAS,-8.20839,-35.61371,22.7
791,2026-08-26T08:39:00-03:00,PLAQUETAS,-8.21279,-35.64199,22.6
791,2026-08-26T08:44:00-03:00,PLAQUETAS,-8.21974,-35.67018,22.0
791,2026-08-26T08:49:00-03:00,PLAQUETAS,-8.22584,-35.69813,22.0
791,2026-08-26T08:54:00-03:00,PLAQUETAS,-8.23165,-35.72353,22.0
791,2026-08-26T08:59:00-03:00,PLAQUETAS,-8.23838,-35.75029,21.6
791,2026-08-26T09:04:00-03:00,PLAQUETAS,-8.24254,-35.77902,22.3
791,2026-08-26T09:09:00-03:00,PLAQUETAS,-8.25040,-35.80548,22.0
791,2026-08-26T09:14:00-03:00,PLAQUETAS,-8.25478,-35.83213,22.1
791,2026-08-26T09:19:00-03:00,PLAQUETAS,-8.26121,-35.86096,22.3
791,2026-08-26T09:24:00-03:00,PLAQUETAS,-8.26887,-35.88790,22.6
791,2026-08-26T09:29:00-03:00,PLAQUETAS,-8.27300,-35.91529,21.9
791,2026-08-26T09:34:00-03:00,PLAQUETAS,-8.27911,-35.94252,22.1
791,2026-08-26T09:39:00-03:00,PLAQUETAS,-8.28626,-35.97049,22.5
793,2026-08-25T18:43:00-03:00,HEMACIAS,-8.04798,-34.87659,3.8
793,2026-08-25T18:48:00-03:00,HEMACIAS,-8.03192,-34.87691,3.8
793,2026-08-25T18:53:00-03:00,HEMACIAS,-8.01709,-34.87621,4.1
793,2026-08-25T18:58:00-03:00,HEMACIAS,-8.00072,-34.87532,4.4
793,2026-08-25T19:03:00-03:00,HEMACIAS,-7.98775,-34.87509,4.1
793,2026-08-25T19:08:00-03:00,HEMACIAS,-7.97048,-34.87327,3.9
793,2026-08-25T19:13:00-03:00,HEMACIAS,-7.95679,-34.87341,3.7
793,2026-08-25T19:18:00-03:00,HEMACIAS,-7.94133,-34.87240,3.6
794,2026-08-25T19:33:00-03:00,PLAQUETAS,-8.04636,-34.87969,21.3
794,2026-08-25T19:38:00-03:00,PLAQUETAS,-8.05652,-34.89505,21.4
794,2026-08-25T19:43:00-03:00,PLAQUETAS,-8.06460,-34.91553,21.3
794,2026-08-25T19:48:00-03:00,PLAQUETAS,-8.07383,-34.93450,21.7
794,2026-08-25T19:53:00-03:00,PLAQUETAS,-8.08332,-34.95080,21.5
794,2026-08-25T19:58:00-03:00,PLAQUETAS,-8.09375,-34.96872,21.5
794,2026-08-25T20:03:00-03:00,PLAQUETAS,-8.10012,-34.98780,21.8
794,2026-08-25T20:08:00-03:00,PLAQUETAS,-8.10985,-35.00635,21.6
795,2026-08-26T02:40:00-03:00,HEMACIAS,-8.27607,-35.98210,3.8
795,2026-08-26T02:45:00-03:00,HEMACIAS,-8.27286,-35.96210,4.4
795,2026-08-26T02:50:00-03:00,HEMACIAS,-8.26941,-35.94391,4.3
795,2026-08-26T02:55:00-03:00,HEMACIAS,-8.26502,-35.92675,4.0
795,2026-08-26T03:00:00-03:00,HEMACIAS,-8.26106,-35.90771,3.8
795,2026-08-26T03:05:00-03:00,HEMACIAS,-8.25749,-35.88937,3.8
795,2026-08-26T03:10:00-03:00,HEMACIAS,-8.25460,-35.87049,3.6
795,2026-08-26T03:15:00-03:00,HEMACIAS,-8.25040,-35.85099,3.5
795,2026-08-26T03:20:00-03:00,HEMACIAS,-8.24786,-35.83316,3.6
795,2026-08-26T03:25:00-03:00,HEMACIAS,-8.24228,-35.81424,3.8
795,2026-08-26T03:30:00-03:00,HEMACIAS,-8.23944,-35.79501,3.3
795,2026-08-26T03:35:00-03:00,HEMACIAS,-8.23596,-35.77767,3.7
795,2026-08-26T03:40:00-03:00,HEMACIAS,-8.23364,-35.75812,3.9
795,2026-08-26T03:45:00-03:00,HEMACIAS,-8.22758,-35.73886,4.5
795,2026-08-26T03:50:00-03:00,HEMACIAS,-8.22454,-35.72016,5.2
795,2026-08-26T03:55:00-03:00,HEMACIAS,-8.22061,-35.70172,4.0
795,2026-08-26T04:00:00-03:00,HEMACIAS,-8.21845,-35.68433,4.3
795,2026-08-26T04:05:00-03:00,HEMACIAS,-8.21432,-35.66447,4.7
795,2026-08-26T04:10:00-03:00,HEMACIAS,-8.21053,-35.64567,4.3
795,2026-08-26T04:15:00-03:00,HEMACIAS,-8.20601,-35.62625,4.5
795,2026-08-26T04:20:00-03:00,HEMACIAS,-8.20284,-35.60949,4.2
795,2026-08-26T04:25:00-03:00,HEMACIAS,-8.19726,-35.58898,3.4
795,2026-08-26T04:30:00-03:00,HEMACIAS,-8.19545,-35.57231,3.9
795,2026-08-26T04:35:00-03:00,HEMACIAS,-8.19063,-35.55326,4.1
795,2026-08-26T04:40:00-03:00,HEMACIAS,-8.18847,-35.53343,3.7
795,2026-08-26T04:45:00-03:00,HEMACIAS,-8.18473,-35.51429,3.6
795,2026-08-26T04:50:00-03:00,HEMACIAS,-8.18073,-35.49659,3.7
795,2026-08-26T04:55:00-03:00,HEMACIAS,-8.17611,-35.47620,3.4
795,2026-08-26T05:00:00-03:00,HEMACIAS,-8.17297,-35.45765,3.7
795,2026-08-26T05:05:00-03:00,HEMACIAS,-8.16875,-35.44075,4.0
795,2026-08-26T05:10:00-03:00,HEMACIAS,-8.16581,-35.42063,4.2
795,2026-08-26T05:15:00-03:00,HEMACIAS,-8.16160,-35.40330,4.1
795,2026-08-26T05:20:00-03:00,HEMACIAS,-8.15815,-35.38430,3.5
795,2026-08-26T05:25:00-03:00,HEMACIAS,-8.15436,-35.36518,3.5
795,2026-08-26T05:30:00-03:00,HEMACIAS,-8.15253,-35.34653,4.3
795,2026-08-26T05:35:00-03:00,HEMACIAS,-8.14790,-35.32590,4.1
795,2026-08-26T05:40:00-03:00,HEMACIAS,-8.14388,-35.30950,4.1
795,2026-08-26T05:45:00-03:00,HEMACIAS,-8.14064,-35.29244,3.2
795,2026-08-26T05:50:00-03:00,HEMACIAS,-8.13778,-35.27251,4.1
795,2026-08-26T05:55:00-03:00,HEMACIAS,-8.13278,-35.25436,4.2
795,2026-08-26T06:00:00-03:00,HEMACIAS,-8.12900,-35.23615,4.7
795,2026-08-26T06:05:00-03:00,HEMACIAS,-8.12434,-35.21606,4.9
795,2026-08-26T06:10:00-03:00,HEMACIAS,-8.12230,-35.19690,4.7
795,2026-08-26T06:15:00-03:00,HEMACIAS,-8.11813,-35.17766,4.4
795,2026-08-26T06:20:00-03:00,HEMACIAS,-8.11544,-35.16101,3.7
795,2026-08-26T06:25:00-03:00,HEMACIAS,-8.11109,-35.14086,4.1
795,2026-08-26T06:30:00-03:00,HEMACIAS,-8.10814,-35.12305,3.9
795,2026-08-26T06:35:00-03:00,HEMACIAS,-8.10261,-35.10349,4.3
795,2026-08-26T06:40:00-03:00,HEMACIAS,-8.09924,-35.08515,4.2
795,2026-08-26T06:45:00-03:00,HEMACIAS,-8.09674,-35.06731,4.0
795,2026-08-26T06:50:00-03:00,HEMACIAS,-8.09229,-35.04782,3.8
795,2026-08-26T06:55:00-03:00,HEMACIAS,-8.08973,-35.02857,3.4
795,2026-08-26T07:00:00-03:00,HEMACIAS,-8.08486,-35.00960,3.1
795,2026-08-26T07:05:00-03:00,HEMACIAS,-8.08050,-34.99223,3.9
795,2026-08-26T07:10:00-03:00,HEMACIAS,-8.07736,-34.97349,4.2
795,2026-08-26T07:15:00-03:00,HEMACIAS,-8.07290,-34.95629,3.9
795,2026-08-26T07:20:00-03:00,HEMACIAS,-8.07057,-34.93651,4.1
795,2026-08-26T07:25:00-03:00,HEMACIAS,-8.06652,-34.91784,4.4
795,2026-08-26T07:30:00-03:00,HEMACIAS,-8.06337,-34.89793,4.1
796,2026-08-26T13:15:00-03:00,HEMACIAS,-8.04805,-34.87762,3.6
796,2026-08-26T13:20:00-03:00,HEMACIAS,-8.05043,-34.88236,4.6
797,2026-08-26T10:06:00-03:00,PLASMA,-8.04743,-34.87532,-31.6
797,2026-08-26T10:11:00-03:00,PLASMA,-8.03742,-34.87115,-29.1
797,2026-08-26T10:16:00-03:00,PLASMA,-8.02851,-34.86755,-31.0
797,2026-08-26T10:21:00-03:00,PLASMA,-8.01906,-34.86036,-30.7
797,2026-08-26T10:26:00-03:00,PLASMA,-8.00782,-34.85585,-29.9
798,2026-08-26T08:14:00-03:00,HEMACIAS,-8.27723,-35.98091,4.3
798,2026-08-26T08:19:00-03:00,HEMACIAS,-8.27452,-35.96703,4.3
798,2026-08-26T08:24:00-03:00,HEMACIAS,-8.27160,-35.95366,3.6
798,2026-08-26T08:29:00-03:00,HEMACIAS,-8.26635,-35.93730,3.8
798,2026-08-26T08:34:00-03:00,HEMACIAS,-8.26346,-35.92330,3.9
798,2026-08-26T08:39:00-03:00,HEMACIAS,-8.26229,-35.90805,3.5
798,2026-08-26T08:44:00-03:00,HEMACIAS,-8.26009,-35.89439,3.7
798,2026-08-26T08:49:00-03:00,HEMACIAS,-8.25503,-35.87938,4.7
798,2026-08-26T08:54:00-03:00,HEMACIAS,-8.25183,-35.86285,4.5
798,2026-08-26T08:59:00-03:00,HEMACIAS,-8.25056,-35.85028,4.3
798,2026-08-26T09:04:00-03:00,HEMACIAS,-8.24695,-35.83594,4.2
798,2026-08-26T09:09:00-03:00,HEMACIAS,-8.24469,-35.82075,4.0
798,2026-08-26T09:14:00-03:00,HEMACIAS,-8.24166,-35.80518,4.1
798,2026-08-26T09:19:00-03:00,HEMACIAS,-8.23823,-35.79137,3.9
798,2026-08-26T09:24:00-03:00,HEMACIAS,-8.23591,-35.77559,4.0
798,2026-08-26T09:29:00-03:00,HEMACIAS,-8.23264,-35.76208,4.2
798,2026-08-26T09:34:00-03:00,HEMACIAS,-8.22845,-35.74611,3.9
798,2026-08-26T09:39:00-03:00,HEMACIAS,-8.22806,-35.73289,4.2
798,2026-08-26T09:44:00-03:00,HEMACIAS,-8.22253,-35.71758,3.9
798,2026-08-26T09:49:00-03:00,HEMACIAS,-8.22266,-35.70250,3.5
798,2026-08-26T09:54:00-03:00,HEMACIAS,-8.21769,-35.68805,3.3
798,2026-08-26T09:59:00-03:00,HEMACIAS,-8.21526,-35.67238,3.3
798,2026-08-26T10:04:00-03:00,HEMACIAS,-8.21354,-35.65891,3.8
798,2026-08-26T10:09:00-03:00,HEMACIAS,-8.20970,-35.64233,3.8
798,2026-08-26T10:14:00-03:00,HEMACIAS,-8.20703,-35.62966,3.3
798,2026-08-26T10:19:00-03:00,HEMACIAS,-8.20396,-35.61387,3.6
798,2026-08-26T10:24:00-03:00,HEMACIAS,-8.19969,-35.59912,3.6
798,2026-08-26T10:29:00-03:00,HEMACIAS,-8.19895,-35.58645,4.0
798,2026-08-26T10:34:00-03:00,HEMACIAS,-8.19637,-35.57115,4.2
798,2026-08-26T10:39:00-03:00,HEMACIAS,-8.19229,-35.55688,3.9
798,2026-08-26T10:44:00-03:00,HEMACIAS,-8.19053,-35.54286,3.7
798,2026-08-26T10:49:00-03:00,HEMACIAS,-8.18690,-35.52781,3.9
798,2026-08-26T10:54:00-03:00,HEMACIAS,-8.18460,-35.51250,4.2
798,2026-08-26T10:59:00-03:00,HEMACIAS,-8.18176,-35.49804,3.9
798,2026-08-26T11:04:00-03:00,HEMACIAS,-8.17819,-35.48334,3.9
798,2026-08-26T11:09:00-03:00,HEMACIAS,-8.17377,-35.46860,3.1
798,2026-08-26T11:14:00-03:00,HEMACIAS,-8.17293,-35.45472,2.6
798,2026-08-26T11:19:00-03:00,HEMACIAS,-8.16906,-35.43893,3.2
798,2026-08-26T11:24:00-03:00,HEMACIAS,-8.16695,-35.42491,4.0
798,2026-08-26T11:29:00-03:00,HEMACIAS,-8.16474,-35.40926,4.3
798,2026-08-26T11:34:00-03:00,HEMACIAS,-8.16136,-35.39474,4.2
798,2026-08-26T11:39:00-03:00,HEMACIAS,-8.15647,-35.38206,4.4
798,2026-08-26T11:44:00-03:00,HEMACIAS,-8.15404,-35.36410,4.0
798,2026-08-26T11:49:00-03:00,HEMACIAS,-8.15332,-35.35081,4.0
798,2026-08-26T11:54:00-03:00,HEMACIAS,-8.15125,-35.33670,4.1
798,2026-08-26T11:59:00-03:00,HEMACIAS,-8.14572,-35.32061,4.7
798,2026-08-26T12:04:00-03:00,HEMACIAS,-8.14321,-35.30722,4.7
798,2026-08-26T12:09:00-03:00,HEMACIAS,-8.13996,-35.29265,4.2
798,2026-08-26T12:14:00-03:00,HEMACIAS,-8.13649,-35.27719,3.7
798,2026-08-26T12:19:00-03:00,HEMACIAS,-8.13312,-35.26223,3.7
798,2026-08-26T12:24:00-03:00,HEMACIAS,-8.13179,-35.24914,4.0
798,2026-08-26T12:29:00-03:00,HEMACIAS,-8.12897,-35.23303,4.9
798,2026-08-26T12:34:00-03:00,HEMACIAS,-8.12388,-35.21808,4.7
798,2026-08-26T12:39:00-03:00,HEMACIAS,-8.12186,-35.20419,4.4
798,2026-08-26T12:44:00-03:00,HEMACIAS,-8.12033,-35.18933,4.1
798,2026-08-26T12:49:00-03:00,HEMACIAS,-8.11722,-35.17682,4.0
798,2026-08-26T12:54:00-03:00,HEMACIAS,-8.11530,-35.15975,4.1
798,2026-08-26T12:59:00-03:00,HEMACIAS,-8.11070,-35.14613,4.0
798,2026-08-26T13:04:00-03:00,HEMACIAS,-8.10858,-35.13108,3.4
798,2026-08-26T13:09:00-03:00,HEMACIAS,-8.10666,-35.11585,3.1
798,2026-08-26T13:14:00-03:00,HEMACIAS,-8.10286,-35.10253,3.3
798,2026-08-26T13:19:00-03:00,HEMACIAS,-8.10135,-35.08753,3.3
798,2026-08-26T13:24:00-03:00,HEMACIAS,-8.09652,-35.07309,3.3
798,2026-08-26T13:29:00-03:00,HEMACIAS,-8.09494,-35.05616,3.7
798,2026-08-26T13:34:00-03:00,HEMACIAS,-8.09156,-35.04207,4.0
798,2026-08-26T13:39:00-03:00,HEMACIAS,-8.08891,-35.02759,3.3
798,2026-08-26T13:44:00-03:00,HEMACIAS,-8.08504,-35.01192,3.3
798,2026-08-26T13:49:00-03:00,HEMACIAS,-8.08129,-34.99699,3.6
798,2026-08-26T13:54:00-03:00,HEMACIAS,-8.08044,-34.98299,3.9
798,2026-08-26T13:59:00-03:00,HEMACIAS,-8.07760,-34.96823,3.8
798,2026-08-26T14:04:00-03:00,HEMACIAS,-8.07387,-34.95328,4.3
798,2026-08-26T14:09:00-03:00,HEMACIAS,-8.07198,-34.93944,4.3
798,2026-08-26T14:14:00-03:00,HEMACIAS,-8.06856,-34.92673,3.8
798,2026-08-26T14:19:00-03:00,HEMACIAS,-8.06553,-34.91056,3.7
799,2026-08-26T07:32:00-03:00,HEMACIAS,-8.27598,-35.98267,3.7
799,2026-08-26T07:37:00-03:00,HEMACIAS,-8.28022,-35.97670,4.0
799,2026-08-26T07:42:00-03:00,HEMACIAS,-8.28507,-35.97140,4.5
800,2026-08-26T09:59:00-03:00,HEMACIAS,-8.27525,-35.98093,3.5
800,2026-08-26T10:04:00-03:00,HEMACIAS,-8.28022,-35.97588,3.3
800,2026-08-26T10:09:00-03:00,HEMACIAS,-8.28555,-35.97076,3.5
801,2026-08-26T17:18:00-03:00,HEMACIAS,-8.04839,-34.87758,3.8
801,2026-08-26T17:23:00-03:00,HEMACIAS,-8.02957,-34.87666,3.9
801,2026-08-26T17:28:00-03:00,HEMACIAS,-8.01015,-34.87554,4.0
801,2026-08-26T17:33:00-03:00,HEMACIAS,-7.98944,-34.87472,3.9
801,2026-08-26T17:38:00-03:00,HEMACIAS,-7.96688,-34.87453,3.8
801,2026-08-26T17:43:00-03:00,HEMACIAS,-7.94954,-34.87417,4.1
802,2026-08-26T12:50:00-03:00,HEMACIAS,-8.27599,-35.98153,3.7
802,2026-08-26T12:55:00-03:00,HEMACIAS,-8.27163,-35.95866,3.7
802,2026-08-26T13:00:00-03:00,HEMACIAS,-8.26731,-35.93490,4.4
802,2026-08-26T13:05:00-03:00,HEMACIAS,-8.26318,-35.90965,4.5
802,2026-08-26T13:10:00-03:00,HEMACIAS,-8.25904,-35.88860,4.4
802,2026-08-26T13:15:00-03:00,HEMACIAS,-8.25477,-35.86536,4.1
802,2026-08-26T13:20:00-03:00,HEMACIAS,-8.25043,-35.84239,3.8
802,2026-08-26T13:25:00-03:00,HEMACIAS,-8.24538,-35.81842,3.3
802,2026-08-26T13:30:00-03:00,HEMACIAS,-8.24152,-35.79484,3.2
802,2026-08-26T13:35:00-03:00,HEMACIAS,-8.23818,-35.77012,3.3
802,2026-08-26T13:40:00-03:00,HEMACIAS,-8.23349,-35.74795,3.6
802,2026-08-26T13:45:00-03:00,HEMACIAS,-8.22919,-35.72398,3.5
802,2026-08-26T13:50:00-03:00,HEMACIAS,-8.22531,-35.70142,3.6
802,2026-08-26T13:55:00-03:00,HEMACIAS,-8.22315,-35.67705,3.4
802,2026-08-26T14:00:00-03:00,HEMACIAS,-8.21801,-35.65342,4.0
802,2026-08-26T14:05:00-03:00,HEMACIAS,-8.21293,-35.62998,3.9
802,2026-08-26T14:10:00-03:00,HEMACIAS,-8.20848,-35.60661,4.0
802,2026-08-26T14:15:00-03:00,HEMACIAS,-8.20405,-35.58330,4.5
803,2026-08-26T11:04:00-03:00,HEMACIAS,-8.04808,-34.87650,3.9
803,2026-08-26T11:09:00-03:00,HEMACIAS,-8.04913,-34.87900,3.7
803,2026-08-26T11:14:00-03:00,HEMACIAS,-8.05108,-34.88217,3.5
804,2026-08-26T11:54:00-03:00,CRIOPRECIPITADO,-8.04867,-34.87732,-30.3
804,2026-08-26T11:59:00-03:00,CRIOPRECIPITADO,-8.05563,-34.89455,-28.1
804,2026-08-26T12:04:00-03:00,CRIOPRECIPITADO,-8.06495,-34.91403,-29.0
804,2026-08-26T12:09:00-03:00,CRIOPRECIPITADO,-8.07320,-34.93001,-29.6
804,2026-08-26T12:14:00-03:00,CRIOPRECIPITADO,-8.08077,-34.94734,-29.6
804,2026-08-26T12:19:00-03:00,CRIOPRECIPITADO,-8.08960,-34.96699,-29.6
804,2026-08-26T12:24:00-03:00,CRIOPRECIPITADO,-8.09726,-34.98438,-29.2
804,2026-08-26T12:29:00-03:00,CRIOPRECIPITADO,-8.10626,-35.00156,-31.2
805,2026-08-26T14:06:00-03:00,HEMACIAS,-8.04756,-34.87792,3.6
805,2026-08-26T14:11:00-03:00,HEMACIAS,-8.05000,-34.87938,3.7
805,2026-08-26T14:16:00-03:00,HEMACIAS,-8.05063,-34.88109,3.6
805,2026-08-26T14:21:00-03:00,HEMACIAS,-8.05400,-34.88359,4.1
806,2026-08-26T17:41:00-03:00,HEMACIAS,-8.27526,-35.98246,3.5
806,2026-08-26T17:46:00-03:00,HEMACIAS,-8.28165,-35.97649,4.6
807,2026-08-26T22:31:00-03:00,PLASMA,-8.04605,-34.87751,-28.5
807,2026-08-26T22:36:00-03:00,PLASMA,-8.04004,-34.87310,-28.7
807,2026-08-26T22:41:00-03:00,PLASMA,-8.03366,-34.86835,-27.2
807,2026-08-26T22:46:00-03:00,PLASMA,-8.02645,-34.86552,-27.1
807,2026-08-26T22:51:00-03:00,PLASMA,-8.01638,-34.85845,-30.2
807,2026-08-26T22:56:00-03:00,PLASMA,-8.00885,-34.85459,-30.8
808,2026-08-27T10:53:00-03:00,PLAQUETAS,-8.27660,-35.98162,21.8
808,2026-08-27T10:58:00-03:00,PLAQUETAS,-8.27458,-35.96512,21.9
808,2026-08-27T11:03:00-03:00,PLAQUETAS,-8.27061,-35.94859,21.7
808,2026-08-27T11:08:00-03:00,PLAQUETAS,-8.26721,-35.93387,22.0
808,2026-08-27T11:13:00-03:00,PLAQUETAS,-8.26469,-35.91617,22.0
808,2026-08-27T11:18:00-03:00,PLAQUETAS,-8.26337,-35.89940,22.2
808,2026-08-27T11:23:00-03:00,PLAQUETAS,-8.25856,-35.88494,22.1
808,2026-08-27T11:28:00-03:00,PLAQUETAS,-8.25586,-35.86885,22.1
808,2026-08-27T11:33:00-03:00,PLAQUETAS,-8.25267,-35.85127,22.0
808,2026-08-27T11:38:00-03:00,PLAQUETAS,-8.24970,-35.83519,21.6
808,2026-08-27T11:43:00-03:00,PLAQUETAS,-8.24752,-35.81852,21.5
808,2026-08-27T11:48:00-03:00,PLAQUETAS,-8.24523,-35.80279,22.0
808,2026-08-27T11:53:00-03:00,PLAQUETAS,-8.24051,-35.78683,21.7
808,2026-08-27T11:58:00-03:00,PLAQUETAS,-8.23825,-35.77019,21.3
808,2026-08-27T12:03:00-03:00,PLAQUETAS,-8.23659,-35.75335,21.2
808,2026-08-27T12:08:00-03:00,PLAQUETAS,-8.23177,-35.73877,21.3
808,2026-08-27T12:13:00-03:00,PLAQUETAS,-8.22805,-35.72199,21.4
808,2026-08-27T12:18:00-03:00,PLAQUETAS,-8.22543,-35.70418,21.6
808,2026-08-27T12:23:00-03:00,PLAQUETAS,-8.22388,-35.68736,21.5
808,2026-08-27T12:28:00-03:00,PLAQUETAS,-8.21943,-35.67076,21.6
808,2026-08-27T12:33:00-03:00,PLAQUETAS,-8.21843,-35.65413,22.4
808,2026-08-27T12:38:00-03:00,PLAQUETAS,-8.21558,-35.64004,22.7
808,2026-08-27T12:43:00-03:00,PLAQUETAS,-8.21075,-35.62489,22.7
808,2026-08-27T12:48:00-03:00,PLAQUETAS,-8.20931,-35.60739,22.5
808,2026-08-27T12:53:00-03:00,PLAQUETAS,-8.20512,-35.59001,23.1
808,2026-08-27T12:58:00-03:00,PLAQUETAS,-8.20267,-35.57501,23.4
809,2026-08-26T20:03:00-03:00,HEMACIAS,-8.04922,-34.87701,4.1
809,2026-08-26T20:08:00-03:00,HEMACIAS,-8.05216,-34.88420,3.8
809,2026-08-26T20:13:00-03:00,HEMACIAS,-8.05525,-34.89297,3.2
809,2026-08-26T20:18:00-03:00,HEMACIAS,-8.05865,-34.90228,3.4
809,2026-08-26T20:23:00-03:00,HEMACIAS,-8.06305,-34.91056,4.1
809,2026-08-26T20:28:00-03:00,HEMACIAS,-8.06718,-34.91879,3.9
809,2026-08-26T20:33:00-03:00,HEMACIAS,-8.07104,-34.92748,4.0
809,2026-08-26T20:38:00-03:00,HEMACIAS,-8.07508,-34.93506,4.6
809,2026-08-26T20:43:00-03:00,HEMACIAS,-8.07800,-34.94343,4.7
809,2026-08-26T20:48:00-03:00,HEMACIAS,-8.08368,-34.95252,4.9
809,2026-08-26T20:53:00-03:00,HEMACIAS,-8.08661,-34.95999,4.8
809,2026-08-26T20:58:00-03:00,HEMACIAS,-8.09146,-34.96787,4.6
809,2026-08-26T21:03:00-03:00,HEMACIAS,-8.09477,-34.97661,4.3
809,2026-08-26T21:08:00-03:00,HEMACIAS,-8.09903,-34.98402,3.8
809,2026-08-26T21:13:00-03:00,HEMACIAS,-8.10318,-34.99290,3.6
809,2026-08-26T21:18:00-03:00,HEMACIAS,-8.10663,-35.00175,3.4
809,2026-08-26T21:23:00-03:00,HEMACIAS,-8.11155,-35.00975,4.0
810,2026-08-26T19:31:00-03:00,HEMACIAS,-8.04716,-34.87622,3.9
810,2026-08-26T19:36:00-03:00,HEMACIAS,-8.05310,-34.88660,3.8
810,2026-08-26T19:41:00-03:00,HEMACIAS,-8.05849,-34.89580,3.8
810,2026-08-26T19:46:00-03:00,HEMACIAS,-8.06220,-34.90533,4.1
810,2026-08-26T19:51:00-03:00,HEMACIAS,-8.06663,-34.91709,3.6
810,2026-08-26T19:56:00-03:00,HEMACIAS,-8.07137,-34.92847,3.9
810,2026-08-26T20:01:00-03:00,HEMACIAS,-8.07594,-34.93647,3.9
810,2026-08-26T20:06:00-03:00,HEMACIAS,-8.08042,-34.94623,3.5
810,2026-08-26T20:11:00-03:00,HEMACIAS,-8.08553,-34.95701,3.2
810,2026-08-26T20:16:00-03:00,HEMACIAS,-8.09103,-34.96685,3.4
810,2026-08-26T20:21:00-03:00,HEMACIAS,-8.09392,-34.97686,3.6
810,2026-08-26T20:26:00-03:00,HEMACIAS,-8.10059,-34.98656,3.8
810,2026-08-26T20:31:00-03:00,HEMACIAS,-8.10450,-34.99723,4.4
810,2026-08-26T20:36:00-03:00,HEMACIAS,-8.10928,-35.00598,4.7
811,2026-08-26T18:29:00-03:00,PLAQUETAS,-8.04607,-34.87883,21.6
811,2026-08-26T18:34:00-03:00,PLAQUETAS,-8.05172,-34.88248,21.7
811,2026-08-26T18:39:00-03:00,PLAQUETAS,-8.05410,-34.88634,22.0
811,2026-08-26T18:44:00-03:00,PLAQUETAS,-8.05694,-34.89037,22.4
811,2026-08-26T18:49:00-03:00,PLAQUETAS,-8.05887,-34.89641,22.4
812,2026-08-26T19:31:00-03:00,HEMACIAS,-8.27663,-35.98346,4.3
812,2026-08-26T19:36:00-03:00,HEMACIAS,-8.28197,-35.97615,4.4
812,2026-08-26T19:41:00-03:00,HEMACIAS,-8.28320,-35.97115,4.4
813,2026-08-26T17:13:00-03:00,PLAQUETAS,-8.04839,-34.87665,21.9
813,2026-08-26T17:18:00-03:00,PLAQUETAS,-8.04881,-34.87899,21.7
813,2026-08-26T17:23:00-03:00,PLAQUETAS,-8.04938,-34.88093,21.6
813,2026-08-26T17:28:00-03:00,PLAQUETAS,-8.05051,-34.88060,21.9
813,2026-08-26T17:33:00-03:00,PLAQUETAS,-8.05118,-34.88237,22.0
813,2026-08-26T17:38:00-03:00,PLAQUETAS,-8.05215,-34.88410,21.6
813,2026-08-26T17:43:00-03:00,PLAQUETAS,-8.05275,-34.88586,21.9
813,2026-08-26T17:48:00-03:00,PLAQUETAS,-8.05321,-34.88732,21.9
813,2026-08-26T17:53:00-03:00,PLAQUETAS,-8.05531,-34.88751,21.6
813,2026-08-26T17:58:00-03:00,PLAQUETAS,-8.05559,-34.88927,21.8
813,2026-08-26T18:03:00-03:00,PLAQUETAS,-8.05723,-34.89062,21.6
813,2026-08-26T18:08:00-03:00,PLAQUETAS,-8.05634,-34.89169,21.5
813,2026-08-26T18:13:00-03:00,PLAQUETAS,-8.05842,-34.89549,21.2
813,2026-08-26T18:18:00-03:00,PLAQUETAS,-8.06059,-34.89438,21.3
813,2026-08-26T18:23:00-03:00,PLAQUETAS,-8.06091,-34.89531,21.4
813,2026-08-26T18:28:00-03:00,PLAQUETAS,-8.06269,-34.89601,21.4
813,2026-08-26T18:33:00-03:00,PLAQUETAS,-8.06233,-34.89851,21.8
815,2026-08-26T22:06:00-03:00,HEMACIAS,-8.04905,-34.87706,4.0
815,2026-08-26T22:11:00-03:00,HEMACIAS,-8.04385,-34.88784,4.3
815,2026-08-26T22:16:00-03:00,HEMACIAS,-8.04328,-34.89835,4.1
815,2026-08-26T22:21:00-03:00,HEMACIAS,-8.03931,-34.91045,3.9
815,2026-08-26T22:26:00-03:00,HEMACIAS,-8.03808,-34.91919,3.5
815,2026-08-26T22:31:00-03:00,HEMACIAS,-8.03559,-34.93114,4.0
815,2026-08-26T22:36:00-03:00,HEMACIAS,-8.03213,-34.94079,3.8
815,2026-08-26T22:41:00-03:00,HEMACIAS,-8.02967,-34.95260,4.1
815,2026-08-26T22:46:00-03:00,HEMACIAS,-8.02711,-34.96426,4.2
815,2026-08-26T22:51:00-03:00,HEMACIAS,-8.02434,-34.97263,4.3
816,2026-08-27T04:33:00-03:00,HEMACIAS,-8.27487,-35.98311,4.1
816,2026-08-27T04:38:00-03:00,HEMACIAS,-8.27089,-35.95960,3.6
816,2026-08-27T04:43:00-03:00,HEMACIAS,-8.26638,-35.93859,4.3
816,2026-08-27T04:48:00-03:00,HEMACIAS,-8.26033,-35.91534,4.1
816,2026-08-27T04:53:00-03:00,HEMACIAS,-8.25279,-35.89443,4.6
816,2026-08-27T04:58:00-03:00,HEMACIAS,-8.24724,-35.87291,4.3
816,2026-08-27T05:03:00-03:00,HEMACIAS,-8.24517,-35.85226,4.4
816,2026-08-27T05:08:00-03:00,HEMACIAS,-8.23814,-35.83129,4.8
816,2026-08-27T05:13:00-03:00,HEMACIAS,-8.23223,-35.80955,4.6
816,2026-08-27T05:18:00-03:00,HEMACIAS,-8.22569,-35.78868,4.6
816,2026-08-27T05:23:00-03:00,HEMACIAS,-8.22422,-35.76697,4.7
816,2026-08-27T05:28:00-03:00,HEMACIAS,-8.21536,-35.74482,4.8
816,2026-08-27T05:33:00-03:00,HEMACIAS,-8.21196,-35.72350,4.5
816,2026-08-27T05:38:00-03:00,HEMACIAS,-8.20497,-35.70209,4.5
816,2026-08-27T05:43:00-03:00,HEMACIAS,-8.19927,-35.68103,3.9
816,2026-08-27T05:48:00-03:00,HEMACIAS,-8.19524,-35.65930,3.8
816,2026-08-27T05:53:00-03:00,HEMACIAS,-8.18900,-35.63702,3.4
816,2026-08-27T05:58:00-03:00,HEMACIAS,-8.18449,-35.61593,3.1
816,2026-08-27T06:03:00-03:00,HEMACIAS,-8.17912,-35.59356,3.5
816,2026-08-27T06:08:00-03:00,HEMACIAS,-8.17316,-35.57261,3.7
816,2026-08-27T06:13:00-03:00,HEMACIAS,-8.16584,-35.55094,3.8
816,2026-08-27T06:18:00-03:00,HEMACIAS,-8.16246,-35.52817,4.0
816,2026-08-27T06:23:00-03:00,HEMACIAS,-8.15650,-35.50820,4.0
816,2026-08-27T06:28:00-03:00,HEMACIAS,-8.15109,-35.48591,4.1
816,2026-08-27T06:33:00-03:00,HEMACIAS,-8.14566,-35.46430,3.7
816,2026-08-27T06:38:00-03:00,HEMACIAS,-8.14059,-35.44281,3.6
816,2026-08-27T06:43:00-03:00,HEMACIAS,-8.13588,-35.42387,4.0
816,2026-08-27T06:48:00-03:00,HEMACIAS,-8.13103,-35.40023,3.9
816,2026-08-27T06:53:00-03:00,HEMACIAS,-8.12323,-35.37984,4.9
816,2026-08-27T06:58:00-03:00,HEMACIAS,-8.11877,-35.35743,4.0
816,2026-08-27T07:03:00-03:00,HEMACIAS,-8.11362,-35.33592,4.0
816,2026-08-27T07:08:00-03:00,HEMACIAS,-8.10841,-35.31399,3.9
816,2026-08-27T07:13:00-03:00,HEMACIAS,-8.10309,-35.29230,3.7
816,2026-08-27T07:18:00-03:00,HEMACIAS,-8.09750,-35.27115,4.1
816,2026-08-27T07:23:00-03:00,HEMACIAS,-8.09157,-35.24967,3.7
816,2026-08-27T07:28:00-03:00,HEMACIAS,-8.08602,-35.22889,3.8
816,2026-08-27T07:33:00-03:00,HEMACIAS,-8.08229,-35.20679,4.1
816,2026-08-27T07:38:00-03:00,HEMACIAS,-8.07599,-35.18430,3.6
816,2026-08-27T07:43:00-03:00,HEMACIAS,-8.06981,-35.16375,3.6
816,2026-08-27T07:48:00-03:00,HEMACIAS,-8.06342,-35.14203,3.2
816,2026-08-27T07:53:00-03:00,HEMACIAS,-8.06039,-35.12067,3.6
816,2026-08-27T07:58:00-03:00,HEMACIAS,-8.05281,-35.09817,3.6
816,2026-08-27T08:03:00-03:00,HEMACIAS,-8.04850,-35.07697,3.8
816,2026-08-27T08:08:00-03:00,HEMACIAS,-8.04207,-35.05459,3.6
816,2026-08-27T08:13:00-03:00,HEMACIAS,-8.03743,-35.03568,3.7
816,2026-08-27T08:18:00-03:00,HEMACIAS,-8.03312,-35.01192,3.7
816,2026-08-27T08:23:00-03:00,HEMACIAS,-8.02717,-34.98985,3.4
817,2026-08-27T12:58:00-03:00,PLASMA,-8.27702,-35.98120,-30.0
817,2026-08-27T13:03:00-03:00,PLASMA,-8.27923,-35.97732,-32.0
817,2026-08-27T13:08:00-03:00,PLASMA,-8.28314,-35.97283,-31.5
818,2026-08-27T09:50:00-03:00,HEMACIAS,-8.04747,-34.87777,3.7
818,2026-08-27T09:55:00-03:00,HEMACIAS,-8.04577,-34.88547,4.1
818,2026-08-27T10:00:00-03:00,HEMACIAS,-8.04312,-34.89567,4.2
818,2026-08-27T10:05:00-03:00,HEMACIAS,-8.04186,-34.90373,3.9
818,2026-08-27T10:10:00-03:00,HEMACIAS,-8.03825,-34.91299,4.1
818,2026-08-27T10:15:00-03:00,HEMACIAS,-8.03737,-34.92078,4.1
818,2026-08-27T10:20:00-03:00,HEMACIAS,-8.03475,-34.93028,4.2
818,2026-08-27T10:25:00-03:00,HEMACIAS,-8.03251,-34.94033,4.3
818,2026-08-27T10:30:00-03:00,HEMACIAS,-8.03220,-34.95066,4.0
818,2026-08-27T10:35:00-03:00,HEMACIAS,-8.02767,-34.95798,4.2
818,2026-08-27T10:40:00-03:00,HEMACIAS,-8.02604,-34.96787,4.1
818,2026-08-27T10:45:00-03:00,HEMACIAS,-8.02402,-34.97645,3.6
819,2026-08-27T18:06:00-03:00,HEMACIAS,-8.04750,-34.87645,4.3
819,2026-08-27T18:11:00-03:00,HEMACIAS,-8.05485,-34.89552,3.1
819,2026-08-27T18:16:00-03:00,HEMACIAS,-8.06397,-34.91085,2.9
819,2026-08-27T18:21:00-03:00,HEMACIAS,-8.07042,-34.92901,2.9
819,2026-08-27T18:26:00-03:00,HEMACIAS,-8.08065,-34.94529,3.3
819,2026-08-27T18:31:00-03:00,HEMACIAS,-8.08927,-34.96339,3.2
819,2026-08-27T18:36:00-03:00,HEMACIAS,-8.09605,-34.97945,4.3
819,2026-08-27T18:41:00-03:00,HEMACIAS,-8.10393,-34.99748,4.5
819,2026-08-27T18:46:00-03:00,HEMACIAS,-8.11311,-35.01416,4.0
820,2026-08-27T15:37:00-03:00,HEMACIAS,-8.27543,-35.98110,3.5
820,2026-08-27T15:42:00-03:00,HEMACIAS,-8.27091,-35.95749,4.4
820,2026-08-27T15:47:00-03:00,HEMACIAS,-8.26703,-35.93577,4.6
820,2026-08-27T15:52:00-03:00,HEMACIAS,-8.26313,-35.91280,4.4
820,2026-08-27T15:57:00-03:00,HEMACIAS,-8.26069,-35.88975,4.3
820,2026-08-27T16:02:00-03:00,HEMACIAS,-8.25547,-35.86655,4.7
820,2026-08-27T16:07:00-03:00,HEMACIAS,-8.25111,-35.84377,4.3
820,2026-08-27T16:12:00-03:00,HEMACIAS,-8.24633,-35.81799,4.6
820,2026-08-27T16:17:00-03:00,HEMACIAS,-8.24300,-35.79640,4.2
820,2026-08-27T16:22:00-03:00,HEMACIAS,-8.23768,-35.77187,3.8
820,2026-08-27T16:27:00-03:00,HEMACIAS,-8.23429,-35.74839,4.4
820,2026-08-27T16:32:00-03:00,HEMACIAS,-8.23026,-35.72597,4.6
820,2026-08-27T16:37:00-03:00,HEMACIAS,-8.22695,-35.70421,4.0
820,2026-08-27T16:42:00-03:00,HEMACIAS,-8.22268,-35.67988,3.8
820,2026-08-27T16:47:00-03:00,HEMACIAS,-8.21631,-35.65795,3.8
820,2026-08-27T16:52:00-03:00,HEMACIAS,-8.21330,-35.63511,3.9
820,2026-08-27T16:57:00-03:00,HEMACIAS,-8.20900,-35.61338,4.1
820,2026-08-27T17:02:00-03:00,HEMACIAS,-8.20518,-35.58877,3.8
820,2026-08-27T17:07:00-03:00,HEMACIAS,-8.20186,-35.56652,3.7
821,2026-08-27T16:43:00-03:00,HEMACIAS,-8.04713,-34.87631,4.1
821,2026-08-27T16:48:00-03:00,HEMACIAS,-8.03720,-34.87261,3.8
821,2026-08-27T16:53:00-03:00,HEMACIAS,-8.03005,-34.86830,4.0
821,2026-08-27T16:58:00-03:00,HEMACIAS,-8.01907,-34.86140,3.9
821,2026-08-27T17:03:00-03:00,HEMACIAS,-8.00898,-34.85533,3.7
822,2026-08-27T13:51:00-03:00,HEMACIAS,-8.04811,-34.87814,3.4
822,2026-08-27T13:56:00-03:00,HEMACIAS,-8.05799,-34.89717,3.3
822,2026-08-27T14:01:00-03:00,HEMACIAS,-8.06595,-34.91873,3.5
822,2026-08-27T14:06:00-03:00,HEMACIAS,-8.07643,-34.93900,3.8
822,2026-08-27T14:11:00-03:00,HEMACIAS,-8.08612,-34.95962,3.6
822,2026-08-27T14:16:00-03:00,HEMACIAS,-8.09557,-34.98043,3.8
822,2026-08-27T14:21:00-03:00,HEMACIAS,-8.10687,-35.00132,3.8
823,2026-08-27T20:24:00-03:00,HEMACIAS,-8.27459,-35.98207,4.4
823,2026-08-27T20:29:00-03:00,HEMACIAS,-8.27906,-35.97836,4.7
823,2026-08-27T20:34:00-03:00,HEMACIAS,-8.28141,-35.97250,4.2
825,2026-08-28T01:39:00-03:00,HEMACIAS,-8.04841,-34.87599,3.4
825,2026-08-28T01:44:00-03:00,HEMACIAS,-8.05216,-34.88380,3.1
825,2026-08-28T01:49:00-03:00,HEMACIAS,-8.05620,-34.89044,3.9
825,2026-08-28T01:54:00-03:00,HEMACIAS,-8.06199,-34.89707,4.7
826,2026-08-27T23:02:00-03:00,HEMACIAS,-8.04888,-34.87869,4.1
826,2026-08-27T23:07:00-03:00,HEMACIAS,-8.04067,-34.87349,3.7
826,2026-08-27T23:12:00-03:00,HEMACIAS,-8.03293,-34.86819,4.4
826,2026-08-27T23:17:00-03:00,HEMACIAS,-8.02513,-34.86471,4.6
826,2026-08-27T23:22:00-03:00,HEMACIAS,-8.01904,-34.86112,4.1
826,2026-08-27T23:27:00-03:00,HEMACIAS,-8.01157,-34.85710,4.4
827,2026-08-28T13:33:00-03:00,PLASMA,-8.27458,-35.98357,-27.9
827,2026-08-28T13:38:00-03:00,PLASMA,-8.28076,-35.97567,-30.3
827,2026-08-28T13:43:00-03:00,PLASMA,-8.28366,-35.97181,-30.9
828,2026-08-28T13:56:00-03:00,HEMACIAS,-8.04785,-34.87619,4.1
828,2026-08-28T14:01:00-03:00,HEMACIAS,-8.05795,-34.89776,3.0
828,2026-08-28T14:06:00-03:00,HEMACIAS,-8.06736,-34.91798,3.5
828,2026-08-28T14:11:00-03:00,HEMACIAS,-8.07805,-34.94260,3.4
828,2026-08-28T14:16:00-03:00,HEMACIAS,-8.08810,-34.96425,3.6
828,2026-08-28T14:21:00-03:00,HEMACIAS,-8.09862,-34.98364,3.8
828,2026-08-28T14:26:00-03:00,HEMACIAS,-8.10863,-35.00692,4.0
829,2026-08-28T10:07:00-03:00,PLAQUETAS,-8.27656,-35.98144,22.2
829,2026-08-28T10:12:00-03:00,PLAQUETAS,-8.27262,-35.96354,22.5
829,2026-08-28T10:17:00-03:00,PLAQUETAS,-8.26690,-35.94442,21.9
829,2026-08-28T10:22:00-03:00,PLAQUETAS,-8.26561,-35.92682,22.3
829,2026-08-28T10:27:00-03:00,PLAQUETAS,-8.26105,-35.90833,22.2
829,2026-08-28T10:32:00-03:00,PLAQUETAS,-8.25766,-35.89008,22.0
829,2026-08-28T10:37:00-03:00,PLAQUETAS,-8.25327,-35.87272,22.3
829,2026-08-28T10:42:00-03:00,PLAQUETAS,-8.25101,-35.85233,22.2
829,2026-08-28T10:47:00-03:00,PLAQUETAS,-8.24525,-35.83575,22.5
829,2026-08-28T10:52:00-03:00,PLAQUETAS,-8.24180,-35.81823,22.3
829,2026-08-28T10:57:00-03:00,PLAQUETAS,-8.23840,-35.79817,21.9
829,2026-08-28T11:02:00-03:00,PLAQUETAS,-8.23544,-35.77956,21.6
829,2026-08-28T11:07:00-03:00,PLAQUETAS,-8.23092,-35.76156,21.8
829,2026-08-28T11:12:00-03:00,PLAQUETAS,-8.22703,-35.74406,21.8
829,2026-08-28T11:17:00-03:00,PLAQUETAS,-8.22303,-35.72391,22.2
829,2026-08-28T11:22:00-03:00,PLAQUETAS,-8.21954,-35.70617,22.7
829,2026-08-28T11:27:00-03:00,PLAQUETAS,-8.21643,-35.68639,22.4
829,2026-08-28T11:32:00-03:00,PLAQUETAS,-8.21268,-35.66981,22.8
829,2026-08-28T11:37:00-03:00,PLAQUETAS,-8.20818,-35.64965,23.0
829,2026-08-28T11:42:00-03:00,PLAQUETAS,-8.20492,-35.63171,22.5
829,2026-08-28T11:47:00-03:00,PLAQUETAS,-8.20183,-35.61292,22.6
829,2026-08-28T11:52:00-03:00,PLAQUETAS,-8.19733,-35.59460,22.0
829,2026-08-28T11:57:00-03:00,PLAQUETAS,-8.19381,-35.57759,23.0
829,2026-08-28T12:02:00-03:00,PLAQUETAS,-8.19000,-35.55907,23.0
829,2026-08-28T12:07:00-03:00,PLAQUETAS,-8.18564,-35.54032,22.7
829,2026-08-28T12:12:00-03:00,PLAQUETAS,-8.18223,-35.52248,22.9
829,2026-08-28T12:17:00-03:00,PLAQUETAS,-8.17848,-35.50446,22.3
829,2026-08-28T12:22:00-03:00,PLAQUETAS,-8.17561,-35.48638,22.6
829,2026-08-28T12:27:00-03:00,PLAQUETAS,-8.17192,-35.46574,22.1
829,2026-08-28T12:32:00-03:00,PLAQUETAS,-8.16694,-35.44936,22.3
829,2026-08-28T12:37:00-03:00,PLAQUETAS,-8.16340,-35.42904,21.9
829,2026-08-28T12:42:00-03:00,PLAQUETAS,-8.16233,-35.41152,21.8
829,2026-08-28T12:47:00-03:00,PLAQUETAS,-8.15713,-35.39113,21.5
829,2026-08-28T12:52:00-03:00,PLAQUETAS,-8.15244,-35.37612,21.7
829,2026-08-28T12:57:00-03:00,PLAQUETAS,-8.14861,-35.35555,21.4
829,2026-08-28T13:02:00-03:00,PLAQUETAS,-8.14516,-35.33817,21.8
829,2026-08-28T13:07:00-03:00,PLAQUETAS,-8.14064,-35.31939,22.0
829,2026-08-28T13:12:00-03:00,PLAQUETAS,-8.13909,-35.30060,22.3
829,2026-08-28T13:17:00-03:00,PLAQUETAS,-8.13439,-35.28097,22.7
829,2026-08-28T13:22:00-03:00,PLAQUETAS,-8.12970,-35.26302,22.2
829,2026-08-28T13:27:00-03:00,PLAQUETAS,-8.12775,-35.24673,21.8
829,2026-08-28T13:32:00-03:00,PLAQUETAS,-8.12334,-35.22814,21.7
829,2026-08-28T13:37:00-03:00,PLAQUETAS,-8.12090,-35.20895,21.9
829,2026-08-28T13:42:00-03:00,PLAQUETAS,-8.11613,-35.19162,21.8
829,2026-08-28T13:47:00-03:00,PLAQUETAS,-8.11313,-35.17242,21.8
829,2026-08-28T13:52:00-03:00,PLAQUETAS,-8.11001,-35.15351,21.6
829,2026-08-28T13:57:00-03:00,PLAQUETAS,-8.10417,-35.13515,21.9
829,2026-08-28T14:02:00-03:00,PLAQUETAS,-8.10110,-35.11495,22.4
829,2026-08-28T14:07:00-03:00,PLAQUETAS,-8.09903,-35.09694,22.8
829,2026-08-28T14:12:00-03:00,PLAQUETAS,-8.09336,-35.08006,22.5
829,2026-08-28T14:17:00-03:00,PLAQUETAS,-8.09016,-35.06150,22.9
829,2026-08-28T14:22:00-03:00,PLAQUETAS,-8.08595,-35.04137,22.9
829,2026-08-28T14:27:00-03:00,PLAQUETAS,-8.08146,-35.02406,22.8
829,2026-08-28T14:32:00-03:00,PLAQUETAS,-8.07862,-35.00701,22.3
829,2026-08-28T14:37:00-03:00,PLAQUETAS,-8.07561,-34.98751,22.9
829,2026-08-28T14:42:00-03:00,PLAQUETAS,-8.07050,-34.96997,21.9
829,2026-08-28T14:47:00-03:00,PLAQUETAS,-8.06732,-34.94945,21.7
829,2026-08-28T14:52:00-03:00,PLAQUETAS,-8.06443,-34.93320,22.0
829,2026-08-28T14:57:00-03:00,PLAQUETAS,-8.05980,-34.91369,22.3
829,2026-08-28T15:02:00-03:00,PLAQUETAS,-8.05611,-34.89555,22.6
830,2026-08-28T08:51:00-03:00,HEMACIAS,-8.27593,-35.98221,4.1
830,2026-08-28T08:56:00-03:00,HEMACIAS,-8.27958,-35.97524,3.6
830,2026-08-28T09:01:00-03:00,HEMACIAS,-8.28497,-35.97255,3.7
831,2026-08-28T12:35:00-03:00,HEMACIAS,-8.04774,-34.87681,4.4
831,2026-08-28T12:40:00-03:00,HEMACIAS,-8.03058,-34.87628,4.5
831,2026-08-28T12:45:00-03:00,HEMACIAS,-8.01263,-34.87526,4.3
831,2026-08-28T12:50:00-03:00,HEMACIAS,-7.99825,-34.87485,4.1
831,2026-08-28T12:55:00-03:00,HEMACIAS,-7.98063,-34.87420,3.7
831,2026-08-28T13:00:00-03:00,HEMACIAS,-7.96343,-34.87386,3.9
831,2026-08-28T13:05:00-03:00,HEMACIAS,-7.94822,-34.87181,3.9
832,2026-08-28T11:02:00-03:00,CRIOPRECIPITADO,-8.04799,-34.87738,-28.1
832,2026-08-28T11:07:00-03:00,CRIOPRECIPITADO,-8.05285,-34.88312,-29.5
832,2026-08-28T11:12:00-03:00,CRIOPRECIPITADO,-8.05600,-34.88905,-28.0
832,2026-08-28T11:17:00-03:00,CRIOPRECIPITADO,-8.05876,-34.89365,-30.1
832,2026-08-28T11:22:00-03:00,CRIOPRECIPITADO,-8.06314,-34.89917,-29.3
833,2026-08-28T10:36:00-03:00,HEMACIAS,-8.04792,-34.87837,3.3
833,2026-08-28T10:41:00-03:00,HEMACIAS,-8.04885,-34.88087,3.4
833,2026-08-28T10:46:00-03:00,HEMACIAS,-8.05142,-34.88365,2.8
834,2026-08-28T17:56:00-03:00,HEMACIAS,-8.04583,-34.87615,4.1
834,2026-08-28T18:01:00-03:00,HEMACIAS,-8.05342,-34.88383,4.5
834,2026-08-28T18:06:00-03:00,HEMACIAS,-8.05863,-34.89444,4.4
835,2026-08-28T17:09:00-03:00,HEMACIAS,-8.27447,-35.98196,4.6
835,2026-08-28T17:14:00-03:00,HEMACIAS,-8.28089,-35.97492,4.4
835,2026-08-28T17:19:00-03:00,HEMACIAS,-8.28566,-35.96928,4.2
836,2026-08-28T18:20:00-03:00,HEMACIAS,-8.27690,-35.98089,4.4
836,2026-08-28T18:25:00-03:00,HEMACIAS,-8.27120,-35.95467,4.2
836,2026-08-28T18:30:00-03:00,HEMACIAS,-8.26600,-35.92880,4.2
836,2026-08-28T18:35:00-03:00,HEMACIAS,-8.26156,-35.90137,4.5
836,2026-08-28T18:40:00-03:00,HEMACIAS,-8.25703,-35.87517,4.3
836,2026-08-28T18:45:00-03:00,HEMACIAS,-8.25198,-35.84998,4.1
836,2026-08-28T18:50:00-03:00,HEMACIAS,-8.24727,-35.82321,3.7
836,2026-08-28T18:55:00-03:00,HEMACIAS,-8.24227,-35.79569,3.6
836,2026-08-28T19:00:00-03:00,HEMACIAS,-8.23851,-35.76761,3.7
836,2026-08-28T19:05:00-03:00,HEMACIAS,-8.23271,-35.74003,3.7
836,2026-08-28T19:10:00-03:00,HEMACIAS,-8.22649,-35.71451,3.1
836,2026-08-28T19:15:00-03:00,HEMACIAS,-8.22406,-35.68628,3.3
836,2026-08-28T19:20:00-03:00,HEMACIAS,-8.21741,-35.66155,3.4
836,2026-08-28T19:25:00-03:00,HEMACIAS,-8.21376,-35.63471,3.5
836,2026-08-28T19:30:00-03:00,HEMACIAS,-8.20778,-35.60762,3.2
836,2026-08-28T19:35:00-03:00,HEMACIAS,-8.20355,-35.58119,3.1
837,2026-08-28T18:26:00-03:00,HEMACIAS,-8.27544,-35.98274,3.8
837,2026-08-28T18:31:00-03:00,HEMACIAS,-8.27460,-35.96265,3.4
837,2026-08-28T18:36:00-03:00,HEMACIAS,-8.26929,-35.94335,3.3
837,2026-08-28T18:41:00-03:00,HEMACIAS,-8.26743,-35.92385,3.6
837,2026-08-28T18:46:00-03:00,HEMACIAS,-8.26222,-35.90340,3.7
837,2026-08-28T18:51:00-03:00,HEMACIAS,-8.25974,-35.88632,4.0
837,2026-08-28T18:56:00-03:00,HEMACIAS,-8.25755,-35.86486,3.6
837,2026-08-28T19:01:00-03:00,HEMACIAS,-8.25235,-35.84680,2.9
837,2026-08-28T19:06:00-03:00,HEMACIAS,-8.24920,-35.82834,2.9
837,2026-08-28T19:11:00-03:00,HEMACIAS,-8.24732,-35.80749,3.1
837,2026-08-28T19:16:00-03:00,HEMACIAS,-8.24414,-35.78887,3.3
837,2026-08-28T19:21:00-03:00,HEMACIAS,-8.24022,-35.76800,3.6
837,2026-08-28T19:26:00-03:00,HEMACIAS,-8.23766,-35.74789,3.7
837,2026-08-28T19:31:00-03:00,HEMACIAS,-8.23375,-35.73000,3.7
837,2026-08-28T19:36:00-03:00,HEMACIAS,-8.22933,-35.71191,3.5
837,2026-08-28T19:41:00-03:00,HEMACIAS,-8.22624,-35.69100,3.9
837,2026-08-28T19:46:00-03:00,HEMACIAS,-8.22364,-35.67300,4.3
837,2026-08-28T19:51:00-03:00,HEMACIAS,-8.21995,-35.65290,4.9
837,2026-08-28T19:56:00-03:00,HEMACIAS,-8.21739,-35.63194,4.9
837,2026-08-28T20:01:00-03:00,HEMACIAS,-8.21357,-35.61283,4.6
837,2026-08-28T20:06:00-03:00,HEMACIAS,-8.21073,-35.59528,5.2
837,2026-08-28T20:11:00-03:00,HEMACIAS,-8.20844,-35.57559,4.8
837,2026-08-28T20:16:00-03:00,HEMACIAS,-8.20308,-35.55625,4.4
837,2026-08-28T20:21:00-03:00,HEMACIAS,-8.19912,-35.53782,4.3
837,2026-08-28T20:26:00-03:00,HEMACIAS,-8.19699,-35.51797,3.9
837,2026-08-28T20:31:00-03:00,HEMACIAS,-8.19425,-35.49818,3.5
837,2026-08-28T20:36:00-03:00,HEMACIAS,-8.19150,-35.47921,3.5
837,2026-08-28T20:41:00-03:00,HEMACIAS,-8.18749,-35.45967,4.5
837,2026-08-28T20:46:00-03:00,HEMACIAS,-8.18515,-35.43980,4.1
837,2026-08-28T20:51:00-03:00,HEMACIAS,-8.18200,-35.42119,3.6
837,2026-08-28T20:56:00-03:00,HEMACIAS,-8.17872,-35.40162,4.0
837,2026-08-28T21:01:00-03:00,HEMACIAS,-8.17537,-35.38083,3.9
837,2026-08-28T21:06:00-03:00,HEMACIAS,-8.17088,-35.36246,3.9
837,2026-08-28T21:11:00-03:00,HEMACIAS,-8.16843,-35.34376,3.8
837,2026-08-28T21:16:00-03:00,HEMACIAS,-8.16456,-35.32471,3.8
837,2026-08-28T21:21:00-03:00,HEMACIAS,-8.16178,-35.30476,4.2
837,2026-08-28T21:26:00-03:00,HEMACIAS,-8.15899,-35.28621,4.4
837,2026-08-28T21:31:00-03:00,HEMACIAS,-8.15511,-35.26633,4.4
837,2026-08-28T21:36:00-03:00,HEMACIAS,-8.15298,-35.24633,4.1
837,2026-08-28T21:41:00-03:00,HEMACIAS,-8.14740,-35.22732,4.0
837,2026-08-28T21:46:00-03:00,HEMACIAS,-8.14699,-35.20949,3.6
837,2026-08-28T21:51:00-03:00,HEMACIAS,-8.14297,-35.18747,4.0
837,2026-08-28T21:56:00-03:00,HEMACIAS,-8.13805,-35.16994,3.6
837,2026-08-28T22:01:00-03:00,HEMACIAS,-8.13597,-35.15016,3.6
837,2026-08-28T22:06:00-03:00,HEMACIAS,-8.13328,-35.13129,4.0
837,2026-08-28T22:11:00-03:00,HEMACIAS,-8.13004,-35.11070,4.3
837,2026-08-28T22:16:00-03:00,HEMACIAS,-8.12604,-35.09104,4.1
837,2026-08-28T22:21:00-03:00,HEMACIAS,-8.12247,-35.07198,3.5
837,2026-08-28T22:26:00-03:00,HEMACIAS,-8.11970,-35.05398,3.6
837,2026-08-28T22:31:00-03:00,HEMACIAS,-8.11606,-35.03416,3.1
837,2026-08-28T22:36:00-03:00,HEMACIAS,-8.11370,-35.01363,3.6
838,2026-08-29T13:11:00-03:00,HEMACIAS,-8.04937,-34.87766,3.8
838,2026-08-29T13:16:00-03:00,HEMACIAS,-8.05296,-34.88661,3.5
838,2026-08-29T13:21:00-03:00,HEMACIAS,-8.05705,-34.89601,3.6
838,2026-08-29T13:26:00-03:00,HEMACIAS,-8.06044,-34.90560,4.1
838,2026-08-29T13:31:00-03:00,HEMACIAS,-8.06606,-34.91559,4.7
838,2026-08-29T13:36:00-03:00,HEMACIAS,-8.07029,-34.92396,4.6
838,2026-08-29T13:41:00-03:00,HEMACIAS,-8.07494,-34.93480,4.3
838,2026-08-29T13:46:00-03:00,HEMACIAS,-8.07894,-34.94430,4.1
838,2026-08-29T13:51:00-03:00,HEMACIAS,-8.08431,-34.95430,3.8
838,2026-08-29T13:56:00-03:00,HEMACIAS,-8.08932,-34.96394,3.3
838,2026-08-29T14:01:00-03:00,HEMACIAS,-8.09395,-34.97336,3.3
838,2026-08-29T14:06:00-03:00,HEMACIAS,-8.09754,-34.98530,3.2
838,2026-08-29T14:11:00-03:00,HEMACIAS,-8.10300,-34.99398,3.2
838,2026-08-29T14:16:00-03:00,HEMACIAS,-8.10801,-35.00382,3.9
838,2026-08-29T14:21:00-03:00,HEMACIAS,-8.11042,-35.01321,3.9
839,2026-08-29T02:22:00-03:00,HEMACIAS,-8.04867,-34.87833,3.7
839,2026-08-29T02:27:00-03:00,HEMACIAS,-8.03787,-34.87150,9.9
839,2026-08-29T02:32:00-03:00,HEMACIAS,-8.02722,-34.86546,9.9
839,2026-08-29T02:37:00-03:00,HEMACIAS,-8.01817,-34.85928,10.1
840,2026-08-29T06:34:00-03:00,HEMACIAS,-8.04681,-34.87762,3.9
840,2026-08-29T06:39:00-03:00,HEMACIAS,-8.03476,-34.86828,4.1
840,2026-08-29T06:44:00-03:00,HEMACIAS,-8.02028,-34.86276,4.0
841,2026-08-29T12:18:00-03:00,HEMACIAS,-8.27575,-35.98156,4.6
841,2026-08-29T12:23:00-03:00,HEMACIAS,-8.27957,-35.97881,4.6
841,2026-08-29T12:28:00-03:00,HEMACIAS,-8.28067,-35.97478,4.3
841,2026-08-29T12:33:00-03:00,HEMACIAS,-8.28468,-35.97023,4.1
842,2026-08-29T18:46:00-03:00,HEMACIAS,-8.27593,-35.98218,3.9
842,2026-08-29T18:51:00-03:00,HEMACIAS,-8.27339,-35.96329,4.0
842,2026-08-29T18:56:00-03:00,HEMACIAS,-8.26847,-35.94497,3.7
842,2026-08-29T19:01:00-03:00,HEMACIAS,-8.26602,-35.92316,3.5
842,2026-08-29T19:06:00-03:00,HEMACIAS,-8.26033,-35.90479,4.2
842,2026-08-29T19:11:00-03:00,HEMACIAS,-8.25726,-35.88519,4.5
842,2026-08-29T19:16:00-03:00,HEMACIAS,-8.25180,-35.86489,4.2
842,2026-08-29T19:21:00-03:00,HEMACIAS,-8.24847,-35.84698,4.1
842,2026-08-29T19:26:00-03:00,HEMACIAS,-8.24579,-35.82535,4.9
842,2026-08-29T19:31:00-03:00,HEMACIAS,-8.23963,-35.80798,4.7
842,2026-08-29T19:36:00-03:00,HEMACIAS,-8.23778,-35.78722,4.1
842,2026-08-29T19:41:00-03:00,HEMACIAS,-8.23448,-35.76837,4.2
842,2026-08-29T19:46:00-03:00,HEMACIAS,-8.23096,-35.74941,3.8
842,2026-08-29T19:51:00-03:00,HEMACIAS,-8.22592,-35.73014,3.9
842,2026-08-29T19:56:00-03:00,HEMACIAS,-8.22360,-35.70989,3.6
842,2026-08-29T20:01:00-03:00,HEMACIAS,-8.21877,-35.69137,3.5
842,2026-08-29T20:06:00-03:00,HEMACIAS,-8.21420,-35.67245,4.0
842,2026-08-29T20:11:00-03:00,HEMACIAS,-8.20987,-35.65183,3.6
842,2026-08-29T20:16:00-03:00,HEMACIAS,-8.20778,-35.63327,3.0
842,2026-08-29T20:21:00-03:00,HEMACIAS,-8.20276,-35.61316,3.2
842,2026-08-29T20:26:00-03:00,HEMACIAS,-8.20059,-35.59353,3.4
842,2026-08-29T20:31:00-03:00,HEMACIAS,-8.19661,-35.57453,3.6
842,2026-08-29T20:36:00-03:00,HEMACIAS,-8.19313,-35.55482,4.5
842,2026-08-29T20:41:00-03:00,HEMACIAS,-8.18686,-35.53572,4.0
842,2026-08-29T20:46:00-03:00,HEMACIAS,-8.18493,-35.51566,4.3
842,2026-08-29T20:51:00-03:00,HEMACIAS,-8.18066,-35.49699,4.2
842,2026-08-29T20:56:00-03:00,HEMACIAS,-8.17666,-35.47563,4.2
842,2026-08-29T21:01:00-03:00,HEMACIAS,-8.17239,-35.45680,4.4
842,2026-08-29T21:06:00-03:00,HEMACIAS,-8.16926,-35.43804,3.3
842,2026-08-29T21:11:00-03:00,HEMACIAS,-8.16503,-35.42009,3.0
842,2026-08-29T21:16:00-03:00,HEMACIAS,-8.16159,-35.39933,3.1
842,2026-08-29T21:21:00-03:00,HEMACIAS,-8.15789,-35.37997,3.1
842,2026-08-29T21:26:00-03:00,HEMACIAS,-8.15404,-35.36012,3.6
842,2026-08-29T21:31:00-03:00,HEMACIAS,-8.15008,-35.34194,3.9
842,2026-08-29T21:36:00-03:00,HEMACIAS,-8.14757,-35.32339,4.2
842,2026-08-29T21:41:00-03:00,HEMACIAS,-8.14302,-35.30186,4.0
842,2026-08-29T21:46:00-03:00,HEMACIAS,-8.13722,-35.28342,3.0
842,2026-08-29T21:51:00-03:00,HEMACIAS,-8.13506,-35.26419,3.2
842,2026-08-29T21:56:00-03:00,HEMACIAS,-8.13123,-35.24395,4.1
842,2026-08-29T22:01:00-03:00,HEMACIAS,-8.12630,-35.22619,4.5
842,2026-08-29T22:06:00-03:00,HEMACIAS,-8.12446,-35.20443,3.7
842,2026-08-29T22:11:00-03:00,HEMACIAS,-8.12073,-35.18626,4.2
842,2026-08-29T22:16:00-03:00,HEMACIAS,-8.11452,-35.16708,4.4
842,2026-08-29T22:21:00-03:00,HEMACIAS,-8.11163,-35.14656,4.3
842,2026-08-29T22:26:00-03:00,HEMACIAS,-8.10657,-35.12853,4.6
842,2026-08-29T22:31:00-03:00,HEMACIAS,-8.10311,-35.10937,4.8
842,2026-08-29T22:36:00-03:00,HEMACIAS,-8.10141,-35.08842,4.0
842,2026-08-29T22:41:00-03:00,HEMACIAS,-8.09648,-35.06902,4.0
842,2026-08-29T22:46:00-03:00,HEMACIAS,-8.09320,-35.04999,4.3
842,2026-08-29T22:51:00-03:00,HEMACIAS,-8.08937,-35.03133,3.9
842,2026-08-29T22:56:00-03:00,HEMACIAS,-8.08516,-35.01266,3.8
842,2026-08-29T23:01:00-03:00,HEMACIAS,-8.08058,-34.99213,3.6
842,2026-08-29T23:06:00-03:00,HEMACIAS,-8.07605,-34.97262,3.7
842,2026-08-29T23:11:00-03:00,HEMACIAS,-8.07296,-34.95228,3.4
842,2026-08-29T23:16:00-03:00,HEMACIAS,-8.07026,-34.93526,3.7
842,2026-08-29T23:21:00-03:00,HEMACIAS,-8.06586,-34.91339,3.2
843,2026-08-29T10:52:00-03:00,HEMACIAS,-8.04787,-34.87586,3.4
843,2026-08-29T10:57:00-03:00,HEMACIAS,-8.05198,-34.88050,3.2
843,2026-08-29T11:02:00-03:00,HEMACIAS,-8.05199,-34.88305,3.4
844,2026-08-30T00:58:00-03:00,PLASMA,-8.04904,-34.87500,-28.6
844,2026-08-30T01:03:00-03:00,PLASMA,-8.05132,-34.88195,-28.7
844,2026-08-30T01:08:00-03:00,PLASMA,-8.05557,-34.88710,-28.2
844,2026-08-30T01:13:00-03:00,PLASMA,-8.05870,-34.89324,-29.0
844,2026-08-30T01:18:00-03:00,PLASMA,-8.06251,-34.89967,-26.6
845,2026-08-29T11:12:00-03:00,HEMACIAS,-8.27611,-35.98241,4.4
845,2026-08-29T11:17:00-03:00,HEMACIAS,-8.28066,-35.97689,4.3
845,2026-08-29T11:22:00-03:00,HEMACIAS,-8.28371,-35.97158,4.3
846,2026-08-29T11:13:00-03:00,HEMACIAS,-8.27495,-35.98253,4.1
846,2026-08-29T11:18:00-03:00,HEMACIAS,-8.28077,-35.97535,3.5
847,2026-08-29T15:44:00-03:00,PLASMA,-8.27746,-35.98235,-29.0
847,2026-08-29T15:49:00-03:00,PLASMA,-8.27860,-35.97678,-28.9
847,2026-08-29T15:54:00-03:00,PLASMA,-8.28285,-35.97413,-28.1
848,2026-08-29T12:44:00-03:00,HEMACIAS,-8.27501,-35.98091,4.2
848,2026-08-29T12:49:00-03:00,HEMACIAS,-8.27956,-35.97745,4.4
848,2026-08-29T12:54:00-03:00,HEMACIAS,-8.28255,-35.97289,4.2
849,2026-08-29T17:50:00-03:00,PLASMA,-8.04728,-34.87787,-28.4
849,2026-08-29T17:55:00-03:00,PLASMA,-8.05120,-34.87980,-28.1
849,2026-08-29T18:00:00-03:00,PLASMA,-8.05320,-34.88314,-28.4
850,2026-08-29T16:53:00-03:00,HEMACIAS,-8.04794,-34.87717,4.6
850,2026-08-29T16:58:00-03:00,HEMACIAS,-8.04996,-34.88113,4.8
850,2026-08-29T17:03:00-03:00,HEMACIAS,-8.05296,-34.88548,4.6
850,2026-08-29T17:08:00-03:00,HEMACIAS,-8.05660,-34.88749,4.3
850,2026-08-29T17:13:00-03:00,HEMACIAS,-8.05853,-34.89242,4.3
850,2026-08-29T17:18:00-03:00,HEMACIAS,-8.06057,-34.89568,3.8
851,2026-08-30T02:44:00-03:00,HEMACIAS,-8.04915,-34.87741,4.6
851,2026-08-30T02:49:00-03:00,HEMACIAS,-8.05246,-34.88295,4.8
851,2026-08-30T02:54:00-03:00,HEMACIAS,-8.05591,-34.88990,4.3
851,2026-08-30T02:59:00-03:00,HEMACIAS,-8.06134,-34.89694,4.6
852,2026-08-29T23:23:00-03:00,PLASMA,-8.04925,-34.87842,-28.9
852,2026-08-29T23:28:00-03:00,PLASMA,-8.03970,-34.87289,-28.6
852,2026-08-29T23:33:00-03:00,PLASMA,-8.03138,-34.86880,-28.1
852,2026-08-29T23:38:00-03:00,PLASMA,-8.02482,-34.86359,-29.1
852,2026-08-29T23:43:00-03:00,PLASMA,-8.01714,-34.85826,-29.0
852,2026-08-29T23:48:00-03:00,PLASMA,-8.01025,-34.85508,-29.3
853,2026-08-30T05:55:00-03:00,HEMACIAS,-8.27485,-35.98178,3.9
853,2026-08-30T06:00:00-03:00,HEMACIAS,-8.28193,-35.97503,3.7
854,2026-08-30T12:03:00-03:00,HEMACIAS,-8.27486,-35.98190,3.6
854,2026-08-30T12:08:00-03:00,HEMACIAS,-8.27077,-35.95806,3.4
854,2026-08-30T12:13:00-03:00,HEMACIAS,-8.26596,-35.93392,4.3
854,2026-08-30T12:18:00-03:00,HEMACIAS,-8.26086,-35.90851,3.9
854,2026-08-30T12:23:00-03:00,HEMACIAS,-8.25784,-35.88472,4.2
854,2026-08-30T12:28:00-03:00,HEMACIAS,-8.25250,-35.85958,4.1
854,2026-08-30T12:33:00-03:00,HEMACIAS,-8.24668,-35.83717,4.1
854,2026-08-30T12:38:00-03:00,HEMACIAS,-8.24292,-35.81295,4.2
854,2026-08-30T12:43:00-03:00,HEMACIAS,-8.23833,-35.78909,3.7
854,2026-08-30T12:48:00-03:00,HEMACIAS,-8.23359,-35.76449,3.8
854,2026-08-30T12:53:00-03:00,HEMACIAS,-8.22772,-35.73900,3.9
854,2026-08-30T12:58:00-03:00,HEMACIAS,-8.22479,-35.71760,3.9
854,2026-08-30T13:03:00-03:00,HEMACIAS,-8.21787,-35.69150,4.5
854,2026-08-30T13:08:00-03:00,HEMACIAS,-8.21369,-35.66887,4.0
854,2026-08-30T13:13:00-03:00,HEMACIAS,-8.20963,-35.64295,4.5
854,2026-08-30T13:18:00-03:00,HEMACIAS,-8.20326,-35.61866,4.5
854,2026-08-30T13:23:00-03:00,HEMACIAS,-8.20019,-35.59484,5.0
854,2026-08-30T13:28:00-03:00,HEMACIAS,-8.19536,-35.56922,5.1
854,2026-08-30T13:33:00-03:00,HEMACIAS,-8.19139,-35.54784,4.4
854,2026-08-30T13:38:00-03:00,HEMACIAS,-8.18586,-35.52145,4.0
854,2026-08-30T13:43:00-03:00,HEMACIAS,-8.18071,-35.49867,3.9
854,2026-08-30T13:48:00-03:00,HEMACIAS,-8.17640,-35.47437,3.6
854,2026-08-30T13:53:00-03:00,HEMACIAS,-8.17074,-35.45154,3.6
854,2026-08-30T13:58:00-03:00,HEMACIAS,-8.16576,-35.42601,2.5
854,2026-08-30T14:03:00-03:00,HEMACIAS,-8.16014,-35.40203,3.7
854,2026-08-30T14:08:00-03:00,HEMACIAS,-8.15722,-35.37525,3.9
854,2026-08-30T14:13:00-03:00,HEMACIAS,-8.15331,-35.35493,4.2
854,2026-08-30T14:18:00-03:00,HEMACIAS,-8.14791,-35.32808,4.3
854,2026-08-30T14:23:00-03:00,HEMACIAS,-8.14117,-35.30500,4.0
854,2026-08-30T14:28:00-03:00,HEMACIAS,-8.13791,-35.28127,3.7
854,2026-08-30T14:33:00-03:00,HEMACIAS,-8.13308,-35.25619,4.5
854,2026-08-30T14:38:00-03:00,HEMACIAS,-8.12789,-35.23364,4.2
854,2026-08-30T14:43:00-03:00,HEMACIAS,-8.12385,-35.20887,4.8
854,2026-08-30T14:48:00-03:00,HEMACIAS,-8.11955,-35.18455,4.1
854,2026-08-30T14:53:00-03:00,HEMACIAS,-8.11416,-35.15920,4.1
854,2026-08-30T14:58:00-03:00,HEMACIAS,-8.10891,-35.13532,3.6
854,2026-08-30T15:03:00-03:00,HEMACIAS,-8.10449,-35.11132,3.1
854,2026-08-30T15:08:00-03:00,HEMACIAS,-8.10006,-35.08750,3.9
854,2026-08-30T15:13:00-03:00,HEMACIAS,-8.09493,-35.06244,3.4
854,2026-08-30T15:18:00-03:00,HEMACIAS,-8.09094,-35.03823,3.3
854,2026-08-30T15:23:00-03:00,HEMACIAS,-8.08548,-35.01456,3.3
854,2026-08-30T15:28:00-03:00,HEMACIAS,-8.08157,-34.99164,3.5
854,2026-08-30T15:33:00-03:00,HEMACIAS,-8.07740,-34.96719,3.7
854,2026-08-30T15:38:00-03:00,HEMACIAS,-8.07165,-34.94220,4.2
854,2026-08-30T15:43:00-03:00,HEMACIAS,-8.06729,-34.91938,3.9
855,2026-08-30T11:24:00-03:00,PLASMA,-8.04944,-34.87760,-29.4
855,2026-08-30T11:29:00-03:00,PLASMA,-8.05747,-34.89085,-30.7
856,2026-08-30T18:23:00-03:00,HEMACIAS,-8.04712,-34.87609,4.7
856,2026-08-30T18:28:00-03:00,HEMACIAS,-8.05323,-34.89053,4.2
856,2026-08-30T18:33:00-03:00,HEMACIAS,-8.05893,-34.90325,4.4
856,2026-08-30T18:38:00-03:00,HEMACIAS,-8.06493,-34.91722,4.2
856,2026-08-30T18:43:00-03:00,HEMACIAS,-8.07239,-34.93014,3.9
856,2026-08-30T18:48:00-03:00,HEMACIAS,-8.07783,-34.94220,3.7
856,2026-08-30T18:53:00-03:00,HEMACIAS,-8.08579,-34.95561,3.2
856,2026-08-30T18:58:00-03:00,HEMACIAS,-8.09114,-34.97100,3.6
856,2026-08-30T19:03:00-03:00,HEMACIAS,-8.09673,-34.98195,4.0
856,2026-08-30T19:08:00-03:00,HEMACIAS,-8.10402,-34.99416,3.7
856,2026-08-30T19:13:00-03:00,HEMACIAS,-8.11109,-35.00942,3.7
857,2026-08-30T16:00:00-03:00,HEMACIAS,-8.27551,-35.98284,3.9
857,2026-08-30T16:05:00-03:00,HEMACIAS,-8.27237,-35.96186,3.7
857,2026-08-30T16:10:00-03:00,HEMACIAS,-8.26909,-35.94075,4.4
857,2026-08-30T16:15:00-03:00,HEMACIAS,-8.26518,-35.92111,4.4
857,2026-08-30T16:20:00-03:00,HEMACIAS,-8.26157,-35.90038,4.4
857,2026-08-30T16:25:00-03:00,HEMACIAS,-8.25767,-35.87876,3.8
857,2026-08-30T16:30:00-03:00,HEMACIAS,-8.25457,-35.85855,4.0
857,2026-08-30T16:35:00-03:00,HEMACIAS,-8.24914,-35.83804,4.3
857,2026-08-30T16:40:00-03:00,HEMACIAS,-8.24572,-35.81752,3.9
857,2026-08-30T16:45:00-03:00,HEMACIAS,-8.24214,-35.79628,3.8
857,2026-08-30T16:50:00-03:00,HEMACIAS,-8.23830,-35.77532,3.7
857,2026-08-30T16:55:00-03:00,HEMACIAS,-8.23617,-35.75565,3.2
857,2026-08-30T17:00:00-03:00,HEMACIAS,-8.23117,-35.73496,3.4
857,2026-08-30T17:05:00-03:00,HEMACIAS,-8.22631,-35.71453,3.1
857,2026-08-30T17:10:00-03:00,HEMACIAS,-8.22464,-35.69202,3.4
857,2026-08-30T17:15:00-03:00,HEMACIAS,-8.22148,-35.67334,3.8
857,2026-08-30T17:20:00-03:00,HEMACIAS,-8.21629,-35.65075,3.7
857,2026-08-30T17:25:00-03:00,HEMACIAS,-8.21270,-35.62956,4.0
857,2026-08-30T17:30:00-03:00,HEMACIAS,-8.20942,-35.61046,3.5
857,2026-08-30T17:35:00-03:00,HEMACIAS,-8.20638,-35.59034,3.3
857,2026-08-30T17:40:00-03:00,HEMACIAS,-8.20195,-35.56895,3.4
858,2026-08-30T13:17:00-03:00,HEMACIAS,-8.04728,-34.87632,4.6
858,2026-08-30T13:22:00-03:00,HEMACIAS,-8.05391,-34.89063,4.6
858,2026-08-30T13:27:00-03:00,HEMACIAS,-8.05948,-34.90247,4.2
858,2026-08-30T13:32:00-03:00,HEMACIAS,-8.06503,-34.91595,4.2
858,2026-08-30T13:37:00-03:00,HEMACIAS,-8.07221,-34.92926,4.2
858,2026-08-30T13:42:00-03:00,HEMACIAS,-8.07823,-34.94297,4.0
858,2026-08-30T13:47:00-03:00,HEMACIAS,-8.08427,-34.95659,3.9
858,2026-08-30T13:52:00-03:00,HEMACIAS,-8.09144,-34.96855,4.4
858,2026-08-30T13:57:00-03:00,HEMACIAS,-8.09757,-34.98298,4.3
858,2026-08-30T14:02:00-03:00,HEMACIAS,-8.10273,-34.99691,3.7
858,2026-08-30T14:07:00-03:00,HEMACIAS,-8.11057,-35.01060,4.2
859,2026-08-30T17:02:00-03:00,HEMACIAS,-8.27670,-35.98133,4.5
859,2026-08-30T17:07:00-03:00,HEMACIAS,-8.26963,-35.95097,4.9
859,2026-08-30T17:12:00-03:00,HEMACIAS,-8.26442,-35.91828,4.9
859,2026-08-30T17:17:00-03:00,HEMACIAS,-8.25742,-35.88727,4.5
859,2026-08-30T17:22:00-03:00,HEMACIAS,-8.25075,-35.85601,5.1
859,2026-08-30T17:27:00-03:00,HEMACIAS,-8.24582,-35.82383,4.9
859,2026-08-30T17:32:00-03:00,HEMACIAS,-8.23787,-35.79250,4.2
859,2026-08-30T17:37:00-03:00,HEMACIAS,-8.23368,-35.75991,4.0
859,2026-08-30T17:42:00-03:00,HEMACIAS,-8.22581,-35.72740,4.1
859,2026-08-30T17:47:00-03:00,HEMACIAS,-8.22088,-35.69598,4.4
859,2026-08-30T17:52:00-03:00,HEMACIAS,-8.21300,-35.66369,3.8
859,2026-08-30T17:57:00-03:00,HEMACIAS,-8.20749,-35.63395,4.3
859,2026-08-30T18:02:00-03:00,HEMACIAS,-8.20216,-35.60203,4.1
859,2026-08-30T18:07:00-03:00,HEMACIAS,-8.19465,-35.56923,3.9
859,2026-08-30T18:12:00-03:00,HEMACIAS,-8.18985,-35.53806,4.1
859,2026-08-30T18:17:00-03:00,HEMACIAS,-8.18311,-35.50735,3.9
859,2026-08-30T18:22:00-03:00,HEMACIAS,-8.17584,-35.47476,3.8
859,2026-08-30T18:27:00-03:00,HEMACIAS,-8.17016,-35.44341,4.1
859,2026-08-30T18:32:00-03:00,HEMACIAS,-8.16436,-35.41273,4.8
859,2026-08-30T18:37:00-03:00,HEMACIAS,-8.15811,-35.38099,4.6
859,2026-08-30T18:42:00-03:00,HEMACIAS,-8.15135,-35.34818,4.4
859,2026-08-30T18:47:00-03:00,HEMACIAS,-8.14544,-35.31692,4.2
859,2026-08-30T18:52:00-03:00,HEMACIAS,-8.13859,-35.28415,4.2
859,2026-08-30T18:57:00-03:00,HEMACIAS,-8.13208,-35.25339,4.6
859,2026-08-30T19:02:00-03:00,HEMACIAS,-8.12800,-35.22174,4.5
859,2026-08-30T19:07:00-03:00,HEMACIAS,-8.11909,-35.19154,4.2
859,2026-08-30T19:12:00-03:00,HEMACIAS,-8.11455,-35.15794,3.4
859,2026-08-30T19:17:00-03:00,HEMACIAS,-8.10639,-35.12681,3.4
859,2026-08-30T19:22:00-03:00,HEMACIAS,-8.10210,-35.09559,3.8
859,2026-08-30T19:27:00-03:00,HEMACIAS,-8.09591,-35.06384,4.1
859,2026-08-30T19:32:00-03:00,HEMACIAS,-8.08912,-35.03286,3.4
859,2026-08-30T19:37:00-03:00,HEMACIAS,-8.08328,-34.99937,3.7
859,2026-08-30T19:42:00-03:00,HEMACIAS,-8.07724,-34.96909,3.7
859,2026-08-30T19:47:00-03:00,HEMACIAS,-8.07192,-34.93727,2.8
859,2026-08-30T19:52:00-03:00,HEMACIAS,-8.06319,-34.90435,3.6
860,2026-08-30T14:01:00-03:00,HEMACIAS,-8.04782,-34.87661,4.1
860,2026-08-30T14:06:00-03:00,HEMACIAS,-8.05087,-34.87959,3.5
860,2026-08-30T14:11:00-03:00,HEMACIAS,-8.05391,-34.88338,3.4
861,2026-08-30T17:52:00-03:00,CRIOPRECIPITADO,-8.04685,-34.87675,-30.7
861,2026-08-30T17:57:00-03:00,CRIOPRECIPITADO,-8.05137,-34.88327,-32.1
861,2026-08-30T18:02:00-03:00,CRIOPRECIPITADO,-8.05718,-34.88995,-32.9
861,2026-08-30T18:07:00-03:00,CRIOPRECIPITADO,-8.06105,-34.89825,-32.0
862,2026-08-31T00:52:00-03:00,HEMACIAS,-8.04830,-34.87609,4.0
862,2026-08-31T00:57:00-03:00,HEMACIAS,-8.02833,-34.87590,3.5
862,2026-08-31T01:02:00-03:00,HEMACIAS,-8.00915,-34.87571,3.1
862,2026-08-31T01:07:00-03:00,HEMACIAS,-7.99075,-34.87293,3.9
862,2026-08-31T01:12:00-03:00,HEMACIAS,-7.97021,-34.87361,4.3
862,2026-08-31T01:17:00-03:00,HEMACIAS,-7.95182,-34.87199,4.2
863,2026-08-31T08:24:00-03:00,PLASMA,-8.27672,-35.98266,-29.6
863,2026-08-31T08:29:00-03:00,PLASMA,-8.27121,-35.96587,-30.0
863,2026-08-31T08:34:00-03:00,PLASMA,-8.26933,-35.94883,-29.9
863,2026-08-31T08:39:00-03:00,PLASMA,-8.26543,-35.93166,-31.1
863,2026-08-31T08:44:00-03:00,PLASMA,-8.26301,-35.91605,-28.9
863,2026-08-31T08:49:00-03:00,PLASMA,-8.25864,-35.90008,-28.5
863,2026-08-31T08:54:00-03:00,PLASMA,-8.25813,-35.88419,-28.5
863,2026-08-31T08:59:00-03:00,PLASMA,-8.25250,-35.86788,-29.0
863,2026-08-31T09:04:00-03:00,PLASMA,-8.24971,-35.85038,-30.2
863,2026-08-31T09:09:00-03:00,PLASMA,-8.24492,-35.83378,-30.7
863,2026-08-31T09:14:00-03:00,PLASMA,-8.24237,-35.81730,-31.2
863,2026-08-31T09:19:00-03:00,PLASMA,-8.23968,-35.80087,-32.3
863,2026-08-31T09:24:00-03:00,PLASMA,-8.23468,-35.78460,-32.1
863,2026-08-31T09:29:00-03:00,PLASMA,-8.23338,-35.76880,-31.0
863,2026-08-31T09:34:00-03:00,PLASMA,-8.23124,-35.75155,-32.4
863,2026-08-31T09:39:00-03:00,PLASMA,-8.22481,-35.73393,-33.7
863,2026-08-31T09:44:00-03:00,PLASMA,-8.22250,-35.71900,-32.1
863,2026-08-31T09:49:00-03:00,PLASMA,-8.21941,-35.70284,-32.3
863,2026-08-31T09:54:00-03:00,PLASMA,-8.21460,-35.68599,-31.2
863,2026-08-31T09:59:00-03:00,PLASMA,-8.21367,-35.67093,-30.2
863,2026-08-31T10:04:00-03:00,PLASMA,-8.20968,-35.65256,-29.4
863,2026-08-31T10:09:00-03:00,PLASMA,-8.20744,-35.63615,-29.2
863,2026-08-31T10:14:00-03:00,PLASMA,-8.20396,-35.61824,-29.2
863,2026-08-31T10:19:00-03:00,PLASMA,-8.19908,-35.60514,-26.8
863,2026-08-31T10:24:00-03:00,PLASMA,-8.19559,-35.58753,-28.9
863,2026-08-31T10:29:00-03:00,PLASMA,-8.19353,-35.57127,-27.7
863,2026-08-31T10:34:00-03:00,PLASMA,-8.18940,-35.55566,-28.2
863,2026-08-31T10:39:00-03:00,PLASMA,-8.18585,-35.53896,-27.5
863,2026-08-31T10:44:00-03:00,PLASMA,-8.18337,-35.52188,-28.6
863,2026-08-31T10:49:00-03:00,PLASMA,-8.17988,-35.50639,-29.0
863,2026-08-31T10:54:00-03:00,PLASMA,-8.17741,-35.48884,-30.3
863,2026-08-31T10:59:00-03:00,PLASMA,-8.17273,-35.47333,-29.0
863,2026-08-31T11:04:00-03:00,PLASMA,-8.16808,-35.45653,-30.4
863,2026-08-31T11:09:00-03:00,PLASMA,-8.16774,-35.44121,-31.7
863,2026-08-31T11:14:00-03:00,PLASMA,-8.16252,-35.42259,-30.7
863,2026-08-31T11:19:00-03:00,PLASMA,-8.15955,-35.40635,-28.9
863,2026-08-31T11:24:00-03:00,PLASMA,-8.15712,-35.39045,-28.9
863,2026-08-31T11:29:00-03:00,PLASMA,-8.15384,-35.37344,-29.3
863,2026-08-31T11:34:00-03:00,PLASMA,-8.15068,-35.35789,-27.2
863,2026-08-31T11:39:00-03:00,PLASMA,-8.14657,-35.34243,-27.9
863,2026-08-31T11:44:00-03:00,PLASMA,-8.14268,-35.32350,-29.1
863,2026-08-31T11:49:00-03:00,PLASMA,-8.13972,-35.30814,-29.9
863,2026-08-31T11:54:00-03:00,PLASMA,-8.13676,-35.29252,-29.1
863,2026-08-31T11:59:00-03:00,PLASMA,-8.13434,-35.27543,-27.8
863,2026-08-31T12:04:00-03:00,PLASMA,-8.12924,-35.25931,-28.9
863,2026-08-31T12:09:00-03:00,PLASMA,-8.12613,-35.24237,-31.4
863,2026-08-31T12:14:00-03:00,PLASMA,-8.12310,-35.22703,-32.2
863,2026-08-31T12:19:00-03:00,PLASMA,-8.11913,-35.20950,-32.3
863,2026-08-31T12:24:00-03:00,PLASMA,-8.11652,-35.19346,-29.2
863,2026-08-31T12:29:00-03:00,PLASMA,-8.11281,-35.17774,-28.4
863,2026-08-31T12:34:00-03:00,PLASMA,-8.11093,-35.16098,-26.7
863,2026-08-31T12:39:00-03:00,PLASMA,-8.10672,-35.14566,-29.1
863,2026-08-31T12:44:00-03:00,PLASMA,-8.10333,-35.12800,-31.1
863,2026-08-31T12:49:00-03:00,PLASMA,-8.09993,-35.11002,-31.4
863,2026-08-31T12:54:00-03:00,PLASMA,-8.09638,-35.09394,-30.9
863,2026-08-31T12:59:00-03:00,PLASMA,-8.09374,-35.07879,-28.7
863,2026-08-31T13:04:00-03:00,PLASMA,-8.08986,-35.06171,-29.3
863,2026-08-31T13:09:00-03:00,PLASMA,-8.08705,-35.04520,-28.3
863,2026-08-31T13:14:00-03:00,PLASMA,-8.08370,-35.02950,-27.7
863,2026-08-31T13:19:00-03:00,PLASMA,-8.07998,-35.01196,-29.6
863,2026-08-31T13:24:00-03:00,PLASMA,-8.07750,-34.99655,-27.6
863,2026-08-31T13:29:00-03:00,PLASMA,-8.07401,-34.97943,-28.9
863,2026-08-31T13:34:00-03:00,PLASMA,-8.07179,-34.96515,-28.7
863,2026-08-31T13:39:00-03:00,PLASMA,-8.06631,-34.94682,-28.6
863,2026-08-31T13:44:00-03:00,PLASMA,-8.06195,-34.93055,-30.1
863,2026-08-31T13:49:00-03:00,PLASMA,-8.05970,-34.91529,-31.8
863,2026-08-31T13:54:00-03:00,PLASMA,-8.05824,-34.89977,-31.3
864,2026-08-31T12:36:00-03:00,PLASMA,-8.04839,-34.87694,-29.4
864,2026-08-31T12:41:00-03:00,PLASMA,-8.05101,-34.88735,-30.3
864,2026-08-31T12:46:00-03:00,PLASMA,-8.05633,-34.89655,-29.0
864,2026-08-31T12:51:00-03:00,PLASMA,-8.06172,-34.90506,-28.9
864,2026-08-31T12:56:00-03:00,PLASMA,-8.06660,-34.91447,-28.4
864,2026-08-31T13:01:00-03:00,PLASMA,-8.07088,-34.92558,-29.2
864,2026-08-31T13:06:00-03:00,PLASMA,-8.07461,-34.93377,-29.6
864,2026-08-31T13:11:00-03:00,PLASMA,-8.07743,-34.94313,-30.6
864,2026-08-31T13:16:00-03:00,PLASMA,-8.08357,-34.95450,-30.7
864,2026-08-31T13:21:00-03:00,PLASMA,-8.08800,-34.96375,-28.8
864,2026-08-31T13:26:00-03:00,PLASMA,-8.09185,-34.97427,-29.4
864,2026-08-31T13:31:00-03:00,PLASMA,-8.09776,-34.98224,-29.5
864,2026-08-31T13:36:00-03:00,PLASMA,-8.10197,-34.99130,-29.4
864,2026-08-31T13:41:00-03:00,PLASMA,-8.10626,-35.00096,-28.3
864,2026-08-31T13:46:00-03:00,PLASMA,-8.11117,-35.01116,-28.5
865,2026-08-31T08:28:00-03:00,PLAQUETAS,-8.04775,-34.87660,22.0
865,2026-08-31T08:33:00-03:00,PLAQUETAS,-8.02970,-34.87509,22.3
865,2026-08-31T08:38:00-03:00,PLAQUETAS,-8.01321,-34.87400,21.8
865,2026-08-31T08:43:00-03:00,PLAQUETAS,-7.99269,-34.87517,21.6
865,2026-08-31T08:48:00-03:00,PLAQUETAS,-7.97594,-34.87491,22.1
865,2026-08-31T08:53:00-03:00,PLAQUETAS,-7.95947,-34.87316,21.7
865,2026-08-31T08:58:00-03:00,PLAQUETAS,-7.94102,-34.87170,22.2
866,2026-08-31T13:16:00-03:00,HEMACIAS,-8.27708,-35.98261,3.7
866,2026-08-31T13:21:00-03:00,HEMACIAS,-8.27881,-35.97628,3.7
867,2026-08-31T13:05:00-03:00,HEMACIAS,-8.04753,-34.87786,4.4
867,2026-08-31T13:10:00-03:00,HEMACIAS,-8.03657,-34.87565,4.2
867,2026-08-31T13:15:00-03:00,HEMACIAS,-8.02884,-34.87492,4.2
867,2026-08-31T13:20:00-03:00,HEMACIAS,-8.01817,-34.87596,4.0
867,2026-08-31T13:25:00-03:00,HEMACIAS,-8.00859,-34.87437,3.6
867,2026-08-31T13:30:00-03:00,HEMACIAS,-8.00105,-34.87570,4.0
867,2026-08-31T13:35:00-03:00,HEMACIAS,-7.98900,-34.87493,4.0
867,2026-08-31T13:40:00-03:00,HEMACIAS,-7.97850,-34.87461,3.7
867,2026-08-31T13:45:00-03:00,HEMACIAS,-7.96872,-34.87388,3.7
867,2026-08-31T13:50:00-03:00,HEMACIAS,-7.96119,-34.87371,4.1
867,2026-08-31T13:55:00-03:00,HEMACIAS,-7.95001,-34.87339,4.2
867,2026-08-31T14:00:00-03:00,HEMACIAS,-7.94026,-34.87269,3.9
868,2026-08-31T14:34:00-03:00,PLASMA,-8.04725,-34.87739,-29.9
868,2026-08-31T14:39:00-03:00,PLASMA,-8.04310,-34.89643,-30.7
868,2026-08-31T14:44:00-03:00,PLASMA,-8.03856,-34.91482,-28.4
868,2026-08-31T14:49:00-03:00,PLASMA,-8.03317,-34.93351,-29.0
868,2026-08-31T14:54:00-03:00,PLASMA,-8.03008,-34.95010,-28.9
868,2026-08-31T14:59:00-03:00,PLASMA,-8.02677,-34.96997,-30.3
869,2026-08-31T18:42:00-03:00,PLASMA,-8.27639,-35.98073,-30.0
869,2026-08-31T18:47:00-03:00,PLASMA,-8.27886,-35.97934,-30.1
869,2026-08-31T18:52:00-03:00,PLASMA,-8.28339,-35.97362,-28.4
870,2026-08-31T19:28:00-03:00,HEMACIAS,-8.04832,-34.87669,4.1
870,2026-08-31T19:33:00-03:00,HEMACIAS,-8.05314,-34.89256,4.1
870,2026-08-31T19:38:00-03:00,HEMACIAS,-8.05585,-34.91145,4.3
870,2026-08-31T19:43:00-03:00,HEMACIAS,-8.05868,-34.92829,4.4
870,2026-08-31T19:48:00-03:00,HEMACIAS,-8.06281,-34.94490,4.3
870,2026-08-31T19:53:00-03:00,HEMACIAS,-8.06638,-34.96172,4.2
870,2026-08-31T19:58:00-03:00,HEMACIAS,-8.07054,-34.97670,4.1
870,2026-08-31T20:03:00-03:00,HEMACIAS,-8.07230,-34.99408,4.2
870,2026-08-31T20:08:00-03:00,HEMACIAS,-8.07926,-35.01174,4.3
870,2026-08-31T20:13:00-03:00,HEMACIAS,-8.08169,-35.02732,4.0
870,2026-08-31T20:18:00-03:00,HEMACIAS,-8.08733,-35.04501,4.7
870,2026-08-31T20:23:00-03:00,HEMACIAS,-8.08853,-35.06300,4.5
870,2026-08-31T20:28:00-03:00,HEMACIAS,-8.09371,-35.07769,4.2
870,2026-08-31T20:33:00-03:00,HEMACIAS,-8.09670,-35.09432,4.1
870,2026-08-31T20:38:00-03:00,HEMACIAS,-8.09951,-35.11264,4.5
870,2026-08-31T20:43:00-03:00,HEMACIAS,-8.10333,-35.12924,4.7
870,2026-08-31T20:48:00-03:00,HEMACIAS,-8.10731,-35.14804,3.9
870,2026-08-31T20:53:00-03:00,HEMACIAS,-8.11182,-35.16144,4.0
870,2026-08-31T20:58:00-03:00,HEMACIAS,-8.11415,-35.17895,4.2
870,2026-08-31T21:03:00-03:00,HEMACIAS,-8.12016,-35.19581,3.7
870,2026-08-31T21:08:00-03:00,HEMACIAS,-8.12214,-35.21208,3.9
870,2026-08-31T21:13:00-03:00,HEMACIAS,-8.12612,-35.22941,3.9
870,2026-08-31T21:18:00-03:00,HEMACIAS,-8.13050,-35.24524,3.9
870,2026-08-31T21:23:00-03:00,HEMACIAS,-8.13411,-35.26366,3.8
870,2026-08-31T21:28:00-03:00,HEMACIAS,-8.13676,-35.28054,4.3
870,2026-08-31T21:33:00-03:00,HEMACIAS,-8.14073,-35.29678,3.9
870,2026-08-31T21:38:00-03:00,HEMACIAS,-8.14531,-35.31140,3.6
870,2026-08-31T21:43:00-03:00,HEMACIAS,-8.15107,-35.32887,3.7
870,2026-08-31T21:48:00-03:00,HEMACIAS,-8.15330,-35.34689,3.4
870,2026-08-31T21:53:00-03:00,HEMACIAS,-8.15538,-35.36347,4.2
870,2026-08-31T21:58:00-03:00,HEMACIAS,-8.15960,-35.38021,4.5
870,2026-08-31T22:03:00-03:00,HEMACIAS,-8.16505,-35.39656,4.2
870,2026-08-31T22:08:00-03:00,HEMACIAS,-8.16605,-35.41428,4.0
870,2026-08-31T22:13:00-03:00,HEMACIAS,-8.16973,-35.43023,4.0
870,2026-08-31T22:18:00-03:00,HEMACIAS,-8.17279,-35.44864,3.8
870,2026-08-31T22:23:00-03:00,HEMACIAS,-8.17946,-35.46498,3.1
870,2026-08-31T22:28:00-03:00,HEMACIAS,-8.18182,-35.48145,3.0
870,2026-08-31T22:33:00-03:00,HEMACIAS,-8.18643,-35.49808,3.6
870,2026-08-31T22:38:00-03:00,HEMACIAS,-8.19095,-35.51350,3.8
870,2026-08-31T22:43:00-03:00,HEMACIAS,-8.19264,-35.53144,4.0
870,2026-08-31T22:48:00-03:00,HEMACIAS,-8.19685,-35.54818,3.7
870,2026-08-31T22:53:00-03:00,HEMACIAS,-8.20185,-35.56462,4.2
872,2026-08-31T20:08:00-03:00,PLAQUETAS,-8.04655,-34.87738,22.0
872,2026-08-31T20:13:00-03:00,PLAQUETAS,-8.05561,-34.89372,21.8
872,2026-08-31T20:18:00-03:00,PLAQUETAS,-8.06126,-34.90855,21.3
872,2026-08-31T20:23:00-03:00,PLAQUETAS,-8.06863,-34.92449,21.4
872,2026-08-31T20:28:00-03:00,PLAQUETAS,-8.07644,-34.93945,22.0
872,2026-08-31T20:33:00-03:00,PLAQUETAS,-8.08571,-34.95520,21.3
872,2026-08-31T20:38:00-03:00,PLAQUETAS,-8.09156,-34.97074,21.6
872,2026-08-31T20:43:00-03:00,PLAQUETAS,-8.09948,-34.98719,21.5
872,2026-08-31T20:48:00-03:00,PLAQUETAS,-8.10582,-35.00377,21.7
873,2026-09-01T03:38:00-03:00,HEMACIAS,-8.04769,-34.87635,4.2
873,2026-09-01T03:43:00-03:00,HEMACIAS,-8.05172,-34.88184,4.6
874,2026-08-31T18:59:00-03:00,PLASMA,-8.04870,-34.87767,-31.0
874,2026-08-31T19:04:00-03:00,PLASMA,-8.05677,-34.89600,-29.4
874,2026-08-31T19:09:00-03:00,PLASMA,-8.06650,-34.91728,-28.6
874,2026-08-31T19:14:00-03:00,PLASMA,-8.07570,-34.93847,-27.4
874,2026-08-31T19:19:00-03:00,PLASMA,-8.08784,-34.95777,-28.4
874,2026-08-31T19:24:00-03:00,PLASMA,-8.09443,-34.97820,-29.0
874,2026-08-31T19:29:00-03:00,PLASMA,-8.10631,-34.99883,-31.4
876,2026-08-31T23:00:00-03:00,HEMACIAS,-8.04788,-34.87731,4.1
876,2026-08-31T23:05:00-03:00,HEMACIAS,-8.05066,-34.88150,4.8
876,2026-08-31T23:10:00-03:00,HEMACIAS,-8.05384,-34.88708,4.8
876,2026-08-31T23:15:00-03:00,HEMACIAS,-8.05979,-34.89178,5.3
876,2026-08-31T23:20:00-03:00,HEMACIAS,-8.06195,-34.89782,4.8
877,2026-09-01T05:44:00-03:00,HEMACIAS,-8.04779,-34.87618,4.1
877,2026-09-01T05:49:00-03:00,HEMACIAS,-8.05524,-34.88845,4.2
877,2026-09-01T05:54:00-03:00,HEMACIAS,-8.06372,-34.89918,4.6
878,2026-09-01T11:45:00-03:00,HEMACIAS,-8.04784,-34.87634,5.0
878,2026-09-01T11:50:00-03:00,HEMACIAS,-8.03675,-34.87140,5.0
878,2026-09-01T11:55:00-03:00,HEMACIAS,-8.02796,-34.86571,5.1
878,2026-09-01T12:00:00-03:00,HEMACIAS,-8.01694,-34.85973,4.7
879,2026-09-01T11:42:00-03:00,HEMACIAS,-8.04697,-34.87795,4.1
879,2026-09-01T11:47:00-03:00,HEMACIAS,-8.05031,-34.87899,3.8
879,2026-09-01T11:52:00-03:00,HEMACIAS,-8.05161,-34.88272,3.8
879,2026-09-01T11:57:00-03:00,HEMACIAS,-8.05498,-34.88511,3.4
880,2026-09-01T09:35:00-03:00,HEMACIAS,-8.04855,-34.87761,3.9
880,2026-09-01T09:40:00-03:00,HEMACIAS,-8.04964,-34.87995,4.0
880,2026-09-01T09:45:00-03:00,HEMACIAS,-8.05295,-34.88325,3.7
881,2026-09-02T00:42:00-03:00,CRIOPRECIPITADO,-8.04745,-34.87688,-31.8
881,2026-09-02T00:47:00-03:00,CRIOPRECIPITADO,-8.03535,-34.86957,-30.7
881,2026-09-02T00:52:00-03:00,CRIOPRECIPITADO,-8.02251,-34.86311,-30.8
881,2026-09-02T00:57:00-03:00,CRIOPRECIPITADO,-8.01148,-34.85592,-30.7
882,2026-09-01T09:53:00-03:00,HEMACIAS,-8.04802,-34.87754,4.2
882,2026-09-01T09:58:00-03:00,HEMACIAS,-8.05310,-34.88620,4.5
882,2026-09-01T10:03:00-03:00,HEMACIAS,-8.05943,-34.89399,3.1
883,2026-09-01T16:56:00-03:00,HEMACIAS,-8.04902,-34.87655,4.0
883,2026-09-01T17:01:00-03:00,HEMACIAS,-8.03862,-34.87092,4.0
883,2026-09-01T17:06:00-03:00,HEMACIAS,-8.03106,-34.86818,4.0
883,2026-09-01T17:11:00-03:00,HEMACIAS,-8.02220,-34.86342,3.7
883,2026-09-01T17:16:00-03:00,HEMACIAS,-8.01307,-34.85737,3.6
884,2026-09-01T17:22:00-03:00,HEMACIAS,-8.04641,-34.87704,3.8
884,2026-09-01T17:27:00-03:00,HEMACIAS,-8.05102,-34.88134,4.0
884,2026-09-01T17:32:00-03:00,HEMACIAS,-8.05302,-34.88382,4.2
885,2026-09-01T16:06:00-03:00,PLASMA,-8.04762,-34.87649,-30.4
885,2026-09-01T16:11:00-03:00,PLASMA,-8.03129,-34.87530,-32.0
885,2026-09-01T16:16:00-03:00,PLASMA,-8.01386,-34.87525,-31.9
885,2026-09-01T16:21:00-03:00,PLASMA,-7.99685,-34.87395,-32.8
885,2026-09-01T16:26:00-03:00,PLASMA,-7.97997,-34.87458,-30.6
885,2026-09-01T16:31:00-03:00,PLASMA,-7.96339,-34.87375,-28.6
885,2026-09-01T16:36:00-03:00,PLASMA,-7.94713,-34.87282,-29.2
886,2026-09-01T16:55:00-03:00,HEMACIAS,-8.04784,-34.87792,3.3
886,2026-09-01T17:00:00-03:00,HEMACIAS,-8.03643,-34.87077,3.4
886,2026-09-01T17:05:00-03:00,HEMACIAS,-8.02586,-34.86345,3.9
886,2026-09-01T17:10:00-03:00,HEMACIAS,-8.01526,-34.85753,3.5
887,2026-09-01T23:12:00-03:00,CRIOPRECIPITADO,-8.04771,-34.87571,-30.8
887,2026-09-01T23:17:00-03:00,CRIOPRECIPITADO,-8.04744,-34.87829,-30.3
887,2026-09-01T23:22:00-03:00,CRIOPRECIPITADO,-8.04806,-34.87877,-28.8
887,2026-09-01T23:27:00-03:00,CRIOPRECIPITADO,-8.04830,-34.87941,-29.5
887,2026-09-01T23:32:00-03:00,CRIOPRECIPITADO,-8.04913,-34.87994,-28.9
887,2026-09-01T23:37:00-03:00,CRIOPRECIPITADO,-8.04918,-34.88052,-28.3
887,2026-09-01T23:42:00-03:00,CRIOPRECIPITADO,-8.05118,-34.88210,-28.3
887,2026-09-01T23:47:00-03:00,CRIOPRECIPITADO,-8.05162,-34.88099,-11.0
887,2026-09-01T23:52:00-03:00,CRIOPRECIPITADO,-8.05107,-34.88305,-10.6
887,2026-09-01T23:57:00-03:00,CRIOPRECIPITADO,-8.05242,-34.88250,-9.1
887,2026-09-02T00:02:00-03:00,CRIOPRECIPITADO,-8.05175,-34.88528,-10.0
887,2026-09-02T00:07:00-03:00,CRIOPRECIPITADO,-8.05290,-34.88624,-8.4
887,2026-09-02T00:12:00-03:00,CRIOPRECIPITADO,-8.05308,-34.88599,-27.7
887,2026-09-02T00:17:00-03:00,CRIOPRECIPITADO,-8.05342,-34.88558,-30.0
887,2026-09-02T00:22:00-03:00,CRIOPRECIPITADO,-8.05298,-34.88567,-29.6
887,2026-09-02T00:27:00-03:00,CRIOPRECIPITADO,-8.05522,-34.88823,-30.4
887,2026-09-02T00:32:00-03:00,CRIOPRECIPITADO,-8.05539,-34.88801,-30.2
887,2026-09-02T00:37:00-03:00,CRIOPRECIPITADO,-8.05482,-34.88905,-32.6
887,2026-09-02T00:42:00-03:00,CRIOPRECIPITADO,-8.05608,-34.88955,-30.5
887,2026-09-02T00:47:00-03:00,CRIOPRECIPITADO,-8.05823,-34.88939,-31.9
887,2026-09-02T00:52:00-03:00,CRIOPRECIPITADO,-8.05730,-34.89261,-30.9
887,2026-09-02T00:57:00-03:00,CRIOPRECIPITADO,-8.05844,-34.88962,-30.4
887,2026-09-02T01:02:00-03:00,CRIOPRECIPITADO,-8.05782,-34.89250,-29.7
887,2026-09-02T01:07:00-03:00,CRIOPRECIPITADO,-8.05675,-34.89400,-30.5
887,2026-09-02T01:12:00-03:00,CRIOPRECIPITADO,-8.06081,-34.89500,-30.8
887,2026-09-02T01:17:00-03:00,CRIOPRECIPITADO,-8.05938,-34.89538,-31.7
887,2026-09-02T01:22:00-03:00,CRIOPRECIPITADO,-8.05960,-34.89631,-31.0
887,2026-09-02T01:27:00-03:00,CRIOPRECIPITADO,-8.05977,-34.89675,-31.7
887,2026-09-02T01:32:00-03:00,CRIOPRECIPITADO,-8.06033,-34.89593,-30.4
887,2026-09-02T01:37:00-03:00,CRIOPRECIPITADO,-8.06285,-34.89780,-32.1
887,2026-09-02T01:42:00-03:00,CRIOPRECIPITADO,-8.06186,-34.89779,-30.5
887,2026-09-02T01:47:00-03:00,CRIOPRECIPITADO,-8.06393,-34.89834,-30.7
888,2026-09-01T17:37:00-03:00,HEMACIAS,-8.04718,-34.87659,4.0
888,2026-09-01T17:42:00-03:00,HEMACIAS,-8.05232,-34.88388,4.2
888,2026-09-01T17:47:00-03:00,HEMACIAS,-8.05663,-34.89001,4.0
888,2026-09-01T17:52:00-03:00,HEMACIAS,-8.06233,-34.89624,3.9
889,2026-09-01T19:54:00-03:00,HEMACIAS,-8.27580,-35.98423,3.8
889,2026-09-01T19:59:00-03:00,HEMACIAS,-8.28020,-35.97761,3.4
889,2026-09-01T20:04:00-03:00,HEMACIAS,-8.28282,-35.97187,3.3
890,2026-09-02T15:06:00-03:00,HEMACIAS,-8.04807,-34.87818,4.1
890,2026-09-02T15:11:00-03:00,HEMACIAS,-8.05380,-34.88512,4.5
890,2026-09-02T15:16:00-03:00,HEMACIAS,-8.05923,-34.89394,4.3
891,2026-09-02T00:13:00-03:00,HEMACIAS,-8.04882,-34.87825,3.3
891,2026-09-02T00:18:00-03:00,HEMACIAS,-8.05204,-34.88323,3.6
891,2026-09-02T00:23:00-03:00,HEMACIAS,-8.05639,-34.88882,4.2
891,2026-09-02T00:28:00-03:00,HEMACIAS,-8.06036,-34.89634,4.4
892,2026-09-01T21:27:00-03:00,HEMACIAS,-8.04714,-34.87576,3.8
892,2026-09-01T21:32:00-03:00,HEMACIAS,-8.03431,-34.87094,3.7
892,2026-09-01T21:37:00-03:00,HEMACIAS,-8.02310,-34.86295,3.7
892,2026-09-01T21:42:00-03:00,HEMACIAS,-8.01210,-34.85711,4.0
893,2026-09-02T10:39:00-03:00,HEMACIAS,-8.27640,-35.98244,3.7
893,2026-09-02T10:44:00-03:00,HEMACIAS,-8.27272,-35.97103,3.9
893,2026-09-02T10:49:00-03:00,HEMACIAS,-8.26998,-35.95746,4.0
893,2026-09-02T10:54:00-03:00,HEMACIAS,-8.26977,-35.94749,3.7
893,2026-09-02T10:59:00-03:00,HEMACIAS,-8.26882,-35.93652,3.5
893,2026-09-02T11:04:00-03:00,HEMACIAS,-8.26550,-35.92381,3.4
893,2026-09-02T11:09:00-03:00,HEMACIAS,-8.26238,-35.91366,3.4
893,2026-09-02T11:14:00-03:00,HEMACIAS,-8.26184,-35.90062,3.6
893,2026-09-02T11:19:00-03:00,HEMACIAS,-8.25879,-35.88997,3.5
893,2026-09-02T11:24:00-03:00,HEMACIAS,-8.25771,-35.87666,3.6
893,2026-09-02T11:29:00-03:00,HEMACIAS,-8.25383,-35.86577,3.7
893,2026-09-02T11:34:00-03:00,HEMACIAS,-8.25287,-35.85179,4.1
893,2026-09-02T11:39:00-03:00,HEMACIAS,-8.25246,-35.84192,4.3
893,2026-09-02T11:44:00-03:00,HEMACIAS,-8.24799,-35.82974,3.8
893,2026-09-02T11:49:00-03:00,HEMACIAS,-8.24613,-35.82011,3.6
893,2026-09-02T11:54:00-03:00,HEMACIAS,-8.24519,-35.80796,4.5
893,2026-09-02T11:59:00-03:00,HEMACIAS,-8.24261,-35.79582,4.5
893,2026-09-02T12:04:00-03:00,HEMACIAS,-8.24009,-35.78435,4.0
893,2026-09-02T12:09:00-03:00,HEMACIAS,-8.23859,-35.77068,3.9
893,2026-09-02T12:14:00-03:00,HEMACIAS,-8.23612,-35.75987,4.4
893,2026-09-02T12:19:00-03:00,HEMACIAS,-8.23498,-35.74752,4.3
893,2026-09-02T12:24:00-03:00,HEMACIAS,-8.23091,-35.73881,3.9
893,2026-09-02T12:29:00-03:00,HEMACIAS,-8.22855,-35.72703,4.3
893,2026-09-02T12:34:00-03:00,HEMACIAS,-8.22844,-35.71344,4.1
893,2026-09-02T12:39:00-03:00,HEMACIAS,-8.22582,-35.70327,4.2
893,2026-09-02T12:44:00-03:00,HEMACIAS,-8.22405,-35.68888,4.2
893,2026-09-02T12:49:00-03:00,HEMACIAS,-8.21978,-35.67868,4.4
893,2026-09-02T12:54:00-03:00,HEMACIAS,-8.22033,-35.66742,3.9
893,2026-09-02T12:59:00-03:00,HEMACIAS,-8.21767,-35.65459,4.5
893,2026-09-02T13:04:00-03:00,HEMACIAS,-8.21355,-35.64512,4.3
893,2026-09-02T13:09:00-03:00,HEMACIAS,-8.21363,-35.63174,4.4
893,2026-09-02T13:14:00-03:00,HEMACIAS,-8.21051,-35.62064,4.0
893,2026-09-02T13:19:00-03:00,HEMACIAS,-8.20936,-35.60938,4.4
893,2026-09-02T13:24:00-03:00,HEMACIAS,-8.20740,-35.59745,5.1
893,2026-09-02T13:29:00-03:00,HEMACIAS,-8.20555,-35.58579,4.8
893,2026-09-02T13:34:00-03:00,HEMACIAS,-8.20319,-35.57374,4.2
894,2026-09-02T14:33:00-03:00,HEMACIAS,-8.27494,-35.98233,4.1
894,2026-09-02T14:38:00-03:00,HEMACIAS,-8.28019,-35.97589,4.1
894,2026-09-02T14:43:00-03:00,HEMACIAS,-8.28397,-35.97119,3.9
895,2026-09-02T18:46:00-03:00,PLAQUETAS,-8.27650,-35.98123,21.9
895,2026-09-02T18:51:00-03:00,PLAQUETAS,-8.27737,-35.97785,22.1
895,2026-09-02T18:56:00-03:00,PLAQUETAS,-8.28409,-35.97336,22.0
895,2026-09-02T19:01:00-03:00,PLAQUETAS,-8.28509,-35.97182,22.1
896,2026-09-02T22:05:00-03:00,HEMACIAS,-8.04813,-34.87685,4.0
896,2026-09-02T22:10:00-03:00,HEMACIAS,-8.05038,-34.88189,8.2
896,2026-09-02T22:15:00-03:00,HEMACIAS,-8.05477,-34.88626,7.9
896,2026-09-02T22:20:00-03:00,HEMACIAS,-8.05788,-34.89210,7.6
896,2026-09-02T22:25:00-03:00,HEMACIAS,-8.06129,-34.89627,7.7
897,2026-09-03T05:53:00-03:00,HEMACIAS,-8.04777,-34.87684,3.2
897,2026-09-03T05:58:00-03:00,HEMACIAS,-8.05180,-34.88198,3.5
897,2026-09-03T06:03:00-03:00,HEMACIAS,-8.05528,-34.88878,4.2
897,2026-09-03T06:08:00-03:00,HEMACIAS,-8.05856,-34.89413,4.4
898,2026-09-02T19:10:00-03:00,PLAQUETAS,-8.27589,-35.98097,21.8
898,2026-09-02T19:15:00-03:00,PLAQUETAS,-8.27280,-35.96083,21.9
898,2026-09-02T19:20:00-03:00,PLAQUETAS,-8.26891,-35.93995,22.5
898,2026-09-02T19:25:00-03:00,PLAQUETAS,-8.26558,-35.91914,22.4
898,2026-09-02T19:30:00-03:00,PLAQUETAS,-8.26172,-35.89770,22.1
898,2026-09-02T19:35:00-03:00,PLAQUETAS,-8.25710,-35.87648,22.1
898,2026-09-02T19:40:00-03:00,PLAQUETAS,-8.25447,-35.85527,22.1
898,2026-09-02T19:45:00-03:00,PLAQUETAS,-8.25159,-35.83472,21.4
898,2026-09-02T19:50:00-03:00,PLAQUETAS,-8.24741,-35.81213,21.6
898,2026-09-02T19:55:00-03:00,PLAQUETAS,-8.24484,-35.79200,21.7
898,2026-09-02T20:00:00-03:00,PLAQUETAS,-8.24053,-35.77038,22.2
898,2026-09-02T20:05:00-03:00,PLAQUETAS,-8.23691,-35.74912,21.8
898,2026-09-02T20:10:00-03:00,PLAQUETAS,-8.23430,-35.72963,21.6
898,2026-09-02T20:15:00-03:00,PLAQUETAS,-8.22930,-35.70750,22.1
898,2026-09-02T20:20:00-03:00,PLAQUETAS,-8.22685,-35.68633,22.5
898,2026-09-02T20:25:00-03:00,PLAQUETAS,-8.22222,-35.66554,22.2
898,2026-09-02T20:30:00-03:00,PLAQUETAS,-8.21995,-35.64307,22.1
898,2026-09-02T20:35:00-03:00,PLAQUETAS,-8.21516,-35.62294,21.9
898,2026-09-02T20:40:00-03:00,PLAQUETAS,-8.21286,-35.60219,21.9
898,2026-09-02T20:45:00-03:00,PLAQUETAS,-8.20914,-35.57966,22.0
898,2026-09-02T20:50:00-03:00,PLAQUETAS,-8.20383,-35.55971,22.5
898,2026-09-02T20:55:00-03:00,PLAQUETAS,-8.20114,-35.53914,22.5
898,2026-09-02T21:00:00-03:00,PLAQUETAS,-8.19895,-35.51758,21.8
898,2026-09-02T21:05:00-03:00,PLAQUETAS,-8.19432,-35.49734,21.4
898,2026-09-02T21:10:00-03:00,PLAQUETAS,-8.18972,-35.47568,21.4
898,2026-09-02T21:15:00-03:00,PLAQUETAS,-8.18701,-35.45308,21.4
898,2026-09-02T21:20:00-03:00,PLAQUETAS,-8.18372,-35.43243,21.6
898,2026-09-02T21:25:00-03:00,PLAQUETAS,-8.17921,-35.41319,21.9
898,2026-09-02T21:30:00-03:00,PLAQUETAS,-8.17798,-35.39020,22.6
898,2026-09-02T21:35:00-03:00,PLAQUETAS,-8.17141,-35.37012,21.9
898,2026-09-02T21:40:00-03:00,PLAQUETAS,-8.16869,-35.34816,22.6
898,2026-09-02T21:45:00-03:00,PLAQUETAS,-8.16518,-35.32689,22.1
898,2026-09-02T21:50:00-03:00,PLAQUETAS,-8.16109,-35.30648,22.2
898,2026-09-02T21:55:00-03:00,PLAQUETAS,-8.15839,-35.28633,22.5
898,2026-09-02T22:00:00-03:00,PLAQUETAS,-8.15456,-35.26361,22.6
898,2026-09-02T22:05:00-03:00,PLAQUETAS,-8.15212,-35.24206,22.2
898,2026-09-02T22:10:00-03:00,PLAQUETAS,-8.14789,-35.22255,21.4
898,2026-09-02T22:15:00-03:00,PLAQUETAS,-8.14339,-35.20037,21.6
898,2026-09-02T22:20:00-03:00,PLAQUETAS,-8.13906,-35.17890,22.0
898,2026-09-02T22:25:00-03:00,PLAQUETAS,-8.13795,-35.15902,21.9
898,2026-09-02T22:30:00-03:00,PLAQUETAS,-8.13340,-35.13640,22.1
898,2026-09-02T22:35:00-03:00,PLAQUETAS,-8.13006,-35.11675,22.1
898,2026-09-02T22:40:00-03:00,PLAQUETAS,-8.12522,-35.09569,21.7
898,2026-09-02T22:45:00-03:00,PLAQUETAS,-8.12150,-35.07477,21.7
898,2026-09-02T22:50:00-03:00,PLAQUETAS,-8.11826,-35.05380,21.5
898,2026-09-02T22:55:00-03:00,PLAQUETAS,-8.11518,-35.03122,22.0
899,2026-09-03T04:37:00-03:00,PLASMA,-8.04788,-34.87753,-30.8
899,2026-09-03T04:42:00-03:00,PLASMA,-8.04456,-34.88984,-31.7
899,2026-09-03T04:47:00-03:00,PLASMA,-8.04121,-34.90245,-31.0
899,2026-09-03T04:52:00-03:00,PLASMA,-8.03809,-34.91593,-31.1
899,2026-09-03T04:57:00-03:00,PLASMA,-8.03603,-34.92799,-32.8
899,2026-09-03T05:02:00-03:00,PLASMA,-8.03293,-34.93984,-35.0
899,2026-09-03T05:07:00-03:00,PLASMA,-8.02968,-34.95458,-31.9
899,2026-09-03T05:12:00-03:00,PLASMA,-8.02752,-34.96496,-31.0
899,2026-09-03T05:17:00-03:00,PLASMA,-8.02342,-34.97916,-30.7
900,2026-09-03T16:59:00-03:00,HEMACIAS,-8.27535,-35.98227,3.7
900,2026-09-03T17:04:00-03:00,HEMACIAS,-8.27934,-35.97829,4.2
900,2026-09-03T17:09:00-03:00,HEMACIAS,-8.28187,-35.97414,3.1
900,2026-09-03T17:14:00-03:00,HEMACIAS,-8.28435,-35.96965,3.0
901,2026-09-03T03:57:00-03:00,HEMACIAS,-8.04800,-34.87652,4.0
901,2026-09-03T04:02:00-03:00,HEMACIAS,-8.05203,-34.88384,4.2
901,2026-09-03T04:07:00-03:00,HEMACIAS,-8.05719,-34.88982,4.0
901,2026-09-03T04:12:00-03:00,HEMACIAS,-8.06232,-34.89875,3.4
902,2026-09-03T06:48:00-03:00,HEMACIAS,-8.04793,-34.87627,4.3
902,2026-09-03T06:53:00-03:00,HEMACIAS,-8.03110,-34.87643,3.8
902,2026-09-03T06:58:00-03:00,HEMACIAS,-8.01425,-34.87631,4.6
902,2026-09-03T07:03:00-03:00,HEMACIAS,-7.99694,-34.87531,4.5
902,2026-09-03T07:08:00-03:00,HEMACIAS,-7.98070,-34.87522,4.5
902,2026-09-03T07:13:00-03:00,HEMACIAS,-7.96256,-34.87403,4.5
902,2026-09-03T07:18:00-03:00,HEMACIAS,-7.94649,-34.87287,4.2
903,2026-09-03T08:24:00-03:00,HEMACIAS,-8.04649,-34.87667,3.7
903,2026-09-03T08:29:00-03:00,HEMACIAS,-8.03341,-34.87734,3.5
903,2026-09-03T08:34:00-03:00,HEMACIAS,-8.02189,-34.87604,3.7
903,2026-09-03T08:39:00-03:00,HEMACIAS,-8.00784,-34.87516,3.2
903,2026-09-03T08:44:00-03:00,HEMACIAS,-7.99387,-34.87502,3.3
903,2026-09-03T08:49:00-03:00,HEMACIAS,-7.97968,-34.87359,3.0
903,2026-09-03T08:54:00-03:00,HEMACIAS,-7.96805,-34.87415,3.4
903,2026-09-03T08:59:00-03:00,HEMACIAS,-7.95451,-34.87366,3.8
903,2026-09-03T09:04:00-03:00,HEMACIAS,-7.93991,-34.87242,3.3
904,2026-09-03T10:00:00-03:00,CRIOPRECIPITADO,-8.27595,-35.98258,-28.7
904,2026-09-03T10:05:00-03:00,CRIOPRECIPITADO,-8.27950,-35.97834,-31.0
904,2026-09-03T10:10:00-03:00,CRIOPRECIPITADO,-8.28265,-35.97193,-30.4
905,2026-09-03T13:56:00-03:00,HEMACIAS,-8.27653,-35.98283,3.9
905,2026-09-03T14:01:00-03:00,HEMACIAS,-8.27041,-35.96057,3.7
905,2026-09-03T14:06:00-03:00,HEMACIAS,-8.26763,-35.94073,3.9
905,2026-09-03T14:11:00-03:00,HEMACIAS,-8.26107,-35.91943,4.3
905,2026-09-03T14:16:00-03:00,HEMACIAS,-8.25564,-35.89891,4.5
905,2026-09-03T14:21:00-03:00,HEMACIAS,-8.25170,-35.87781,4.6
905,2026-09-03T14:26:00-03:00,HEMACIAS,-8.24738,-35.85526,4.5
905,2026-09-03T14:31:00-03:00,HEMACIAS,-8.24155,-35.83728,4.0
905,2026-09-03T14:36:00-03:00,HEMACIAS,-8.23685,-35.81532,3.5
905,2026-09-03T14:41:00-03:00,HEMACIAS,-8.23205,-35.79582,4.1
905,2026-09-03T14:46:00-03:00,HEMACIAS,-8.22543,-35.77448,3.9
905,2026-09-03T14:51:00-03:00,HEMACIAS,-8.22186,-35.75199,4.0
905,2026-09-03T14:56:00-03:00,HEMACIAS,-8.21702,-35.73261,3.8
905,2026-09-03T15:01:00-03:00,HEMACIAS,-8.21281,-35.71244,3.7
905,2026-09-03T15:06:00-03:00,HEMACIAS,-8.20653,-35.69156,3.7
905,2026-09-03T15:11:00-03:00,HEMACIAS,-8.20118,-35.67026,3.2
905,2026-09-03T15:16:00-03:00,HEMACIAS,-8.19663,-35.64939,3.8
905,2026-09-03T15:21:00-03:00,HEMACIAS,-8.19387,-35.62817,3.5
905,2026-09-03T15:26:00-03:00,HEMACIAS,-8.18681,-35.60731,3.6
905,2026-09-03T15:31:00-03:00,HEMACIAS,-8.18224,-35.58734,3.6
905,2026-09-03T15:36:00-03:00,HEMACIAS,-8.17771,-35.56578,3.6
905,2026-09-03T15:41:00-03:00,HEMACIAS,-8.16993,-35.54613,4.1
905,2026-09-03T15:46:00-03:00,HEMACIAS,-8.16848,-35.52470,3.7
905,2026-09-03T15:51:00-03:00,HEMACIAS,-8.16252,-35.50361,3.8
905,2026-09-03T15:56:00-03:00,HEMACIAS,-8.15772,-35.48359,3.7
905,2026-09-03T16:01:00-03:00,HEMACIAS,-8.15543,-35.46435,3.3
905,2026-09-03T16:06:00-03:00,HEMACIAS,-8.14892,-35.44176,2.9
905,2026-09-03T16:11:00-03:00,HEMACIAS,-8.14229,-35.41996,3.5
905,2026-09-03T16:16:00-03:00,HEMACIAS,-8.13731,-35.39949,3.3
905,2026-09-03T16:21:00-03:00,HEMACIAS,-8.13418,-35.38003,3.8
905,2026-09-03T16:26:00-03:00,HEMACIAS,-8.12834,-35.35826,3.5
905,2026-09-03T16:31:00-03:00,HEMACIAS,-8.12319,-35.33711,3.4
905,2026-09-03T16:36:00-03:00,HEMACIAS,-8.11666,-35.31833,4.2
905,2026-09-03T16:41:00-03:00,HEMACIAS,-8.11220,-35.29562,3.5
905,2026-09-03T16:46:00-03:00,HEMACIAS,-8.10821,-35.27476,4.1
905,2026-09-03T16:51:00-03:00,HEMACIAS,-8.10178,-35.25464,4.6
905,2026-09-03T16:56:00-03:00,HEMACIAS,-8.09767,-35.23522,4.2
905,2026-09-03T17:01:00-03:00,HEMACIAS,-8.09269,-35.21150,4.0
905,2026-09-03T17:06:00-03:00,HEMACIAS,-8.08830,-35.19164,3.9
905,2026-09-03T17:11:00-03:00,HEMACIAS,-8.08327,-35.17057,3.9
905,2026-09-03T17:16:00-03:00,HEMACIAS,-8.07943,-35.14944,3.8
905,2026-09-03T17:21:00-03:00,HEMACIAS,-8.07357,-35.12970,4.1
905,2026-09-03T17:26:00-03:00,HEMACIAS,-8.06838,-35.10954,4.0
905,2026-09-03T17:31:00-03:00,HEMACIAS,-8.06404,-35.08887,3.9
905,2026-09-03T17:36:00-03:00,HEMACIAS,-8.06076,-35.06801,3.9
905,2026-09-03T17:41:00-03:00,HEMACIAS,-8.05586,-35.04562,4.0
905,2026-09-03T17:46:00-03:00,HEMACIAS,-8.04974,-35.02557,3.8
905,2026-09-03T17:51:00-03:00,HEMACIAS,-8.04429,-35.00328,3.3
905,2026-09-03T17:56:00-03:00,HEMACIAS,-8.03916,-34.98489,3.7
905,2026-09-03T18:01:00-03:00,HEMACIAS,-8.03504,-34.96272,3.5
905,2026-09-03T18:06:00-03:00,HEMACIAS,-8.03008,-34.94223,4.0
905,2026-09-03T18:11:00-03:00,HEMACIAS,-8.02541,-34.92172,4.0
905,2026-09-03T18:16:00-03:00,HEMACIAS,-8.01899,-34.90024,3.7
905,2026-09-03T18:21:00-03:00,HEMACIAS,-8.01567,-34.88087,4.0
905,2026-09-03T18:26:00-03:00,HEMACIAS,-8.01029,-34.85881,3.8
906,2026-09-03T20:39:00-03:00,HEMACIAS,-8.04794,-34.87666,4.4
906,2026-09-03T20:44:00-03:00,HEMACIAS,-8.05707,-34.89467,4.5
906,2026-09-03T20:49:00-03:00,HEMACIAS,-8.06492,-34.91481,3.9
906,2026-09-03T20:54:00-03:00,HEMACIAS,-8.07310,-34.93143,3.9
906,2026-09-03T20:59:00-03:00,HEMACIAS,-8.08185,-34.94942,3.6
906,2026-09-03T21:04:00-03:00,HEMACIAS,-8.09058,-34.96685,4.1
906,2026-09-03T21:09:00-03:00,HEMACIAS,-8.09903,-34.98410,4.3
906,2026-09-03T21:14:00-03:00,HEMACIAS,-8.10730,-35.00451,4.6
908,2026-09-03T13:02:00-03:00,HEMACIAS,-8.04739,-34.87775,4.2
908,2026-09-03T13:07:00-03:00,HEMACIAS,-8.05066,-34.88108,4.0
908,2026-09-03T13:12:00-03:00,HEMACIAS,-8.05195,-34.88357,4.5
909,2026-09-03T11:02:00-03:00,CRIOPRECIPITADO,-8.27584,-35.98061,-31.1
909,2026-09-03T11:07:00-03:00,CRIOPRECIPITADO,-8.27023,-35.95920,-31.6
909,2026-09-03T11:12:00-03:00,CRIOPRECIPITADO,-8.26682,-35.93620,-30.5
909,2026-09-03T11:17:00-03:00,CRIOPRECIPITADO,-8.26356,-35.91376,-31.8
909,2026-09-03T11:22:00-03:00,CRIOPRECIPITADO,-8.25983,-35.88958,-31.0
909,2026-09-03T11:27:00-03:00,CRIOPRECIPITADO,-8.25518,-35.86611,-30.2
909,2026-09-03T11:32:00-03:00,CRIOPRECIPITADO,-8.25060,-35.84215,-31.4
909,2026-09-03T11:37:00-03:00,CRIOPRECIPITADO,-8.24687,-35.82053,-32.4
909,2026-09-03T11:42:00-03:00,CRIOPRECIPITADO,-8.24206,-35.79720,-30.9
909,2026-09-03T11:47:00-03:00,CRIOPRECIPITADO,-8.23827,-35.77366,-30.2
909,2026-09-03T11:52:00-03:00,CRIOPRECIPITADO,-8.23359,-35.75142,-29.2
909,2026-09-03T11:57:00-03:00,CRIOPRECIPITADO,-8.23080,-35.72609,-28.8
909,2026-09-03T12:02:00-03:00,CRIOPRECIPITADO,-8.22581,-35.70421,-30.1
909,2026-09-03T12:07:00-03:00,CRIOPRECIPITADO,-8.22068,-35.67952,-29.7
909,2026-09-03T12:12:00-03:00,CRIOPRECIPITADO,-8.21675,-35.65625,-30.0
909,2026-09-03T12:17:00-03:00,CRIOPRECIPITADO,-8.21293,-35.63473,-29.6
909,2026-09-03T12:22:00-03:00,CRIOPRECIPITADO,-8.21065,-35.61126,-29.7
909,2026-09-03T12:27:00-03:00,CRIOPRECIPITADO,-8.20464,-35.58800,-30.3
909,2026-09-03T12:32:00-03:00,CRIOPRECIPITADO,-8.20327,-35.56388,-30.4
910,2026-09-03T20:37:00-03:00,HEMACIAS,-8.27675,-35.98175,4.2
910,2026-09-03T20:42:00-03:00,HEMACIAS,-8.28111,-35.97413,4.1
911,2026-09-03T20:13:00-03:00,CRIOPRECIPITADO,-8.04768,-34.87719,-32.9
911,2026-09-03T20:18:00-03:00,CRIOPRECIPITADO,-8.03752,-34.86972,-31.5
911,2026-09-03T20:23:00-03:00,CRIOPRECIPITADO,-8.02584,-34.86454,-30.9
911,2026-09-03T20:28:00-03:00,CRIOPRECIPITADO,-8.01304,-34.85743,-32.1
912,2026-09-03T21:43:00-03:00,HEMACIAS,-8.04683,-34.87773,3.8
912,2026-09-03T21:48:00-03:00,HEMACIAS,-8.05291,-34.88140,3.6
912,2026-09-03T21:53:00-03:00,HEMACIAS,-8.05539,-34.88667,4.0
912,2026-09-03T21:58:00-03:00,HEMACIAS,-8.06083,-34.89179,4.2
912,2026-09-03T22:03:00-03:00,HEMACIAS,-8.06344,-34.89966,3.8
913,2026-09-04T11:42:00-03:00,HEMACIAS,-8.04781,-34.87678,4.5
913,2026-09-04T11:47:00-03:00,HEMACIAS,-8.02783,-34.87576,4.1
913,2026-09-04T11:52:00-03:00,HEMACIAS,-8.00909,-34.87400,4.4
913,2026-09-04T11:57:00-03:00,HEMACIAS,-7.98988,-34.87495,4.3
913,2026-09-04T12:02:00-03:00,HEMACIAS,-7.97128,-34.87430,4.5
913,2026-09-04T12:07:00-03:00,HEMACIAS,-7.95280,-34.87241,3.6
914,2026-09-04T12:35:00-03:00,HEMACIAS,-8.27503,-35.98219,4.5
914,2026-09-04T12:40:00-03:00,HEMACIAS,-8.27743,-35.97788,3.7
914,2026-09-04T12:45:00-03:00,HEMACIAS,-8.28048,-35.97528,3.6
914,2026-09-04T12:50:00-03:00,HEMACIAS,-8.28183,-35.97220,4.2
915,2026-09-04T10:07:00-03:00,HEMACIAS,-8.04751,-34.87544,4.6
915,2026-09-04T10:12:00-03:00,HEMACIAS,-8.05015,-34.87994,5.0
915,2026-09-04T10:17:00-03:00,HEMACIAS,-8.05212,-34.88226,4.7
915,2026-09-04T10:22:00-03:00,HEMACIAS,-8.05402,-34.88363,5.3
916,2026-09-04T13:26:00-03:00,PLASMA,-8.04698,-34.87788,-29.5
916,2026-09-04T13:31:00-03:00,PLASMA,-8.05090,-34.88054,-28.7
916,2026-09-04T13:36:00-03:00,PLASMA,-8.05294,-34.88477,-28.3
917,2026-09-04T11:48:00-03:00,HEMACIAS,-8.04927,-34.87724,4.3
917,2026-09-04T11:53:00-03:00,HEMACIAS,-8.04398,-34.89741,3.8
917,2026-09-04T11:58:00-03:00,HEMACIAS,-8.03684,-34.91755,3.8
917,2026-09-04T12:03:00-03:00,HEMACIAS,-8.03409,-34.93917,3.7
917,2026-09-04T12:08:00-03:00,HEMACIAS,-8.02742,-34.95841,3.6
917,2026-09-04T12:13:00-03:00,HEMACIAS,-8.02336,-34.97706,3.4
918,2026-09-04T19:03:00-03:00,HEMACIAS,-8.04790,-34.87646,3.8
918,2026-09-04T19:08:00-03:00,HEMACIAS,-8.05398,-34.88483,3.4
918,2026-09-04T19:13:00-03:00,HEMACIAS,-8.05993,-34.89696,3.5
919,2026-09-05T01:16:00-03:00,PLAQUETAS,-8.04714,-34.87606,22.2
919,2026-09-05T01:21:00-03:00,PLAQUETAS,-8.04469,-34.87523,21.5
919,2026-09-05T01:26:00-03:00,PLAQUETAS,-8.04200,-34.87494,21.7
919,2026-09-05T01:31:00-03:00,PLAQUETAS,-8.03865,-34.87112,21.6
919,2026-09-05T01:36:00-03:00,PLAQUETAS,-8.03583,-34.87121,21.6
919,2026-09-05T01:41:00-03:00,PLAQUETAS,-8.03388,-34.86921,21.5
919,2026-09-05T01:46:00-03:00,PLAQUETAS,-8.03077,-34.86633,21.7
919,2026-09-05T01:51:00-03:00,PLAQUETAS,-8.02832,-34.86605,21.4
919,2026-09-05T01:56:00-03:00,PLAQUETAS,-8.02680,-34.86476,21.8
919,2026-09-05T02:01:00-03:00,PLAQUETAS,-8.02223,-34.86351,21.1
919,2026-09-05T02:06:00-03:00,PLAQUETAS,-8.02056,-34.86058,21.2
919,2026-09-05T02:11:00-03:00,PLAQUETAS,-8.01667,-34.85981,21.3
919,2026-09-05T02:16:00-03:00,PLAQUETAS,-8.01443,-34.85795,21.3
919,2026-09-05T02:21:00-03:00,PLAQUETAS,-8.01312,-34.85652,21.9
919,2026-09-05T02:26:00-03:00,PLAQUETAS,-8.00841,-34.85539,21.9
920,2026-09-04T20:37:00-03:00,HEMACIAS,-8.04867,-34.87760,3.9
920,2026-09-04T20:42:00-03:00,HEMACIAS,-8.05030,-34.88281,4.0
920,2026-09-04T20:47:00-03:00,HEMACIAS,-8.05490,-34.88716,3.8
920,2026-09-04T20:52:00-03:00,HEMACIAS,-8.05985,-34.89353,3.5
920,2026-09-04T20:57:00-03:00,HEMACIAS,-8.06297,-34.89805,3.6
921,2026-09-04T15:50:00-03:00,HEMACIAS,-8.04852,-34.87792,4.4
921,2026-09-04T15:55:00-03:00,HEMACIAS,-8.05245,-34.88376,4.5
921,2026-09-04T16:00:00-03:00,HEMACIAS,-8.05912,-34.89151,5.3
922,2026-09-04T17:10:00-03:00,HEMACIAS,-8.04794,-34.87530,3.6
922,2026-09-04T17:15:00-03:00,HEMACIAS,-8.05031,-34.88236,3.8
923,2026-09-04T22:34:00-03:00,HEMACIAS,-8.27705,-35.98110,4.2
923,2026-09-04T22:39:00-03:00,HEMACIAS,-8.27250,-35.96088,4.3
923,2026-09-04T22:44:00-03:00,HEMACIAS,-8.26778,-35.94157,8.9
923,2026-09-04T22:49:00-03:00,HEMACIAS,-8.26321,-35.91833,9.2
923,2026-09-04T22:54:00-03:00,HEMACIAS,-8.26088,-35.89757,8.3
923,2026-09-04T22:59:00-03:00,HEMACIAS,-8.25606,-35.87660,9.1
923,2026-09-04T23:04:00-03:00,HEMACIAS,-8.25231,-35.85573,8.6
923,2026-09-04T23:09:00-03:00,HEMACIAS,-8.25059,-35.83417,8.6
923,2026-09-04T23:14:00-03:00,HEMACIAS,-8.24699,-35.81279,4.2
923,2026-09-04T23:19:00-03:00,HEMACIAS,-8.24204,-35.79209,4.7
923,2026-09-04T23:24:00-03:00,HEMACIAS,-8.23895,-35.77129,4.4
923,2026-09-04T23:29:00-03:00,HEMACIAS,-8.23360,-35.74905,4.1
923,2026-09-04T23:34:00-03:00,HEMACIAS,-8.22965,-35.72915,4.9
923,2026-09-04T23:39:00-03:00,HEMACIAS,-8.22794,-35.70888,4.6
923,2026-09-04T23:44:00-03:00,HEMACIAS,-8.22195,-35.68593,4.5
923,2026-09-04T23:49:00-03:00,HEMACIAS,-8.21925,-35.66464,4.1
923,2026-09-04T23:54:00-03:00,HEMACIAS,-8.21428,-35.64502,4.4
923,2026-09-04T23:59:00-03:00,HEMACIAS,-8.21162,-35.62425,4.2
923,2026-09-05T00:04:00-03:00,HEMACIAS,-8.20668,-35.60365,4.0
923,2026-09-05T00:09:00-03:00,HEMACIAS,-8.20461,-35.58194,4.0
924,2026-09-04T18:26:00-03:00,PLASMA,-8.04678,-34.87732,-29.5
924,2026-09-04T18:31:00-03:00,PLASMA,-8.05099,-34.88187,-30.6
924,2026-09-04T18:36:00-03:00,PLASMA,-8.05482,-34.88743,-31.2
924,2026-09-04T18:41:00-03:00,PLASMA,-8.05903,-34.89257,-29.6
924,2026-09-04T18:46:00-03:00,PLASMA,-8.06136,-34.89965,-30.8
925,2026-09-04T22:43:00-03:00,PLAQUETAS,-8.04738,-34.87825,22.0
925,2026-09-04T22:48:00-03:00,PLAQUETAS,-8.05353,-34.88971,22.5
925,2026-09-04T22:53:00-03:00,PLAQUETAS,-8.05864,-34.90114,21.8
925,2026-09-04T22:58:00-03:00,PLAQUETAS,-8.06597,-34.91355,22.3
925,2026-09-04T23:03:00-03:00,PLAQUETAS,-8.07003,-34.92660,21.9
925,2026-09-04T23:08:00-03:00,PLAQUETAS,-8.07594,-34.93964,21.6
925,2026-09-04T23:13:00-03:00,PLAQUETAS,-8.08233,-34.95047,21.8
925,2026-09-04T23:18:00-03:00,PLAQUETAS,-8.08856,-34.96307,21.7
925,2026-09-04T23:23:00-03:00,PLAQUETAS,-8.09436,-34.97512,21.9
925,2026-09-04T23:28:00-03:00,PLAQUETAS,-8.10010,-34.98743,22.4
925,2026-09-04T23:33:00-03:00,PLAQUETAS,-8.10426,-34.99932,22.2
925,2026-09-04T23:38:00-03:00,PLAQUETAS,-8.11333,-35.01257,21.7
926,2026-09-05T03:43:00-03:00,PLAQUETAS,-8.04903,-34.87694,21.9
926,2026-09-05T03:48:00-03:00,PLAQUETAS,-8.05360,-34.88482,21.6
926,2026-09-05T03:53:00-03:00,PLAQUETAS,-8.06041,-34.89491,22.2
927,2026-09-05T00:09:00-03:00,HEMACIAS,-8.27430,-35.98138,3.6
927,2026-09-05T00:14:00-03:00,HEMACIAS,-8.27813,-35.97801,3.6
927,2026-09-05T00:19:00-03:00,HEMACIAS,-8.28371,-35.97247,3.6
929,2026-09-05T06:18:00-03:00,HEMACIAS,-8.27638,-35.98088,3.3
929,2026-09-05T06:23:00-03:00,HEMACIAS,-8.27154,-35.96662,3.8
929,2026-09-05T06:28:00-03:00,HEMACIAS,-8.26882,-35.95352,4.0
929,2026-09-05T06:33:00-03:00,HEMACIAS,-8.26482,-35.93924,4.1
929,2026-09-05T06:38:00-03:00,HEMACIAS,-8.26055,-35.92416,4.3
929,2026-09-05T06:43:00-03:00,HEMACIAS,-8.25619,-35.90846,4.3
929,2026-09-05T06:48:00-03:00,HEMACIAS,-8.25381,-35.89643,4.2
929,2026-09-05T06:53:00-03:00,HEMACIAS,-8.24919,-35.88027,3.9
929,2026-09-05T06:58:00-03:00,HEMACIAS,-8.24737,-35.86504,4.7
929,2026-09-05T07:03:00-03:00,HEMACIAS,-8.24466,-35.85245,4.2
929,2026-09-05T07:08:00-03:00,HEMACIAS,-8.23884,-35.83792,3.9
929,2026-09-05T07:13:00-03:00,HEMACIAS,-8.23566,-35.82366,4.1
929,2026-09-05T07:18:00-03:00,HEMACIAS,-8.23193,-35.80912,4.4
929,2026-09-05T07:23:00-03:00,HEMACIAS,-8.22933,-35.79491,4.9
929,2026-09-05T07:28:00-03:00,HEMACIAS,-8.22588,-35.78086,4.6
929,2026-09-05T07:33:00-03:00,HEMACIAS,-8.22260,-35.76515,4.8
929,2026-09-05T07:38:00-03:00,HEMACIAS,-8.21829,-35.74965,4.7
929,2026-09-05T07:43:00-03:00,HEMACIAS,-8.21448,-35.73761,5.0
929,2026-09-05T07:48:00-03:00,HEMACIAS,-8.21015,-35.72306,4.9
929,2026-09-05T07:53:00-03:00,HEMACIAS,-8.20572,-35.70827,4.0
929,2026-09-05T07:58:00-03:00,HEMACIAS,-8.20483,-35.69499,4.3
929,2026-09-05T08:03:00-03:00,HEMACIAS,-8.19909,-35.68146,4.1
929,2026-09-05T08:08:00-03:00,HEMACIAS,-8.19660,-35.66614,3.2
929,2026-09-05T08:13:00-03:00,HEMACIAS,-8.19274,-35.65053,3.2
929,2026-09-05T08:18:00-03:00,HEMACIAS,-8.19010,-35.63537,3.1
929,2026-09-05T08:23:00-03:00,HEMACIAS,-8.18619,-35.62369,2.8
929,2026-09-05T08:28:00-03:00,HEMACIAS,-8.18163,-35.60776,3.3
929,2026-09-05T08:33:00-03:00,HEMACIAS,-8.18002,-35.59382,3.3
929,2026-09-05T08:38:00-03:00,HEMACIAS,-8.17465,-35.57963,3.7
929,2026-09-05T08:43:00-03:00,HEMACIAS,-8.17080,-35.56457,4.3
929,2026-09-05T08:48:00-03:00,HEMACIAS,-8.16850,-35.54974,4.5
929,2026-09-05T08:53:00-03:00,HEMACIAS,-8.16398,-35.53531,4.2
929,2026-09-05T08:58:00-03:00,HEMACIAS,-8.16107,-35.52290,4.4
929,2026-09-05T09:03:00-03:00,HEMACIAS,-8.15579,-35.50580,4.9
929,2026-09-05T09:08:00-03:00,HEMACIAS,-8.15258,-35.49305,4.1
929,2026-09-05T09:13:00-03:00,HEMACIAS,-8.14829,-35.47881,4.5
929,2026-09-05T09:18:00-03:00,HEMACIAS,-8.14581,-35.46421,4.0
929,2026-09-05T09:23:00-03:00,HEMACIAS,-8.14168,-35.44881,3.4
929,2026-09-05T09:28:00-03:00,HEMACIAS,-8.13897,-35.43604,3.3
929,2026-09-05T09:33:00-03:00,HEMACIAS,-8.13513,-35.42120,3.5
929,2026-09-05T09:38:00-03:00,HEMACIAS,-8.13132,-35.40777,3.3
929,2026-09-05T09:43:00-03:00,HEMACIAS,-8.12760,-35.39232,3.0
929,2026-09-05T09:48:00-03:00,HEMACIAS,-8.12426,-35.37723,3.5
929,2026-09-05T09:53:00-03:00,HEMACIAS,-8.11907,-35.36358,4.2
929,2026-09-05T09:58:00-03:00,HEMACIAS,-8.11668,-35.35034,3.9
929,2026-09-05T10:03:00-03:00,HEMACIAS,-8.11162,-35.33506,4.1
929,2026-09-05T10:08:00-03:00,HEMACIAS,-8.11108,-35.32124,4.3
929,2026-09-05T10:13:00-03:00,HEMACIAS,-8.10491,-35.30556,3.7
929,2026-09-05T10:18:00-03:00,HEMACIAS,-8.10257,-35.29262,4.0
929,2026-09-05T10:23:00-03:00,HEMACIAS,-8.09829,-35.27635,3.9
929,2026-09-05T10:28:00-03:00,HEMACIAS,-8.09439,-35.26309,4.3
929,2026-09-05T10:33:00-03:00,HEMACIAS,-8.09315,-35.24851,3.9
929,2026-09-05T10:38:00-03:00,HEMACIAS,-8.08879,-35.23258,3.6
929,2026-09-05T10:43:00-03:00,HEMACIAS,-8.08328,-35.21978,3.8
929,2026-09-05T10:48:00-03:00,HEMACIAS,-8.08149,-35.20481,3.5
929,2026-09-05T10:53:00-03:00,HEMACIAS,-8.07682,-35.19121,3.7
929,2026-09-05T10:58:00-03:00,HEMACIAS,-8.07312,-35.17510,3.5
929,2026-09-05T11:03:00-03:00,HEMACIAS,-8.07027,-35.16250,3.3
929,2026-09-05T11:08:00-03:00,HEMACIAS,-8.06671,-35.14687,3.5
929,2026-09-05T11:13:00-03:00,HEMACIAS,-8.06305,-35.13234,3.1
929,2026-09-05T11:18:00-03:00,HEMACIAS,-8.05974,-35.12029,4.0
929,2026-09-05T11:23:00-03:00,HEMACIAS,-8.05521,-35.10530,4.4
929,2026-09-05T11:28:00-03:00,HEMACIAS,-8.05238,-35.08983,4.5
929,2026-09-05T11:33:00-03:00,HEMACIAS,-8.04861,-35.07596,4.2
929,2026-09-05T11:38:00-03:00,HEMACIAS,-8.04457,-35.06110,4.6
929,2026-09-05T11:43:00-03:00,HEMACIAS,-8.03887,-35.04693,4.5
929,2026-09-05T11:48:00-03:00,HEMACIAS,-8.03685,-35.03349,4.1
929,2026-09-05T11:53:00-03:00,HEMACIAS,-8.03379,-35.01799,3.8
929,2026-09-05T11:58:00-03:00,HEMACIAS,-8.03053,-35.00515,3.9
929,2026-09-05T12:03:00-03:00,HEMACIAS,-8.02639,-34.98900,4.0
930,2026-09-05T16:57:00-03:00,PLAQUETAS,-8.04689,-34.87660,22.3
930,2026-09-05T17:02:00-03:00,PLAQUETAS,-8.05136,-34.88234,22.4
930,2026-09-05T17:07:00-03:00,PLAQUETAS,-8.05658,-34.88884,22.1
930,2026-09-05T17:12:00-03:00,PLAQUETAS,-8.06010,-34.89365,21.9
931,2026-09-05T13:05:00-03:00,HEMACIAS,-8.04630,-34.87630,4.3
931,2026-09-05T13:10:00-03:00,HEMACIAS,-8.05319,-34.88414,4.3
931,2026-09-05T13:15:00-03:00,HEMACIAS,-8.05798,-34.89285,5.0
931,2026-09-05T13:20:00-03:00,HEMACIAS,-8.06287,-34.89997,5.0
932,2026-09-05T18:56:00-03:00,HEMACIAS,-8.27599,-35.98106,4.1
932,2026-09-05T19:01:00-03:00,HEMACIAS,-8.26992,-35.96186,4.3
932,2026-09-05T19:06:00-03:00,HEMACIAS,-8.26451,-35.94685,4.3
932,2026-09-05T19:11:00-03:00,HEMACIAS,-8.25977,-35.92788,4.0
932,2026-09-05T19:16:00-03:00,HEMACIAS,-8.25361,-35.90966,4.0
932,2026-09-05T19:21:00-03:00,HEMACIAS,-8.24909,-35.89279,3.7
932,2026-09-05T19:26:00-03:00,HEMACIAS,-8.24286,-35.87453,3.4
932,2026-09-05T19:31:00-03:00,HEMACIAS,-8.23719,-35.85850,3.7
932,2026-09-05T19:36:00-03:00,HEMACIAS,-8.23328,-35.83792,3.9
932,2026-09-05T19:41:00-03:00,HEMACIAS,-8.22743,-35.81958,3.9
932,2026-09-05T19:46:00-03:00,HEMACIAS,-8.22096,-35.80383,3.4
932,2026-09-05T19:51:00-03:00,HEMACIAS,-8.21592,-35.78510,4.1
932,2026-09-05T19:56:00-03:00,HEMACIAS,-8.21159,-35.76724,4.6
932,2026-09-05T20:01:00-03:00,HEMACIAS,-8.20577,-35.74861,4.4
932,2026-09-05T20:06:00-03:00,HEMACIAS,-8.20227,-35.73246,3.8
932,2026-09-05T20:11:00-03:00,HEMACIAS,-8.19429,-35.71346,3.9
932,2026-09-05T20:16:00-03:00,HEMACIAS,-8.18907,-35.69610,3.4
932,2026-09-05T20:21:00-03:00,HEMACIAS,-8.18525,-35.67741,4.2
932,2026-09-05T20:26:00-03:00,HEMACIAS,-8.17917,-35.65996,4.0
932,2026-09-05T20:31:00-03:00,HEMACIAS,-8.17455,-35.64076,3.6
932,2026-09-05T20:36:00-03:00,HEMACIAS,-8.16812,-35.62487,3.8
932,2026-09-05T20:41:00-03:00,HEMACIAS,-8.16152,-35.60771,3.7
932,2026-09-05T20:46:00-03:00,HEMACIAS,-8.15615,-35.58831,3.2
932,2026-09-05T20:51:00-03:00,HEMACIAS,-8.15160,-35.57034,3.7
932,2026-09-05T20:56:00-03:00,HEMACIAS,-8.14635,-35.55227,3.7
932,2026-09-05T21:01:00-03:00,HEMACIAS,-8.14085,-35.53501,4.0
932,2026-09-05T21:06:00-03:00,HEMACIAS,-8.13711,-35.51587,4.6
932,2026-09-05T21:11:00-03:00,HEMACIAS,-8.12901,-35.49817,4.7
932,2026-09-05T21:16:00-03:00,HEMACIAS,-8.12410,-35.48131,4.7
932,2026-09-05T21:21:00-03:00,HEMACIAS,-8.11838,-35.46301,4.4
932,2026-09-05T21:26:00-03:00,HEMACIAS,-8.11378,-35.44625,4.9
932,2026-09-05T21:31:00-03:00,HEMACIAS,-8.10744,-35.42602,5.1
932,2026-09-05T21:36:00-03:00,HEMACIAS,-8.10272,-35.40826,4.9
932,2026-09-05T21:41:00-03:00,HEMACIAS,-8.09742,-35.39128,4.9
932,2026-09-05T21:46:00-03:00,HEMACIAS,-8.09200,-35.37329,4.4
932,2026-09-05T21:51:00-03:00,HEMACIAS,-8.08646,-35.35610,4.0
932,2026-09-05T21:56:00-03:00,HEMACIAS,-8.08175,-35.33694,4.5
932,2026-09-05T22:01:00-03:00,HEMACIAS,-8.07562,-35.32063,4.1
932,2026-09-05T22:06:00-03:00,HEMACIAS,-8.07091,-35.30130,4.0
932,2026-09-05T22:11:00-03:00,HEMACIAS,-8.06461,-35.28298,4.3
932,2026-09-05T22:16:00-03:00,HEMACIAS,-8.05976,-35.26576,4.6
932,2026-09-05T22:21:00-03:00,HEMACIAS,-8.05390,-35.24890,4.1
932,2026-09-05T22:26:00-03:00,HEMACIAS,-8.04951,-35.23000,3.8
932,2026-09-05T22:31:00-03:00,HEMACIAS,-8.04484,-35.21185,3.8
932,2026-09-05T22:36:00-03:00,HEMACIAS,-8.03750,-35.19445,3.8
932,2026-09-05T22:41:00-03:00,HEMACIAS,-8.03345,-35.17624,4.0
932,2026-09-05T22:46:00-03:00,HEMACIAS,-8.02714,-35.15862,4.0
932,2026-09-05T22:51:00-03:00,HEMACIAS,-8.02186,-35.13948,4.1
932,2026-09-05T22:56:00-03:00,HEMACIAS,-8.01578,-35.12276,4.2
932,2026-09-05T23:01:00-03:00,HEMACIAS,-8.01127,-35.10529,4.2
932,2026-09-05T23:06:00-03:00,HEMACIAS,-8.00534,-35.08755,4.6
932,2026-09-05T23:11:00-03:00,HEMACIAS,-8.00015,-35.06804,3.8
932,2026-09-05T23:16:00-03:00,HEMACIAS,-7.99561,-35.04951,3.7
932,2026-09-05T23:21:00-03:00,HEMACIAS,-7.98872,-35.03431,3.4
932,2026-09-05T23:26:00-03:00,HEMACIAS,-7.98543,-35.01618,3.6
932,2026-09-05T23:31:00-03:00,HEMACIAS,-7.97967,-34.99543,3.5
932,2026-09-05T23:36:00-03:00,HEMACIAS,-7.97234,-34.97984,3.6
932,2026-09-05T23:41:00-03:00,HEMACIAS,-7.96807,-34.96262,3.7
932,2026-09-05T23:46:00-03:00,HEMACIAS,-7.96225,-34.94404,3.4
932,2026-09-05T23:51:00-03:00,HEMACIAS,-7.95696,-34.92753,3.8
932,2026-09-05T23:56:00-03:00,HEMACIAS,-7.95037,-34.90927,3.4
932,2026-09-06T00:01:00-03:00,HEMACIAS,-7.94441,-34.89052,3.3
932,2026-09-06T00:06:00-03:00,HEMACIAS,-7.94050,-34.87305,3.6
934,2026-09-06T03:32:00-03:00,HEMACIAS,-8.27686,-35.98136,3.7
934,2026-09-06T03:37:00-03:00,HEMACIAS,-8.27199,-35.95639,4.0
934,2026-09-06T03:42:00-03:00,HEMACIAS,-8.26714,-35.93363,3.7
934,2026-09-06T03:47:00-03:00,HEMACIAS,-8.26230,-35.91075,3.6
934,2026-09-06T03:52:00-03:00,HEMACIAS,-8.26030,-35.88603,3.4
934,2026-09-06T03:57:00-03:00,HEMACIAS,-8.25397,-35.86250,3.9
934,2026-09-06T04:02:00-03:00,HEMACIAS,-8.25006,-35.83825,3.8
934,2026-09-06T04:07:00-03:00,HEMACIAS,-8.24583,-35.81363,4.2
934,2026-09-06T04:12:00-03:00,HEMACIAS,-8.24132,-35.78926,4.2
934,2026-09-06T04:17:00-03:00,HEMACIAS,-8.23836,-35.76718,4.8
934,2026-09-06T04:22:00-03:00,HEMACIAS,-8.23326,-35.74342,4.3
934,2026-09-06T04:27:00-03:00,HEMACIAS,-8.23016,-35.71789,3.9
934,2026-09-06T04:32:00-03:00,HEMACIAS,-8.22452,-35.69326,3.3
934,2026-09-06T04:37:00-03:00,HEMACIAS,-8.22173,-35.67088,3.6
934,2026-09-06T04:42:00-03:00,HEMACIAS,-8.21606,-35.64601,3.8
934,2026-09-06T04:47:00-03:00,HEMACIAS,-8.21107,-35.62314,3.8
934,2026-09-06T04:52:00-03:00,HEMACIAS,-8.20658,-35.59821,3.5
934,2026-09-06T04:57:00-03:00,HEMACIAS,-8.20278,-35.57554,4.0
935,2026-09-05T18:04:00-03:00,PLASMA,-8.04769,-34.87626,-31.2
935,2026-09-05T18:09:00-03:00,PLASMA,-8.05426,-34.88582,-30.1
935,2026-09-05T18:14:00-03:00,PLASMA,-8.05817,-34.89201,-30.7
936,2026-09-05T19:06:00-03:00,PLAQUETAS,-8.04799,-34.87751,21.6
936,2026-09-05T19:11:00-03:00,PLAQUETAS,-8.05052,-34.88131,27.7
936,2026-09-05T19:16:00-03:00,PLAQUETAS,-8.05438,-34.88558,28.4
937,2026-09-06T01:14:00-03:00,PLAQUETAS,-8.04707,-34.87624,22.4
937,2026-09-06T01:19:00-03:00,PLAQUETAS,-8.05186,-34.88315,22.5
937,2026-09-06T01:24:00-03:00,PLAQUETAS,-8.05473,-34.88858,22.5
937,2026-09-06T01:29:00-03:00,PLAQUETAS,-8.05935,-34.89368,21.8
937,2026-09-06T01:34:00-03:00,PLAQUETAS,-8.06297,-34.89830,22.2
938,2026-09-06T01:42:00-03:00,HEMACIAS,-8.04633,-34.87719,3.6
938,2026-09-06T01:47:00-03:00,HEMACIAS,-8.04575,-34.89161,4.4
938,2026-09-06T01:52:00-03:00,HEMACIAS,-8.04030,-34.90750,3.8
938,2026-09-06T01:57:00-03:00,HEMACIAS,-8.03709,-34.92119,4.2
938,2026-09-06T02:02:00-03:00,HEMACIAS,-8.03351,-34.93603,4.1
938,2026-09-06T02:07:00-03:00,HEMACIAS,-8.02837,-34.95256,3.8
938,2026-09-06T02:12:00-03:00,HEMACIAS,-8.02677,-34.96594,3.1
939,2026-09-05T23:05:00-03:00,PLAQUETAS,-8.04610,-34.87708,22.2
939,2026-09-05T23:10:00-03:00,PLAQUETAS,-8.04019,-34.87190,22.2
939,2026-09-05T23:15:00-03:00,PLAQUETAS,-8.03361,-34.86750,22.1
939,2026-09-05T23:20:00-03:00,PLAQUETAS,-8.02468,-34.86492,22.8
939,2026-09-05T23:25:00-03:00,PLAQUETAS,-8.01833,-34.86025,22.5
939,2026-09-05T23:30:00-03:00,PLAQUETAS,-8.01014,-34.85618,22.7
940,2026-09-06T11:08:00-03:00,PLASMA,-8.27417,-35.98144,-29.1
940,2026-09-06T11:13:00-03:00,PLASMA,-8.27889,-35.97696,-27.7
940,2026-09-06T11:18:00-03:00,PLASMA,-8.28152,-35.97369,-29.8
940,2026-09-06T11:23:00-03:00,PLASMA,-8.28350,-35.97021,-31.2
941,2026-09-06T11:26:00-03:00,HEMACIAS,-8.04622,-34.87686,4.1
941,2026-09-06T11:31:00-03:00,HEMACIAS,-8.04406,-34.87465,3.5
941,2026-09-06T11:36:00-03:00,HEMACIAS,-8.04126,-34.87257,3.8
941,2026-09-06T11:41:00-03:00,HEMACIAS,-8.03758,-34.87198,3.8
941,2026-09-06T11:46:00-03:00,HEMACIAS,-8.03461,-34.87025,3.5
941,2026-09-06T11:51:00-03:00,HEMACIAS,-8.03220,-34.87000,4.3
941,2026-09-06T11:56:00-03:00,HEMACIAS,-8.02962,-34.86642,4.4
941,2026-09-06T12:01:00-03:00,HEMACIAS,-8.02604,-34.86337,4.0
941,2026-09-06T12:06:00-03:00,HEMACIAS,-8.02325,-34.86282,4.1
941,2026-09-06T12:11:00-03:00,HEMACIAS,-8.01971,-34.86292,3.5
941,2026-09-06T12:16:00-03:00,HEMACIAS,-8.01788,-34.86005,3.3
941,2026-09-06T12:21:00-03:00,HEMACIAS,-8.01414,-34.85719,3.6
941,2026-09-06T12:26:00-03:00,HEMACIAS,-8.01194,-34.85502,2.9
942,2026-09-06T09:44:00-03:00,HEMACIAS,-8.04861,-34.87747,3.9
942,2026-09-06T09:49:00-03:00,HEMACIAS,-8.03777,-34.87223,4.3
942,2026-09-06T09:54:00-03:00,HEMACIAS,-8.02926,-34.86592,4.1
942,2026-09-06T09:59:00-03:00,HEMACIAS,-8.01858,-34.85873,4.0
942,2026-09-06T10:04:00-03:00,HEMACIAS,-8.00899,-34.85535,4.1
943,2026-09-06T10:20:00-03:00,CRIOPRECIPITADO,-8.04613,-34.87656,-30.1
943,2026-09-06T10:25:00-03:00,CRIOPRECIPITADO,-8.04912,-34.87705,-10.8
943,2026-09-06T10:30:00-03:00,CRIOPRECIPITADO,-8.05221,-34.88178,-10.4
943,2026-09-06T10:35:00-03:00,CRIOPRECIPITADO,-8.05333,-34.88330,-11.3
944,2026-09-06T19:01:00-03:00,PLAQUETAS,-8.27721,-35.98192,22.2
944,2026-09-06T19:06:00-03:00,PLAQUETAS,-8.27958,-35.97740,22.2
944,2026-09-06T19:11:00-03:00,PLAQUETAS,-8.28490,-35.97157,21.9
945,2026-09-06T14:39:00-03:00,HEMACIAS,-8.04748,-34.87778,4.2
945,2026-09-06T14:44:00-03:00,HEMACIAS,-8.05320,-34.88329,3.9
945,2026-09-06T14:49:00-03:00,HEMACIAS,-8.05439,-34.88843,3.7
945,2026-09-06T14:54:00-03:00,HEMACIAS,-8.06133,-34.89661,3.7
946,2026-09-07T01:50:00-03:00,PLAQUETAS,-8.04755,-34.87735,22.1
946,2026-09-07T01:55:00-03:00,PLAQUETAS,-8.05253,-34.90113,22.2
946,2026-09-07T02:00:00-03:00,PLAQUETAS,-8.05682,-34.92205,22.0
946,2026-09-07T02:05:00-03:00,PLAQUETAS,-8.06310,-34.94745,22.0
946,2026-09-07T02:10:00-03:00,PLAQUETAS,-8.06791,-34.96896,21.5
946,2026-09-07T02:15:00-03:00,PLAQUETAS,-8.07139,-34.99241,21.2
946,2026-09-07T02:20:00-03:00,PLAQUETAS,-8.07737,-35.01656,21.6
946,2026-09-07T02:25:00-03:00,PLAQUETAS,-8.08309,-35.03852,22.3
946,2026-09-07T02:30:00-03:00,PLAQUETAS,-8.08779,-35.06371,22.0
946,2026-09-07T02:35:00-03:00,PLAQUETAS,-8.09298,-35.08615,22.1
946,2026-09-07T02:40:00-03:00,PLAQUETAS,-8.09768,-35.10934,22.6
946,2026-09-07T02:45:00-03:00,PLAQUETAS,-8.10313,-35.13339,22.5
946,2026-09-07T02:50:00-03:00,PLAQUETAS,-8.10787,-35.15587,22.4
946,2026-09-07T02:55:00-03:00,PLAQUETAS,-8.11258,-35.17856,22.2
946,2026-09-07T03:00:00-03:00,PLAQUETAS,-8.11877,-35.20187,21.4
946,2026-09-07T03:05:00-03:00,PLAQUETAS,-8.12298,-35.22519,22.0
946,2026-09-07T03:10:00-03:00,PLAQUETAS,-8.12935,-35.24900,21.5
946,2026-09-07T03:15:00-03:00,PLAQUETAS,-8.13309,-35.27318,21.9
946,2026-09-07T03:20:00-03:00,PLAQUETAS,-8.13763,-35.29484,22.1
946,2026-09-07T03:25:00-03:00,PLAQUETAS,-8.14468,-35.31783,21.8
946,2026-09-07T03:30:00-03:00,PLAQUETAS,-8.14883,-35.34314,21.5
946,2026-09-07T03:35:00-03:00,PLAQUETAS,-8.15373,-35.36501,21.3
946,2026-09-07T03:40:00-03:00,PLAQUETAS,-8.15871,-35.38725,20.9
946,2026-09-07T03:45:00-03:00,PLAQUETAS,-8.16351,-35.41376,21.5
946,2026-09-07T03:50:00-03:00,PLAQUETAS,-8.16958,-35.43616,20.8
946,2026-09-07T03:55:00-03:00,PLAQUETAS,-8.17247,-35.45881,21.0
946,2026-09-07T04:00:00-03:00,PLAQUETAS,-8.17868,-35.48029,21.7
946,2026-09-07T04:05:00-03:00,PLAQUETAS,-8.18482,-35.50499,21.3
946,2026-09-07T04:10:00-03:00,PLAQUETAS,-8.18788,-35.52834,22.1
946,2026-09-07T04:15:00-03:00,PLAQUETAS,-8.19570,-35.55043,22.3
946,2026-09-07T04:20:00-03:00,PLAQUETAS,-8.19989,-35.57378,21.8
946,2026-09-07T04:25:00-03:00,PLAQUETAS,-8.20458,-35.59911,21.5
946,2026-09-07T04:30:00-03:00,PLAQUETAS,-8.21025,-35.62127,21.4
946,2026-09-07T04:35:00-03:00,PLAQUETAS,-8.21410,-35.64512,21.8
946,2026-09-07T04:40:00-03:00,PLAQUETAS,-8.21844,-35.66813,22.3
946,2026-09-07T04:45:00-03:00,PLAQUETAS,-8.22358,-35.69213,21.8
946,2026-09-07T04:50:00-03:00,PLAQUETAS,-8.22928,-35.71539,21.6
946,2026-09-07T04:55:00-03:00,PLAQUETAS,-8.23378,-35.73854,22.1
946,2026-09-07T05:00:00-03:00,PLAQUETAS,-8.23874,-35.75971,22.0
946,2026-09-07T05:05:00-03:00,PLAQUETAS,-8.24388,-35.78244,22.1
946,2026-09-07T05:10:00-03:00,PLAQUETAS,-8.24966,-35.80587,21.8
946,2026-09-07T05:15:00-03:00,PLAQUETAS,-8.25412,-35.82947,21.8
946,2026-09-07T05:20:00-03:00,PLAQUETAS,-8.25951,-35.85344,22.4
946,2026-09-07T05:25:00-03:00,PLAQUETAS,-8.26337,-35.87753,22.9
946,2026-09-07T05:30:00-03:00,PLAQUETAS,-8.27017,-35.89910,22.6
946,2026-09-07T05:35:00-03:00,PLAQUETAS,-8.27465,-35.92367,22.5
946,2026-09-07T05:40:00-03:00,PLAQUETAS,-8.28155,-35.94673,22.7
946,2026-09-07T05:45:00-03:00,PLAQUETAS,-8.28512,-35.97082,22.6
947,2026-09-06T17:51:00-03:00,HEMACIAS,-8.04706,-34.87800,4.6
947,2026-09-06T17:56:00-03:00,HEMACIAS,-8.05234,-34.88297,4.2
947,2026-09-06T18:01:00-03:00,HEMACIAS,-8.05555,-34.88864,3.9
947,2026-09-06T18:06:00-03:00,HEMACIAS,-8.05952,-34.89304,4.1
947,2026-09-06T18:11:00-03:00,HEMACIAS,-8.06247,-34.89789,4.6
948,2026-09-06T23:46:00-03:00,PLAQUETAS,-8.04834,-34.87656,22.4
948,2026-09-06T23:51:00-03:00,PLAQUETAS,-8.05082,-34.88140,22.5
948,2026-09-06T23:56:00-03:00,PLAQUETAS,-8.05317,-34.88163,22.4
950,2026-09-06T19:53:00-03:00,PLASMA,-8.27715,-35.98246,-30.6
950,2026-09-06T19:58:00-03:00,PLASMA,-8.27367,-35.96262,-29.5
950,2026-09-06T20:03:00-03:00,PLASMA,-8.27033,-35.94552,-29.6
950,2026-09-06T20:08:00-03:00,PLASMA,-8.26549,-35.92479,-28.5
950,2026-09-06T20:13:00-03:00,PLASMA,-8.26155,-35.90653,-27.9
950,2026-09-06T20:18:00-03:00,PLASMA,-8.25957,-35.88811,-28.5
950,2026-09-06T20:23:00-03:00,PLASMA,-8.25745,-35.86998,-27.8
950,2026-09-06T20:28:00-03:00,PLASMA,-8.25413,-35.85011,-29.5
950,2026-09-06T20:33:00-03:00,PLASMA,-8.24900,-35.83170,-28.0
950,2026-09-06T20:38:00-03:00,PLASMA,-8.24670,-35.81368,-29.5
950,2026-09-06T20:43:00-03:00,PLASMA,-8.24357,-35.79319,-27.7
950,2026-09-06T20:48:00-03:00,PLASMA,-8.24092,-35.77528,-27.5
950,2026-09-06T20:53:00-03:00,PLASMA,-8.23857,-35.75540,-27.9
950,2026-09-06T20:58:00-03:00,PLASMA,-8.23331,-35.73562,-29.1
950,2026-09-06T21:03:00-03:00,PLASMA,-8.23156,-35.71755,-31.0
950,2026-09-06T21:08:00-03:00,PLASMA,-8.22823,-35.69951,-31.0
950,2026-09-06T21:13:00-03:00,PLASMA,-8.22462,-35.67800,-31.1
950,2026-09-06T21:18:00-03:00,PLASMA,-8.22217,-35.66025,-31.9
950,2026-09-06T21:23:00-03:00,PLASMA,-8.21916,-35.64226,-29.4
950,2026-09-06T21:28:00-03:00,PLASMA,-8.21470,-35.62481,-29.1
950,2026-09-06T21:33:00-03:00,PLASMA,-8.21116,-35.60424,-29.9
950,2026-09-06T21:38:00-03:00,PLASMA,-8.20916,-35.58627,-29.3
950,2026-09-06T21:43:00-03:00,PLASMA,-8.20508,-35.56673,-29.9
950,2026-09-06T21:48:00-03:00,PLASMA,-8.20250,-35.54785,-31.1
950,2026-09-06T21:53:00-03:00,PLASMA,-8.19954,-35.52858,-30.6
950,2026-09-06T21:58:00-03:00,PLASMA,-8.19573,-35.50949,-30.1
950,2026-09-06T22:03:00-03:00,PLASMA,-8.19229,-35.49052,-31.2
950,2026-09-06T22:08:00-03:00,PLASMA,-8.18965,-35.47144,-29.7
950,2026-09-06T22:13:00-03:00,PLASMA,-8.18672,-35.45301,-29.1
950,2026-09-06T22:18:00-03:00,PLASMA,-8.18339,-35.43349,-28.5
950,2026-09-06T22:23:00-03:00,PLASMA,-8.18008,-35.41495,-28.0
950,2026-09-06T22:28:00-03:00,PLASMA,-8.17616,-35.39692,-28.1
950,2026-09-06T22:33:00-03:00,PLASMA,-8.17343,-35.37637,-28.3
950,2026-09-06T22:38:00-03:00,PLASMA,-8.17164,-35.35820,-29.2
950,2026-09-06T22:43:00-03:00,PLASMA,-8.16712,-35.33892,-29.3
950,2026-09-06T22:48:00-03:00,PLASMA,-8.16479,-35.32100,-27.9
950,2026-09-06T22:53:00-03:00,PLASMA,-8.16147,-35.30272,-25.7
950,2026-09-06T22:58:00-03:00,PLASMA,-8.15638,-35.28197,-26.3
950,2026-09-06T23:03:00-03:00,PLASMA,-8.15381,-35.26386,-28.3
950,2026-09-06T23:08:00-03:00,PLASMA,-8.15146,-35.24384,-29.5
950,2026-09-06T23:13:00-03:00,PLASMA,-8.14813,-35.22584,-30.4
950,2026-09-06T23:18:00-03:00,PLASMA,-8.14442,-35.20649,-29.9
950,2026-09-06T23:23:00-03:00,PLASMA,-8.14196,-35.18868,-29.8
950,2026-09-06T23:28:00-03:00,PLASMA,-8.13998,-35.16982,-30.3
950,2026-09-06T23:33:00-03:00,PLASMA,-8.13557,-35.14977,-31.9
950,2026-09-06T23:38:00-03:00,PLASMA,-8.13253,-35.13105,-30.9
950,2026-09-06T23:43:00-03:00,PLASMA,-8.12873,-35.11402,-30.1
950,2026-09-06T23:48:00-03:00,PLASMA,-8.12556,-35.09319,-29.9
950,2026-09-06T23:53:00-03:00,PLASMA,-8.12349,-35.07625,-30.3
950,2026-09-06T23:58:00-03:00,PLASMA,-8.11884,-35.05569,-30.4
950,2026-09-07T00:03:00-03:00,PLASMA,-8.11560,-35.03864,-29.1
950,2026-09-07T00:08:00-03:00,PLASMA,-8.11348,-35.01692,-28.9
951,2026-09-06T18:01:00-03:00,HEMACIAS,-8.04706,-34.87594,4.0
951,2026-09-06T18:06:00-03:00,HEMACIAS,-8.05105,-34.88057,3.9
951,2026-09-06T18:11:00-03:00,HEMACIAS,-8.05468,-34.88338,3.8
952,2026-09-06T17:44:00-03:00,HEMACIAS,-8.04587,-34.87572,4.5
952,2026-09-06T17:49:00-03:00,HEMACIAS,-8.05023,-34.88143,3.8
952,2026-09-06T17:54:00-03:00,HEMACIAS,-8.05245,-34.88367,3.6
953,2026-09-06T20:11:00-03:00,HEMACIAS,-8.04739,-34.87651,4.3
953,2026-09-06T20:16:00-03:00,HEMACIAS,-8.03036,-34.87680,3.8
953,2026-09-06T20:21:00-03:00,HEMACIAS,-8.01428,-34.87386,4.0
953,2026-09-06T20:26:00-03:00,HEMACIAS,-7.99776,-34.87449,4.4
953,2026-09-06T20:31:00-03:00,HEMACIAS,-7.98035,-34.87499,3.6
953,2026-09-06T20:36:00-03:00,HEMACIAS,-7.96421,-34.87525,4.0
953,2026-09-06T20:41:00-03:00,HEMACIAS,-7.94798,-34.87230,4.1
954,2026-09-07T02:55:00-03:00,HEMACIAS,-8.27553,-35.98133,4.4
954,2026-09-07T03:00:00-03:00,HEMACIAS,-8.26948,-35.95399,5.4
954,2026-09-07T03:05:00-03:00,HEMACIAS,-8.26636,-35.92458,4.5
954,2026-09-07T03:10:00-03:00,HEMACIAS,-8.26009,-35.89675,4.6
954,2026-09-07T03:15:00-03:00,HEMACIAS,-8.25457,-35.86677,4.8
954,2026-09-07T03:20:00-03:00,HEMACIAS,-8.25047,-35.83915,4.4
954,2026-09-07T03:25:00-03:00,HEMACIAS,-8.24438,-35.80927,5.0
954,2026-09-07T03:30:00-03:00,HEMACIAS,-8.23885,-35.78216,4.6
954,2026-09-07T03:35:00-03:00,HEMACIAS,-8.23478,-35.75416,4.4
954,2026-09-07T03:40:00-03:00,HEMACIAS,-8.22975,-35.72582,4.0
954,2026-09-07T03:45:00-03:00,HEMACIAS,-8.22496,-35.69728,5.2
954,2026-09-07T03:50:00-03:00,HEMACIAS,-8.21972,-35.66725,4.9
954,2026-09-07T03:55:00-03:00,HEMACIAS,-8.21640,-35.63860,4.6
954,2026-09-07T04:00:00-03:00,HEMACIAS,-8.20914,-35.61149,3.8
954,2026-09-07T04:05:00-03:00,HEMACIAS,-8.20424,-35.58232,4.3
955,2026-09-07T11:03:00-03:00,PLAQUETAS,-8.04773,-34.87797,22.3
955,2026-09-07T11:08:00-03:00,PLAQUETAS,-8.04967,-34.87936,22.4
955,2026-09-07T11:13:00-03:00,PLAQUETAS,-8.05216,-34.88271,22.3
956,2026-09-07T09:27:00-03:00,HEMACIAS,-8.04810,-34.87736,4.1
956,2026-09-07T09:32:00-03:00,HEMACIAS,-8.03141,-34.87641,3.3
956,2026-09-07T09:37:00-03:00,HEMACIAS,-8.01445,-34.87592,3.7
956,2026-09-07T09:42:00-03:00,HEMACIAS,-7.99908,-34.87617,3.1
956,2026-09-07T09:47:00-03:00,HEMACIAS,-7.98085,-34.87401,3.0
956,2026-09-07T09:52:00-03:00,HEMACIAS,-7.96428,-34.87415,3.7
956,2026-09-07T09:57:00-03:00,HEMACIAS,-7.94724,-34.87424,4.3
957,2026-09-07T16:44:00-03:00,HEMACIAS,-8.04858,-34.87810,3.6
957,2026-09-07T16:49:00-03:00,HEMACIAS,-8.04910,-34.87798,3.5
957,2026-09-07T16:54:00-03:00,HEMACIAS,-8.04873,-34.87927,3.3
957,2026-09-07T16:59:00-03:00,HEMACIAS,-8.04926,-34.88006,3.5
957,2026-09-07T17:04:00-03:00,HEMACIAS,-8.05072,-34.88243,3.6
957,2026-09-07T17:09:00-03:00,HEMACIAS,-8.04933,-34.88166,3.5
957,2026-09-07T17:14:00-03:00,HEMACIAS,-8.05114,-34.88314,3.4
957,2026-09-07T17:19:00-03:00,HEMACIAS,-8.05296,-34.88273,3.9
957,2026-09-07T17:24:00-03:00,HEMACIAS,-8.05314,-34.88414,3.6
957,2026-09-07T17:29:00-03:00,HEMACIAS,-8.05190,-34.88454,3.8
957,2026-09-07T17:34:00-03:00,HEMACIAS,-8.05421,-34.88732,4.6
957,2026-09-07T17:39:00-03:00,HEMACIAS,-8.05561,-34.88531,4.2
957,2026-09-07T17:44:00-03:00,HEMACIAS,-8.05265,-34.88782,4.4
957,2026-09-07T17:49:00-03:00,HEMACIAS,-8.05555,-34.88775,4.3
957,2026-09-07T17:54:00-03:00,HEMACIAS,-8.05602,-34.88960,4.3
957,2026-09-07T17:59:00-03:00,HEMACIAS,-8.05730,-34.89017,4.1
957,2026-09-07T18:04:00-03:00,HEMACIAS,-8.05770,-34.89110,4.9
957,2026-09-07T18:09:00-03:00,HEMACIAS,-8.05752,-34.89106,4.6
957,2026-09-07T18:14:00-03:00,HEMACIAS,-8.05938,-34.89369,4.8
957,2026-09-07T18:19:00-03:00,HEMACIAS,-8.05851,-34.89271,4.7
957,2026-09-07T18:24:00-03:00,HEMACIAS,-8.05977,-34.89452,4.6
957,2026-09-07T18:29:00-03:00,HEMACIAS,-8.06138,-34.89523,4.0
957,2026-09-07T18:34:00-03:00,HEMACIAS,-8.06202,-34.89619,4.2
957,2026-09-07T18:39:00-03:00,HEMACIAS,-8.06082,-34.89793,3.9
957,2026-09-07T18:44:00-03:00,HEMACIAS,-8.06262,-34.89640,3.8
957,2026-09-07T18:49:00-03:00,HEMACIAS,-8.06204,-34.89878,4.2
958,2026-09-07T20:15:00-03:00,HEMACIAS,-8.27605,-35.98225,4.3
958,2026-09-07T20:20:00-03:00,HEMACIAS,-8.28011,-35.97729,4.2
958,2026-09-07T20:25:00-03:00,HEMACIAS,-8.28350,-35.97088,4.0
959,2026-09-07T17:01:00-03:00,HEMACIAS,-8.27577,-35.98185,4.5
959,2026-09-07T17:06:00-03:00,HEMACIAS,-8.27773,-35.97683,4.2
959,2026-09-07T17:11:00-03:00,HEMACIAS,-8.28280,-35.97345,4.1
960,2026-09-07T16:11:00-03:00,HEMACIAS,-8.04786,-34.87601,3.8
960,2026-09-07T16:16:00-03:00,HEMACIAS,-8.05161,-34.87949,4.3
960,2026-09-07T16:21:00-03:00,HEMACIAS,-8.05186,-34.88237,4.5
961,2026-09-07T15:14:00-03:00,HEMACIAS,-8.04940,-34.87548,4.4
961,2026-09-07T15:19:00-03:00,HEMACIAS,-8.05348,-34.89096,4.5
961,2026-09-07T15:24:00-03:00,HEMACIAS,-8.06133,-34.90558,4.2
961,2026-09-07T15:29:00-03:00,HEMACIAS,-8.06724,-34.92035,3.9
961,2026-09-07T15:34:00-03:00,HEMACIAS,-8.07400,-34.93287,4.1
961,2026-09-07T15:39:00-03:00,HEMACIAS,-8.08016,-34.94645,4.5
961,2026-09-07T15:44:00-03:00,HEMACIAS,-8.08701,-34.96127,4.3
961,2026-09-07T15:49:00-03:00,HEMACIAS,-8.09392,-34.97522,4.1
961,2026-09-07T15:54:00-03:00,HEMACIAS,-8.09858,-34.98960,3.9
961,2026-09-07T15:59:00-03:00,HEMACIAS,-8.10765,-35.00482,3.6
962,2026-09-07T21:35:00-03:00,HEMACIAS,-8.04659,-34.87777,4.7
962,2026-09-07T21:40:00-03:00,HEMACIAS,-8.03459,-34.87709,4.1
962,2026-09-07T21:45:00-03:00,HEMACIAS,-8.01972,-34.87613,3.9
962,2026-09-07T21:50:00-03:00,HEMACIAS,-8.00527,-34.87475,4.0
962,2026-09-07T21:55:00-03:00,HEMACIAS,-7.98893,-34.87408,4.8
962,2026-09-07T22:00:00-03:00,HEMACIAS,-7.97572,-34.87394,4.6
962,2026-09-07T22:05:00-03:00,HEMACIAS,-7.96079,-34.87431,4.1
962,2026-09-07T22:10:00-03:00,HEMACIAS,-7.94673,-34.87287,4.2
963,2026-09-07T18:27:00-03:00,HEMACIAS,-8.04633,-34.87554,3.8
963,2026-09-07T18:32:00-03:00,HEMACIAS,-8.04205,-34.87426,4.0
963,2026-09-07T18:37:00-03:00,HEMACIAS,-8.03668,-34.86876,4.3
963,2026-09-07T18:42:00-03:00,HEMACIAS,-8.02982,-34.86665,4.3
963,2026-09-07T18:47:00-03:00,HEMACIAS,-8.02527,-34.86527,4.5
963,2026-09-07T18:52:00-03:00,HEMACIAS,-8.01860,-34.86068,4.4
963,2026-09-07T18:57:00-03:00,HEMACIAS,-8.01223,-34.85803,4.7
964,2026-09-07T22:35:00-03:00,PLASMA,-8.04791,-34.87781,-31.1
964,2026-09-07T22:40:00-03:00,PLASMA,-8.05221,-34.88481,-32.6
964,2026-09-07T22:45:00-03:00,PLASMA,-8.05796,-34.89129,-31.2
965,2026-09-08T00:08:00-03:00,PLASMA,-8.04733,-34.87709,-30.2
965,2026-09-08T00:13:00-03:00,PLASMA,-8.05396,-34.89231,-28.7
965,2026-09-08T00:18:00-03:00,PLASMA,-8.06313,-34.90772,-29.1
965,2026-09-08T00:23:00-03:00,PLASMA,-8.06966,-34.92253,-29.4
965,2026-09-08T00:28:00-03:00,PLASMA,-8.07716,-34.93863,-30.8
965,2026-09-08T00:33:00-03:00,PLASMA,-8.08432,-34.95401,-30.7
965,2026-09-08T00:38:00-03:00,PLASMA,-8.09165,-34.96827,-31.1
965,2026-09-08T00:43:00-03:00,PLASMA,-8.09763,-34.98595,-30.9
965,2026-09-08T00:48:00-03:00,PLASMA,-8.10538,-35.00009,-31.4
965,2026-09-08T00:53:00-03:00,PLASMA,-8.11309,-35.01509,-30.3
966,2026-09-07T23:21:00-03:00,HEMACIAS,-8.27559,-35.98096,3.2
966,2026-09-07T23:26:00-03:00,HEMACIAS,-8.27834,-35.97842,3.7
966,2026-09-07T23:31:00-03:00,HEMACIAS,-8.28201,-35.97552,3.7
966,2026-09-07T23:36:00-03:00,HEMACIAS,-8.28467,-35.96998,3.7
967,2026-09-08T00:49:00-03:00,PLAQUETAS,-8.04882,-34.87649,22.0
967,2026-09-08T00:54:00-03:00,PLAQUETAS,-8.05639,-34.89316,22.8
967,2026-09-08T00:59:00-03:00,PLAQUETAS,-8.06286,-34.90737,22.6
967,2026-09-08T01:04:00-03:00,PLAQUETAS,-8.07045,-34.92551,22.8
967,2026-09-08T01:09:00-03:00,PLAQUETAS,-8.07809,-34.94164,23.0
967,2026-09-08T01:14:00-03:00,PLAQUETAS,-8.08455,-34.95793,22.4
967,2026-09-08T01:19:00-03:00,PLAQUETAS,-8.09259,-34.97374,22.0
967,2026-09-08T01:24:00-03:00,PLAQUETAS,-8.10057,-34.98867,22.3
967,2026-09-08T01:29:00-03:00,PLAQUETAS,-8.10805,-35.00515,23.2
968,2026-09-07T21:17:00-03:00,PLASMA,-8.04633,-34.87601,-30.2
968,2026-09-07T21:22:00-03:00,PLASMA,-8.05595,-34.89290,-29.5
968,2026-09-07T21:27:00-03:00,PLASMA,-8.06205,-34.90800,-31.1
968,2026-09-07T21:32:00-03:00,PLASMA,-8.06940,-34.92514,-28.2
968,2026-09-07T21:37:00-03:00,PLASMA,-8.07737,-34.93943,-29.2
968,2026-09-07T21:42:00-03:00,PLASMA,-8.08480,-34.95552,-28.9
968,2026-09-07T21:47:00-03:00,PLASMA,-8.09328,-34.97001,-29.0
968,2026-09-07T21:52:00-03:00,PLASMA,-8.09858,-34.98712,-31.1
968,2026-09-07T21:57:00-03:00,PLASMA,-8.10719,-35.00322,-28.5
970,2026-09-08T04:13:00-03:00,HEMACIAS,-8.27767,-35.98210,4.2
970,2026-09-08T04:18:00-03:00,HEMACIAS,-8.27884,-35.97748,4.0
970,2026-09-08T04:23:00-03:00,HEMACIAS,-8.28165,-35.97326,3.9
970,2026-09-08T04:28:00-03:00,HEMACIAS,-8.28534,-35.97080,3.2
971,2026-09-08T16:44:00-03:00,HEMACIAS,-8.27575,-35.98126,3.9
971,2026-09-08T16:49:00-03:00,HEMACIAS,-8.27311,-35.96778,4.0
971,2026-09-08T16:54:00-03:00,HEMACIAS,-8.27270,-35.95146,4.3
971,2026-09-08T16:59:00-03:00,HEMACIAS,-8.26856,-35.93450,4.2
971,2026-09-08T17:04:00-03:00,HEMACIAS,-8.26419,-35.91683,4.5
971,2026-09-08T17:09:00-03:00,HEMACIAS,-8.26129,-35.90151,4.0
971,2026-09-08T17:14:00-03:00,HEMACIAS,-8.25753,-35.88478,3.8
971,2026-09-08T17:19:00-03:00,HEMACIAS,-8.25603,-35.86787,4.8
971,2026-09-08T17:24:00-03:00,HEMACIAS,-8.25416,-35.85413,4.6
971,2026-09-08T17:29:00-03:00,HEMACIAS,-8.25039,-35.83783,4.5
971,2026-09-08T17:34:00-03:00,HEMACIAS,-8.24700,-35.82233,4.1
971,2026-09-08T17:39:00-03:00,HEMACIAS,-8.24570,-35.80625,3.6
971,2026-09-08T17:44:00-03:00,HEMACIAS,-8.24233,-35.78901,3.3
971,2026-09-08T17:49:00-03:00,HEMACIAS,-8.24051,-35.77221,3.7
971,2026-09-08T17:54:00-03:00,HEMACIAS,-8.23513,-35.75755,3.7
971,2026-09-08T17:59:00-03:00,HEMACIAS,-8.23332,-35.74047,3.9
971,2026-09-08T18:04:00-03:00,HEMACIAS,-8.22986,-35.72487,3.7
971,2026-09-08T18:09:00-03:00,HEMACIAS,-8.22748,-35.70895,3.6
971,2026-09-08T18:14:00-03:00,HEMACIAS,-8.22538,-35.69293,4.0
971,2026-09-08T18:19:00-03:00,HEMACIAS,-8.22192,-35.67637,4.0
971,2026-09-08T18:24:00-03:00,HEMACIAS,-8.21702,-35.66100,3.6
971,2026-09-08T18:29:00-03:00,HEMACIAS,-8.21456,-35.64668,4.0
971,2026-09-08T18:34:00-03:00,HEMACIAS,-8.21277,-35.63154,3.9
971,2026-09-08T18:39:00-03:00,HEMACIAS,-8.20703,-35.61459,3.7
971,2026-09-08T18:44:00-03:00,HEMACIAS,-8.20739,-35.59586,3.7
971,2026-09-08T18:49:00-03:00,HEMACIAS,-8.20406,-35.57963,4.2
971,2026-09-08T18:54:00-03:00,HEMACIAS,-8.20106,-35.56602,4.5
972,2026-09-08T07:58:00-03:00,PLAQUETAS,-8.04932,-34.87610,22.0
972,2026-09-08T08:03:00-03:00,PLAQUETAS,-8.05458,-34.89264,21.9
972,2026-09-08T08:08:00-03:00,PLAQUETAS,-8.06166,-34.90894,22.0
972,2026-09-08T08:13:00-03:00,PLAQUETAS,-8.07092,-34.92563,22.1
972,2026-09-08T08:18:00-03:00,PLAQUETAS,-8.07823,-34.94109,21.9
972,2026-09-08T08:23:00-03:00,PLAQUETAS,-8.08393,-34.95741,22.4
972,2026-09-08T08:28:00-03:00,PLAQUETAS,-8.09328,-34.97201,21.2
972,2026-09-08T08:33:00-03:00,PLAQUETAS,-8.10184,-34.98929,21.8
972,2026-09-08T08:38:00-03:00,PLAQUETAS,-8.10756,-35.00562,21.8
973,2026-09-08T15:37:00-03:00,PLAQUETAS,-8.04764,-34.87849,21.5
973,2026-09-08T15:42:00-03:00,PLAQUETAS,-8.05724,-34.89950,21.8
973,2026-09-08T15:47:00-03:00,PLAQUETAS,-8.06832,-34.92177,21.7
973,2026-09-08T15:52:00-03:00,PLAQUETAS,-8.07932,-34.94331,21.5
973,2026-09-08T15:57:00-03:00,PLAQUETAS,-8.08748,-34.96686,21.7
973,2026-09-08T16:02:00-03:00,PLAQUETAS,-8.10040,-34.98861,22.4
973,2026-09-08T16:07:00-03:00,PLAQUETAS,-8.11034,-35.00939,22.4
974,2026-09-08T16:11:00-03:00,HEMACIAS,-8.27574,-35.98260,4.3
974,2026-09-08T16:16:00-03:00,HEMACIAS,-8.27916,-35.97741,3.6
974,2026-09-08T16:21:00-03:00,HEMACIAS,-8.28264,-35.97154,3.8
975,2026-09-09T01:48:00-03:00,PLASMA,-8.04775,-34.87713,-31.4
975,2026-09-09T01:53:00-03:00,PLASMA,-8.05034,-34.88188,-32.5
975,2026-09-09T01:58:00-03:00,PLASMA,-8.05452,-34.88660,-31.3
975,2026-09-09T02:03:00-03:00,PLASMA,-8.05865,-34.89211,-30.4
975,2026-09-09T02:08:00-03:00,PLASMA,-8.05940,-34.89638,-29.2
976,2026-09-08T22:54:00-03:00,HEMACIAS,-8.04845,-34.87905,3.8
976,2026-09-08T22:59:00-03:00,HEMACIAS,-8.04968,-34.88142,3.7
976,2026-09-08T23:04:00-03:00,HEMACIAS,-8.05020,-34.88387,4.2
976,2026-09-08T23:09:00-03:00,HEMACIAS,-8.05354,-34.88516,4.2
977,2026-09-09T00:36:00-03:00,HEMACIAS,-8.04682,-34.87759,4.2
977,2026-09-09T00:41:00-03:00,HEMACIAS,-8.05372,-34.88454,4.6
977,2026-09-09T00:46:00-03:00,HEMACIAS,-8.05901,-34.89361,4.9
978,2026-09-09T02:44:00-03:00,HEMACIAS,-8.04826,-34.87539,4.2
978,2026-09-09T02:49:00-03:00,HEMACIAS,-8.04956,-34.88213,4.7
978,2026-09-09T02:54:00-03:00,HEMACIAS,-8.05168,-34.88473,4.7
978,2026-09-09T02:59:00-03:00,HEMACIAS,-8.05238,-34.88729,4.1
978,2026-09-09T03:04:00-03:00,HEMACIAS,-8.05403,-34.89259,4.0
978,2026-09-09T03:09:00-03:00,HEMACIAS,-8.05773,-34.89596,4.3
978,2026-09-09T03:14:00-03:00,HEMACIAS,-8.05869,-34.89929,4.5
978,2026-09-09T03:19:00-03:00,HEMACIAS,-8.06001,-34.90304,4.1
978,2026-09-09T03:24:00-03:00,HEMACIAS,-8.06155,-34.90633,4.3
978,2026-09-09T03:29:00-03:00,HEMACIAS,-8.06395,-34.91198,4.8
978,2026-09-09T03:34:00-03:00,HEMACIAS,-8.06436,-34.91513,4.5
978,2026-09-09T03:39:00-03:00,HEMACIAS,-8.06649,-34.91927,4.5
978,2026-09-09T03:44:00-03:00,HEMACIAS,-8.06978,-34.92199,5.2
978,2026-09-09T03:49:00-03:00,HEMACIAS,-8.06966,-34.92609,4.3
978,2026-09-09T03:54:00-03:00,HEMACIAS,-8.07175,-34.92917,4.1
978,2026-09-09T03:59:00-03:00,HEMACIAS,-8.07435,-34.93210,4.7
978,2026-09-09T04:04:00-03:00,HEMACIAS,-8.07621,-34.93700,4.6
978,2026-09-09T04:09:00-03:00,HEMACIAS,-8.07740,-34.94161,4.5
978,2026-09-09T04:14:00-03:00,HEMACIAS,-8.07873,-34.94414,4.6
978,2026-09-09T04:19:00-03:00,HEMACIAS,-8.08116,-34.94934,4.0
978,2026-09-09T04:24:00-03:00,HEMACIAS,-8.08393,-34.95294,3.5
978,2026-09-09T04:29:00-03:00,HEMACIAS,-8.08461,-34.95633,3.7
978,2026-09-09T04:34:00-03:00,HEMACIAS,-8.08654,-34.95925,4.2
978,2026-09-09T04:39:00-03:00,HEMACIAS,-8.08894,-34.96476,4.1
978,2026-09-09T04:44:00-03:00,HEMACIAS,-8.08980,-34.96812,4.5
978,2026-09-09T04:49:00-03:00,HEMACIAS,-8.09256,-34.97135,4.5
978,2026-09-09T04:54:00-03:00,HEMACIAS,-8.09420,-34.97566,3.9
978,2026-09-09T04:59:00-03:00,HEMACIAS,-8.09775,-34.97987,3.3
978,2026-09-09T05:04:00-03:00,HEMACIAS,-8.09760,-34.98371,3.5
978,2026-09-09T05:09:00-03:00,HEMACIAS,-8.09909,-34.98681,4.2
978,2026-09-09T05:14:00-03:00,HEMACIAS,-8.10181,-34.98959,3.7
978,2026-09-09T05:19:00-03:00,HEMACIAS,-8.10230,-34.99425,3.9
978,2026-09-09T05:24:00-03:00,HEMACIAS,-8.10458,-34.99739,3.9
978,2026-09-09T05:29:00-03:00,HEMACIAS,-8.10755,-35.00109,3.8
978,2026-09-09T05:34:00-03:00,HEMACIAS,-8.10811,-35.00416,4.1
978,2026-09-09T05:39:00-03:00,HEMACIAS,-8.11100,-35.00836,3.6
978,2026-09-09T05:44:00-03:00,HEMACIAS,-8.11075,-35.01164,3.5
979,2026-09-09T05:07:00-03:00,PLAQUETAS,-8.04697,-34.87830,22.1
979,2026-09-09T05:12:00-03:00,PLAQUETAS,-8.05448,-34.89216,21.4
979,2026-09-09T05:17:00-03:00,PLAQUETAS,-8.06092,-34.90638,21.7
979,2026-09-09T05:22:00-03:00,PLAQUETAS,-8.07023,-34.92242,21.4
979,2026-09-09T05:27:00-03:00,PLAQUETAS,-8.07622,-34.93878,21.5
979,2026-09-09T05:32:00-03:00,PLAQUETAS,-8.08250,-34.95428,21.6
979,2026-09-09T05:37:00-03:00,PLAQUETAS,-8.09137,-34.96754,21.7
979,2026-09-09T05:42:00-03:00,PLAQUETAS,-8.09748,-34.98368,21.9
979,2026-09-09T05:47:00-03:00,PLAQUETAS,-8.10429,-34.99923,21.6
979,2026-09-09T05:52:00-03:00,PLAQUETAS,-8.11288,-35.01547,21.7
980,2026-09-09T10:04:00-03:00,HEMACIAS,-8.04636,-34.87616,3.7
980,2026-09-09T10:09:00-03:00,HEMACIAS,-8.03507,-34.87737,3.4
980,2026-09-09T10:14:00-03:00,HEMACIAS,-8.02306,-34.87531,3.8
980,2026-09-09T10:19:00-03:00,HEMACIAS,-8.01211,-34.87507,3.3
980,2026-09-09T10:24:00-03:00,HEMACIAS,-7.99836,-34.87565,3.3
980,2026-09-09T10:29:00-03:00,HEMACIAS,-7.98625,-34.87508,3.7
980,2026-09-09T10:34:00-03:00,HEMACIAS,-7.97538,-34.87346,4.2
980,2026-09-09T10:39:00-03:00,HEMACIAS,-7.96182,-34.87445,4.5
980,2026-09-09T10:44:00-03:00,HEMACIAS,-7.95029,-34.87297,3.5
981,2026-09-09T05:46:00-03:00,PLAQUETAS,-8.04786,-34.87578,21.7
981,2026-09-09T05:51:00-03:00,PLAQUETAS,-8.05572,-34.89801,22.2
981,2026-09-09T05:56:00-03:00,PLAQUETAS,-8.06544,-34.91892,21.9
981,2026-09-09T06:01:00-03:00,PLAQUETAS,-8.07681,-34.93735,21.7
981,2026-09-09T06:06:00-03:00,PLAQUETAS,-8.08611,-34.95773,22.5
981,2026-09-09T06:11:00-03:00,PLAQUETAS,-8.09548,-34.97912,21.9
981,2026-09-09T06:16:00-03:00,PLAQUETAS,-8.10432,-34.99792,22.1
982,2026-09-09T05:22:00-03:00,HEMACIAS,-8.04699,-34.87678,4.2
982,2026-09-09T05:27:00-03:00,HEMACIAS,-8.05901,-34.89681,4.5
982,2026-09-09T05:32:00-03:00,HEMACIAS,-8.06814,-34.91877,4.0
982,2026-09-09T05:37:00-03:00,HEMACIAS,-8.07844,-34.93842,4.0
982,2026-09-09T05:42:00-03:00,HEMACIAS,-8.08710,-34.96172,4.5
982,2026-09-09T05:47:00-03:00,HEMACIAS,-8.09649,-34.98195,4.3
982,2026-09-09T05:52:00-03:00,HEMACIAS,-8.10739,-35.00370,4.2
983,2026-09-09T15:10:00-03:00,HEMACIAS,-8.04636,-34.87692,4.1
983,2026-09-09T15:15:00-03:00,HEMACIAS,-8.04333,-34.89120,4.1
983,2026-09-09T15:20:00-03:00,HEMACIAS,-8.03973,-34.90930,3.8
983,2026-09-09T15:25:00-03:00,HEMACIAS,-8.03840,-34.92410,3.7
983,2026-09-09T15:30:00-03:00,HEMACIAS,-8.03307,-34.93895,3.7
983,2026-09-09T15:35:00-03:00,HEMACIAS,-8.02847,-34.95607,3.9
983,2026-09-09T15:40:00-03:00,HEMACIAS,-8.02581,-34.97123,3.9
984,2026-09-09T17:02:00-03:00,HEMACIAS,-8.04779,-34.87698,4.2
984,2026-09-09T17:07:00-03:00,HEMACIAS,-8.05250,-34.89813,3.6
984,2026-09-09T17:12:00-03:00,HEMACIAS,-8.05627,-34.92232,3.6
984,2026-09-09T17:17:00-03:00,HEMACIAS,-8.06211,-34.94435,4.0
984,2026-09-09T17:22:00-03:00,HEMACIAS,-8.06766,-34.96647,4.2
984,2026-09-09T17:27:00-03:00,HEMACIAS,-8.07333,-34.98855,4.2
984,2026-09-09T17:32:00-03:00,HEMACIAS,-8.07784,-35.01226,4.0
984,2026-09-09T17:37:00-03:00,HEMACIAS,-8.08080,-35.03239,3.9
984,2026-09-09T17:42:00-03:00,HEMACIAS,-8.08755,-35.05482,4.2
984,2026-09-09T17:47:00-03:00,HEMACIAS,-8.09261,-35.07785,4.1
984,2026-09-09T17:52:00-03:00,HEMACIAS,-8.09572,-35.10114,3.9
984,2026-09-09T17:57:00-03:00,HEMACIAS,-8.10231,-35.12357,4.2
984,2026-09-09T18:02:00-03:00,HEMACIAS,-8.10557,-35.14547,4.7
984,2026-09-09T18:07:00-03:00,HEMACIAS,-8.11253,-35.16766,4.8
984,2026-09-09T18:12:00-03:00,HEMACIAS,-8.11577,-35.19073,4.8
984,2026-09-09T18:17:00-03:00,HEMACIAS,-8.12142,-35.21250,4.4
984,2026-09-09T18:22:00-03:00,HEMACIAS,-8.12599,-35.23537,3.5
984,2026-09-09T18:27:00-03:00,HEMACIAS,-8.12877,-35.25833,4.1
984,2026-09-09T18:32:00-03:00,HEMACIAS,-8.13620,-35.28030,3.7
984,2026-09-09T18:37:00-03:00,HEMACIAS,-8.14004,-35.30154,4.4
984,2026-09-09T18:42:00-03:00,HEMACIAS,-8.14508,-35.32562,4.8
984,2026-09-09T18:47:00-03:00,HEMACIAS,-8.15066,-35.34619,4.7
984,2026-09-09T18:52:00-03:00,HEMACIAS,-8.15504,-35.36823,4.3
984,2026-09-09T18:57:00-03:00,HEMACIAS,-8.15900,-35.39156,4.6
984,2026-09-09T19:02:00-03:00,HEMACIAS,-8.16484,-35.41343,4.4
984,2026-09-09T19:07:00-03:00,HEMACIAS,-8.16962,-35.43789,4.8
984,2026-09-09T19:12:00-03:00,HEMACIAS,-8.17362,-35.45976,4.4
984,2026-09-09T19:17:00-03:00,HEMACIAS,-8.17822,-35.48104,4.5
984,2026-09-09T19:22:00-03:00,HEMACIAS,-8.18490,-35.50556,4.2
984,2026-09-09T19:27:00-03:00,HEMACIAS,-8.18933,-35.52514,3.9
984,2026-09-09T19:32:00-03:00,HEMACIAS,-8.19356,-35.54812,4.1
984,2026-09-09T19:37:00-03:00,HEMACIAS,-8.19741,-35.57087,4.1
984,2026-09-09T19:42:00-03:00,HEMACIAS,-8.20362,-35.59364,4.6
984,2026-09-09T19:47:00-03:00,HEMACIAS,-8.20765,-35.61717,4.2
984,2026-09-09T19:52:00-03:00,HEMACIAS,-8.21273,-35.63757,4.8
984,2026-09-09T19:57:00-03:00,HEMACIAS,-8.21785,-35.66122,4.7
984,2026-09-09T20:02:00-03:00,HEMACIAS,-8.22136,-35.68424,4.3
984,2026-09-09T20:07:00-03:00,HEMACIAS,-8.22892,-35.70628,4.4
984,2026-09-09T20:12:00-03:00,HEMACIAS,-8.23275,-35.72698,3.9
984,2026-09-09T20:17:00-03:00,HEMACIAS,-8.23706,-35.75118,3.4
984,2026-09-09T20:22:00-03:00,HEMACIAS,-8.24135,-35.77095,3.5
984,2026-09-09T20:27:00-03:00,HEMACIAS,-8.24684,-35.79560,3.2
984,2026-09-09T20:32:00-03:00,HEMACIAS,-8.25127,-35.81711,3.7
984,2026-09-09T20:37:00-03:00,HEMACIAS,-8.25636,-35.83995,3.9
984,2026-09-09T20:42:00-03:00,HEMACIAS,-8.26054,-35.86275,4.1
984,2026-09-09T20:47:00-03:00,HEMACIAS,-8.26645,-35.88503,3.6
984,2026-09-09T20:52:00-03:00,HEMACIAS,-8.27211,-35.90640,3.8
984,2026-09-09T20:57:00-03:00,HEMACIAS,-8.27644,-35.93011,3.8
984,2026-09-09T21:02:00-03:00,HEMACIAS,-8.28076,-35.95144,4.3
985,2026-09-09T20:32:00-03:00,HEMACIAS,-8.04674,-34.87637,4.0
985,2026-09-09T20:37:00-03:00,HEMACIAS,-8.05379,-34.88651,3.9
985,2026-09-09T20:42:00-03:00,HEMACIAS,-8.06060,-34.89428,4.2
986,2026-09-09T10:39:00-03:00,CRIOPRECIPITADO,-8.04724,-34.87783,-29.9
986,2026-09-09T10:44:00-03:00,CRIOPRECIPITADO,-8.05101,-34.88204,-29.5
987,2026-09-09T11:05:00-03:00,HEMACIAS,-8.04691,-34.87733,3.6
987,2026-09-09T11:10:00-03:00,HEMACIAS,-8.05636,-34.89804,3.6
987,2026-09-09T11:15:00-03:00,HEMACIAS,-8.06692,-34.91799,3.7
987,2026-09-09T11:20:00-03:00,HEMACIAS,-8.07611,-34.93744,4.2
987,2026-09-09T11:25:00-03:00,HEMACIAS,-8.08575,-34.95704,4.6
987,2026-09-09T11:30:00-03:00,HEMACIAS,-8.09403,-34.97860,4.3
987,2026-09-09T11:35:00-03:00,HEMACIAS,-8.10332,-34.99841,4.1
989,2026-09-09T17:02:00-03:00,HEMACIAS,-8.04704,-34.87803,3.3
989,2026-09-09T17:07:00-03:00,HEMACIAS,-8.05292,-34.88296,2.8
989,2026-09-09T17:12:00-03:00,HEMACIAS,-8.05663,-34.88967,2.7
989,2026-09-09T17:17:00-03:00,HEMACIAS,-8.06027,-34.89611,2.7
990,2026-09-09T20:19:00-03:00,HEMACIAS,-8.27646,-35.98269,3.9
990,2026-09-09T20:24:00-03:00,HEMACIAS,-8.27345,-35.96504,4.5
990,2026-09-09T20:29:00-03:00,HEMACIAS,-8.26865,-35.94813,4.2
990,2026-09-09T20:34:00-03:00,HEMACIAS,-8.26715,-35.92947,4.2
990,2026-09-09T20:39:00-03:00,HEMACIAS,-8.26263,-35.91325,4.3
990,2026-09-09T20:44:00-03:00,HEMACIAS,-8.26094,-35.89496,4.3
990,2026-09-09T20:49:00-03:00,HEMACIAS,-8.25893,-35.87772,4.4
990,2026-09-09T20:54:00-03:00,HEMACIAS,-8.25528,-35.86065,4.8
990,2026-09-09T20:59:00-03:00,HEMACIAS,-8.25280,-35.84206,4.1
990,2026-09-09T21:04:00-03:00,HEMACIAS,-8.25114,-35.82604,4.0
990,2026-09-09T21:09:00-03:00,HEMACIAS,-8.24517,-35.80884,3.6
990,2026-09-09T21:14:00-03:00,HEMACIAS,-8.24375,-35.79019,3.8
990,2026-09-09T21:19:00-03:00,HEMACIAS,-8.24103,-35.77410,4.0
990,2026-09-09T21:24:00-03:00,HEMACIAS,-8.23707,-35.75563,4.0
990,2026-09-09T21:29:00-03:00,HEMACIAS,-8.23567,-35.73895,3.9
990,2026-09-09T21:34:00-03:00,HEMACIAS,-8.23093,-35.72268,4.0
990,2026-09-09T21:39:00-03:00,HEMACIAS,-8.22887,-35.70501,4.1
990,2026-09-09T21:44:00-03:00,HEMACIAS,-8.22561,-35.68656,3.5
990,2026-09-09T21:49:00-03:00,HEMACIAS,-8.22343,-35.66968,3.7
990,2026-09-09T21:54:00-03:00,HEMACIAS,-8.21948,-35.65184,3.8
990,2026-09-09T21:59:00-03:00,HEMACIAS,-8.21775,-35.63521,3.8
990,2026-09-09T22:04:00-03:00,HEMACIAS,-8.21405,-35.61779,4.1
990,2026-09-09T22:09:00-03:00,HEMACIAS,-8.21219,-35.60018,4.0
990,2026-09-09T22:14:00-03:00,HEMACIAS,-8.20852,-35.58246,3.9
990,2026-09-09T22:19:00-03:00,HEMACIAS,-8.20478,-35.56610,4.1
990,2026-09-09T22:24:00-03:00,HEMACIAS,-8.20409,-35.54786,3.7
990,2026-09-09T22:29:00-03:00,HEMACIAS,-8.19954,-35.53024,4.6
990,2026-09-09T22:34:00-03:00,HEMACIAS,-8.19698,-35.51489,4.9
990,2026-09-09T22:39:00-03:00,HEMACIAS,-8.19509,-35.49600,4.5
990,2026-09-09T22:44:00-03:00,HEMACIAS,-8.18988,-35.47862,4.6
990,2026-09-09T22:49:00-03:00,HEMACIAS,-8.18869,-35.46257,4.6
990,2026-09-09T22:54:00-03:00,HEMACIAS,-8.18485,-35.44471,4.0
990,2026-09-09T22:59:00-03:00,HEMACIAS,-8.18235,-35.42659,3.9
990,2026-09-09T23:04:00-03:00,HEMACIAS,-8.18029,-35.40802,4.1
990,2026-09-09T23:09:00-03:00,HEMACIAS,-8.17660,-35.39290,3.7
990,2026-09-09T23:14:00-03:00,HEMACIAS,-8.17330,-35.37538,3.6
990,2026-09-09T23:19:00-03:00,HEMACIAS,-8.17025,-35.35815,4.0
990,2026-09-09T23:24:00-03:00,HEMACIAS,-8.16837,-35.33960,4.3
990,2026-09-09T23:29:00-03:00,HEMACIAS,-8.16410,-35.32290,4.5
990,2026-09-09T23:34:00-03:00,HEMACIAS,-8.16197,-35.30545,4.5
990,2026-09-09T23:39:00-03:00,HEMACIAS,-8.15972,-35.28885,4.0
990,2026-09-09T23:44:00-03:00,HEMACIAS,-8.15592,-35.27178,3.9
990,2026-09-09T23:49:00-03:00,HEMACIAS,-8.15365,-35.25426,3.9
990,2026-09-09T23:54:00-03:00,HEMACIAS,-8.14829,-35.23665,3.5
990,2026-09-09T23:59:00-03:00,HEMACIAS,-8.14690,-35.21958,3.6
990,2026-09-10T00:04:00-03:00,HEMACIAS,-8.14359,-35.20112,3.9
990,2026-09-10T00:09:00-03:00,HEMACIAS,-8.14187,-35.18524,3.5
990,2026-09-10T00:14:00-03:00,HEMACIAS,-8.13852,-35.16855,3.9
990,2026-09-10T00:19:00-03:00,HEMACIAS,-8.13486,-35.15069,4.2
990,2026-09-10T00:24:00-03:00,HEMACIAS,-8.13318,-35.13216,4.2
990,2026-09-10T00:29:00-03:00,HEMACIAS,-8.12784,-35.11533,4.3
990,2026-09-10T00:34:00-03:00,HEMACIAS,-8.12703,-35.09852,5.1
990,2026-09-10T00:39:00-03:00,HEMACIAS,-8.12388,-35.08103,4.5
990,2026-09-10T00:44:00-03:00,HEMACIAS,-8.12249,-35.06239,4.4
990,2026-09-10T00:49:00-03:00,HEMACIAS,-8.11773,-35.04697,4.2
990,2026-09-10T00:54:00-03:00,HEMACIAS,-8.11606,-35.02902,3.3
991,2026-09-09T17:55:00-03:00,HEMACIAS,-8.27479,-35.98174,3.9
991,2026-09-09T18:00:00-03:00,HEMACIAS,-8.27985,-35.97593,3.8
991,2026-09-09T18:05:00-03:00,HEMACIAS,-8.28467,-35.97029,3.7
992,2026-09-09T15:17:00-03:00,PLAQUETAS,-8.04721,-34.87630,21.8
992,2026-09-09T15:22:00-03:00,PLAQUETAS,-8.05158,-34.88076,22.1
992,2026-09-09T15:27:00-03:00,PLAQUETAS,-8.05276,-34.88386,21.8
993,2026-09-09T20:10:00-03:00,PLASMA,-8.04777,-34.87752,-31.2
993,2026-09-09T20:15:00-03:00,PLASMA,-8.05486,-34.88714,-31.1
993,2026-09-09T20:20:00-03:00,PLASMA,-8.06148,-34.89764,-29.5
994,2026-09-09T18:49:00-03:00,HEMACIAS,-8.04776,-34.87774,3.4
994,2026-09-09T18:54:00-03:00,HEMACIAS,-8.05297,-34.88427,3.3
994,2026-09-09T18:59:00-03:00,HEMACIAS,-8.05643,-34.89161,3.8
994,2026-09-09T19:04:00-03:00,HEMACIAS,-8.06392,-34.89951,4.0
995,2026-09-10T00:41:00-03:00,HEMACIAS,-8.27555,-35.98119,4.0
995,2026-09-10T00:46:00-03:00,HEMACIAS,-8.27187,-35.95955,4.0
995,2026-09-10T00:51:00-03:00,HEMACIAS,-8.26608,-35.93650,3.5
995,2026-09-10T00:56:00-03:00,HEMACIAS,-8.26381,-35.91530,3.4
995,2026-09-10T01:01:00-03:00,HEMACIAS,-8.25800,-35.89409,3.7
995,2026-09-10T01:06:00-03:00,HEMACIAS,-8.25216,-35.87105,3.8
995,2026-09-10T01:11:00-03:00,HEMACIAS,-8.24952,-35.84854,4.6
995,2026-09-10T01:16:00-03:00,HEMACIAS,-8.24463,-35.82725,4.7
995,2026-09-10T01:21:00-03:00,HEMACIAS,-8.24011,-35.80541,4.6
995,2026-09-10T01:26:00-03:00,HEMACIAS,-8.23515,-35.78082,4.0
995,2026-09-10T01:31:00-03:00,HEMACIAS,-8.22952,-35.76029,3.6
995,2026-09-10T01:36:00-03:00,HEMACIAS,-8.22667,-35.73926,3.5
995,2026-09-10T01:41:00-03:00,HEMACIAS,-8.22362,-35.71767,3.4
995,2026-09-10T01:46:00-03:00,HEMACIAS,-8.21818,-35.69419,3.4
995,2026-09-10T01:51:00-03:00,HEMACIAS,-8.21488,-35.67327,3.7
995,2026-09-10T01:56:00-03:00,HEMACIAS,-8.20929,-35.64987,3.8
995,2026-09-10T02:01:00-03:00,HEMACIAS,-8.20459,-35.62880,4.0
995,2026-09-10T02:06:00-03:00,HEMACIAS,-8.19900,-35.60567,3.7
995,2026-09-10T02:11:00-03:00,HEMACIAS,-8.19594,-35.58414,4.0
995,2026-09-10T02:16:00-03:00,HEMACIAS,-8.19049,-35.56155,4.4
995,2026-09-10T02:21:00-03:00,HEMACIAS,-8.18699,-35.54023,4.9
995,2026-09-10T02:26:00-03:00,HEMACIAS,-8.18126,-35.51638,4.4
995,2026-09-10T02:31:00-03:00,HEMACIAS,-8.17712,-35.49499,4.1
995,2026-09-10T02:36:00-03:00,HEMACIAS,-8.17277,-35.47186,4.5
995,2026-09-10T02:41:00-03:00,HEMACIAS,-8.17003,-35.45202,4.6
995,2026-09-10T02:46:00-03:00,HEMACIAS,-8.16219,-35.42776,4.2
995,2026-09-10T02:51:00-03:00,HEMACIAS,-8.16137,-35.40533,4.0
995,2026-09-10T02:56:00-03:00,HEMACIAS,-8.15628,-35.38509,3.5
995,2026-09-10T03:01:00-03:00,HEMACIAS,-8.14930,-35.36252,4.3
995,2026-09-10T03:06:00-03:00,HEMACIAS,-8.14701,-35.34081,4.5
995,2026-09-10T03:11:00-03:00,HEMACIAS,-8.14059,-35.31867,4.4
995,2026-09-10T03:16:00-03:00,HEMACIAS,-8.13751,-35.29526,4.5
995,2026-09-10T03:21:00-03:00,HEMACIAS,-8.13212,-35.27397,4.3
995,2026-09-10T03:26:00-03:00,HEMACIAS,-8.12911,-35.25205,4.5
995,2026-09-10T03:31:00-03:00,HEMACIAS,-8.12476,-35.22919,4.1
995,2026-09-10T03:36:00-03:00,HEMACIAS,-8.11963,-35.20815,4.7
995,2026-09-10T03:41:00-03:00,HEMACIAS,-8.11576,-35.18515,4.5
995,2026-09-10T03:46:00-03:00,HEMACIAS,-8.11073,-35.16234,4.8
995,2026-09-10T03:51:00-03:00,HEMACIAS,-8.10471,-35.14218,4.8
995,2026-09-10T03:56:00-03:00,HEMACIAS,-8.10190,-35.11983,4.8
995,2026-09-10T04:01:00-03:00,HEMACIAS,-8.09671,-35.09635,4.4
995,2026-09-10T04:06:00-03:00,HEMACIAS,-8.09306,-35.07503,4.3
995,2026-09-10T04:11:00-03:00,HEMACIAS,-8.08647,-35.05423,4.0
995,2026-09-10T04:16:00-03:00,HEMACIAS,-8.08374,-35.03167,4.6
995,2026-09-10T04:21:00-03:00,HEMACIAS,-8.07958,-35.00985,4.2
995,2026-09-10T04:26:00-03:00,HEMACIAS,-8.07468,-34.98618,4.2
995,2026-09-10T04:31:00-03:00,HEMACIAS,-8.06933,-34.96318,4.3
995,2026-09-10T04:36:00-03:00,HEMACIAS,-8.06485,-34.94262,4.3
995,2026-09-10T04:41:00-03:00,HEMACIAS,-8.06134,-34.92061,4.2
995,2026-09-10T04:46:00-03:00,HEMACIAS,-8.05706,-34.89769,3.8
996,2026-09-10T00:47:00-03:00,PLASMA,-8.04766,-34.87756,-30.9
996,2026-09-10T00:52:00-03:00,PLASMA,-8.05679,-34.89458,-31.1
996,2026-09-10T00:57:00-03:00,PLASMA,-8.06316,-34.91273,-29.4
996,2026-09-10T01:02:00-03:00,PLASMA,-8.07099,-34.92979,-29.1
996,2026-09-10T01:07:00-03:00,PLASMA,-8.08115,-34.94703,-28.4
996,2026-09-10T01:12:00-03:00,PLASMA,-8.08883,-34.96602,-27.6
996,2026-09-10T01:17:00-03:00,PLASMA,-8.09953,-34.98389,-28.3
996,2026-09-10T01:22:00-03:00,PLASMA,-8.10592,-35.00069,-29.8
997,2026-09-10T06:34:00-03:00,PLASMA,-8.04785,-34.87781,-31.3
997,2026-09-10T06:39:00-03:00,PLASMA,-8.05430,-34.88691,-29.4
997,2026-09-10T06:44:00-03:00,PLASMA,-8.06034,-34.89601,-30.1
998,2026-09-10T11:02:00-03:00,PLAQUETAS,-8.04771,-34.87735,21.6
998,2026-09-10T11:07:00-03:00,PLAQUETAS,-8.02975,-34.87562,21.8
998,2026-09-10T11:12:00-03:00,PLAQUETAS,-8.01538,-34.87492,21.7
998,2026-09-10T11:17:00-03:00,PLAQUETAS,-7.99853,-34.87530,21.8
998,2026-09-10T11:22:00-03:00,PLAQUETAS,-7.98237,-34.87492,22.0
998,2026-09-10T11:27:00-03:00,PLAQUETAS,-7.96602,-34.87356,21.6
998,2026-09-10T11:32:00-03:00,PLAQUETAS,-7.95070,-34.87393,22.1
999,2026-09-10T09:21:00-03:00,PLASMA,-8.04729,-34.87818,-30.4
999,2026-09-10T09:26:00-03:00,PLASMA,-8.04451,-34.89430,-31.6
999,2026-09-10T09:31:00-03:00,PLASMA,-8.03809,-34.90938,-31.6
999,2026-09-10T09:36:00-03:00,PLASMA,-8.03627,-34.92482,-30.9
999,2026-09-10T09:41:00-03:00,PLASMA,-8.03255,-34.94074,-31.7
999,2026-09-10T09:46:00-03:00,PLASMA,-8.02864,-34.95692,-31.2
999,2026-09-10T09:51:00-03:00,PLASMA,-8.02431,-34.97054,-30.4
1000,2026-09-10T09:41:00-03:00,HEMACIAS,-8.04753,-34.87711,4.4
1000,2026-09-10T09:46:00-03:00,HEMACIAS,-8.04198,-34.89601,4.1
1000,2026-09-10T09:51:00-03:00,HEMACIAS,-8.03948,-34.91506,4.4
1000,2026-09-10T09:56:00-03:00,HEMACIAS,-8.03212,-34.93513,4.2
1000,2026-09-10T10:01:00-03:00,HEMACIAS,-8.02999,-34.95394,4.8
1000,2026-09-10T10:06:00-03:00,HEMACIAS,-8.02486,-34.97395,4.5
1001,2026-09-10T09:04:00-03:00,PLAQUETAS,-8.27575,-35.98003,21.2
1001,2026-09-10T09:09:00-03:00,PLAQUETAS,-8.27357,-35.96277,22.2
1001,2026-09-10T09:14:00-03:00,PLAQUETAS,-8.26894,-35.94404,22.9
1001,2026-09-10T09:19:00-03:00,PLAQUETAS,-8.26578,-35.92459,22.4
1001,2026-09-10T09:24:00-03:00,PLAQUETAS,-8.26174,-35.90458,22.5
1001,2026-09-10T09:29:00-03:00,PLAQUETAS,-8.25898,-35.88504,22.1
1001,2026-09-10T09:34:00-03:00,PLAQUETAS,-8.25486,-35.86750,22.3
1001,2026-09-10T09:39:00-03:00,PLAQUETAS,-8.25342,-35.84660,22.4
1001,2026-09-10T09:44:00-03:00,PLAQUETAS,-8.24670,-35.82689,22.8
1001,2026-09-10T09:49:00-03:00,PLAQUETAS,-8.24529,-35.80919,22.7
1001,2026-09-10T09:54:00-03:00,PLAQUETAS,-8.24138,-35.78839,22.9
1001,2026-09-10T09:59:00-03:00,PLAQUETAS,-8.23927,-35.76856,22.2
1001,2026-09-10T10:04:00-03:00,PLAQUETAS,-8.23538,-35.74907,22.2
1001,2026-09-10T10:09:00-03:00,PLAQUETAS,-8.23131,-35.72960,22.5
1001,2026-09-10T10:14:00-03:00,PLAQUETAS,-8.22813,-35.71341,22.1
1001,2026-09-10T10:19:00-03:00,PLAQUETAS,-8.22317,-35.69320,22.7
1001,2026-09-10T10:24:00-03:00,PLAQUETAS,-8.21999,-35.67347,22.6
1001,2026-09-10T10:29:00-03:00,PLAQUETAS,-8.21734,-35.65341,21.7
1001,2026-09-10T10:34:00-03:00,PLAQUETAS,-8.21470,-35.63487,21.8
1001,2026-09-10T10:39:00-03:00,PLAQUETAS,-8.20930,-35.61665,21.9
1001,2026-09-10T10:44:00-03:00,PLAQUETAS,-8.20561,-35.59608,21.9
1001,2026-09-10T10:49:00-03:00,PLAQUETAS,-8.20390,-35.57628,22.1
1002,2026-09-10T15:53:00-03:00,HEMACIAS,-8.27521,-35.98185,4.1
1002,2026-09-10T15:58:00-03:00,HEMACIAS,-8.27717,-35.98144,4.3
1002,2026-09-10T16:03:00-03:00,HEMACIAS,-8.27756,-35.98160,3.5
1002,2026-09-10T16:08:00-03:00,HEMACIAS,-8.27719,-35.97984,4.1
1002,2026-09-10T16:13:00-03:00,HEMACIAS,-8.27534,-35.98085,4.1
1002,2026-09-10T16:18:00-03:00,HEMACIAS,-8.27846,-35.97914,4.3
1002,2026-09-10T16:23:00-03:00,HEMACIAS,-8.27711,-35.98013,3.7
1002,2026-09-10T16:28:00-03:00,HEMACIAS,-8.27863,-35.97872,3.9
1002,2026-09-10T16:33:00-03:00,HEMACIAS,-8.27701,-35.97977,3.7
1002,2026-09-10T16:38:00-03:00,HEMACIAS,-8.27917,-35.97809,2.9
1002,2026-09-10T16:43:00-03:00,HEMACIAS,-8.27982,-35.97853,3.1
1002,2026-09-10T16:48:00-03:00,HEMACIAS,-8.27965,-35.97797,3.6
1002,2026-09-10T16:53:00-03:00,HEMACIAS,-8.27963,-35.97715,3.6
1002,2026-09-10T16:58:00-03:00,HEMACIAS,-8.28018,-35.97659,4.2
1002,2026-09-10T17:03:00-03:00,HEMACIAS,-8.27984,-35.97673,4.7
1002,2026-09-10T17:08:00-03:00,HEMACIAS,-8.27909,-35.97407,4.3
1002,2026-09-10T17:13:00-03:00,HEMACIAS,-8.28148,-35.97507,3.8
1002,2026-09-10T17:18:00-03:00,HEMACIAS,-8.28110,-35.97361,4.2
1002,2026-09-10T17:23:00-03:00,HEMACIAS,-8.28239,-35.97420,4.3
1002,2026-09-10T17:28:00-03:00,HEMACIAS,-8.28076,-35.97433,4.0
1002,2026-09-10T17:33:00-03:00,HEMACIAS,-8.28163,-35.97427,3.8
1002,2026-09-10T17:38:00-03:00,HEMACIAS,-8.28275,-35.97403,4.0
1002,2026-09-10T17:43:00-03:00,HEMACIAS,-8.28315,-35.97303,4.6
1002,2026-09-10T17:48:00-03:00,HEMACIAS,-8.28508,-35.97320,4.1
1002,2026-09-10T17:53:00-03:00,HEMACIAS,-8.28513,-35.97315,4.2
1002,2026-09-10T17:58:00-03:00,HEMACIAS,-8.28327,-35.97181,3.8
1002,2026-09-10T18:03:00-03:00,HEMACIAS,-8.28455,-35.97101,3.2
1002,2026-09-10T18:08:00-03:00,HEMACIAS,-8.28598,-35.97126,3.4
1002,2026-09-10T18:13:00-03:00,HEMACIAS,-8.28482,-35.96865,3.3
1002,2026-09-10T18:18:00-03:00,HEMACIAS,-8.28496,-35.96955,2.8
1003,2026-09-10T20:05:00-03:00,PLASMA,-8.27648,-35.98166,-31.1
1003,2026-09-10T20:10:00-03:00,PLASMA,-8.27208,-35.96822,-28.7
1003,2026-09-10T20:15:00-03:00,PLASMA,-8.26836,-35.95708,-28.8
1003,2026-09-10T20:20:00-03:00,PLASMA,-8.26384,-35.94295,-30.1
1003,2026-09-10T20:25:00-03:00,PLASMA,-8.26115,-35.92849,-30.0
1003,2026-09-10T20:30:00-03:00,PLASMA,-8.25650,-35.91546,-30.2
1003,2026-09-10T20:35:00-03:00,PLASMA,-8.25145,-35.90159,-31.5
1003,2026-09-10T20:40:00-03:00,PLASMA,-8.24780,-35.89038,-33.2
1003,2026-09-10T20:45:00-03:00,PLASMA,-8.24412,-35.87707,-33.5
1003,2026-09-10T20:50:00-03:00,PLASMA,-8.24004,-35.86202,-31.0
1003,2026-09-10T20:55:00-03:00,PLASMA,-8.23564,-35.84944,-30.5
1003,2026-09-10T21:00:00-03:00,PLASMA,-8.23276,-35.83737,-31.0
1003,2026-09-10T21:05:00-03:00,PLASMA,-8.22823,-35.82427,-32.1
1003,2026-09-10T21:10:00-03:00,PLASMA,-8.22404,-35.81067,-30.8
1003,2026-09-10T21:15:00-03:00,PLASMA,-8.21987,-35.79816,-31.0
1003,2026-09-10T21:20:00-03:00,PLASMA,-8.21702,-35.78516,-30.6
1003,2026-09-10T21:25:00-03:00,PLASMA,-8.21285,-35.77128,-32.2
1003,2026-09-10T21:30:00-03:00,PLASMA,-8.20872,-35.75686,-30.6
1003,2026-09-10T21:35:00-03:00,PLASMA,-8.20497,-35.74450,-31.7
1003,2026-09-10T21:40:00-03:00,PLASMA,-8.20012,-35.73056,-30.5
1003,2026-09-10T21:45:00-03:00,PLASMA,-8.19510,-35.72085,-28.3
1003,2026-09-10T21:50:00-03:00,PLASMA,-8.19204,-35.70421,-30.1
1003,2026-09-10T21:55:00-03:00,PLASMA,-8.18804,-35.69210,-28.8
1003,2026-09-10T22:00:00-03:00,PLASMA,-8.18439,-35.67837,-28.8
1003,2026-09-10T22:05:00-03:00,PLASMA,-8.18017,-35.66699,-29.4
1003,2026-09-10T22:10:00-03:00,PLASMA,-8.17610,-35.65231,-27.7
1003,2026-09-10T22:15:00-03:00,PLASMA,-8.17255,-35.64149,-28.4
1003,2026-09-10T22:20:00-03:00,PLASMA,-8.16748,-35.62673,-29.7
1003,2026-09-10T22:25:00-03:00,PLASMA,-8.16549,-35.61296,-30.8
1003,2026-09-10T22:30:00-03:00,PLASMA,-8.16053,-35.60085,-31.5
1003,2026-09-10T22:35:00-03:00,PLASMA,-8.15766,-35.58791,-29.3
1003,2026-09-10T22:40:00-03:00,PLASMA,-8.15288,-35.57478,-30.8
1003,2026-09-10T22:45:00-03:00,PLASMA,-8.14917,-35.55967,-30.9
1003,2026-09-10T22:50:00-03:00,PLASMA,-8.14464,-35.54920,-30.6
1003,2026-09-10T22:55:00-03:00,PLASMA,-8.14004,-35.53561,-29.8
1003,2026-09-10T23:00:00-03:00,PLASMA,-8.13674,-35.52151,-31.6
1003,2026-09-10T23:05:00-03:00,PLASMA,-8.13349,-35.50931,-30.9
1003,2026-09-10T23:10:00-03:00,PLASMA,-8.12891,-35.49486,-30.2
1003,2026-09-10T23:15:00-03:00,PLASMA,-8.12511,-35.48298,-30.5
1003,2026-09-10T23:20:00-03:00,PLASMA,-8.12127,-35.46960,-30.4
1003,2026-09-10T23:25:00-03:00,PLASMA,-8.11591,-35.45476,-31.9
1003,2026-09-10T23:30:00-03:00,PLASMA,-8.11435,-35.44288,-31.5
1003,2026-09-10T23:35:00-03:00,PLASMA,-8.11041,-35.42945,-32.7
1003,2026-09-10T23:40:00-03:00,PLASMA,-8.10661,-35.41548,-31.6
1003,2026-09-10T23:45:00-03:00,PLASMA,-8.10174,-35.40422,-31.5
1003,2026-09-10T23:50:00-03:00,PLASMA,-8.09629,-35.39019,-31.5
1003,2026-09-10T23:55:00-03:00,PLASMA,-8.09115,-35.37918,-31.5
1003,2026-09-11T00:00:00-03:00,PLASMA,-8.08992,-35.36297,-32.3
1003,2026-09-11T00:05:00-03:00,PLASMA,-8.08523,-35.35111,-32.5
1003,2026-09-11T00:10:00-03:00,PLASMA,-8.07970,-35.33825,-30.8
1003,2026-09-11T00:15:00-03:00,PLASMA,-8.07602,-35.32504,-29.0
1003,2026-09-11T00:20:00-03:00,PLASMA,-8.07407,-35.31086,-30.7
1003,2026-09-11T00:25:00-03:00,PLASMA,-8.06931,-35.29854,-30.4
1003,2026-09-11T00:30:00-03:00,PLASMA,-8.06599,-35.28558,-28.8
1003,2026-09-11T00:35:00-03:00,PLASMA,-8.06223,-35.27132,-30.7
1003,2026-09-11T00:40:00-03:00,PLASMA,-8.05727,-35.25994,-29.7
1003,2026-09-11T00:45:00-03:00,PLASMA,-8.05480,-35.24642,-29.0
1003,2026-09-11T00:50:00-03:00,PLASMA,-8.04868,-35.23325,-28.3
1003,2026-09-11T00:55:00-03:00,PLASMA,-8.04614,-35.21860,-29.6
1003,2026-09-11T01:00:00-03:00,PLASMA,-8.04161,-35.20628,-31.4
1003,2026-09-11T01:05:00-03:00,PLASMA,-8.03680,-35.19349,-29.8
1003,2026-09-11T01:10:00-03:00,PLASMA,-8.03247,-35.18043,-30.5
1003,2026-09-11T01:15:00-03:00,PLASMA,-8.02984,-35.16694,-30.5
1003,2026-09-11T01:20:00-03:00,PLASMA,-8.02553,-35.15301,-29.9
1003,2026-09-11T01:25:00-03:00,PLASMA,-8.02176,-35.14186,-30.9
1003,2026-09-11T01:30:00-03:00,PLASMA,-8.01745,-35.12815,-31.6
1003,2026-09-11T01:35:00-03:00,PLASMA,-8.01257,-35.11314,-30.9
1003,2026-09-11T01:40:00-03:00,PLASMA,-8.00984,-35.10231,-30.9
1003,2026-09-11T01:45:00-03:00,PLASMA,-8.00619,-35.08930,-32.6
1003,2026-09-11T01:50:00-03:00,PLASMA,-8.00246,-35.07475,-31.9
1003,2026-09-11T01:55:00-03:00,PLASMA,-7.99812,-35.06098,-30.4
1003,2026-09-11T02:00:00-03:00,PLASMA,-7.99223,-35.04922,-30.5
1003,2026-09-11T02:05:00-03:00,PLASMA,-7.99002,-35.03438,-30.2
1003,2026-09-11T02:10:00-03:00,PLASMA,-7.98627,-35.02317,-29.1
1003,2026-09-11T02:15:00-03:00,PLASMA,-7.98257,-35.00966,-28.9
1003,2026-09-11T02:20:00-03:00,PLASMA,-7.97779,-34.99651,-30.6
1003,2026-09-11T02:25:00-03:00,PLASMA,-7.97380,-34.98421,-29.5
1003,2026-09-11T02:30:00-03:00,PLASMA,-7.96958,-34.97004,-29.6
1003,2026-09-11T02:35:00-03:00,PLASMA,-7.96609,-34.95629,-29.5
1003,2026-09-11T02:40:00-03:00,PLASMA,-7.96194,-34.94531,-30.4
1003,2026-09-11T02:45:00-03:00,PLASMA,-7.95956,-34.92988,-30.5
1003,2026-09-11T02:50:00-03:00,PLASMA,-7.95283,-34.91772,-30.1
1003,2026-09-11T02:55:00-03:00,PLASMA,-7.95059,-34.90372,-32.0
1003,2026-09-11T03:00:00-03:00,PLASMA,-7.94669,-34.89101,-31.7
1003,2026-09-11T03:05:00-03:00,PLASMA,-7.94248,-34.87764,-31.3
1004,2026-09-10T12:41:00-03:00,HEMACIAS,-8.04720,-34.87811,3.8
1004,2026-09-10T12:46:00-03:00,HEMACIAS,-8.05145,-34.88274,3.7
1004,2026-09-10T12:51:00-03:00,HEMACIAS,-8.05582,-34.88840,3.4
1004,2026-09-10T12:56:00-03:00,HEMACIAS,-8.05864,-34.89381,4.0
1005,2026-09-10T19:20:00-03:00,HEMACIAS,-8.04752,-34.87742,4.0
1005,2026-09-10T19:25:00-03:00,HEMACIAS,-8.05130,-34.88268,4.2
1005,2026-09-10T19:30:00-03:00,HEMACIAS,-8.05464,-34.88693,4.1
1005,2026-09-10T19:35:00-03:00,HEMACIAS,-8.05935,-34.89225,3.6
1005,2026-09-10T19:40:00-03:00,HEMACIAS,-8.06243,-34.89761,3.7
1006,2026-09-10T15:32:00-03:00,HEMACIAS,-8.04787,-34.87683,3.4
1006,2026-09-10T15:37:00-03:00,HEMACIAS,-8.04540,-34.88891,3.7
1006,2026-09-10T15:42:00-03:00,HEMACIAS,-8.04140,-34.90205,4.2
1006,2026-09-10T15:47:00-03:00,HEMACIAS,-8.03849,-34.91727,4.4
1006,2026-09-10T15:52:00-03:00,HEMACIAS,-8.03491,-34.92985,4.4
1006,2026-09-10T15:57:00-03:00,HEMACIAS,-8.03101,-34.94439,4.6
1006,2026-09-10T16:02:00-03:00,HEMACIAS,-8.02868,-34.95673,4.1
1006,2026-09-10T16:07:00-03:00,HEMACIAS,-8.02593,-34.97070,4.0
1007,2026-09-10T12:21:00-03:00,HEMACIAS,-8.04915,-34.87773,4.5
1007,2026-09-10T12:26:00-03:00,HEMACIAS,-8.04915,-34.87878,4.4
1007,2026-09-10T12:31:00-03:00,HEMACIAS,-8.05242,-34.88293,4.5
1007,2026-09-10T12:36:00-03:00,HEMACIAS,-8.05428,-34.88617,4.1
1008,2026-09-10T12:36:00-03:00,HEMACIAS,-8.04863,-34.87661,3.2
1008,2026-09-10T12:41:00-03:00,HEMACIAS,-8.05202,-34.88398,3.2
1008,2026-09-10T12:46:00-03:00,HEMACIAS,-8.05751,-34.89000,3.1
1008,2026-09-10T12:51:00-03:00,HEMACIAS,-8.06031,-34.89572,3.0
1009,2026-09-10T18:36:00-03:00,CRIOPRECIPITADO,-8.04792,-34.87803,-29.7
1009,2026-09-10T18:41:00-03:00,CRIOPRECIPITADO,-8.05146,-34.88311,-28.9
1009,2026-09-10T18:46:00-03:00,CRIOPRECIPITADO,-8.05679,-34.89026,-29.9
1009,2026-09-10T18:51:00-03:00,CRIOPRECIPITADO,-8.06134,-34.89664,-30.2
1010,2026-09-10T21:56:00-03:00,HEMACIAS,-8.04803,-34.87672,3.8
1010,2026-09-10T22:01:00-03:00,HEMACIAS,-8.04332,-34.89374,3.2
1010,2026-09-10T22:06:00-03:00,HEMACIAS,-8.04118,-34.91119,2.9
1010,2026-09-10T22:11:00-03:00,HEMACIAS,-8.03648,-34.92656,3.2
1010,2026-09-10T22:16:00-03:00,HEMACIAS,-8.03342,-34.94194,3.3
1010,2026-09-10T22:21:00-03:00,HEMACIAS,-8.02796,-34.95873,4.0
1010,2026-09-10T22:26:00-03:00,HEMACIAS,-8.02351,-34.97555,3.9
1011,2026-09-10T22:46:00-03:00,HEMACIAS,-8.27569,-35.98274,2.9
1011,2026-09-10T22:51:00-03:00,HEMACIAS,-8.27971,-35.97684,3.2
1011,2026-09-10T22:56:00-03:00,HEMACIAS,-8.28345,-35.97250,3.9
1012,2026-09-11T06:42:00-03:00,PLASMA,-8.04819,-34.87666,-28.6
1012,2026-09-11T06:47:00-03:00,PLASMA,-8.04899,-34.87727,-27.8
1012,2026-09-11T06:52:00-03:00,PLASMA,-8.05067,-34.88212,-30.3
1012,2026-09-11T06:57:00-03:00,PLASMA,-8.05305,-34.88391,-29.4
1013,2026-09-10T19:24:00-03:00,PLASMA,-8.27619,-35.98372,-27.9
1013,2026-09-10T19:29:00-03:00,PLASMA,-8.28040,-35.97611,-31.2
1013,2026-09-10T19:34:00-03:00,PLASMA,-8.28216,-35.97453,-31.2
1014,2026-09-11T00:59:00-03:00,PLASMA,-8.04730,-34.87640,-29.1
1014,2026-09-11T01:04:00-03:00,PLASMA,-8.04784,-34.87944,-29.5
1014,2026-09-11T01:09:00-03:00,PLASMA,-8.04932,-34.88118,-29.8
1014,2026-09-11T01:14:00-03:00,PLASMA,-8.05439,-34.88328,-31.1
1015,2026-09-11T05:54:00-03:00,CRIOPRECIPITADO,-8.27538,-35.98188,-28.9
1015,2026-09-11T05:59:00-03:00,CRIOPRECIPITADO,-8.27881,-35.97961,-30.6
1015,2026-09-11T06:04:00-03:00,CRIOPRECIPITADO,-8.28114,-35.97583,-29.8
1015,2026-09-11T06:09:00-03:00,CRIOPRECIPITADO,-8.28270,-35.97256,-31.2
1016,2026-09-10T18:12:00-03:00,HEMACIAS,-8.04768,-34.87750,3.9
1016,2026-09-10T18:17:00-03:00,HEMACIAS,-8.03853,-34.87641,4.3
1016,2026-09-10T18:22:00-03:00,HEMACIAS,-8.03197,-34.87640,5.0
1016,2026-09-10T18:27:00-03:00,HEMACIAS,-8.02260,-34.87634,5.2
1016,2026-09-10T18:32:00-03:00,HEMACIAS,-8.01444,-34.87512,4.5
1016,2026-09-10T18:37:00-03:00,HEMACIAS,-8.00557,-34.87595,4.2
1016,2026-09-10T18:42:00-03:00,HEMACIAS,-7.99834,-34.87513,4.2
1016,2026-09-10T18:47:00-03:00,HEMACIAS,-7.98915,-34.87445,3.8
1016,2026-09-10T18:52:00-03:00,HEMACIAS,-7.98098,-34.87583,3.9
1016,2026-09-10T18:57:00-03:00,HEMACIAS,-7.97322,-34.87294,3.1
1016,2026-09-10T19:02:00-03:00,HEMACIAS,-7.96384,-34.87319,3.7
1016,2026-09-10T19:07:00-03:00,HEMACIAS,-7.95724,-34.87315,3.1
1016,2026-09-10T19:12:00-03:00,HEMACIAS,-7.94859,-34.87464,3.1
1017,2026-09-10T18:44:00-03:00,HEMACIAS,-8.04782,-34.87667,3.7
1017,2026-09-10T18:49:00-03:00,HEMACIAS,-8.04953,-34.88020,4.3
1017,2026-09-10T18:54:00-03:00,HEMACIAS,-8.05167,-34.88187,4.0
1017,2026-09-10T18:59:00-03:00,HEMACIAS,-8.05353,-34.88547,4.1
1018,2026-09-11T05:42:00-03:00,HEMACIAS,-8.04694,-34.87753,4.2
1018,2026-09-11T05:47:00-03:00,HEMACIAS,-8.04966,-34.88055,3.7
1018,2026-09-11T05:52:00-03:00,HEMACIAS,-8.05060,-34.88310,3.6
1019,2026-09-11T01:31:00-03:00,HEMACIAS,-8.27607,-35.98136,3.9
1019,2026-09-11T01:36:00-03:00,HEMACIAS,-8.27187,-35.96082,3.6
1019,2026-09-11T01:41:00-03:00,HEMACIAS,-8.26847,-35.93719,3.9
1019,2026-09-11T01:46:00-03:00,HEMACIAS,-8.26428,-35.91740,4.0
1019,2026-09-11T01:51:00-03:00,HEMACIAS,-8.26009,-35.89374,4.5
1019,2026-09-11T01:56:00-03:00,HEMACIAS,-8.25583,-35.87119,3.9
1019,2026-09-11T02:01:00-03:00,HEMACIAS,-8.25270,-35.84977,3.7
1019,2026-09-11T02:06:00-03:00,HEMACIAS,-8.24812,-35.82764,3.8
1019,2026-09-11T02:11:00-03:00,HEMACIAS,-8.24355,-35.80655,3.9
1019,2026-09-11T02:16:00-03:00,HEMACIAS,-8.24082,-35.78416,3.5
1019,2026-09-11T02:21:00-03:00,HEMACIAS,-8.23592,-35.76338,4.1
1019,2026-09-11T02:26:00-03:00,HEMACIAS,-8.23234,-35.74128,4.8
1019,2026-09-11T02:31:00-03:00,HEMACIAS,-8.22868,-35.71722,4.5
1019,2026-09-11T02:36:00-03:00,HEMACIAS,-8.22363,-35.69761,4.3
1019,2026-09-11T02:41:00-03:00,HEMACIAS,-8.22111,-35.67501,3.5
1019,2026-09-11T02:46:00-03:00,HEMACIAS,-8.21610,-35.65197,3.6
1019,2026-09-11T02:51:00-03:00,HEMACIAS,-8.21256,-35.63076,3.9
1019,2026-09-11T02:56:00-03:00,HEMACIAS,-8.20861,-35.60930,3.4
1019,2026-09-11T03:01:00-03:00,HEMACIAS,-8.20518,-35.58558,3.1
1019,2026-09-11T03:06:00-03:00,HEMACIAS,-8.20018,-35.56533,2.9
1020,2026-09-11T00:29:00-03:00,HEMACIAS,-8.27661,-35.98244,3.8
1020,2026-09-11T00:34:00-03:00,HEMACIAS,-8.27768,-35.98092,4.5
1020,2026-09-11T00:39:00-03:00,HEMACIAS,-8.27724,-35.98106,4.7
1020,2026-09-11T00:44:00-03:00,HEMACIAS,-8.27730,-35.98108,4.9
1020,2026-09-11T00:49:00-03:00,HEMACIAS,-8.27653,-35.97988,4.1
1020,2026-09-11T00:54:00-03:00,HEMACIAS,-8.27849,-35.97833,4.2
1020,2026-09-11T00:59:00-03:00,HEMACIAS,-8.27789,-35.97789,3.7
1020,2026-09-11T01:04:00-03:00,HEMACIAS,-8.27867,-35.97827,4.2
1020,2026-09-11T01:09:00-03:00,HEMACIAS,-8.28029,-35.97723,4.3
1020,2026-09-11T01:14:00-03:00,HEMACIAS,-8.27826,-35.97682,3.8
1020,2026-09-11T01:19:00-03:00,HEMACIAS,-8.28081,-35.97692,3.5
1020,2026-09-11T01:24:00-03:00,HEMACIAS,-8.28118,-35.97586,4.0
1020,2026-09-11T01:29:00-03:00,HEMACIAS,-8.27953,-35.97535,4.3
1020,2026-09-11T01:34:00-03:00,HEMACIAS,-8.28047,-35.97441,4.4
1020,2026-09-11T01:39:00-03:00,HEMACIAS,-8.28198,-35.97453,4.6
1020,2026-09-11T01:44:00-03:00,HEMACIAS,-8.28258,-35.97399,4.5
1020,2026-09-11T01:49:00-03:00,HEMACIAS,-8.28296,-35.97363,4.5
1020,2026-09-11T01:54:00-03:00,HEMACIAS,-8.28292,-35.97250,4.2
1020,2026-09-11T01:59:00-03:00,HEMACIAS,-8.28435,-35.97325,4.3
1020,2026-09-11T02:04:00-03:00,HEMACIAS,-8.28462,-35.97156,4.4
1020,2026-09-11T02:09:00-03:00,HEMACIAS,-8.28493,-35.96920,4.2
1020,2026-09-11T02:14:00-03:00,HEMACIAS,-8.28339,-35.97260,4.6
1020,2026-09-11T02:19:00-03:00,HEMACIAS,-8.28538,-35.96907,4.9
1021,2026-09-11T10:51:00-03:00,HEMACIAS,-8.04621,-34.87726,3.7
1021,2026-09-11T10:56:00-03:00,HEMACIAS,-8.04157,-34.87185,3.6
1021,2026-09-11T11:01:00-03:00,HEMACIAS,-8.03514,-34.86802,3.4
1021,2026-09-11T11:06:00-03:00,HEMACIAS,-8.02473,-34.86630,3.4
1021,2026-09-11T11:11:00-03:00,HEMACIAS,-8.01714,-34.85895,3.7
1021,2026-09-11T11:16:00-03:00,HEMACIAS,-8.01141,-34.85572,4.1
1022,2026-09-11T04:42:00-03:00,PLAQUETAS,-8.04786,-34.87692,21.8
1022,2026-09-11T04:47:00-03:00,PLAQUETAS,-8.05178,-34.88238,22.0
1022,2026-09-11T04:52:00-03:00,PLAQUETAS,-8.05553,-34.88755,22.1
1022,2026-09-11T04:57:00-03:00,PLAQUETAS,-8.05834,-34.89367,22.1
1022,2026-09-11T05:02:00-03:00,PLAQUETAS,-8.06316,-34.89842,22.0
1023,2026-09-11T09:55:00-03:00,CRIOPRECIPITADO,-8.04696,-34.87675,-28.9
1023,2026-09-11T10:00:00-03:00,CRIOPRECIPITADO,-8.04859,-34.87884,-31.3
1023,2026-09-11T10:05:00-03:00,CRIOPRECIPITADO,-8.05136,-34.88214,-29.3
1023,2026-09-11T10:10:00-03:00,CRIOPRECIPITADO,-8.05269,-34.88583,-29.2
1024,2026-09-11T10:02:00-03:00,HEMACIAS,-8.04775,-34.87629,3.9
1024,2026-09-11T10:07:00-03:00,HEMACIAS,-8.05279,-34.88294,3.1
1024,2026-09-11T10:12:00-03:00,HEMACIAS,-8.05507,-34.88912,3.3
1024,2026-09-11T10:17:00-03:00,HEMACIAS,-8.05922,-34.89520,3.3
1025,2026-09-11T17:43:00-03:00,PLAQUETAS,-8.04764,-34.87726,21.9
1025,2026-09-11T17:48:00-03:00,PLAQUETAS,-8.05565,-34.89402,22.6
1025,2026-09-11T17:53:00-03:00,PLAQUETAS,-8.06453,-34.91277,22.2
1025,2026-09-11T17:58:00-03:00,PLAQUETAS,-8.07178,-34.92744,21.9
1025,2026-09-11T18:03:00-03:00,PLAQUETAS,-8.08082,-34.94720,22.1
1025,2026-09-11T18:08:00-03:00,PLAQUETAS,-8.08859,-34.96247,22.3
1025,2026-09-11T18:13:00-03:00,PLAQUETAS,-8.09619,-34.97979,22.0
1025,2026-09-11T18:18:00-03:00,PLAQUETAS,-8.10336,-34.99726,21.7
1025,2026-09-11T18:23:00-03:00,PLAQUETAS,-8.11253,-35.01375,22.0
1026,2026-09-11T14:10:00-03:00,HEMACIAS,-8.04700,-34.87733,4.1
1026,2026-09-11T14:15:00-03:00,HEMACIAS,-8.05157,-34.88291,4.2
1026,2026-09-11T14:20:00-03:00,HEMACIAS,-8.05772,-34.88894,3.9
1026,2026-09-11T14:25:00-03:00,HEMACIAS,-8.06079,-34.89599,4.3
1028,2026-09-11T14:16:00-03:00,HEMACIAS,-8.04702,-34.87773,4.5
1028,2026-09-11T14:21:00-03:00,HEMACIAS,-8.05325,-34.88402,3.9
1028,2026-09-11T14:26:00-03:00,HEMACIAS,-8.05873,-34.89441,4.4
1029,2026-09-12T07:27:00-03:00,HEMACIAS,-8.27596,-35.98055,3.9
1029,2026-09-12T07:32:00-03:00,HEMACIAS,-8.27166,-35.96402,4.0
1029,2026-09-12T07:37:00-03:00,HEMACIAS,-8.26981,-35.94592,4.0
1029,2026-09-12T07:42:00-03:00,HEMACIAS,-8.26381,-35.92673,4.2
1029,2026-09-12T07:47:00-03:00,HEMACIAS,-8.26229,-35.90902,3.1
1029,2026-09-12T07:52:00-03:00,HEMACIAS,-8.25809,-35.89283,3.6
1029,2026-09-12T07:57:00-03:00,HEMACIAS,-8.25404,-35.87263,3.9
1029,2026-09-12T08:02:00-03:00,HEMACIAS,-8.25213,-35.85561,4.4
1029,2026-09-12T08:07:00-03:00,HEMACIAS,-8.24839,-35.83892,5.0
1029,2026-09-12T08:12:00-03:00,HEMACIAS,-8.24587,-35.81943,4.5
1029,2026-09-12T08:17:00-03:00,HEMACIAS,-8.24169,-35.80308,3.4
1029,2026-09-12T08:22:00-03:00,HEMACIAS,-8.23719,-35.78400,3.1
1029,2026-09-12T08:27:00-03:00,HEMACIAS,-8.23470,-35.76662,3.0
1029,2026-09-12T08:32:00-03:00,HEMACIAS,-8.22982,-35.74895,3.5
1029,2026-09-12T08:37:00-03:00,HEMACIAS,-8.22627,-35.72921,3.8
1029,2026-09-12T08:42:00-03:00,HEMACIAS,-8.22198,-35.71211,4.0
1029,2026-09-12T08:47:00-03:00,HEMACIAS,-8.21942,-35.69597,4.4
1029,2026-09-12T08:52:00-03:00,HEMACIAS,-8.21492,-35.67662,3.8
1029,2026-09-12T08:57:00-03:00,HEMACIAS,-8.21280,-35.65907,4.4
1029,2026-09-12T09:02:00-03:00,HEMACIAS,-8.20795,-35.64101,4.0
1029,2026-09-12T09:07:00-03:00,HEMACIAS,-8.20525,-35.62264,4.2
1029,2026-09-12T09:12:00-03:00,HEMACIAS,-8.20277,-35.60404,4.6
1029,2026-09-12T09:17:00-03:00,HEMACIAS,-8.19737,-35.58580,4.0
1029,2026-09-12T09:22:00-03:00,HEMACIAS,-8.19519,-35.56871,3.6
1029,2026-09-12T09:27:00-03:00,HEMACIAS,-8.19253,-35.54945,4.5
1029,2026-09-12T09:32:00-03:00,HEMACIAS,-8.18704,-35.53234,4.5
1029,2026-09-12T09:37:00-03:00,HEMACIAS,-8.18452,-35.51437,4.4
1029,2026-09-12T09:42:00-03:00,HEMACIAS,-8.18072,-35.49568,3.9
1029,2026-09-12T09:47:00-03:00,HEMACIAS,-8.17725,-35.47820,3.5
1029,2026-09-12T09:52:00-03:00,HEMACIAS,-8.17388,-35.46017,3.3
1029,2026-09-12T09:57:00-03:00,HEMACIAS,-8.16987,-35.44241,3.8
1029,2026-09-12T10:02:00-03:00,HEMACIAS,-8.16577,-35.42359,4.0
1029,2026-09-12T10:07:00-03:00,HEMACIAS,-8.16254,-35.40499,4.2
1029,2026-09-12T10:12:00-03:00,HEMACIAS,-8.15941,-35.38822,3.9
1029,2026-09-12T10:17:00-03:00,HEMACIAS,-8.15565,-35.37089,4.4
1029,2026-09-12T10:22:00-03:00,HEMACIAS,-8.15262,-35.35278,4.3
1029,2026-09-12T10:27:00-03:00,HEMACIAS,-8.14874,-35.33509,4.4
1029,2026-09-12T10:32:00-03:00,HEMACIAS,-8.14457,-35.31675,4.7
1029,2026-09-12T10:37:00-03:00,HEMACIAS,-8.14169,-35.29894,4.5
1029,2026-09-12T10:42:00-03:00,HEMACIAS,-8.13902,-35.28128,4.7
1029,2026-09-12T10:47:00-03:00,HEMACIAS,-8.13493,-35.26313,4.1
1029,2026-09-12T10:52:00-03:00,HEMACIAS,-8.13043,-35.24480,4.0
1029,2026-09-12T10:57:00-03:00,HEMACIAS,-8.12825,-35.22599,4.4
1029,2026-09-12T11:02:00-03:00,HEMACIAS,-8.12477,-35.20884,4.8
1029,2026-09-12T11:07:00-03:00,HEMACIAS,-8.12038,-35.19094,4.6
1029,2026-09-12T11:12:00-03:00,HEMACIAS,-8.11613,-35.17308,4.3
1029,2026-09-12T11:17:00-03:00,HEMACIAS,-8.11452,-35.15278,4.6
1029,2026-09-12T11:22:00-03:00,HEMACIAS,-8.10982,-35.13574,4.3
1029,2026-09-12T11:27:00-03:00,HEMACIAS,-8.10747,-35.11846,3.9
1029,2026-09-12T11:32:00-03:00,HEMACIAS,-8.10269,-35.10172,4.2
1029,2026-09-12T11:37:00-03:00,HEMACIAS,-8.09881,-35.08145,4.3
1029,2026-09-12T11:42:00-03:00,HEMACIAS,-8.09516,-35.06477,3.8
1029,2026-09-12T11:47:00-03:00,HEMACIAS,-8.09126,-35.04557,3.8
1029,2026-09-12T11:52:00-03:00,HEMACIAS,-8.08767,-35.02886,3.1
1029,2026-09-12T11:57:00-03:00,HEMACIAS,-8.08477,-35.01076,3.1
1029,2026-09-12T12:02:00-03:00,HEMACIAS,-8.08148,-34.99429,3.7
1029,2026-09-12T12:07:00-03:00,HEMACIAS,-8.07780,-34.97471,3.8
1029,2026-09-12T12:12:00-03:00,HEMACIAS,-8.07477,-34.95547,4.0
1029,2026-09-12T12:17:00-03:00,HEMACIAS,-8.07027,-34.93925,4.7
1029,2026-09-12T12:22:00-03:00,HEMACIAS,-8.06871,-34.92242,4.8
1029,2026-09-12T12:27:00-03:00,HEMACIAS,-8.06435,-34.90202,4.5
1030,2026-09-11T14:46:00-03:00,HEMACIAS,-8.04766,-34.87694,3.6
1030,2026-09-11T14:51:00-03:00,HEMACIAS,-8.03412,-34.87689,3.9
1030,2026-09-11T14:56:00-03:00,HEMACIAS,-8.02143,-34.87705,4.0
1030,2026-09-11T15:01:00-03:00,HEMACIAS,-8.00679,-34.87581,4.8
1030,2026-09-11T15:06:00-03:00,HEMACIAS,-7.99470,-34.87561,5.2
1030,2026-09-11T15:11:00-03:00,HEMACIAS,-7.98255,-34.87607,4.9
1030,2026-09-11T15:16:00-03:00,HEMACIAS,-7.96898,-34.87374,4.8
1030,2026-09-11T15:21:00-03:00,HEMACIAS,-7.95563,-34.87406,4.7
1030,2026-09-11T15:26:00-03:00,HEMACIAS,-7.94383,-34.87404,4.2
1031,2026-09-11T19:33:00-03:00,HEMACIAS,-8.04807,-34.87646,4.0
1031,2026-09-11T19:38:00-03:00,HEMACIAS,-8.04009,-34.87159,4.1
1031,2026-09-11T19:43:00-03:00,HEMACIAS,-8.03150,-34.86800,4.0
1031,2026-09-11T19:48:00-03:00,HEMACIAS,-8.02373,-34.86203,4.2
1031,2026-09-11T19:53:00-03:00,HEMACIAS,-8.01322,-34.85779,5.0
1032,2026-09-11T18:47:00-03:00,HEMACIAS,-8.27568,-35.98103,3.9
1032,2026-09-11T18:52:00-03:00,HEMACIAS,-8.27978,-35.97680,3.5
1032,2026-09-11T18:57:00-03:00,HEMACIAS,-8.28185,-35.97340,3.6
1032,2026-09-11T19:02:00-03:00,HEMACIAS,-8.28602,-35.97056,3.6
1033,2026-09-12T00:03:00-03:00,HEMACIAS,-8.04796,-34.87717,4.1
1033,2026-09-12T00:08:00-03:00,HEMACIAS,-8.03336,-34.87675,4.2
1033,2026-09-12T00:13:00-03:00,HEMACIAS,-8.01780,-34.87629,4.1
1033,2026-09-12T00:18:00-03:00,HEMACIAS,-8.00503,-34.87447,8.2
1033,2026-09-12T00:23:00-03:00,HEMACIAS,-7.98982,-34.87381,8.3
1033,2026-09-12T00:28:00-03:00,HEMACIAS,-7.97615,-34.87294,7.8
1033,2026-09-12T00:33:00-03:00,HEMACIAS,-7.96049,-34.87327,7.5
1033,2026-09-12T00:38:00-03:00,HEMACIAS,-7.94762,-34.87441,7.5
1034,2026-09-11T19:19:00-03:00,HEMACIAS,-8.04722,-34.87684,3.7
1034,2026-09-11T19:24:00-03:00,HEMACIAS,-8.05589,-34.89452,3.7
1034,2026-09-11T19:29:00-03:00,HEMACIAS,-8.06343,-34.91070,3.7
1034,2026-09-11T19:34:00-03:00,HEMACIAS,-8.07199,-34.92957,3.8
1034,2026-09-11T19:39:00-03:00,HEMACIAS,-8.08049,-34.94779,3.9
1034,2026-09-11T19:44:00-03:00,HEMACIAS,-8.08824,-34.96493,9.8
1034,2026-09-11T19:49:00-03:00,HEMACIAS,-8.09785,-34.98190,9.9
1034,2026-09-11T19:54:00-03:00,HEMACIAS,-8.10615,-35.00111,9.8
1035,2026-09-12T16:30:00-03:00,CRIOPRECIPITADO,-8.04613,-34.87648,-28.8
1035,2026-09-12T16:35:00-03:00,CRIOPRECIPITADO,-8.03871,-34.87122,-29.2
1035,2026-09-12T16:40:00-03:00,CRIOPRECIPITADO,-8.02694,-34.86648,-28.0
1035,2026-09-12T16:45:00-03:00,CRIOPRECIPITADO,-8.01811,-34.85960,-27.8
1036,2026-09-12T18:51:00-03:00,HEMACIAS,-8.27655,-35.98076,4.2
1036,2026-09-12T18:56:00-03:00,HEMACIAS,-8.27145,-35.95688,4.3
1036,2026-09-12T19:01:00-03:00,HEMACIAS,-8.26713,-35.93268,3.8
1036,2026-09-12T19:06:00-03:00,HEMACIAS,-8.26265,-35.90759,3.7
1036,2026-09-12T19:11:00-03:00,HEMACIAS,-8.25803,-35.88394,3.8
1036,2026-09-12T19:16:00-03:00,HEMACIAS,-8.25391,-35.85770,3.5
1036,2026-09-12T19:21:00-03:00,HEMACIAS,-8.25048,-35.83332,3.7
1036,2026-09-12T19:26:00-03:00,HEMACIAS,-8.24476,-35.80810,3.5
1036,2026-09-12T19:31:00-03:00,HEMACIAS,-8.23966,-35.78371,3.5
1036,2026-09-12T19:36:00-03:00,HEMACIAS,-8.23539,-35.75861,3.7
1036,2026-09-12T19:41:00-03:00,HEMACIAS,-8.23187,-35.73400,3.8
1036,2026-09-12T19:46:00-03:00,HEMACIAS,-8.22732,-35.71001,3.7
1036,2026-09-12T19:51:00-03:00,HEMACIAS,-8.22304,-35.68397,3.5
1036,2026-09-12T19:56:00-03:00,HEMACIAS,-8.21847,-35.65849,3.9
1036,2026-09-12T20:01:00-03:00,HEMACIAS,-8.21343,-35.63467,3.9
1036,2026-09-12T20:06:00-03:00,HEMACIAS,-8.20809,-35.61059,4.2
1036,2026-09-12T20:11:00-03:00,HEMACIAS,-8.20497,-35.58479,4.3
1037,2026-09-12T17:18:00-03:00,HEMACIAS,-8.04687,-34.87646,4.6
1037,2026-09-12T17:23:00-03:00,HEMACIAS,-8.05888,-34.90032,4.1
1037,2026-09-12T17:28:00-03:00,HEMACIAS,-8.06867,-34.92214,3.9
1037,2026-09-12T17:33:00-03:00,HEMACIAS,-8.07897,-34.94434,4.0
1037,2026-09-12T17:38:00-03:00,HEMACIAS,-8.09059,-34.96567,4.1
1037,2026-09-12T17:43:00-03:00,HEMACIAS,-8.10140,-34.98884,4.4
1037,2026-09-12T17:48:00-03:00,HEMACIAS,-8.11190,-35.01025,4.4
1038,2026-09-12T19:41:00-03:00,HEMACIAS,-8.04708,-34.87842,4.2
1038,2026-09-12T19:46:00-03:00,HEMACIAS,-8.04591,-34.88783,4.4
1038,2026-09-12T19:51:00-03:00,HEMACIAS,-8.04219,-34.89874,4.4
1038,2026-09-12T19:56:00-03:00,HEMACIAS,-8.04032,-34.90849,4.7
1038,2026-09-12T20:01:00-03:00,HEMACIAS,-8.03924,-34.91966,4.6
1038,2026-09-12T20:06:00-03:00,HEMACIAS,-8.03468,-34.92915,4.2
1038,2026-09-12T20:11:00-03:00,HEMACIAS,-8.03133,-34.93979,3.8
1038,2026-09-12T20:16:00-03:00,HEMACIAS,-8.02920,-34.95159,3.7
1038,2026-09-12T20:21:00-03:00,HEMACIAS,-8.02695,-34.96099,3.5
1038,2026-09-12T20:26:00-03:00,HEMACIAS,-8.02423,-34.97150,3.7
1039,2026-09-13T01:31:00-03:00,HEMACIAS,-8.04786,-34.87644,4.3
1039,2026-09-13T01:36:00-03:00,HEMACIAS,-8.03826,-34.87181,4.3
1039,2026-09-13T01:41:00-03:00,HEMACIAS,-8.02680,-34.86752,3.8
1039,2026-09-13T01:46:00-03:00,HEMACIAS,-8.01772,-34.86103,4.3
1039,2026-09-13T01:51:00-03:00,HEMACIAS,-8.00887,-34.85556,3.7
1040,2026-09-13T01:16:00-03:00,HEMACIAS,-8.04857,-34.87727,4.0
1040,2026-09-13T01:21:00-03:00,HEMACIAS,-8.04136,-34.87469,3.5
1040,2026-09-13T01:26:00-03:00,HEMACIAS,-8.03580,-34.87161,4.3
1040,2026-09-13T01:31:00-03:00,HEMACIAS,-8.03119,-34.86898,4.7
1040,2026-09-13T01:36:00-03:00,HEMACIAS,-8.02495,-34.86476,4.8
1040,2026-09-13T01:41:00-03:00,HEMACIAS,-8.01920,-34.86103,5.2
1040,2026-09-13T01:46:00-03:00,HEMACIAS,-8.01356,-34.85894,4.3
1041,2026-09-12T19:47:00-03:00,HEMACIAS,-8.04792,-34.87836,3.8
1041,2026-09-12T19:52:00-03:00,HEMACIAS,-8.05518,-34.89089,3.3
1041,2026-09-12T19:57:00-03:00,HEMACIAS,-8.05989,-34.90676,4.0
1041,2026-09-12T20:02:00-03:00,HEMACIAS,-8.06870,-34.92173,3.6
1041,2026-09-12T20:07:00-03:00,HEMACIAS,-8.07538,-34.93357,3.3
1041,2026-09-12T20:12:00-03:00,HEMACIAS,-8.08210,-34.95031,3.7
1041,2026-09-12T20:17:00-03:00,HEMACIAS,-8.08853,-34.96278,3.1
1041,2026-09-12T20:22:00-03:00,HEMACIAS,-8.09577,-34.97719,3.1
1041,2026-09-12T20:27:00-03:00,HEMACIAS,-8.10068,-34.99247,4.1
1041,2026-09-12T20:32:00-03:00,HEMACIAS,-8.11035,-35.00668,3.7
1042,2026-09-13T05:42:00-03:00,HEMACIAS,-8.27506,-35.98245,3.7
1042,2026-09-13T05:47:00-03:00,HEMACIAS,-8.26775,-35.95592,3.7
1042,2026-09-13T05:52:00-03:00,HEMACIAS,-8.26318,-35.92838,3.8
1042,2026-09-13T05:57:00-03:00,HEMACIAS,-8.25739,-35.90099,4.2
1042,2026-09-13T06:02:00-03:00,HEMACIAS,-8.25039,-35.87357,3.8
1042,2026-09-13T06:07:00-03:00,HEMACIAS,-8.24387,-35.84826,3.3
1042,2026-09-13T06:12:00-03:00,HEMACIAS,-8.23883,-35.82034,3.4
1042,2026-09-13T06:17:00-03:00,HEMACIAS,-8.23097,-35.79277,3.9
1042,2026-09-13T06:22:00-03:00,HEMACIAS,-8.22390,-35.76665,4.4
1042,2026-09-13T06:27:00-03:00,HEMACIAS,-8.21834,-35.74097,4.3
1042,2026-09-13T06:32:00-03:00,HEMACIAS,-8.21392,-35.71448,4.3
1042,2026-09-13T06:37:00-03:00,HEMACIAS,-8.20472,-35.68636,4.0
1042,2026-09-13T06:42:00-03:00,HEMACIAS,-8.19997,-35.65992,3.0
1042,2026-09-13T06:47:00-03:00,HEMACIAS,-8.19403,-35.63356,2.7
1042,2026-09-13T06:52:00-03:00,HEMACIAS,-8.18660,-35.60753,3.0
1042,2026-09-13T06:57:00-03:00,HEMACIAS,-8.17967,-35.58018,2.9
1042,2026-09-13T07:02:00-03:00,HEMACIAS,-8.17361,-35.55366,3.5
1042,2026-09-13T07:07:00-03:00,HEMACIAS,-8.16835,-35.52567,3.7
1042,2026-09-13T07:12:00-03:00,HEMACIAS,-8.16180,-35.50037,3.6
1042,2026-09-13T07:17:00-03:00,HEMACIAS,-8.15404,-35.47186,3.7
1042,2026-09-13T07:22:00-03:00,HEMACIAS,-8.15014,-35.44519,3.3
1042,2026-09-13T07:27:00-03:00,HEMACIAS,-8.14206,-35.41893,2.8
1042,2026-09-13T07:32:00-03:00,HEMACIAS,-8.13670,-35.39184,3.2
1042,2026-09-13T07:37:00-03:00,HEMACIAS,-8.13122,-35.36510,2.8
1042,2026-09-13T07:42:00-03:00,HEMACIAS,-8.12422,-35.33775,3.3
1042,2026-09-13T07:47:00-03:00,HEMACIAS,-8.11741,-35.31108,4.0
1042,2026-09-13T07:52:00-03:00,HEMACIAS,-8.11050,-35.28610,3.8
1042,2026-09-13T07:57:00-03:00,HEMACIAS,-8.10450,-35.25853,3.3
1042,2026-09-13T08:02:00-03:00,HEMACIAS,-8.09759,-35.23045,3.3
1042,2026-09-13T08:07:00-03:00,HEMACIAS,-8.08959,-35.20391,3.4
1042,2026-09-13T08:12:00-03:00,HEMACIAS,-8.08417,-35.17731,3.0
1042,2026-09-13T08:17:00-03:00,HEMACIAS,-8.07836,-35.15051,4.0
1042,2026-09-13T08:22:00-03:00,HEMACIAS,-8.07358,-35.12341,4.4
1042,2026-09-13T08:27:00-03:00,HEMACIAS,-8.06552,-35.09720,4.1
1042,2026-09-13T08:32:00-03:00,HEMACIAS,-8.05892,-35.06943,4.0
1042,2026-09-13T08:37:00-03:00,HEMACIAS,-8.05418,-35.04402,3.9
1042,2026-09-13T08:42:00-03:00,HEMACIAS,-8.04611,-35.01758,3.6
1042,2026-09-13T08:47:00-03:00,HEMACIAS,-8.04085,-34.98962,3.5
1042,2026-09-13T08:52:00-03:00,HEMACIAS,-8.03316,-34.96215,3.4
1042,2026-09-13T08:57:00-03:00,HEMACIAS,-8.02804,-34.93641,3.1
1042,2026-09-13T09:02:00-03:00,HEMACIAS,-8.02196,-34.90767,3.0
1042,2026-09-13T09:07:00-03:00,HEMACIAS,-8.01483,-34.88111,2.9
1042,2026-09-13T09:12:00-03:00,HEMACIAS,-8.00949,-34.85550,3.7
1043,2026-09-13T00:14:00-03:00,PLASMA,-8.04742,-34.87681,-32.5
1043,2026-09-13T00:19:00-03:00,PLASMA,-8.05018,-34.87937,-30.4
1043,2026-09-13T00:24:00-03:00,PLASMA,-8.05194,-34.88383,-28.4
1044,2026-09-13T11:15:00-03:00,PLAQUETAS,-8.04758,-34.87723,22.1
1044,2026-09-13T11:20:00-03:00,PLAQUETAS,-8.05172,-34.88591,22.1
1044,2026-09-13T11:25:00-03:00,PLAQUETAS,-8.05997,-34.89329,22.6
1046,2026-09-13T20:07:00-03:00,PLAQUETAS,-8.04701,-34.87606,22.1
1046,2026-09-13T20:12:00-03:00,PLAQUETAS,-8.05302,-34.88284,21.8
1047,2026-09-13T20:58:00-03:00,HEMACIAS,-8.27638,-35.98175,4.6
1047,2026-09-13T21:03:00-03:00,HEMACIAS,-8.27686,-35.97871,5.2
1047,2026-09-13T21:08:00-03:00,HEMACIAS,-8.28078,-35.97871,5.5
1047,2026-09-13T21:13:00-03:00,HEMACIAS,-8.28082,-35.97576,5.1
1047,2026-09-13T21:18:00-03:00,HEMACIAS,-8.28413,-35.97220,4.7
1047,2026-09-13T21:23:00-03:00,HEMACIAS,-8.28454,-35.97126,4.7
1048,2026-09-13T14:18:00-03:00,CRIOPRECIPITADO,-8.27415,-35.98310,-30.4
1048,2026-09-13T14:23:00-03:00,CRIOPRECIPITADO,-8.27403,-35.98238,-30.2
1048,2026-09-13T14:28:00-03:00,CRIOPRECIPITADO,-8.27664,-35.98090,-30.1
1048,2026-09-13T14:33:00-03:00,CRIOPRECIPITADO,-8.27744,-35.98114,-31.0
1048,2026-09-13T14:38:00-03:00,CRIOPRECIPITADO,-8.27738,-35.97997,-32.2
1048,2026-09-13T14:43:00-03:00,CRIOPRECIPITADO,-8.27773,-35.97995,-30.7
1048,2026-09-13T14:48:00-03:00,CRIOPRECIPITADO,-8.27778,-35.97942,-30.1
1048,2026-09-13T14:53:00-03:00,CRIOPRECIPITADO,-8.27596,-35.98051,-30.4
1048,2026-09-13T14:58:00-03:00,CRIOPRECIPITADO,-8.27814,-35.97839,-30.1
1048,2026-09-13T15:03:00-03:00,CRIOPRECIPITADO,-8.27776,-35.97917,-30.6
1048,2026-09-13T15:08:00-03:00,CRIOPRECIPITADO,-8.27943,-35.97802,-29.2
1048,2026-09-13T15:13:00-03:00,CRIOPRECIPITADO,-8.27800,-35.97846,-29.2
1048,2026-09-13T15:18:00-03:00,CRIOPRECIPITADO,-8.27974,-35.97762,-29.1
1048,2026-09-13T15:23:00-03:00,CRIOPRECIPITADO,-8.28026,-35.97769,-29.5
1048,2026-09-13T15:28:00-03:00,CRIOPRECIPITADO,-8.28058,-35.97647,-27.1
1048,2026-09-13T15:33:00-03:00,CRIOPRECIPITADO,-8.27955,-35.97699,-28.1
1048,2026-09-13T15:38:00-03:00,CRIOPRECIPITADO,-8.28124,-35.97642,-28.5
1048,2026-09-13T15:43:00-03:00,CRIOPRECIPITADO,-8.28127,-35.97635,-28.5
1048,2026-09-13T15:48:00-03:00,CRIOPRECIPITADO,-8.28093,-35.97608,-30.1
1048,2026-09-13T15:53:00-03:00,CRIOPRECIPITADO,-8.28008,-35.97548,-30.3
1048,2026-09-13T15:58:00-03:00,CRIOPRECIPITADO,-8.28172,-35.97512,-30.8
1048,2026-09-13T16:03:00-03:00,CRIOPRECIPITADO,-8.28129,-35.97584,-29.6
1048,2026-09-13T16:08:00-03:00,CRIOPRECIPITADO,-8.28151,-35.97603,-30.5
1048,2026-09-13T16:13:00-03:00,CRIOPRECIPITADO,-8.28153,-35.97436,-30.9
1048,2026-09-13T16:18:00-03:00,CRIOPRECIPITADO,-8.28235,-35.97314,-32.0
1048,2026-09-13T16:23:00-03:00,CRIOPRECIPITADO,-8.28223,-35.97388,-32.0
1048,2026-09-13T16:28:00-03:00,CRIOPRECIPITADO,-8.28270,-35.97460,-31.5
1048,2026-09-13T16:33:00-03:00,CRIOPRECIPITADO,-8.28171,-35.97334,-31.5
1048,2026-09-13T16:38:00-03:00,CRIOPRECIPITADO,-8.28424,-35.97325,-32.1
1048,2026-09-13T16:43:00-03:00,CRIOPRECIPITADO,-8.28227,-35.97255,-30.8
1048,2026-09-13T16:48:00-03:00,CRIOPRECIPITADO,-8.28466,-35.97354,-32.2
1048,2026-09-13T16:53:00-03:00,CRIOPRECIPITADO,-8.28340,-35.97208,-29.7
1048,2026-09-13T16:58:00-03:00,CRIOPRECIPITADO,-8.28438,-35.97086,-28.6
1048,2026-09-13T17:03:00-03:00,CRIOPRECIPITADO,-8.28432,-35.97104,-27.3
1048,2026-09-13T17:08:00-03:00,CRIOPRECIPITADO,-8.28521,-35.97127,-28.4
1048,2026-09-13T17:13:00-03:00,CRIOPRECIPITADO,-8.28431,-35.96957,-29.0
1048,2026-09-13T17:18:00-03:00,CRIOPRECIPITADO,-8.28525,-35.97118,-28.1
1049,2026-09-14T02:43:00-03:00,PLAQUETAS,-8.27494,-35.98268,22.5
1049,2026-09-14T02:48:00-03:00,PLAQUETAS,-8.27312,-35.96684,22.1
1049,2026-09-14T02:53:00-03:00,PLAQUETAS,-8.27085,-35.95075,22.1
1049,2026-09-14T02:58:00-03:00,PLAQUETAS,-8.26652,-35.93466,22.5
1049,2026-09-14T03:03:00-03:00,PLAQUETAS,-8.26644,-35.91978,22.7
1049,2026-09-14T03:08:00-03:00,PLAQUETAS,-8.26194,-35.90329,26.5
1049,2026-09-14T03:13:00-03:00,PLAQUETAS,-8.25875,-35.88871,26.1
1049,2026-09-14T03:18:00-03:00,PLAQUETAS,-8.25647,-35.87501,26.1
1049,2026-09-14T03:23:00-03:00,PLAQUETAS,-8.25320,-35.85993,26.3
1049,2026-09-14T03:28:00-03:00,PLAQUETAS,-8.25062,-35.84268,26.7
1049,2026-09-14T03:33:00-03:00,PLAQUETAS,-8.24978,-35.82777,22.4
1049,2026-09-14T03:38:00-03:00,PLAQUETAS,-8.24541,-35.81255,21.7
1049,2026-09-14T03:43:00-03:00,PLAQUETAS,-8.24230,-35.79765,22.8
1049,2026-09-14T03:48:00-03:00,PLAQUETAS,-8.24027,-35.78047,22.6
1049,2026-09-14T03:53:00-03:00,PLAQUETAS,-8.23649,-35.76463,22.8
1049,2026-09-14T03:58:00-03:00,PLAQUETAS,-8.23535,-35.75000,22.0
1049,2026-09-14T04:03:00-03:00,PLAQUETAS,-8.23155,-35.73484,21.9
1049,2026-09-14T04:08:00-03:00,PLAQUETAS,-8.22817,-35.72023,21.3
1049,2026-09-14T04:13:00-03:00,PLAQUETAS,-8.22614,-35.70296,21.9
1049,2026-09-14T04:18:00-03:00,PLAQUETAS,-8.22143,-35.68905,22.0
1049,2026-09-14T04:23:00-03:00,PLAQUETAS,-8.22104,-35.67287,22.1
1049,2026-09-14T04:28:00-03:00,PLAQUETAS,-8.21773,-35.65657,21.7
1049,2026-09-14T04:33:00-03:00,PLAQUETAS,-8.21463,-35.64121,21.5
1049,2026-09-14T04:38:00-03:00,PLAQUETAS,-8.21332,-35.62713,22.3
1049,2026-09-14T04:43:00-03:00,PLAQUETAS,-8.21102,-35.61137,22.6
1049,2026-09-14T04:48:00-03:00,PLAQUETAS,-8.20475,-35.59653,22.4
1049,2026-09-14T04:53:00-03:00,PLAQUETAS,-8.20348,-35.58110,21.6
1049,2026-09-14T04:58:00-03:00,PLAQUETAS,-8.20053,-35.56538,21.8
1050,2026-09-13T22:17:00-03:00,HEMACIAS,-8.27598,-35.98259,3.9
1050,2026-09-13T22:22:00-03:00,HEMACIAS,-8.27494,-35.97386,4.1
1050,2026-09-13T22:27:00-03:00,HEMACIAS,-8.27233,-35.96500,3.5
1050,2026-09-13T22:32:00-03:00,HEMACIAS,-8.27195,-35.95864,3.7
1050,2026-09-13T22:37:00-03:00,HEMACIAS,-8.27072,-35.95130,3.6
1050,2026-09-13T22:42:00-03:00,HEMACIAS,-8.26808,-35.94288,4.2
1050,2026-09-13T22:47:00-03:00,HEMACIAS,-8.26801,-35.93559,3.7
1050,2026-09-13T22:52:00-03:00,HEMACIAS,-8.26549,-35.92774,3.1
1050,2026-09-13T22:57:00-03:00,HEMACIAS,-8.26411,-35.91902,3.6
1050,2026-09-13T23:02:00-03:00,HEMACIAS,-8.26413,-35.91016,4.2
1050,2026-09-13T23:07:00-03:00,HEMACIAS,-8.26207,-35.90256,4.0
1050,2026-09-13T23:12:00-03:00,HEMACIAS,-8.25939,-35.89479,3.6
1050,2026-09-13T23:17:00-03:00,HEMACIAS,-8.25946,-35.88745,3.8
1050,2026-09-13T23:22:00-03:00,HEMACIAS,-8.25879,-35.88026,4.2
1050,2026-09-13T23:27:00-03:00,HEMACIAS,-8.25656,-35.87129,4.3
1050,2026-09-13T23:32:00-03:00,HEMACIAS,-8.25455,-35.86327,4.4
1050,2026-09-13T23:37:00-03:00,HEMACIAS,-8.25371,-35.85609,4.6
1050,2026-09-13T23:42:00-03:00,HEMACIAS,-8.25283,-35.84829,4.7
1050,2026-09-13T23:47:00-03:00,HEMACIAS,-8.25031,-35.84021,4.5
1050,2026-09-13T23:52:00-03:00,HEMACIAS,-8.24917,-35.83245,4.1
1050,2026-09-13T23:57:00-03:00,HEMACIAS,-8.24722,-35.82518,4.1
1050,2026-09-14T00:02:00-03:00,HEMACIAS,-8.24582,-35.81828,3.9
1050,2026-09-14T00:07:00-03:00,HEMACIAS,-8.24654,-35.80962,4.2
1050,2026-09-14T00:12:00-03:00,HEMACIAS,-8.24402,-35.80246,4.4
1050,2026-09-14T00:17:00-03:00,HEMACIAS,-8.24208,-35.79257,4.2
1050,2026-09-14T00:22:00-03:00,HEMACIAS,-8.24128,-35.78564,4.3
1050,2026-09-14T00:27:00-03:00,HEMACIAS,-8.23883,-35.77660,4.1
1050,2026-09-14T00:32:00-03:00,HEMACIAS,-8.23770,-35.76958,4.7
1050,2026-09-14T00:37:00-03:00,HEMACIAS,-8.23656,-35.76062,4.6
1050,2026-09-14T00:42:00-03:00,HEMACIAS,-8.23473,-35.75317,4.4
1050,2026-09-14T00:47:00-03:00,HEMACIAS,-8.23378,-35.74749,4.4
1050,2026-09-14T00:52:00-03:00,HEMACIAS,-8.23315,-35.73800,4.6
1050,2026-09-14T00:57:00-03:00,HEMACIAS,-8.22991,-35.73176,4.6
1050,2026-09-14T01:02:00-03:00,HEMACIAS,-8.22859,-35.72286,5.1
1050,2026-09-14T01:07:00-03:00,HEMACIAS,-8.22793,-35.71516,4.6
1050,2026-09-14T01:12:00-03:00,HEMACIAS,-8.22646,-35.70558,4.2
1050,2026-09-14T01:17:00-03:00,HEMACIAS,-8.22337,-35.69838,4.3
1050,2026-09-14T01:22:00-03:00,HEMACIAS,-8.22470,-35.69092,4.2
1050,2026-09-14T01:27:00-03:00,HEMACIAS,-8.22209,-35.68412,4.0
1050,2026-09-14T01:32:00-03:00,HEMACIAS,-8.22255,-35.67577,4.0
1050,2026-09-14T01:37:00-03:00,HEMACIAS,-8.21958,-35.66751,4.3
1050,2026-09-14T01:42:00-03:00,HEMACIAS,-8.21807,-35.65784,3.8
1050,2026-09-14T01:47:00-03:00,HEMACIAS,-8.21763,-35.65199,3.9
1050,2026-09-14T01:52:00-03:00,HEMACIAS,-8.21529,-35.64273,4.1
1050,2026-09-14T01:57:00-03:00,HEMACIAS,-8.21388,-35.63681,3.7
1050,2026-09-14T02:02:00-03:00,HEMACIAS,-8.21248,-35.62738,3.6
1050,2026-09-14T02:07:00-03:00,HEMACIAS,-8.21173,-35.62143,4.1
1050,2026-09-14T02:12:00-03:00,HEMACIAS,-8.20969,-35.61216,4.3
1050,2026-09-14T02:17:00-03:00,HEMACIAS,-8.20893,-35.60518,3.9
1050,2026-09-14T02:22:00-03:00,HEMACIAS,-8.20713,-35.59647,4.0
1050,2026-09-14T02:27:00-03:00,HEMACIAS,-8.20405,-35.58845,4.2
1050,2026-09-14T02:32:00-03:00,HEMACIAS,-8.20510,-35.58058,3.3
1050,2026-09-14T02:37:00-03:00,HEMACIAS,-8.20319,-35.57383,3.1
1050,2026-09-14T02:42:00-03:00,HEMACIAS,-8.20124,-35.56604,3.1
1051,2026-09-14T12:22:00-03:00,PLASMA,-8.04835,-34.87766,-29.9
1051,2026-09-14T12:27:00-03:00,PLASMA,-8.05200,-34.87979,-29.0
1051,2026-09-14T12:32:00-03:00,PLASMA,-8.05439,-34.88260,-28.8
1052,2026-09-14T10:07:00-03:00,HEMACIAS,-8.04767,-34.87663,4.2
1052,2026-09-14T10:12:00-03:00,HEMACIAS,-8.05478,-34.88881,3.9
1052,2026-09-14T10:17:00-03:00,HEMACIAS,-8.05837,-34.90152,4.0
1052,2026-09-14T10:22:00-03:00,HEMACIAS,-8.06609,-34.91516,4.2
1052,2026-09-14T10:27:00-03:00,HEMACIAS,-8.07145,-34.92609,4.7
1052,2026-09-14T10:32:00-03:00,HEMACIAS,-8.07660,-34.93788,4.3
1052,2026-09-14T10:37:00-03:00,HEMACIAS,-8.08325,-34.95005,4.3
1052,2026-09-14T10:42:00-03:00,HEMACIAS,-8.08850,-34.96283,4.3
1052,2026-09-14T10:47:00-03:00,HEMACIAS,-8.09464,-34.97531,3.7
1052,2026-09-14T10:52:00-03:00,HEMACIAS,-8.10122,-34.98764,4.0
1052,2026-09-14T10:57:00-03:00,HEMACIAS,-8.10577,-34.99989,4.2
1052,2026-09-14T11:02:00-03:00,HEMACIAS,-8.10961,-35.01167,4.3
1053,2026-09-14T14:53:00-03:00,PLASMA,-8.04723,-34.87596,-30.3
1053,2026-09-14T14:58:00-03:00,PLASMA,-8.05236,-34.88317,-31.5
1053,2026-09-14T15:03:00-03:00,PLASMA,-8.05521,-34.88799,-28.7
1053,2026-09-14T15:08:00-03:00,PLASMA,-8.05850,-34.89446,-27.7
1053,2026-09-14T15:13:00-03:00,PLASMA,-8.06340,-34.89903,-29.0
1054,2026-09-14T12:09:00-03:00,HEMACIAS,-8.27621,-35.98177,4.2
1054,2026-09-14T12:14:00-03:00,HEMACIAS,-8.27214,-35.95758,4.3
1054,2026-09-14T12:19:00-03:00,HEMACIAS,-8.26618,-35.93184,3.5
1054,2026-09-14T12:24:00-03:00,HEMACIAS,-8.26244,-35.90566,3.8
1054,2026-09-14T12:29:00-03:00,HEMACIAS,-8.25831,-35.88100,3.7
1054,2026-09-14T12:34:00-03:00,HEMACIAS,-8.25408,-35.85411,3.6
1054,2026-09-14T12:39:00-03:00,HEMACIAS,-8.24733,-35.82905,3.8
1054,2026-09-14T12:44:00-03:00,HEMACIAS,-8.24475,-35.80423,4.5
1054,2026-09-14T12:49:00-03:00,HEMACIAS,-8.24042,-35.77825,4.4
1054,2026-09-14T12:54:00-03:00,HEMACIAS,-8.23529,-35.75109,3.9
1054,2026-09-14T12:59:00-03:00,HEMACIAS,-8.23039,-35.72694,4.1
1054,2026-09-14T13:04:00-03:00,HEMACIAS,-8.22689,-35.70223,3.7
1054,2026-09-14T13:09:00-03:00,HEMACIAS,-8.22195,-35.67656,3.9
1054,2026-09-14T13:14:00-03:00,HEMACIAS,-8.21579,-35.65144,4.3
1054,2026-09-14T13:19:00-03:00,HEMACIAS,-8.21216,-35.62678,4.1
1054,2026-09-14T13:24:00-03:00,HEMACIAS,-8.20744,-35.60070,3.8
1054,2026-09-14T13:29:00-03:00,HEMACIAS,-8.20184,-35.57621,3.7
1055,2026-09-14T18:32:00-03:00,CRIOPRECIPITADO,-8.04778,-34.87794,-30.1
1055,2026-09-14T18:37:00-03:00,CRIOPRECIPITADO,-8.05591,-34.88848,-29.7
1055,2026-09-14T18:42:00-03:00,CRIOPRECIPITADO,-8.06324,-34.89974,-27.8
1056,2026-09-14T17:04:00-03:00,PLASMA,-8.27614,-35.98188,-29.9
1056,2026-09-14T17:09:00-03:00,PLASMA,-8.27807,-35.97766,-29.4
1056,2026-09-14T17:14:00-03:00,PLASMA,-8.28098,-35.97422,-30.0
1056,2026-09-14T17:19:00-03:00,PLASMA,-8.28523,-35.97085,-29.8
1057,2026-09-14T16:02:00-03:00,HEMACIAS,-8.04827,-34.87638,4.0
1057,2026-09-14T16:07:00-03:00,HEMACIAS,-8.03184,-34.87651,4.4
1057,2026-09-14T16:12:00-03:00,HEMACIAS,-8.01257,-34.87717,4.1
1057,2026-09-14T16:17:00-03:00,HEMACIAS,-7.99449,-34.87389,4.0
1057,2026-09-14T16:22:00-03:00,HEMACIAS,-7.97865,-34.87400,4.7
1057,2026-09-14T16:27:00-03:00,HEMACIAS,-7.96255,-34.87256,4.5
1057,2026-09-14T16:32:00-03:00,HEMACIAS,-7.94313,-34.87265,3.6
1058,2026-09-14T15:54:00-03:00,HEMACIAS,-8.04649,-34.87630,4.4
1058,2026-09-14T15:59:00-03:00,HEMACIAS,-8.04897,-34.87959,4.6
1058,2026-09-14T16:04:00-03:00,HEMACIAS,-8.05287,-34.88463,5.6
1059,2026-09-14T17:23:00-03:00,HEMACIAS,-8.04784,-34.87729,4.8
1059,2026-09-14T17:28:00-03:00,HEMACIAS,-8.03575,-34.87003,4.7
1059,2026-09-14T17:33:00-03:00,HEMACIAS,-8.02428,-34.86408,5.0
1059,2026-09-14T17:38:00-03:00,HEMACIAS,-8.01322,-34.85745,4.7
1060,2026-09-15T01:25:00-03:00,PLAQUETAS,-8.27569,-35.98282,22.1
1060,2026-09-15T01:30:00-03:00,PLAQUETAS,-8.27067,-35.97112,21.8
1060,2026-09-15T01:35:00-03:00,PLAQUETAS,-8.26902,-35.95704,22.1
1060,2026-09-15T01:40:00-03:00,PLAQUETAS,-8.26395,-35.94499,22.9
1060,2026-09-15T01:45:00-03:00,PLAQUETAS,-8.26182,-35.93260,21.9
1060,2026-09-15T01:50:00-03:00,PLAQUETAS,-8.25637,-35.91997,21.9
1060,2026-09-15T01:55:00-03:00,PLAQUETAS,-8.25363,-35.90460,22.3
1060,2026-09-15T02:00:00-03:00,PLAQUETAS,-8.24830,-35.89214,22.0
1060,2026-09-15T02:05:00-03:00,PLAQUETAS,-8.24532,-35.88112,21.8
1060,2026-09-15T02:10:00-03:00,PLAQUETAS,-8.24098,-35.86986,22.0
1060,2026-09-15T02:15:00-03:00,PLAQUETAS,-8.23717,-35.85633,22.6
1060,2026-09-15T02:20:00-03:00,PLAQUETAS,-8.23451,-35.84354,22.3
1060,2026-09-15T02:25:00-03:00,PLAQUETAS,-8.22919,-35.82997,22.4
1060,2026-09-15T02:30:00-03:00,PLAQUETAS,-8.22709,-35.81770,22.6
1060,2026-09-15T02:35:00-03:00,PLAQUETAS,-8.22291,-35.80799,23.0
1060,2026-09-15T02:40:00-03:00,PLAQUETAS,-8.21876,-35.79375,22.4
1060,2026-09-15T02:45:00-03:00,PLAQUETAS,-8.21471,-35.78217,21.8
1060,2026-09-15T02:50:00-03:00,PLAQUETAS,-8.21146,-35.76928,21.2
1060,2026-09-15T02:55:00-03:00,PLAQUETAS,-8.20797,-35.75548,21.6
1060,2026-09-15T03:00:00-03:00,PLAQUETAS,-8.20388,-35.74372,21.7
1060,2026-09-15T03:05:00-03:00,PLAQUETAS,-8.20028,-35.73003,21.3
1060,2026-09-15T03:10:00-03:00,PLAQUETAS,-8.19603,-35.71872,21.0
1060,2026-09-15T03:15:00-03:00,PLAQUETAS,-8.19257,-35.70398,21.4
1060,2026-09-15T03:20:00-03:00,PLAQUETAS,-8.18718,-35.69222,22.1
1060,2026-09-15T03:25:00-03:00,PLAQUETAS,-8.18473,-35.68085,22.0
1060,2026-09-15T03:30:00-03:00,PLAQUETAS,-8.18062,-35.66717,22.3
1060,2026-09-15T03:35:00-03:00,PLAQUETAS,-8.17868,-35.65526,21.9
1060,2026-09-15T03:40:00-03:00,PLAQUETAS,-8.17515,-35.64417,21.7
1060,2026-09-15T03:45:00-03:00,PLAQUETAS,-8.17012,-35.63048,21.7
1060,2026-09-15T03:50:00-03:00,PLAQUETAS,-8.16686,-35.61686,21.9
1060,2026-09-15T03:55:00-03:00,PLAQUETAS,-8.16200,-35.60428,22.0
1060,2026-09-15T04:00:00-03:00,PLAQUETAS,-8.15723,-35.59149,21.9
1060,2026-09-15T04:05:00-03:00,PLAQUETAS,-8.15345,-35.58088,22.6
1060,2026-09-15T04:10:00-03:00,PLAQUETAS,-8.15053,-35.56717,22.1
1060,2026-09-15T04:15:00-03:00,PLAQUETAS,-8.14807,-35.55427,22.1
1060,2026-09-15T04:20:00-03:00,PLAQUETAS,-8.14160,-35.54149,22.1
1060,2026-09-15T04:25:00-03:00,PLAQUETAS,-8.13896,-35.53076,22.0
1060,2026-09-15T04:30:00-03:00,PLAQUETAS,-8.13489,-35.51853,22.2
1060,2026-09-15T04:35:00-03:00,PLAQUETAS,-8.13074,-35.50509,22.3
1060,2026-09-15T04:40:00-03:00,PLAQUETAS,-8.12805,-35.49051,22.4
1060,2026-09-15T04:45:00-03:00,PLAQUETAS,-8.12490,-35.47830,22.5
1060,2026-09-15T04:50:00-03:00,PLAQUETAS,-8.11984,-35.46652,22.4
1060,2026-09-15T04:55:00-03:00,PLAQUETAS,-8.11728,-35.45522,22.1
1060,2026-09-15T05:00:00-03:00,PLAQUETAS,-8.11183,-35.44190,21.7
1060,2026-09-15T05:05:00-03:00,PLAQUETAS,-8.10764,-35.42999,21.7
1060,2026-09-15T05:10:00-03:00,PLAQUETAS,-8.10609,-35.41596,22.1
1060,2026-09-15T05:15:00-03:00,PLAQUETAS,-8.10087,-35.40363,21.7
1060,2026-09-15T05:20:00-03:00,PLAQUETAS,-8.09667,-35.39168,21.0
1060,2026-09-15T05:25:00-03:00,PLAQUETAS,-8.09428,-35.37779,21.5
1060,2026-09-15T05:30:00-03:00,PLAQUETAS,-8.09048,-35.36562,21.4
1060,2026-09-15T05:35:00-03:00,PLAQUETAS,-8.08665,-35.35418,21.8
1060,2026-09-15T05:40:00-03:00,PLAQUETAS,-8.08228,-35.34027,21.9
1060,2026-09-15T05:45:00-03:00,PLAQUETAS,-8.07811,-35.32910,22.3
1060,2026-09-15T05:50:00-03:00,PLAQUETAS,-8.07647,-35.31571,21.7
1060,2026-09-15T05:55:00-03:00,PLAQUETAS,-8.07148,-35.30301,22.0
1060,2026-09-15T06:00:00-03:00,PLAQUETAS,-8.06722,-35.29118,22.0
1060,2026-09-15T06:05:00-03:00,PLAQUETAS,-8.06427,-35.27806,22.1
1060,2026-09-15T06:10:00-03:00,PLAQUETAS,-8.06052,-35.26542,21.7
1060,2026-09-15T06:15:00-03:00,PLAQUETAS,-8.05510,-35.25195,21.4
1060,2026-09-15T06:20:00-03:00,PLAQUETAS,-8.05321,-35.23950,21.5
1060,2026-09-15T06:25:00-03:00,PLAQUETAS,-8.04819,-35.22712,21.4
1060,2026-09-15T06:30:00-03:00,PLAQUETAS,-8.04322,-35.21559,21.9
1060,2026-09-15T06:35:00-03:00,PLAQUETAS,-8.04085,-35.20190,22.4
1060,2026-09-15T06:40:00-03:00,PLAQUETAS,-8.03758,-35.19028,22.3
1060,2026-09-15T06:45:00-03:00,PLAQUETAS,-8.03389,-35.17642,21.6
1060,2026-09-15T06:50:00-03:00,PLAQUETAS,-8.02816,-35.16437,21.1
1060,2026-09-15T06:55:00-03:00,PLAQUETAS,-8.02564,-35.15180,21.4
1060,2026-09-15T07:00:00-03:00,PLAQUETAS,-8.02267,-35.13996,21.9
1060,2026-09-15T07:05:00-03:00,PLAQUETAS,-8.01861,-35.12706,21.9
1060,2026-09-15T07:10:00-03:00,PLAQUETAS,-8.01411,-35.11314,22.5
1060,2026-09-15T07:15:00-03:00,PLAQUETAS,-8.01026,-35.10191,22.6
1060,2026-09-15T07:20:00-03:00,PLAQUETAS,-8.00636,-35.08862,22.6
1060,2026-09-15T07:25:00-03:00,PLAQUETAS,-8.00256,-35.07573,22.5
1060,2026-09-15T07:30:00-03:00,PLAQUETAS,-7.99866,-35.06421,22.0
1060,2026-09-15T07:35:00-03:00,PLAQUETAS,-7.99470,-35.05231,22.0
1060,2026-09-15T07:40:00-03:00,PLAQUETAS,-7.99130,-35.03826,21.6
1060,2026-09-15T07:45:00-03:00,PLAQUETAS,-7.98753,-35.02557,21.6
1060,2026-09-15T07:50:00-03:00,PLAQUETAS,-7.98252,-35.01284,21.6
1060,2026-09-15T07:55:00-03:00,PLAQUETAS,-7.98105,-35.00224,21.9
1060,2026-09-15T08:00:00-03:00,PLAQUETAS,-7.97623,-34.98790,21.5
1060,2026-09-15T08:05:00-03:00,PLAQUETAS,-7.97167,-34.97641,22.2
1060,2026-09-15T08:10:00-03:00,PLAQUETAS,-7.96868,-34.96436,22.5
1060,2026-09-15T08:15:00-03:00,PLAQUETAS,-7.96338,-34.95191,22.4
1060,2026-09-15T08:20:00-03:00,PLAQUETAS,-7.95991,-34.93854,22.3
1060,2026-09-15T08:25:00-03:00,PLAQUETAS,-7.95570,-34.92566,22.0
1060,2026-09-15T08:30:00-03:00,PLAQUETAS,-7.95285,-34.91228,22.1
1060,2026-09-15T08:35:00-03:00,PLAQUETAS,-7.94880,-34.89970,21.7
1060,2026-09-15T08:40:00-03:00,PLAQUETAS,-7.94589,-34.88746,21.8
1060,2026-09-15T08:45:00-03:00,PLAQUETAS,-7.94198,-34.87572,22.1
1061,2026-09-14T20:44:00-03:00,PLAQUETAS,-8.27550,-35.98206,21.9
1061,2026-09-14T20:49:00-03:00,PLAQUETAS,-8.27139,-35.95948,22.0
1061,2026-09-14T20:54:00-03:00,PLAQUETAS,-8.26812,-35.93574,22.2
1061,2026-09-14T20:59:00-03:00,PLAQUETAS,-8.26336,-35.91212,21.8
1061,2026-09-14T21:04:00-03:00,PLAQUETAS,-8.25901,-35.88896,21.9
1061,2026-09-14T21:09:00-03:00,PLAQUETAS,-8.25528,-35.86663,22.0
1061,2026-09-14T21:14:00-03:00,PLAQUETAS,-8.25030,-35.84365,21.6
1061,2026-09-14T21:19:00-03:00,PLAQUETAS,-8.24850,-35.81945,22.4
1061,2026-09-14T21:24:00-03:00,PLAQUETAS,-8.24294,-35.79719,22.8
1061,2026-09-14T21:29:00-03:00,PLAQUETAS,-8.23926,-35.77178,22.2
1061,2026-09-14T21:34:00-03:00,PLAQUETAS,-8.23464,-35.74934,21.8
1061,2026-09-14T21:39:00-03:00,PLAQUETAS,-8.23047,-35.72779,22.7
1061,2026-09-14T21:44:00-03:00,PLAQUETAS,-8.22518,-35.70545,23.0
1061,2026-09-14T21:49:00-03:00,PLAQUETAS,-8.22081,-35.67998,22.9
1061,2026-09-14T21:54:00-03:00,PLAQUETAS,-8.21775,-35.65683,22.3
1061,2026-09-14T21:59:00-03:00,PLAQUETAS,-8.21386,-35.63387,22.1
1061,2026-09-14T22:04:00-03:00,PLAQUETAS,-8.20849,-35.61148,22.2
1061,2026-09-14T22:09:00-03:00,PLAQUETAS,-8.20526,-35.58914,22.1
1061,2026-09-14T22:14:00-03:00,PLAQUETAS,-8.20266,-35.56504,21.6
1063,2026-09-14T19:15:00-03:00,PLAQUETAS,-8.04888,-34.87669,22.4
1063,2026-09-14T19:20:00-03:00,PLAQUETAS,-8.04237,-34.87379,21.9
1063,2026-09-14T19:25:00-03:00,PLAQUETAS,-8.03416,-34.87012,21.1
1063,2026-09-14T19:30:00-03:00,PLAQUETAS,-8.02718,-34.86541,20.9
1063,2026-09-14T19:35:00-03:00,PLAQUETAS,-8.02071,-34.86132,21.5
1063,2026-09-14T19:40:00-03:00,PLAQUETAS,-8.01334,-34.86042,22.1
1064,2026-09-14T21:46:00-03:00,HEMACIAS,-8.04718,-34.87725,3.7
1064,2026-09-14T21:51:00-03:00,HEMACIAS,-8.04971,-34.88029,4.0
1064,2026-09-14T21:56:00-03:00,HEMACIAS,-8.05246,-34.88229,3.7
1064,2026-09-14T22:01:00-03:00,HEMACIAS,-8.05305,-34.88364,3.8
1066,2026-09-15T01:35:00-03:00,HEMACIAS,-8.04725,-34.87695,3.8
1066,2026-09-15T01:40:00-03:00,HEMACIAS,-8.03750,-34.87273,4.5
1066,2026-09-15T01:45:00-03:00,HEMACIAS,-8.02922,-34.86505,4.0
1066,2026-09-15T01:50:00-03:00,HEMACIAS,-8.01818,-34.86036,4.3
1066,2026-09-15T01:55:00-03:00,HEMACIAS,-8.00875,-34.85536,3.8
1067,2026-09-15T10:18:00-03:00,HEMACIAS,-8.04833,-34.87643,4.2
1067,2026-09-15T10:23:00-03:00,HEMACIAS,-8.05342,-34.88939,4.0
1067,2026-09-15T10:28:00-03:00,HEMACIAS,-8.05856,-34.90124,3.7
1067,2026-09-15T10:33:00-03:00,HEMACIAS,-8.06277,-34.91271,3.3
1067,2026-09-15T10:38:00-03:00,HEMACIAS,-8.07069,-34.92518,3.8
1067,2026-09-15T10:43:00-03:00,HEMACIAS,-8.07623,-34.93662,3.4
1067,2026-09-15T10:48:00-03:00,HEMACIAS,-8.08144,-34.94779,3.9
1067,2026-09-15T10:53:00-03:00,HEMACIAS,-8.08653,-34.96052,3.8
1067,2026-09-15T10:58:00-03:00,HEMACIAS,-8.09193,-34.97229,3.5
1067,2026-09-15T11:03:00-03:00,HEMACIAS,-8.09786,-34.98338,3.3
1067,2026-09-15T11:08:00-03:00,HEMACIAS,-8.10351,-34.99621,3.7
1067,2026-09-15T11:13:00-03:00,HEMACIAS,-8.10839,-35.00808,4.4
1068,2026-09-15T12:17:00-03:00,HEMACIAS,-8.04756,-34.87642,3.9
1068,2026-09-15T12:22:00-03:00,HEMACIAS,-8.05157,-34.88250,3.9
1068,2026-09-15T12:27:00-03:00,HEMACIAS,-8.05472,-34.88598,4.5
1068,2026-09-15T12:32:00-03:00,HEMACIAS,-8.05751,-34.88977,5.2
1068,2026-09-15T12:37:00-03:00,HEMACIAS,-8.06100,-34.89650,4.6
1069,2026-09-15T11:36:00-03:00,HEMACIAS,-8.05011,-34.87747,3.8
1069,2026-09-15T11:41:00-03:00,HEMACIAS,-8.05558,-34.89404,4.1
1069,2026-09-15T11:46:00-03:00,HEMACIAS,-8.06423,-34.91354,4.3
1069,2026-09-15T11:51:00-03:00,HEMACIAS,-8.07226,-34.93042,3.7
1069,2026-09-15T11:56:00-03:00,HEMACIAS,-8.08217,-34.94776,3.7
1069,2026-09-15T12:01:00-03:00,HEMACIAS,-8.09075,-34.96906,3.5
1069,2026-09-15T12:06:00-03:00,HEMACIAS,-8.09948,-34.98549,3.7
1069,2026-09-15T12:11:00-03:00,HEMACIAS,-8.10569,-35.00290,3.7
1071,2026-09-15T19:59:00-03:00,HEMACIAS,-8.04654,-34.87821,4.2
1071,2026-09-15T20:04:00-03:00,HEMACIAS,-8.05078,-34.87962,3.7
1071,2026-09-15T20:09:00-03:00,HEMACIAS,-8.05333,-34.88457,3.4
1072,2026-09-15T18:13:00-03:00,HEMACIAS,-8.27464,-35.98253,3.7
1072,2026-09-15T18:18:00-03:00,HEMACIAS,-8.26920,-35.94303,4.1
1072,2026-09-15T18:23:00-03:00,HEMACIAS,-8.26229,-35.90692,4.4
1072,2026-09-15T18:28:00-03:00,HEMACIAS,-8.25479,-35.86873,4.1
1072,2026-09-15T18:33:00-03:00,HEMACIAS,-8.24842,-35.82857,3.3
1072,2026-09-15T18:38:00-03:00,HEMACIAS,-8.24313,-35.79063,3.0
1072,2026-09-15T18:43:00-03:00,HEMACIAS,-8.23566,-35.75487,3.2
1072,2026-09-15T18:48:00-03:00,HEMACIAS,-8.22791,-35.71640,2.6
1072,2026-09-15T18:53:00-03:00,HEMACIAS,-8.22167,-35.67864,3.0
1072,2026-09-15T18:58:00-03:00,HEMACIAS,-8.21446,-35.64143,3.7
1072,2026-09-15T19:03:00-03:00,HEMACIAS,-8.20779,-35.60321,3.8
1072,2026-09-15T19:08:00-03:00,HEMACIAS,-8.20252,-35.56492,3.8
1074,2026-09-16T13:03:00-03:00,HEMACIAS,-8.04805,-34.87680,4.0
1074,2026-09-16T13:08:00-03:00,HEMACIAS,-8.04876,-34.87902,3.4
1074,2026-09-16T13:13:00-03:00,HEMACIAS,-8.04996,-34.88064,3.7
1074,2026-09-16T13:18:00-03:00,HEMACIAS,-8.05250,-34.88350,3.4
1075,2026-09-16T11:05:00-03:00,HEMACIAS,-8.04780,-34.87886,3.9
1075,2026-09-16T11:10:00-03:00,HEMACIAS,-8.04959,-34.87937,4.2
1075,2026-09-16T11:15:00-03:00,HEMACIAS,-8.05238,-34.88197,3.9
1076,2026-09-16T14:17:00-03:00,HEMACIAS,-8.27575,-35.98212,4.2
1076,2026-09-16T14:22:00-03:00,HEMACIAS,-8.27806,-35.97900,3.8
1076,2026-09-16T14:27:00-03:00,HEMACIAS,-8.28174,-35.97713,3.8
1076,2026-09-16T14:32:00-03:00,HEMACIAS,-8.28184,-35.97204,4.1
1076,2026-09-16T14:37:00-03:00,HEMACIAS,-8.28614,-35.97037,3.9
1077,2026-09-16T11:56:00-03:00,PLAQUETAS,-8.27558,-35.98215,21.9
1077,2026-09-16T12:01:00-03:00,PLAQUETAS,-8.28008,-35.97796,21.9
1077,2026-09-16T12:06:00-03:00,PLAQUETAS,-8.28403,-35.97210,22.2
1078,2026-09-16T13:38:00-03:00,HEMACIAS,-8.04826,-34.87663,3.7
1078,2026-09-16T13:43:00-03:00,HEMACIAS,-8.05405,-34.88406,3.5
1078,2026-09-16T13:48:00-03:00,HEMACIAS,-8.05834,-34.89299,3.8
1079,2026-09-17T12:34:00-03:00,CRIOPRECIPITADO,-8.04898,-34.87565,-32.2
1079,2026-09-17T12:39:00-03:00,CRIOPRECIPITADO,-8.03975,-34.87131,-31.8
1079,2026-09-17T12:44:00-03:00,CRIOPRECIPITADO,-8.02994,-34.86839,-31.3
1079,2026-09-17T12:49:00-03:00,CRIOPRECIPITADO,-8.02168,-34.86348,-29.3
1079,2026-09-17T12:54:00-03:00,CRIOPRECIPITADO,-8.01330,-34.85689,-28.8
1080,2026-09-16T18:10:00-03:00,HEMACIAS,-8.27634,-35.98203,3.8
1080,2026-09-16T18:15:00-03:00,HEMACIAS,-8.27337,-35.96379,3.8
1080,2026-09-16T18:20:00-03:00,HEMACIAS,-8.26804,-35.94337,3.2
1080,2026-09-16T18:25:00-03:00,HEMACIAS,-8.26597,-35.92458,3.2
1080,2026-09-16T18:30:00-03:00,HEMACIAS,-8.26260,-35.90600,3.5
1080,2026-09-16T18:35:00-03:00,HEMACIAS,-8.25817,-35.88544,3.3
1080,2026-09-16T18:40:00-03:00,HEMACIAS,-8.25618,-35.86811,3.6
1080,2026-09-16T18:45:00-03:00,HEMACIAS,-8.25144,-35.84743,3.7
1080,2026-09-16T18:50:00-03:00,HEMACIAS,-8.24818,-35.82929,3.6
1080,2026-09-16T18:55:00-03:00,HEMACIAS,-8.24529,-35.80959,3.4
1080,2026-09-16T19:00:00-03:00,HEMACIAS,-8.24279,-35.79070,3.5
1080,2026-09-16T19:05:00-03:00,HEMACIAS,-8.23854,-35.77128,3.3
1080,2026-09-16T19:10:00-03:00,HEMACIAS,-8.23478,-35.75158,3.7
1080,2026-09-16T19:15:00-03:00,HEMACIAS,-8.23235,-35.73350,3.7
1080,2026-09-16T19:20:00-03:00,HEMACIAS,-8.22823,-35.71481,3.4
1080,2026-09-16T19:25:00-03:00,HEMACIAS,-8.22381,-35.69523,3.5
1080,2026-09-16T19:30:00-03:00,HEMACIAS,-8.22159,-35.67438,3.4
1080,2026-09-16T19:35:00-03:00,HEMACIAS,-8.21866,-35.65767,3.3
1080,2026-09-16T19:40:00-03:00,HEMACIAS,-8.21408,-35.63870,3.4
1080,2026-09-16T19:45:00-03:00,HEMACIAS,-8.21079,-35.61916,3.2
1080,2026-09-16T19:50:00-03:00,HEMACIAS,-8.20744,-35.60106,3.6
1080,2026-09-16T19:55:00-03:00,HEMACIAS,-8.20354,-35.57907,4.1
1081,2026-09-17T10:43:00-03:00,PLAQUETAS,-8.04849,-34.87678,22.2
1081,2026-09-17T10:48:00-03:00,PLAQUETAS,-8.05380,-34.90241,21.9
1081,2026-09-17T10:53:00-03:00,PLAQUETAS,-8.05837,-34.92681,21.6
1081,2026-09-17T10:58:00-03:00,PLAQUETAS,-8.06374,-34.95204,21.7
1081,2026-09-17T11:03:00-03:00,PLAQUETAS,-8.06934,-34.97405,21.7
1081,2026-09-17T11:08:00-03:00,PLAQUETAS,-8.07487,-35.00103,22.1
1081,2026-09-17T11:13:00-03:00,PLAQUETAS,-8.08056,-35.02573,21.7
1081,2026-09-17T11:18:00-03:00,PLAQUETAS,-8.08611,-35.05061,21.3
1081,2026-09-17T11:23:00-03:00,PLAQUETAS,-8.09136,-35.07496,21.2
1081,2026-09-17T11:28:00-03:00,PLAQUETAS,-8.09657,-35.09900,21.5
1081,2026-09-17T11:33:00-03:00,PLAQUETAS,-8.10319,-35.12479,21.4
1081,2026-09-17T11:38:00-03:00,PLAQUETAS,-8.10773,-35.15022,22.0
1081,2026-09-17T11:43:00-03:00,PLAQUETAS,-8.11400,-35.17350,22.0
1081,2026-09-17T11:48:00-03:00,PLAQUETAS,-8.12046,-35.19726,21.8
1081,2026-09-17T11:53:00-03:00,PLAQUETAS,-8.12551,-35.22426,22.0
1081,2026-09-17T11:58:00-03:00,PLAQUETAS,-8.13096,-35.24813,22.2
1081,2026-09-17T12:03:00-03:00,PLAQUETAS,-8.13592,-35.27435,22.2
1081,2026-09-17T12:08:00-03:00,PLAQUETAS,-8.14269,-35.29776,22.6
1081,2026-09-17T12:13:00-03:00,PLAQUETAS,-8.14659,-35.32163,22.1
1081,2026-09-17T12:18:00-03:00,PLAQUETAS,-8.15180,-35.34809,22.1
1081,2026-09-17T12:23:00-03:00,PLAQUETAS,-8.15741,-35.37262,22.4
1081,2026-09-17T12:28:00-03:00,PLAQUETAS,-8.16267,-35.39807,22.3
1081,2026-09-17T12:33:00-03:00,PLAQUETAS,-8.16871,-35.42287,22.6
1081,2026-09-17T12:38:00-03:00,PLAQUETAS,-8.17373,-35.44567,22.3
1081,2026-09-17T12:43:00-03:00,PLAQUETAS,-8.18034,-35.47166,21.9
1081,2026-09-17T12:48:00-03:00,PLAQUETAS,-8.18452,-35.49631,23.1
1081,2026-09-17T12:53:00-03:00,PLAQUETAS,-8.19050,-35.52031,22.6
1081,2026-09-17T12:58:00-03:00,PLAQUETAS,-8.19740,-35.54537,22.5
1082,2026-09-17T14:56:00-03:00,HEMACIAS,-8.04759,-34.87740,4.0
1082,2026-09-17T15:01:00-03:00,HEMACIAS,-8.05086,-34.88392,4.2
1082,2026-09-17T15:06:00-03:00,HEMACIAS,-8.05311,-34.88755,4.2
1082,2026-09-17T15:11:00-03:00,HEMACIAS,-8.06001,-34.89248,4.1
1082,2026-09-17T15:16:00-03:00,HEMACIAS,-8.06281,-34.89765,4.2
1083,2026-09-17T09:33:00-03:00,HEMACIAS,-8.04784,-34.87844,3.0
1083,2026-09-17T09:38:00-03:00,HEMACIAS,-8.04396,-34.89513,3.6
1083,2026-09-17T09:43:00-03:00,HEMACIAS,-8.03913,-34.90951,9.3
1083,2026-09-17T09:48:00-03:00,HEMACIAS,-8.03502,-34.92872,10.0
1083,2026-09-17T09:53:00-03:00,HEMACIAS,-8.03151,-34.94506,9.0
1083,2026-09-17T09:58:00-03:00,HEMACIAS,-8.02711,-34.96052,8.8
1083,2026-09-17T10:03:00-03:00,HEMACIAS,-8.02450,-34.97973,9.2
1084,2026-09-17T14:59:00-03:00,HEMACIAS,-8.04629,-34.87572,4.3
1084,2026-09-17T15:04:00-03:00,HEMACIAS,-8.04016,-34.87457,3.9
1084,2026-09-17T15:09:00-03:00,HEMACIAS,-8.03168,-34.87079,3.8
1084,2026-09-17T15:14:00-03:00,HEMACIAS,-8.02394,-34.86504,4.1
1084,2026-09-17T15:19:00-03:00,HEMACIAS,-8.01899,-34.86004,4.4
1084,2026-09-17T15:24:00-03:00,HEMACIAS,-8.01019,-34.85783,4.6
1085,2026-09-17T14:35:00-03:00,PLAQUETAS,-8.04682,-34.87729,22.2
1085,2026-09-17T14:40:00-03:00,PLAQUETAS,-8.04982,-34.87959,22.2
1085,2026-09-17T14:45:00-03:00,PLAQUETAS,-8.05278,-34.88274,22.2
1086,2026-09-17T10:44:00-03:00,PLAQUETAS,-8.04836,-34.87686,21.6
1086,2026-09-17T10:49:00-03:00,PLAQUETAS,-8.05017,-34.87841,21.8
1086,2026-09-17T10:54:00-03:00,PLAQUETAS,-8.05049,-34.88072,21.5
1086,2026-09-17T10:59:00-03:00,PLAQUETAS,-8.05293,-34.88303,21.1
1086,2026-09-17T11:04:00-03:00,PLAQUETAS,-8.05221,-34.88538,21.6
1088,2026-09-17T15:57:00-03:00,PLAQUETAS,-8.04745,-34.87692,22.4
1088,2026-09-17T16:02:00-03:00,PLAQUETAS,-8.05335,-34.88866,23.0
1088,2026-09-17T16:07:00-03:00,PLAQUETAS,-8.05906,-34.89886,22.3
1088,2026-09-17T16:12:00-03:00,PLAQUETAS,-8.06211,-34.90921,21.6
1088,2026-09-17T16:17:00-03:00,PLAQUETAS,-8.06811,-34.92066,21.1
1088,2026-09-17T16:22:00-03:00,PLAQUETAS,-8.07236,-34.93168,21.5
1088,2026-09-17T16:27:00-03:00,PLAQUETAS,-8.07929,-34.94400,21.8
1088,2026-09-17T16:32:00-03:00,PLAQUETAS,-8.08455,-34.95271,21.9
1088,2026-09-17T16:37:00-03:00,PLAQUETAS,-8.08876,-34.96367,21.7
1088,2026-09-17T16:42:00-03:00,PLAQUETAS,-8.09425,-34.97452,21.5
1088,2026-09-17T16:47:00-03:00,PLAQUETAS,-8.09964,-34.98684,21.3
1088,2026-09-17T16:52:00-03:00,PLAQUETAS,-8.10462,-34.99571,21.6
1088,2026-09-17T16:57:00-03:00,PLAQUETAS,-8.11058,-35.00795,21.9
1089,2026-09-17T18:11:00-03:00,PLASMA,-8.04879,-34.87674,-30.7
1089,2026-09-17T18:16:00-03:00,PLASMA,-8.05527,-34.88570,-30.3
1089,2026-09-17T18:21:00-03:00,PLASMA,-8.06169,-34.89637,-28.4
1090,2026-09-17T21:17:00-03:00,HEMACIAS,-8.04708,-34.87620,3.9
1090,2026-09-17T21:22:00-03:00,HEMACIAS,-8.05243,-34.88298,3.9
1090,2026-09-17T21:27:00-03:00,HEMACIAS,-8.05382,-34.88817,4.3
1090,2026-09-17T21:32:00-03:00,HEMACIAS,-8.05923,-34.89377,4.4
1090,2026-09-17T21:37:00-03:00,HEMACIAS,-8.06344,-34.89891,4.9
1091,2026-09-17T20:59:00-03:00,HEMACIAS,-8.04512,-34.87734,4.3
1091,2026-09-17T21:04:00-03:00,HEMACIAS,-8.04971,-34.88028,4.1
1091,2026-09-17T21:09:00-03:00,HEMACIAS,-8.05333,-34.88351,3.8
1092,2026-09-18T09:18:00-03:00,HEMACIAS,-8.27479,-35.98150,3.8
1092,2026-09-18T09:23:00-03:00,HEMACIAS,-8.27938,-35.97700,9.1
1092,2026-09-18T09:28:00-03:00,HEMACIAS,-8.28520,-35.97331,9.4
1093,2026-09-17T17:23:00-03:00,HEMACIAS,-8.04758,-34.87755,4.1
1093,2026-09-17T17:28:00-03:00,HEMACIAS,-8.05440,-34.88469,4.1
1093,2026-09-17T17:33:00-03:00,HEMACIAS,-8.06028,-34.89417,3.7
1094,2026-09-18T00:55:00-03:00,HEMACIAS,-8.04730,-34.87668,4.4
1094,2026-09-18T01:00:00-03:00,HEMACIAS,-8.05152,-34.89759,4.5
1094,2026-09-18T01:05:00-03:00,HEMACIAS,-8.05680,-34.91951,4.6
1094,2026-09-18T01:10:00-03:00,HEMACIAS,-8.06224,-34.94161,4.5
1094,2026-09-18T01:15:00-03:00,HEMACIAS,-8.06581,-34.96384,4.8
1094,2026-09-18T01:20:00-03:00,HEMACIAS,-8.06984,-34.98604,4.9
1094,2026-09-18T01:25:00-03:00,HEMACIAS,-8.07668,-35.00694,4.9
1094,2026-09-18T01:30:00-03:00,HEMACIAS,-8.08062,-35.02788,4.3
1094,2026-09-18T01:35:00-03:00,HEMACIAS,-8.08428,-35.04921,4.3
1094,2026-09-18T01:40:00-03:00,HEMACIAS,-8.08944,-35.06995,4.5
1094,2026-09-18T01:45:00-03:00,HEMACIAS,-8.09400,-35.09162,4.0
1094,2026-09-18T01:50:00-03:00,HEMACIAS,-8.09900,-35.11420,3.9
1094,2026-09-18T01:55:00-03:00,HEMACIAS,-8.10221,-35.13475,3.5
1094,2026-09-18T02:00:00-03:00,HEMACIAS,-8.10745,-35.15531,3.0
1094,2026-09-18T02:05:00-03:00,HEMACIAS,-8.11275,-35.17863,3.4
1094,2026-09-18T02:10:00-03:00,HEMACIAS,-8.11694,-35.19942,3.5
1094,2026-09-18T02:15:00-03:00,HEMACIAS,-8.12016,-35.22011,3.2
1094,2026-09-18T02:20:00-03:00,HEMACIAS,-8.12600,-35.24342,3.8
1094,2026-09-18T02:25:00-03:00,HEMACIAS,-8.13075,-35.26532,4.2
1094,2026-09-18T02:30:00-03:00,HEMACIAS,-8.13708,-35.28588,4.0
1094,2026-09-18T02:35:00-03:00,HEMACIAS,-8.14066,-35.30715,4.1
1094,2026-09-18T02:40:00-03:00,HEMACIAS,-8.14562,-35.33035,3.9
1094,2026-09-18T02:45:00-03:00,HEMACIAS,-8.14969,-35.35002,3.7
1094,2026-09-18T02:50:00-03:00,HEMACIAS,-8.15472,-35.37196,3.8
1094,2026-09-18T02:55:00-03:00,HEMACIAS,-8.16045,-35.39278,4.2
1094,2026-09-18T03:00:00-03:00,HEMACIAS,-8.16433,-35.41559,3.9
1094,2026-09-18T03:05:00-03:00,HEMACIAS,-8.16866,-35.43566,3.7
1094,2026-09-18T03:10:00-03:00,HEMACIAS,-8.17394,-35.45880,3.7
1094,2026-09-18T03:15:00-03:00,HEMACIAS,-8.17888,-35.47878,4.1
1094,2026-09-18T03:20:00-03:00,HEMACIAS,-8.18316,-35.50146,4.0
1094,2026-09-18T03:25:00-03:00,HEMACIAS,-8.18805,-35.52333,4.4
1094,2026-09-18T03:30:00-03:00,HEMACIAS,-8.19294,-35.54289,4.6
1094,2026-09-18T03:35:00-03:00,HEMACIAS,-8.19706,-35.56494,4.6
1094,2026-09-18T03:40:00-03:00,HEMACIAS,-8.20313,-35.58620,4.3
1094,2026-09-18T03:45:00-03:00,HEMACIAS,-8.20783,-35.60818,4.5
1094,2026-09-18T03:50:00-03:00,HEMACIAS,-8.21088,-35.63050,4.5
1094,2026-09-18T03:55:00-03:00,HEMACIAS,-8.21587,-35.65046,4.1
1094,2026-09-18T04:00:00-03:00,HEMACIAS,-8.21988,-35.67269,4.6
1094,2026-09-18T04:05:00-03:00,HEMACIAS,-8.22521,-35.69304,4.2
1094,2026-09-18T04:10:00-03:00,HEMACIAS,-8.23046,-35.71554,4.6
1094,2026-09-18T04:15:00-03:00,HEMACIAS,-8.23280,-35.73734,4.1
1094,2026-09-18T04:20:00-03:00,HEMACIAS,-8.23876,-35.75844,4.0
1094,2026-09-18T04:25:00-03:00,HEMACIAS,-8.24471,-35.78154,4.0
1094,2026-09-18T04:30:00-03:00,HEMACIAS,-8.24847,-35.80295,4.4
1094,2026-09-18T04:35:00-03:00,HEMACIAS,-8.25321,-35.82388,3.9
1094,2026-09-18T04:40:00-03:00,HEMACIAS,-8.25818,-35.84571,4.1
1094,2026-09-18T04:45:00-03:00,HEMACIAS,-8.26180,-35.86715,3.9
1094,2026-09-18T04:50:00-03:00,HEMACIAS,-8.26728,-35.88800,3.6
1094,2026-09-18T04:55:00-03:00,HEMACIAS,-8.27328,-35.90851,3.7
1094,2026-09-18T05:00:00-03:00,HEMACIAS,-8.27696,-35.93137,3.9
1094,2026-09-18T05:05:00-03:00,HEMACIAS,-8.28060,-35.95405,3.8
1095,2026-09-18T08:12:00-03:00,HEMACIAS,-8.27625,-35.98160,4.0
1095,2026-09-18T08:17:00-03:00,HEMACIAS,-8.28055,-35.97541,3.7
1095,2026-09-18T08:22:00-03:00,HEMACIAS,-8.28451,-35.97050,3.5
1096,2026-09-18T09:17:00-03:00,HEMACIAS,-8.04782,-34.87669,4.8
1096,2026-09-18T09:22:00-03:00,HEMACIAS,-8.05491,-34.89169,5.7
1096,2026-09-18T09:27:00-03:00,HEMACIAS,-8.06172,-34.90708,5.0
1096,2026-09-18T09:32:00-03:00,HEMACIAS,-8.06830,-34.92174,5.5
1096,2026-09-18T09:37:00-03:00,HEMACIAS,-8.07572,-34.93686,5.1
1096,2026-09-18T09:42:00-03:00,HEMACIAS,-8.08353,-34.95085,4.3
1096,2026-09-18T09:47:00-03:00,HEMACIAS,-8.09082,-34.96809,4.7
1096,2026-09-18T09:52:00-03:00,HEMACIAS,-8.09744,-34.98040,3.9
1096,2026-09-18T09:57:00-03:00,HEMACIAS,-8.10392,-34.99749,4.0
1096,2026-09-18T10:02:00-03:00,HEMACIAS,-8.11060,-35.01253,4.0
1097,2026-09-18T15:22:00-03:00,HEMACIAS,-8.04893,-34.87645,4.0
1097,2026-09-18T15:27:00-03:00,HEMACIAS,-8.05288,-34.88389,3.9
1097,2026-09-18T15:32:00-03:00,HEMACIAS,-8.05716,-34.89168,3.9
1097,2026-09-18T15:37:00-03:00,HEMACIAS,-8.06315,-34.89932,3.9
1099,2026-09-18T19:54:00-03:00,HEMACIAS,-8.27713,-35.98090,4.4
1099,2026-09-18T19:59:00-03:00,HEMACIAS,-8.27914,-35.97941,5.0
1099,2026-09-18T20:04:00-03:00,HEMACIAS,-8.27784,-35.97439,5.2
1099,2026-09-18T20:09:00-03:00,HEMACIAS,-8.28195,-35.97378,4.5
1099,2026-09-18T20:14:00-03:00,HEMACIAS,-8.28503,-35.97067,4.0
1100,2026-09-18T18:32:00-03:00,PLAQUETAS,-8.04735,-34.87675,22.5
1100,2026-09-18T18:37:00-03:00,PLAQUETAS,-8.03081,-34.87751,22.7
1100,2026-09-18T18:42:00-03:00,PLAQUETAS,-8.01624,-34.87696,22.7
1100,2026-09-18T18:47:00-03:00,PLAQUETAS,-8.00189,-34.87512,23.0
1100,2026-09-18T18:52:00-03:00,PLAQUETAS,-7.98761,-34.87463,22.8
1100,2026-09-18T18:57:00-03:00,PLAQUETAS,-7.97119,-34.87355,22.2
1100,2026-09-18T19:02:00-03:00,PLAQUETAS,-7.95708,-34.87304,22.5
1100,2026-09-18T19:07:00-03:00,PLAQUETAS,-7.93927,-34.87198,21.8
1101,2026-09-18T17:20:00-03:00,PLAQUETAS,-8.04793,-34.87706,22.1
1101,2026-09-18T17:25:00-03:00,PLAQUETAS,-8.05020,-34.87922,27.7
1101,2026-09-18T17:30:00-03:00,PLAQUETAS,-8.05103,-34.88199,27.7
1101,2026-09-18T17:35:00-03:00,PLAQUETAS,-8.05297,-34.88421,27.6
1102,2026-09-18T14:27:00-03:00,HEMACIAS,-8.04576,-34.87743,4.0
1102,2026-09-18T14:32:00-03:00,HEMACIAS,-8.05126,-34.88082,4.4
1102,2026-09-18T14:37:00-03:00,HEMACIAS,-8.05337,-34.88558,4.4
1103,2026-09-18T19:50:00-03:00,HEMACIAS,-8.27430,-35.98194,4.0
1103,2026-09-18T19:55:00-03:00,HEMACIAS,-8.27955,-35.97881,4.5
1103,2026-09-18T20:00:00-03:00,HEMACIAS,-8.28257,-35.97272,4.4
1104,2026-09-18T14:25:00-03:00,HEMACIAS,-8.04671,-34.87744,3.3
1104,2026-09-18T14:30:00-03:00,HEMACIAS,-8.03528,-34.87127,3.5
1104,2026-09-18T14:35:00-03:00,HEMACIAS,-8.02611,-34.86530,3.7
1104,2026-09-18T14:40:00-03:00,HEMACIAS,-8.01619,-34.85921,3.8
1105,2026-09-18T14:39:00-03:00,PLASMA,-8.27707,-35.98270,-31.0
1105,2026-09-18T14:44:00-03:00,PLASMA,-8.27391,-35.96842,-31.1
1105,2026-09-18T14:49:00-03:00,PLASMA,-8.27049,-35.95350,-31.3
1105,2026-09-18T14:54:00-03:00,PLASMA,-8.26910,-35.93986,-31.7
1105,2026-09-18T14:59:00-03:00,PLASMA,-8.26647,-35.92709,-31.4
1105,2026-09-18T15:04:00-03:00,PLASMA,-8.26242,-35.91241,-29.6
1105,2026-09-18T15:09:00-03:00,PLASMA,-8.26063,-35.89920,-30.4
1105,2026-09-18T15:14:00-03:00,PLASMA,-8.25879,-35.88307,-30.0
1105,2026-09-18T15:19:00-03:00,PLASMA,-8.25605,-35.87002,-29.8
1105,2026-09-18T15:24:00-03:00,PLASMA,-8.25423,-35.85638,-29.8
1105,2026-09-18T15:29:00-03:00,PLASMA,-8.25156,-35.84131,-28.8
1105,2026-09-18T15:34:00-03:00,PLASMA,-8.24873,-35.82728,-28.1
1105,2026-09-18T15:39:00-03:00,PLASMA,-8.24448,-35.81438,-27.1
1105,2026-09-18T15:44:00-03:00,PLASMA,-8.24324,-35.80053,-28.6
1105,2026-09-18T15:49:00-03:00,PLASMA,-8.24152,-35.78618,-29.5
1105,2026-09-18T15:54:00-03:00,PLASMA,-8.23732,-35.77072,-30.0
1105,2026-09-18T15:59:00-03:00,PLASMA,-8.23693,-35.75732,-31.1
1105,2026-09-18T16:04:00-03:00,PLASMA,-8.23315,-35.74345,-29.2
1105,2026-09-18T16:09:00-03:00,PLASMA,-8.23091,-35.72891,-29.1
1105,2026-09-18T16:14:00-03:00,PLASMA,-8.22842,-35.71712,-27.2
1105,2026-09-18T16:19:00-03:00,PLASMA,-8.22448,-35.70062,-29.7
1105,2026-09-18T16:24:00-03:00,PLASMA,-8.22385,-35.68912,-30.0
1105,2026-09-18T16:29:00-03:00,PLASMA,-8.22114,-35.67416,-31.8
1105,2026-09-18T16:34:00-03:00,PLASMA,-8.21917,-35.66080,-29.8
1105,2026-09-18T16:39:00-03:00,PLASMA,-8.21459,-35.64540,-31.5
1105,2026-09-18T16:44:00-03:00,PLASMA,-8.21358,-35.63108,-31.5
1105,2026-09-18T16:49:00-03:00,PLASMA,-8.21127,-35.61734,-32.5
1105,2026-09-18T16:54:00-03:00,PLASMA,-8.20831,-35.60389,-30.2
1105,2026-09-18T16:59:00-03:00,PLASMA,-8.20449,-35.59055,-31.3
1105,2026-09-18T17:04:00-03:00,PLASMA,-8.20257,-35.57696,-31.5
1106,2026-09-18T17:29:00-03:00,HEMACIAS,-8.27679,-35.98243,4.2
1106,2026-09-18T17:34:00-03:00,HEMACIAS,-8.27322,-35.96791,4.4
1106,2026-09-18T17:39:00-03:00,HEMACIAS,-8.27135,-35.95324,3.5
1106,2026-09-18T17:44:00-03:00,HEMACIAS,-8.26890,-35.93879,3.6
1106,2026-09-18T17:49:00-03:00,HEMACIAS,-8.26570,-35.92455,4.1
1106,2026-09-18T17:54:00-03:00,HEMACIAS,-8.26406,-35.90997,4.4
1106,2026-09-18T17:59:00-03:00,HEMACIAS,-8.26225,-35.89645,4.5
1106,2026-09-18T18:04:00-03:00,HEMACIAS,-8.25964,-35.88267,4.8
1106,2026-09-18T18:09:00-03:00,HEMACIAS,-8.25711,-35.86760,4.9
1106,2026-09-18T18:14:00-03:00,HEMACIAS,-8.25353,-35.85359,5.0
1106,2026-09-18T18:19:00-03:00,HEMACIAS,-8.25100,-35.83999,5.7
1106,2026-09-18T18:24:00-03:00,HEMACIAS,-8.25090,-35.82598,4.8
1106,2026-09-18T18:29:00-03:00,HEMACIAS,-8.24759,-35.81089,4.3
1106,2026-09-18T18:34:00-03:00,HEMACIAS,-8.24580,-35.79728,3.8
1106,2026-09-18T18:39:00-03:00,HEMACIAS,-8.24124,-35.78224,3.6
1106,2026-09-18T18:44:00-03:00,HEMACIAS,-8.24026,-35.76822,3.5
1106,2026-09-18T18:49:00-03:00,HEMACIAS,-8.23683,-35.75355,3.4
1106,2026-09-18T18:54:00-03:00,HEMACIAS,-8.23560,-35.74133,3.4
1106,2026-09-18T18:59:00-03:00,HEMACIAS,-8.23323,-35.72536,3.3
1106,2026-09-18T19:04:00-03:00,HEMACIAS,-8.22978,-35.71151,3.3
1106,2026-09-18T19:09:00-03:00,HEMACIAS,-8.22798,-35.69821,4.6
1106,2026-09-18T19:14:00-03:00,HEMACIAS,-8.22408,-35.68418,4.6
1106,2026-09-18T19:19:00-03:00,HEMACIAS,-8.22305,-35.67030,4.1
1106,2026-09-18T19:24:00-03:00,HEMACIAS,-8.22007,-35.65461,3.9
1106,2026-09-18T19:29:00-03:00,HEMACIAS,-8.21854,-35.64059,3.5
1106,2026-09-18T19:34:00-03:00,HEMACIAS,-8.21785,-35.62625,3.9
1106,2026-09-18T19:39:00-03:00,HEMACIAS,-8.21399,-35.61226,3.9
1106,2026-09-18T19:44:00-03:00,HEMACIAS,-8.21076,-35.59768,3.9
1106,2026-09-18T19:49:00-03:00,HEMACIAS,-8.20851,-35.58410,3.4
1106,2026-09-18T19:54:00-03:00,HEMACIAS,-8.20656,-35.56825,3.7
1106,2026-09-18T19:59:00-03:00,HEMACIAS,-8.20438,-35.55440,3.8
1106,2026-09-18T20:04:00-03:00,HEMACIAS,-8.20227,-35.54252,3.4
1106,2026-09-18T20:09:00-03:00,HEMACIAS,-8.20007,-35.52765,3.5
1106,2026-09-18T20:14:00-03:00,HEMACIAS,-8.19777,-35.51211,3.4
1106,2026-09-18T20:19:00-03:00,HEMACIAS,-8.19407,-35.49736,3.3
1106,2026-09-18T20:24:00-03:00,HEMACIAS,-8.19188,-35.48485,2.9
1106,2026-09-18T20:29:00-03:00,HEMACIAS,-8.18825,-35.46964,3.1
1106,2026-09-18T20:34:00-03:00,HEMACIAS,-8.18742,-35.45600,4.0
1106,2026-09-18T20:39:00-03:00,HEMACIAS,-8.18479,-35.44117,3.6
1106,2026-09-18T20:44:00-03:00,HEMACIAS,-8.18276,-35.42691,3.7
1106,2026-09-18T20:49:00-03:00,HEMACIAS,-8.17916,-35.41329,3.4
1106,2026-09-18T20:54:00-03:00,HEMACIAS,-8.17893,-35.39756,3.6
1106,2026-09-18T20:59:00-03:00,HEMACIAS,-8.17521,-35.38518,3.9
1106,2026-09-18T21:04:00-03:00,HEMACIAS,-8.17323,-35.36851,4.2
1106,2026-09-18T21:09:00-03:00,HEMACIAS,-8.17267,-35.35502,4.1
1106,2026-09-18T21:14:00-03:00,HEMACIAS,-8.16709,-35.34158,4.0
1106,2026-09-18T21:19:00-03:00,HEMACIAS,-8.16543,-35.32679,4.2
1106,2026-09-18T21:24:00-03:00,HEMACIAS,-8.16232,-35.31267,4.4
1106,2026-09-18T21:29:00-03:00,HEMACIAS,-8.16127,-35.29934,3.8
1106,2026-09-18T21:34:00-03:00,HEMACIAS,-8.15723,-35.28557,3.7
1106,2026-09-18T21:39:00-03:00,HEMACIAS,-8.15543,-35.27030,4.1
1106,2026-09-18T21:44:00-03:00,HEMACIAS,-8.15361,-35.25645,4.0
1106,2026-09-18T21:49:00-03:00,HEMACIAS,-8.15003,-35.24184,3.6
1106,2026-09-18T21:54:00-03:00,HEMACIAS,-8.15016,-35.22680,3.7
1106,2026-09-18T21:59:00-03:00,HEMACIAS,-8.14506,-35.21389,3.4
1106,2026-09-18T22:04:00-03:00,HEMACIAS,-8.14437,-35.19929,4.5
1106,2026-09-18T22:09:00-03:00,HEMACIAS,-8.14169,-35.18539,4.3
1106,2026-09-18T22:14:00-03:00,HEMACIAS,-8.13974,-35.17229,3.3
1106,2026-09-18T22:19:00-03:00,HEMACIAS,-8.13608,-35.15730,3.5
1106,2026-09-18T22:24:00-03:00,HEMACIAS,-8.13460,-35.14232,3.4
1106,2026-09-18T22:29:00-03:00,HEMACIAS,-8.13152,-35.12945,3.6
1106,2026-09-18T22:34:00-03:00,HEMACIAS,-8.13073,-35.11461,3.6
1106,2026-09-18T22:39:00-03:00,HEMACIAS,-8.12645,-35.09897,3.8
1106,2026-09-18T22:44:00-03:00,HEMACIAS,-8.12388,-35.08720,4.0
1106,2026-09-18T22:49:00-03:00,HEMACIAS,-8.12283,-35.07014,4.0
1106,2026-09-18T22:54:00-03:00,HEMACIAS,-8.11914,-35.05802,4.1
1106,2026-09-18T22:59:00-03:00,HEMACIAS,-8.11689,-35.04268,3.6
1106,2026-09-18T23:04:00-03:00,HEMACIAS,-8.11489,-35.02877,3.6
1106,2026-09-18T23:09:00-03:00,HEMACIAS,-8.11211,-35.01602,4.2
1107,2026-09-18T21:40:00-03:00,HEMACIAS,-8.04759,-34.87548,3.7
1107,2026-09-18T21:45:00-03:00,HEMACIAS,-8.05509,-34.89121,3.5
1107,2026-09-18T21:50:00-03:00,HEMACIAS,-8.05989,-34.90289,3.3
1107,2026-09-18T21:55:00-03:00,HEMACIAS,-8.06639,-34.91834,3.6
1107,2026-09-18T22:00:00-03:00,HEMACIAS,-8.07254,-34.93123,4.0
1107,2026-09-18T22:05:00-03:00,HEMACIAS,-8.07845,-34.94553,4.2
1107,2026-09-18T22:10:00-03:00,HEMACIAS,-8.08588,-34.95825,4.2
1107,2026-09-18T22:15:00-03:00,HEMACIAS,-8.09132,-34.97171,3.7
1107,2026-09-18T22:20:00-03:00,HEMACIAS,-8.09870,-34.98519,3.5
1107,2026-09-18T22:25:00-03:00,HEMACIAS,-8.10543,-34.99832,3.9
1107,2026-09-18T22:30:00-03:00,HEMACIAS,-8.11143,-35.01008,3.5
1108,2026-09-18T22:11:00-03:00,HEMACIAS,-8.04580,-34.87750,4.3
1108,2026-09-18T22:16:00-03:00,HEMACIAS,-8.04361,-34.89286,4.8
1108,2026-09-18T22:21:00-03:00,HEMACIAS,-8.04104,-34.90798,5.0
1108,2026-09-18T22:26:00-03:00,HEMACIAS,-8.03746,-34.92228,4.1
1108,2026-09-18T22:31:00-03:00,HEMACIAS,-8.03250,-34.93743,4.6
1108,2026-09-18T22:36:00-03:00,HEMACIAS,-8.02920,-34.95480,4.1
1108,2026-09-18T22:41:00-03:00,HEMACIAS,-8.02518,-34.96844,4.0
1109,2026-09-18T21:00:00-03:00,HEMACIAS,-8.27558,-35.98172,3.5
1109,2026-09-18T21:05:00-03:00,HEMACIAS,-8.27128,-35.95965,3.1
1109,2026-09-18T21:10:00-03:00,HEMACIAS,-8.26809,-35.93825,3.1
1109,2026-09-18T21:15:00-03:00,HEMACIAS,-8.26327,-35.91472,3.3
1109,2026-09-18T21:20:00-03:00,HEMACIAS,-8.26087,-35.89440,2.9
1109,2026-09-18T21:25:00-03:00,HEMACIAS,-8.25642,-35.87228,2.8
1109,2026-09-18T21:30:00-03:00,HEMACIAS,-8.25251,-35.85082,3.2
1109,2026-09-18T21:35:00-03:00,HEMACIAS,-8.24736,-35.82857,3.1
1109,2026-09-18T21:40:00-03:00,HEMACIAS,-8.24383,-35.80415,4.1
1109,2026-09-18T21:45:00-03:00,HEMACIAS,-8.24122,-35.78455,4.4
1109,2026-09-18T21:50:00-03:00,HEMACIAS,-8.23585,-35.76231,4.1
1109,2026-09-18T21:55:00-03:00,HEMACIAS,-8.23074,-35.74015,3.6
1109,2026-09-18T22:00:00-03:00,HEMACIAS,-8.22936,-35.71946,3.8
1109,2026-09-18T22:05:00-03:00,HEMACIAS,-8.22611,-35.69732,4.5
1109,2026-09-18T22:10:00-03:00,HEMACIAS,-8.22247,-35.67376,4.2
1109,2026-09-18T22:15:00-03:00,HEMACIAS,-8.21825,-35.65276,4.4
1109,2026-09-18T22:20:00-03:00,HEMACIAS,-8.21283,-35.63086,4.2
1109,2026-09-18T22:25:00-03:00,HEMACIAS,-8.20847,-35.60910,4.4
1109,2026-09-18T22:30:00-03:00,HEMACIAS,-8.20391,-35.58660,3.9
1109,2026-09-18T22:35:00-03:00,HEMACIAS,-8.20100,-35.56374,4.3
1111,2026-09-18T18:14:00-03:00,HEMACIAS,-8.04648,-34.87572,3.6
1111,2026-09-18T18:19:00-03:00,HEMACIAS,-8.03997,-34.87236,3.1
1111,2026-09-18T18:24:00-03:00,HEMACIAS,-8.03146,-34.86965,3.3
1111,2026-09-18T18:29:00-03:00,HEMACIAS,-8.02538,-34.86460,3.1
1111,2026-09-18T18:34:00-03:00,HEMACIAS,-8.01736,-34.86160,3.0
1111,2026-09-18T18:39:00-03:00,HEMACIAS,-8.01041,-34.85709,3.2
1112,2026-09-19T01:03:00-03:00,CRIOPRECIPITADO,-8.04726,-34.87817,-30.6
1112,2026-09-19T01:08:00-03:00,CRIOPRECIPITADO,-8.03699,-34.87158,-31.0
1112,2026-09-19T01:13:00-03:00,CRIOPRECIPITADO,-8.02604,-34.86592,-30.0
1112,2026-09-19T01:18:00-03:00,CRIOPRECIPITADO,-8.01496,-34.86047,-28.9
1113,2026-09-18T23:44:00-03:00,HEMACIAS,-8.04723,-34.87882,3.2
1113,2026-09-18T23:49:00-03:00,HEMACIAS,-8.05434,-34.89141,3.4
1113,2026-09-18T23:54:00-03:00,HEMACIAS,-8.06247,-34.90683,3.8
1113,2026-09-18T23:59:00-03:00,HEMACIAS,-8.06998,-34.92380,4.0
1113,2026-09-19T00:04:00-03:00,HEMACIAS,-8.07808,-34.93982,3.1
1113,2026-09-19T00:09:00-03:00,HEMACIAS,-8.08345,-34.95459,2.5
1113,2026-09-19T00:14:00-03:00,HEMACIAS,-8.09252,-34.97180,3.0
1113,2026-09-19T00:19:00-03:00,HEMACIAS,-8.09835,-34.98630,3.0
1113,2026-09-19T00:24:00-03:00,HEMACIAS,-8.10696,-35.00051,2.8
1114,2026-09-19T09:23:00-03:00,HEMACIAS,-8.27625,-35.98239,3.8
1114,2026-09-19T09:28:00-03:00,HEMACIAS,-8.27778,-35.97843,3.4
1114,2026-09-19T09:33:00-03:00,HEMACIAS,-8.28169,-35.97596,3.5
1114,2026-09-19T09:38:00-03:00,HEMACIAS,-8.28234,-35.97098,3.5
1115,2026-09-19T10:31:00-03:00,HEMACIAS,-8.27581,-35.98104,4.6
1115,2026-09-19T10:36:00-03:00,HEMACIAS,-8.27941,-35.97717,4.7
1115,2026-09-19T10:41:00-03:00,HEMACIAS,-8.28022,-35.97634,4.4
1115,2026-09-19T10:46:00-03:00,HEMACIAS,-8.28256,-35.97274,3.6
1117,2026-09-19T06:29:00-03:00,HEMACIAS,-8.04704,-34.87586,4.6
1117,2026-09-19T06:34:00-03:00,HEMACIAS,-8.05018,-34.88057,4.3
1117,2026-09-19T06:39:00-03:00,HEMACIAS,-8.05316,-34.88451,4.5
1118,2026-09-19T14:38:00-03:00,PLASMA,-8.04894,-34.87573,-29.7
1118,2026-09-19T14:43:00-03:00,PLASMA,-8.03143,-34.87766,-27.3
1118,2026-09-19T14:48:00-03:00,PLASMA,-8.01502,-34.87543,-28.2
1118,2026-09-19T14:53:00-03:00,PLASMA,-7.99817,-34.87801,-26.6
1118,2026-09-19T14:58:00-03:00,PLASMA,-7.98132,-34.87380,-27.8
1118,2026-09-19T15:03:00-03:00,PLASMA,-7.96319,-34.87286,-27.4
1118,2026-09-19T15:08:00-03:00,PLASMA,-7.94630,-34.87152,-28.4
1120,2026-09-19T09:17:00-03:00,PLAQUETAS,-8.04768,-34.87656,22.2
1120,2026-09-19T09:22:00-03:00,PLAQUETAS,-8.03091,-34.87580,21.7
1120,2026-09-19T09:27:00-03:00,PLAQUETAS,-8.01207,-34.87798,21.5
1120,2026-09-19T09:32:00-03:00,PLAQUETAS,-7.99556,-34.87461,22.0
1120,2026-09-19T09:37:00-03:00,PLAQUETAS,-7.97838,-34.87393,22.0
1120,2026-09-19T09:42:00-03:00,PLAQUETAS,-7.96194,-34.87208,21.9
1120,2026-09-19T09:47:00-03:00,PLAQUETAS,-7.94385,-34.87222,22.3
1121,2026-09-19T22:35:00-03:00,HEMACIAS,-8.04805,-34.87690,3.8
1121,2026-09-19T22:40:00-03:00,HEMACIAS,-8.05070,-34.88195,4.0
1121,2026-09-19T22:45:00-03:00,HEMACIAS,-8.05277,-34.88420,3.9
1122,2026-09-19T11:56:00-03:00,HEMACIAS,-8.04844,-34.87663,3.9
1122,2026-09-19T12:01:00-03:00,HEMACIAS,-8.04998,-34.88047,3.9
1122,2026-09-19T12:06:00-03:00,HEMACIAS,-8.05282,-34.88360,3.9
1123,2026-09-19T13:38:00-03:00,CRIOPRECIPITADO,-8.27652,-35.98250,-30.3
1123,2026-09-19T13:43:00-03:00,CRIOPRECIPITADO,-8.27814,-35.97787,-30.2
1123,2026-09-19T13:48:00-03:00,CRIOPRECIPITADO,-8.28204,-35.97194,-30.3
1124,2026-09-19T20:00:00-03:00,HEMACIAS,-8.04761,-34.87725,4.0
1124,2026-09-19T20:05:00-03:00,HEMACIAS,-8.05462,-34.88787,4.4
1124,2026-09-19T20:10:00-03:00,HEMACIAS,-8.06114,-34.89667,4.0
1125,2026-09-20T01:48:00-03:00,HEMACIAS,-8.27585,-35.98393,3.8
1125,2026-09-20T01:53:00-03:00,HEMACIAS,-8.27818,-35.97851,4.2
1125,2026-09-20T01:58:00-03:00,HEMACIAS,-8.28159,-35.97565,4.2
1125,2026-09-20T02:03:00-03:00,HEMACIAS,-8.28446,-35.97148,3.6
1126,2026-09-19T23:16:00-03:00,HEMACIAS,-8.04700,-34.87711,3.9
1126,2026-09-19T23:21:00-03:00,HEMACIAS,-8.04230,-34.87315,3.6
1126,2026-09-19T23:26:00-03:00,HEMACIAS,-8.03516,-34.86982,3.1
1126,2026-09-19T23:31:00-03:00,HEMACIAS,-8.03107,-34.86611,3.6
1126,2026-09-19T23:36:00-03:00,HEMACIAS,-8.02354,-34.86403,4.0
1126,2026-09-19T23:41:00-03:00,HEMACIAS,-8.01829,-34.85980,3.8
1126,2026-09-19T23:46:00-03:00,HEMACIAS,-8.01204,-34.85587,3.8
1127,2026-09-19T22:48:00-03:00,HEMACIAS,-8.27590,-35.98275,4.2
1127,2026-09-19T22:53:00-03:00,HEMACIAS,-8.27149,-35.96373,4.0
1127,2026-09-19T22:58:00-03:00,HEMACIAS,-8.26994,-35.94664,4.0
1127,2026-09-19T23:03:00-03:00,HEMACIAS,-8.26683,-35.92858,9.1
1127,2026-09-19T23:08:00-03:00,HEMACIAS,-8.26293,-35.91060,9.2
1127,2026-09-19T23:13:00-03:00,HEMACIAS,-8.26006,-35.89303,9.9
1127,2026-09-19T23:18:00-03:00,HEMACIAS,-8.25572,-35.87597,9.8
1127,2026-09-19T23:23:00-03:00,HEMACIAS,-8.25388,-35.85835,10.1
1127,2026-09-19T23:28:00-03:00,HEMACIAS,-8.25063,-35.84064,9.4
1127,2026-09-19T23:33:00-03:00,HEMACIAS,-8.24682,-35.82384,3.8
1127,2026-09-19T23:38:00-03:00,HEMACIAS,-8.24376,-35.80386,4.0
1127,2026-09-19T23:43:00-03:00,HEMACIAS,-8.24249,-35.78672,3.7
1127,2026-09-19T23:48:00-03:00,HEMACIAS,-8.23880,-35.76964,3.5
1127,2026-09-19T23:53:00-03:00,HEMACIAS,-8.23474,-35.75184,3.9
1127,2026-09-19T23:58:00-03:00,HEMACIAS,-8.23095,-35.73426,3.6
1127,2026-09-20T00:03:00-03:00,HEMACIAS,-8.22728,-35.71669,3.2
1127,2026-09-20T00:08:00-03:00,HEMACIAS,-8.22571,-35.69976,3.6
1127,2026-09-20T00:13:00-03:00,HEMACIAS,-8.22214,-35.68156,3.4
1127,2026-09-20T00:18:00-03:00,HEMACIAS,-8.21956,-35.66324,3.9
1127,2026-09-20T00:23:00-03:00,HEMACIAS,-8.21643,-35.64594,4.2
1127,2026-09-20T00:28:00-03:00,HEMACIAS,-8.21213,-35.62889,4.0
1127,2026-09-20T00:33:00-03:00,HEMACIAS,-8.20892,-35.61055,3.4
1127,2026-09-20T00:38:00-03:00,HEMACIAS,-8.20608,-35.59288,3.5
1127,2026-09-20T00:43:00-03:00,HEMACIAS,-8.20436,-35.57568,3.7
1128,2026-09-20T08:03:00-03:00,PLASMA,-8.04810,-34.87798,-31.1
1128,2026-09-20T08:08:00-03:00,PLASMA,-8.05204,-34.88694,-32.9
1128,2026-09-20T08:13:00-03:00,PLASMA,-8.05848,-34.89386,-33.5
1129,2026-09-20T09:14:00-03:00,HEMACIAS,-8.04822,-34.87888,4.1
1129,2026-09-20T09:19:00-03:00,HEMACIAS,-8.03191,-34.87649,4.6
1129,2026-09-20T09:24:00-03:00,HEMACIAS,-8.01880,-34.87732,4.3
1129,2026-09-20T09:29:00-03:00,HEMACIAS,-8.00353,-34.87581,3.5
1129,2026-09-20T09:34:00-03:00,HEMACIAS,-7.99105,-34.87606,4.0
1129,2026-09-20T09:39:00-03:00,HEMACIAS,-7.97489,-34.87430,3.9
1129,2026-09-20T09:44:00-03:00,HEMACIAS,-7.96143,-34.87436,3.9
1129,2026-09-20T09:49:00-03:00,HEMACIAS,-7.94810,-34.87427,4.0
1130,2026-09-20T11:41:00-03:00,HEMACIAS,-8.27733,-35.98246,3.6
1130,2026-09-20T11:46:00-03:00,HEMACIAS,-8.27807,-35.97858,3.5
1130,2026-09-20T11:51:00-03:00,HEMACIAS,-8.27770,-35.97640,3.1
1130,2026-09-20T11:56:00-03:00,HEMACIAS,-8.28040,-35.97564,3.9
1130,2026-09-20T12:01:00-03:00,HEMACIAS,-8.28441,-35.97275,3.9
1131,2026-09-20T12:22:00-03:00,CRIOPRECIPITADO,-8.04820,-34.87763,-30.0
1131,2026-09-20T12:27:00-03:00,CRIOPRECIPITADO,-8.05373,-34.88603,-29.9
1131,2026-09-20T12:32:00-03:00,CRIOPRECIPITADO,-8.05826,-34.89281,-27.5
1132,2026-09-20T13:26:00-03:00,PLAQUETAS,-8.27687,-35.98199,22.3
1132,2026-09-20T13:31:00-03:00,PLAQUETAS,-8.28000,-35.97717,21.9
1132,2026-09-20T13:36:00-03:00,PLAQUETAS,-8.28195,-35.97327,22.2
1133,2026-09-20T17:44:00-03:00,HEMACIAS,-8.27788,-35.98258,4.0
1133,2026-09-20T17:49:00-03:00,HEMACIAS,-8.27971,-35.97724,3.7
1133,2026-09-20T17:54:00-03:00,HEMACIAS,-8.28299,-35.97148,3.5
1134,2026-09-20T16:24:00-03:00,HEMACIAS,-8.27660,-35.98248,4.0
1134,2026-09-20T16:29:00-03:00,HEMACIAS,-8.28027,-35.97559,3.8
1134,2026-09-20T16:34:00-03:00,HEMACIAS,-8.28412,-35.97036,4.0
1135,2026-09-20T18:01:00-03:00,HEMACIAS,-8.04823,-34.87758,3.7
1135,2026-09-20T18:06:00-03:00,HEMACIAS,-8.05044,-34.88105,3.3
1135,2026-09-20T18:11:00-03:00,HEMACIAS,-8.05202,-34.88409,3.8
1136,2026-09-20T18:46:00-03:00,HEMACIAS,-8.04826,-34.87585,3.9
1136,2026-09-20T18:51:00-03:00,HEMACIAS,-8.05271,-34.88113,3.9
1136,2026-09-20T18:56:00-03:00,HEMACIAS,-8.05629,-34.88762,3.9
1136,2026-09-20T19:01:00-03:00,HEMACIAS,-8.05733,-34.89180,3.9
1136,2026-09-20T19:06:00-03:00,HEMACIAS,-8.06132,-34.89835,4.0
1137,2026-09-21T05:14:00-03:00,HEMACIAS,-8.04661,-34.87681,3.5
1137,2026-09-21T05:19:00-03:00,HEMACIAS,-8.05397,-34.88618,3.6
1137,2026-09-21T05:24:00-03:00,HEMACIAS,-8.05919,-34.89426,3.5
1138,2026-09-21T08:43:00-03:00,HEMACIAS,-8.04554,-34.87676,3.9
1138,2026-09-21T08:48:00-03:00,HEMACIAS,-8.04220,-34.87396,3.8
1138,2026-09-21T08:53:00-03:00,HEMACIAS,-8.03450,-34.87009,4.0
1138,2026-09-21T08:58:00-03:00,HEMACIAS,-8.02854,-34.86630,4.9
1138,2026-09-21T09:03:00-03:00,HEMACIAS,-8.02258,-34.86409,4.8
1138,2026-09-21T09:08:00-03:00,HEMACIAS,-8.01841,-34.86233,4.5
1138,2026-09-21T09:13:00-03:00,HEMACIAS,-8.01152,-34.85654,4.7
1139,2026-09-21T09:13:00-03:00,PLAQUETAS,-8.04825,-34.87653,22.0
1139,2026-09-21T09:18:00-03:00,PLAQUETAS,-8.05619,-34.89254,22.1
1139,2026-09-21T09:23:00-03:00,PLAQUETAS,-8.06264,-34.90684,22.2
1139,2026-09-21T09:28:00-03:00,PLAQUETAS,-8.06959,-34.92401,22.7
1139,2026-09-21T09:33:00-03:00,PLAQUETAS,-8.07611,-34.94044,22.7
1139,2026-09-21T09:38:00-03:00,PLAQUETAS,-8.08584,-34.95661,22.4
1139,2026-09-21T09:43:00-03:00,PLAQUETAS,-8.09123,-34.97125,22.4
1139,2026-09-21T09:48:00-03:00,PLAQUETAS,-8.10083,-34.98609,22.6
1139,2026-09-21T09:53:00-03:00,PLAQUETAS,-8.10608,-35.00217,22.4
1141,2026-09-21T08:16:00-03:00,HEMACIAS,-8.04803,-34.87723,3.8
1141,2026-09-21T08:21:00-03:00,HEMACIAS,-8.05108,-34.88190,3.6
1141,2026-09-21T08:26:00-03:00,HEMACIAS,-8.05402,-34.88639,3.3
1141,2026-09-21T08:31:00-03:00,HEMACIAS,-8.05868,-34.89208,4.1
1141,2026-09-21T08:36:00-03:00,HEMACIAS,-8.06062,-34.89620,4.2
1142,2026-09-21T14:05:00-03:00,HEMACIAS,-8.04704,-34.87556,3.0
1142,2026-09-21T14:10:00-03:00,HEMACIAS,-8.05548,-34.89248,3.1
1142,2026-09-21T14:15:00-03:00,HEMACIAS,-8.06188,-34.90645,3.9
1142,2026-09-21T14:20:00-03:00,HEMACIAS,-8.07035,-34.92221,3.8
1142,2026-09-21T14:25:00-03:00,HEMACIAS,-8.07567,-34.93804,4.4
1142,2026-09-21T14:30:00-03:00,HEMACIAS,-8.08327,-34.95278,4.2
1142,2026-09-21T14:35:00-03:00,HEMACIAS,-8.08748,-34.96729,4.4
1142,2026-09-21T14:40:00-03:00,HEMACIAS,-8.09729,-34.98184,3.8
1142,2026-09-21T14:45:00-03:00,HEMACIAS,-8.10407,-34.99500,3.8
1142,2026-09-21T14:50:00-03:00,HEMACIAS,-8.10972,-35.01144,3.4
1143,2026-09-21T08:54:00-03:00,HEMACIAS,-8.04792,-34.87728,4.2
1143,2026-09-21T08:59:00-03:00,HEMACIAS,-8.03991,-34.87577,4.1
1143,2026-09-21T09:04:00-03:00,HEMACIAS,-8.03024,-34.87696,4.0
1143,2026-09-21T09:09:00-03:00,HEMACIAS,-8.01999,-34.87377,3.8
1143,2026-09-21T09:14:00-03:00,HEMACIAS,-8.01214,-34.87526,3.8
1143,2026-09-21T09:19:00-03:00,HEMACIAS,-8.00437,-34.87569,4.3
1143,2026-09-21T09:24:00-03:00,HEMACIAS,-7.99286,-34.87554,4.1
1143,2026-09-21T09:29:00-03:00,HEMACIAS,-7.98533,-34.87535,3.6
1143,2026-09-21T09:34:00-03:00,HEMACIAS,-7.97803,-34.87333,3.3
1143,2026-09-21T09:39:00-03:00,HEMACIAS,-7.96629,-34.87433,3.4
1143,2026-09-21T09:44:00-03:00,HEMACIAS,-7.95892,-34.87279,3.6
1143,2026-09-21T09:49:00-03:00,HEMACIAS,-7.94890,-34.87409,4.0
1143,2026-09-21T09:54:00-03:00,HEMACIAS,-7.94122,-34.87277,4.3
1144,2026-09-21T10:49:00-03:00,PLAQUETAS,-8.27614,-35.98205,22.3
1144,2026-09-21T10:54:00-03:00,PLAQUETAS,-8.27240,-35.95634,21.7
1144,2026-09-21T10:59:00-03:00,PLAQUETAS,-8.26896,-35.93509,21.2
1144,2026-09-21T11:04:00-03:00,PLAQUETAS,-8.26407,-35.90890,21.0
1144,2026-09-21T11:09:00-03:00,PLAQUETAS,-8.26001,-35.88605,20.7
1144,2026-09-21T11:14:00-03:00,PLAQUETAS,-8.25526,-35.86078,21.1
1144,2026-09-21T11:19:00-03:00,PLAQUETAS,-8.25186,-35.83755,21.4
1144,2026-09-21T11:24:00-03:00,PLAQUETAS,-8.24743,-35.81339,21.5
1144,2026-09-21T11:29:00-03:00,PLAQUETAS,-8.24287,-35.78825,21.4
1144,2026-09-21T11:34:00-03:00,PLAQUETAS,-8.23898,-35.76373,21.2
1144,2026-09-21T11:39:00-03:00,PLAQUETAS,-8.23610,-35.73936,21.8
1144,2026-09-21T11:44:00-03:00,PLAQUETAS,-8.23215,-35.71570,21.8
1144,2026-09-21T11:49:00-03:00,PLAQUETAS,-8.22814,-35.69203,21.7
1144,2026-09-21T11:54:00-03:00,PLAQUETAS,-8.22242,-35.66701,21.6
1144,2026-09-21T11:59:00-03:00,PLAQUETAS,-8.21931,-35.64456,21.5
1144,2026-09-21T12:04:00-03:00,PLAQUETAS,-8.21633,-35.61839,21.4
1144,2026-09-21T12:09:00-03:00,PLAQUETAS,-8.21127,-35.59468,22.1
1144,2026-09-21T12:14:00-03:00,PLAQUETAS,-8.20651,-35.57098,22.1
1144,2026-09-21T12:19:00-03:00,PLAQUETAS,-8.20424,-35.54702,21.7
1144,2026-09-21T12:24:00-03:00,PLAQUETAS,-8.19780,-35.52336,21.9
1144,2026-09-21T12:29:00-03:00,PLAQUETAS,-8.19393,-35.49888,21.7
1144,2026-09-21T12:34:00-03:00,PLAQUETAS,-8.19028,-35.47489,22.0
1144,2026-09-21T12:39:00-03:00,PLAQUETAS,-8.18643,-35.44980,21.9
1144,2026-09-21T12:44:00-03:00,PLAQUETAS,-8.18162,-35.42696,21.7
1144,2026-09-21T12:49:00-03:00,PLAQUETAS,-8.17845,-35.40164,21.7
1144,2026-09-21T12:54:00-03:00,PLAQUETAS,-8.17498,-35.37641,22.0
1144,2026-09-21T12:59:00-03:00,PLAQUETAS,-8.17032,-35.35426,22.5
1144,2026-09-21T13:04:00-03:00,PLAQUETAS,-8.16441,-35.32864,22.2
1144,2026-09-21T13:09:00-03:00,PLAQUETAS,-8.16207,-35.30452,22.3
1144,2026-09-21T13:14:00-03:00,PLAQUETAS,-8.15755,-35.28211,21.9
1144,2026-09-21T13:19:00-03:00,PLAQUETAS,-8.15477,-35.25805,21.9
1144,2026-09-21T13:24:00-03:00,PLAQUETAS,-8.15011,-35.23217,21.8
1144,2026-09-21T13:29:00-03:00,PLAQUETAS,-8.14506,-35.20877,22.2
1144,2026-09-21T13:34:00-03:00,PLAQUETAS,-8.14167,-35.18441,21.9
1144,2026-09-21T13:39:00-03:00,PLAQUETAS,-8.13719,-35.15917,21.7
1144,2026-09-21T13:44:00-03:00,PLAQUETAS,-8.13304,-35.13473,21.9
1144,2026-09-21T13:49:00-03:00,PLAQUETAS,-8.13096,-35.11072,22.2
1144,2026-09-21T13:54:00-03:00,PLAQUETAS,-8.12461,-35.08763,21.7
1144,2026-09-21T13:59:00-03:00,PLAQUETAS,-8.12002,-35.06374,22.0
1144,2026-09-21T14:04:00-03:00,PLAQUETAS,-8.11872,-35.03874,22.8
1144,2026-09-21T14:09:00-03:00,PLAQUETAS,-8.11205,-35.01518,22.0
1145,2026-09-21T11:51:00-03:00,CRIOPRECIPITADO,-8.04853,-34.87751,-31.2
1145,2026-09-21T11:56:00-03:00,CRIOPRECIPITADO,-8.03763,-34.87194,-31.8
1145,2026-09-21T12:01:00-03:00,CRIOPRECIPITADO,-8.02807,-34.86590,-29.8
1145,2026-09-21T12:06:00-03:00,CRIOPRECIPITADO,-8.01875,-34.85913,-31.2
1145,2026-09-21T12:11:00-03:00,CRIOPRECIPITADO,-8.00782,-34.85598,-31.8
1146,2026-09-21T14:20:00-03:00,HEMACIAS,-8.04865,-34.87696,3.8
1146,2026-09-21T14:25:00-03:00,HEMACIAS,-8.03903,-34.87650,3.7
1146,2026-09-21T14:30:00-03:00,HEMACIAS,-8.02652,-34.87608,3.5
1146,2026-09-21T14:35:00-03:00,HEMACIAS,-8.01783,-34.87414,3.1
1146,2026-09-21T14:40:00-03:00,HEMACIAS,-8.00656,-34.87593,3.3
1146,2026-09-21T14:45:00-03:00,HEMACIAS,-7.99763,-34.87608,3.8
1146,2026-09-21T14:50:00-03:00,HEMACIAS,-7.98698,-34.87452,4.3
1146,2026-09-21T14:55:00-03:00,HEMACIAS,-7.97761,-34.87533,4.5
1146,2026-09-21T15:00:00-03:00,HEMACIAS,-7.96578,-34.87590,4.7
1146,2026-09-21T15:05:00-03:00,HEMACIAS,-7.95671,-34.87283,5.1
1146,2026-09-21T15:10:00-03:00,HEMACIAS,-7.94669,-34.87400,4.4
1147,2026-09-21T15:24:00-03:00,HEMACIAS,-8.04676,-34.87577,3.4
1147,2026-09-21T15:29:00-03:00,HEMACIAS,-8.05711,-34.89931,3.8
1147,2026-09-21T15:34:00-03:00,HEMACIAS,-8.06829,-34.91986,3.3
1147,2026-09-21T15:39:00-03:00,HEMACIAS,-8.07802,-34.93982,3.7
1147,2026-09-21T15:44:00-03:00,HEMACIAS,-8.08878,-34.96301,3.8
1147,2026-09-21T15:49:00-03:00,HEMACIAS,-8.09792,-34.98451,3.6
1147,2026-09-21T15:54:00-03:00,HEMACIAS,-8.10740,-35.00436,3.6
1148,2026-09-21T16:50:00-03:00,CRIOPRECIPITADO,-8.04685,-34.87772,-28.7
1148,2026-09-21T16:55:00-03:00,CRIOPRECIPITADO,-8.05649,-34.89806,-28.6
1148,2026-09-21T17:00:00-03:00,CRIOPRECIPITADO,-8.06561,-34.91784,-28.2
1148,2026-09-21T17:05:00-03:00,CRIOPRECIPITADO,-8.07797,-34.93826,-30.1
1148,2026-09-21T17:10:00-03:00,CRIOPRECIPITADO,-8.08719,-34.96116,-31.1
1148,2026-09-21T17:15:00-03:00,CRIOPRECIPITADO,-8.09704,-34.98056,-29.7
1148,2026-09-21T17:20:00-03:00,CRIOPRECIPITADO,-8.10637,-35.00230,-29.3
1150,2026-09-21T15:47:00-03:00,PLASMA,-8.27667,-35.98170,-31.4
1150,2026-09-21T15:52:00-03:00,PLASMA,-8.28012,-35.97822,-32.2
1150,2026-09-21T15:57:00-03:00,PLASMA,-8.28184,-35.97579,-32.1
1150,2026-09-21T16:02:00-03:00,PLASMA,-8.28555,-35.97103,-30.6
1151,2026-09-21T18:35:00-03:00,PLAQUETAS,-8.04760,-34.87564,21.8
1151,2026-09-21T18:40:00-03:00,PLAQUETAS,-8.05132,-34.88214,21.6
1151,2026-09-21T18:45:00-03:00,PLAQUETAS,-8.05461,-34.88889,22.4
1151,2026-09-21T18:50:00-03:00,PLAQUETAS,-8.05994,-34.89573,21.8
1152,2026-09-22T15:08:00-03:00,HEMACIAS,-8.27650,-35.98051,3.7
1152,2026-09-22T15:13:00-03:00,HEMACIAS,-8.28067,-35.97791,3.6
1152,2026-09-22T15:18:00-03:00,HEMACIAS,-8.28223,-35.97211,4.2
1153,2026-09-22T12:46:00-03:00,HEMACIAS,-8.04715,-34.87693,4.1
1153,2026-09-22T12:51:00-03:00,HEMACIAS,-8.04990,-34.88088,4.1
1153,2026-09-22T12:56:00-03:00,HEMACIAS,-8.05254,-34.88254,4.2
1154,2026-09-22T08:31:00-03:00,PLAQUETAS,-8.04809,-34.87726,21.8
1154,2026-09-22T08:36:00-03:00,PLAQUETAS,-8.05186,-34.88116,21.4
1154,2026-09-22T08:41:00-03:00,PLAQUETAS,-8.05462,-34.88559,22.0
1155,2026-09-22T10:45:00-03:00,PLASMA,-8.04838,-34.87805,-30.0
1155,2026-09-22T10:50:00-03:00,PLASMA,-8.03759,-34.87196,-28.7
1155,2026-09-22T10:55:00-03:00,PLASMA,-8.03222,-34.86809,-29.3
1155,2026-09-22T11:00:00-03:00,PLASMA,-8.02407,-34.86355,-29.1
1155,2026-09-22T11:05:00-03:00,PLASMA,-8.01625,-34.86012,-28.5
1156,2026-09-22T10:03:00-03:00,CRIOPRECIPITADO,-8.04728,-34.87694,-29.5
1156,2026-09-22T10:08:00-03:00,CRIOPRECIPITADO,-8.05025,-34.87966,-28.9
1156,2026-09-22T10:13:00-03:00,CRIOPRECIPITADO,-8.05268,-34.88261,-30.1
1157,2026-09-22T14:21:00-03:00,HEMACIAS,-8.04710,-34.87677,3.8
1157,2026-09-22T14:26:00-03:00,HEMACIAS,-8.05500,-34.88701,3.5
1157,2026-09-22T14:31:00-03:00,HEMACIAS,-8.06191,-34.89718,3.9
1158,2026-09-22T11:48:00-03:00,PLAQUETAS,-8.04684,-34.87692,22.1
1158,2026-09-22T11:53:00-03:00,PLAQUETAS,-8.05805,-34.89548,21.3
1158,2026-09-22T11:58:00-03:00,PLAQUETAS,-8.06600,-34.91608,21.3
1158,2026-09-22T12:03:00-03:00,PLAQUETAS,-8.07500,-34.93670,21.1
1158,2026-09-22T12:08:00-03:00,PLAQUETAS,-8.08336,-34.95557,21.7
1158,2026-09-22T12:13:00-03:00,PLAQUETAS,-8.09399,-34.97575,22.0
1158,2026-09-22T12:18:00-03:00,PLAQUETAS,-8.10406,-34.99425,21.8
1158,2026-09-22T12:23:00-03:00,PLAQUETAS,-8.11361,-35.01469,22.0
1159,2026-09-22T14:17:00-03:00,HEMACIAS,-8.04782,-34.87747,4.4
1159,2026-09-22T14:22:00-03:00,HEMACIAS,-8.05402,-34.89962,3.7
1159,2026-09-22T14:27:00-03:00,HEMACIAS,-8.05760,-34.92399,4.4
1159,2026-09-22T14:32:00-03:00,HEMACIAS,-8.06255,-34.94644,4.3
1159,2026-09-22T14:37:00-03:00,HEMACIAS,-8.06776,-34.97035,3.9
1159,2026-09-22T14:42:00-03:00,HEMACIAS,-8.07428,-34.99374,3.2
1159,2026-09-22T14:47:00-03:00,HEMACIAS,-8.07939,-35.01531,3.0
1159,2026-09-22T14:52:00-03:00,HEMACIAS,-8.08276,-35.03963,3.0
1159,2026-09-22T14:57:00-03:00,HEMACIAS,-8.09028,-35.06254,3.4
1159,2026-09-22T15:02:00-03:00,HEMACIAS,-8.09308,-35.08843,4.0
1159,2026-09-22T15:07:00-03:00,HEMACIAS,-8.10127,-35.10941,3.9
1159,2026-09-22T15:12:00-03:00,HEMACIAS,-8.10553,-35.13348,4.0
1159,2026-09-22T15:17:00-03:00,HEMACIAS,-8.10942,-35.15529,4.0
1159,2026-09-22T15:22:00-03:00,HEMACIAS,-8.11523,-35.17900,4.2
1159,2026-09-22T15:27:00-03:00,HEMACIAS,-8.12097,-35.20342,4.1
1159,2026-09-22T15:32:00-03:00,HEMACIAS,-8.12565,-35.22549,4.2
1159,2026-09-22T15:37:00-03:00,HEMACIAS,-8.13140,-35.24881,4.2
1159,2026-09-22T15:42:00-03:00,HEMACIAS,-8.13706,-35.27367,3.5
1159,2026-09-22T15:47:00-03:00,HEMACIAS,-8.14004,-35.29671,3.4
1159,2026-09-22T15:52:00-03:00,HEMACIAS,-8.14549,-35.31978,3.1
1159,2026-09-22T15:57:00-03:00,HEMACIAS,-8.15149,-35.34179,2.9
1159,2026-09-22T16:02:00-03:00,HEMACIAS,-8.15649,-35.36425,2.9
1159,2026-09-22T16:07:00-03:00,HEMACIAS,-8.16059,-35.38825,3.6
1159,2026-09-22T16:12:00-03:00,HEMACIAS,-8.16623,-35.41090,3.7
1159,2026-09-22T16:17:00-03:00,HEMACIAS,-8.17202,-35.43487,3.6
1159,2026-09-22T16:22:00-03:00,HEMACIAS,-8.17611,-35.45855,3.8
1159,2026-09-22T16:27:00-03:00,HEMACIAS,-8.18372,-35.48155,4.1
1159,2026-09-22T16:32:00-03:00,HEMACIAS,-8.18712,-35.50514,3.8
1159,2026-09-22T16:37:00-03:00,HEMACIAS,-8.19295,-35.52848,3.9
1159,2026-09-22T16:42:00-03:00,HEMACIAS,-8.19807,-35.55147,3.6
1161,2026-09-22T20:47:00-03:00,HEMACIAS,-8.27691,-35.98208,4.0
1161,2026-09-22T20:52:00-03:00,HEMACIAS,-8.27891,-35.97987,4.1
1161,2026-09-22T20:57:00-03:00,HEMACIAS,-8.28036,-35.97669,3.9
1161,2026-09-22T21:02:00-03:00,HEMACIAS,-8.28117,-35.97482,4.2
1161,2026-09-22T21:07:00-03:00,HEMACIAS,-8.28373,-35.97112,3.9
1162,2026-09-22T12:50:00-03:00,HEMACIAS,-8.04738,-34.87768,4.6
1162,2026-09-22T12:55:00-03:00,HEMACIAS,-8.05359,-34.88577,4.5
1162,2026-09-22T13:00:00-03:00,HEMACIAS,-8.06015,-34.89661,4.0
1163,2026-09-22T14:55:00-03:00,PLAQUETAS,-8.04777,-34.87623,22.4
1163,2026-09-22T15:00:00-03:00,PLAQUETAS,-8.04428,-34.89118,22.7
1163,2026-09-22T15:05:00-03:00,PLAQUETAS,-8.03960,-34.90974,22.2
1163,2026-09-22T15:10:00-03:00,PLAQUETAS,-8.03672,-34.92585,22.3
1163,2026-09-22T15:15:00-03:00,PLAQUETAS,-8.03158,-34.94158,22.0
1163,2026-09-22T15:20:00-03:00,PLAQUETAS,-8.02933,-34.95997,22.3
1163,2026-09-22T15:25:00-03:00,PLAQUETAS,-8.02497,-34.97523,21.7
1164,2026-09-22T17:55:00-03:00,HEMACIAS,-8.04866,-34.87808,4.0
1164,2026-09-22T18:00:00-03:00,HEMACIAS,-8.04606,-34.88632,3.9
1164,2026-09-22T18:05:00-03:00,HEMACIAS,-8.04384,-34.89984,3.6
1164,2026-09-22T18:10:00-03:00,HEMACIAS,-8.04025,-34.90800,3.8
1164,2026-09-22T18:15:00-03:00,HEMACIAS,-8.03781,-34.91742,4.5
1164,2026-09-22T18:20:00-03:00,HEMACIAS,-8.03673,-34.92903,4.5
1164,2026-09-22T18:25:00-03:00,HEMACIAS,-8.03327,-34.93973,4.8
1164,2026-09-22T18:30:00-03:00,HEMACIAS,-8.03057,-34.95100,4.7
1164,2026-09-22T18:35:00-03:00,HEMACIAS,-8.02776,-34.95834,4.2
1164,2026-09-22T18:40:00-03:00,HEMACIAS,-8.02579,-34.97024,4.2
1165,2026-09-22T16:48:00-03:00,HEMACIAS,-8.04897,-34.87761,4.0
1165,2026-09-22T16:53:00-03:00,HEMACIAS,-8.05799,-34.89740,4.1
1165,2026-09-22T16:58:00-03:00,HEMACIAS,-8.06753,-34.91799,4.0
1165,2026-09-22T17:03:00-03:00,HEMACIAS,-8.07698,-34.93710,4.5
1165,2026-09-22T17:08:00-03:00,HEMACIAS,-8.08550,-34.95762,4.3
1165,2026-09-22T17:13:00-03:00,HEMACIAS,-8.09538,-34.97788,3.4
1165,2026-09-22T17:18:00-03:00,HEMACIAS,-8.10626,-34.99782,3.3
1166,2026-09-22T17:00:00-03:00,PLASMA,-8.27668,-35.98257,-29.6
1166,2026-09-22T17:05:00-03:00,PLASMA,-8.28056,-35.97730,-30.3
1166,2026-09-22T17:10:00-03:00,PLASMA,-8.28531,-35.97024,-29.9
1167,2026-09-22T22:23:00-03:00,HEMACIAS,-8.04591,-34.87726,3.6
1167,2026-09-22T22:28:00-03:00,HEMACIAS,-8.03183,-34.87606,3.9
1167,2026-09-22T22:33:00-03:00,HEMACIAS,-8.01552,-34.87625,8.8
1167,2026-09-22T22:38:00-03:00,HEMACIAS,-7.99982,-34.87476,9.6
1167,2026-09-22T22:43:00-03:00,HEMACIAS,-7.98452,-34.87344,9.8
1167,2026-09-22T22:48:00-03:00,HEMACIAS,-7.96732,-34.87439,9.6
1167,2026-09-22T22:53:00-03:00,HEMACIAS,-7.95033,-34.87270,4.0
1169,2026-09-22T22:32:00-03:00,HEMACIAS,-8.27663,-35.98222,3.6
1169,2026-09-22T22:37:00-03:00,HEMACIAS,-8.27175,-35.96399,3.6
1169,2026-09-22T22:42:00-03:00,HEMACIAS,-8.26973,-35.94648,4.0
1169,2026-09-22T22:47:00-03:00,HEMACIAS,-8.26496,-35.92819,4.4
1169,2026-09-22T22:52:00-03:00,HEMACIAS,-8.26140,-35.90904,4.8
1169,2026-09-22T22:57:00-03:00,HEMACIAS,-8.25937,-35.89204,4.8
1169,2026-09-22T23:02:00-03:00,HEMACIAS,-8.25715,-35.87460,4.4
1169,2026-09-22T23:07:00-03:00,HEMACIAS,-8.25258,-35.85451,4.7
1169,2026-09-22T23:12:00-03:00,HEMACIAS,-8.25001,-35.83748,4.7
1169,2026-09-22T23:17:00-03:00,HEMACIAS,-8.24639,-35.81922,4.0
1169,2026-09-22T23:22:00-03:00,HEMACIAS,-8.24323,-35.80053,4.5
1169,2026-09-22T23:27:00-03:00,HEMACIAS,-8.24260,-35.78130,4.4
1169,2026-09-22T23:32:00-03:00,HEMACIAS,-8.23726,-35.76444,4.1
1169,2026-09-22T23:37:00-03:00,HEMACIAS,-8.23285,-35.74454,4.2
1169,2026-09-22T23:42:00-03:00,HEMACIAS,-8.23002,-35.72951,3.9
1169,2026-09-22T23:47:00-03:00,HEMACIAS,-8.22735,-35.71017,4.2
1169,2026-09-22T23:52:00-03:00,HEMACIAS,-8.22320,-35.69188,3.8
1169,2026-09-22T23:57:00-03:00,HEMACIAS,-8.22043,-35.67390,4.0
1169,2026-09-23T00:02:00-03:00,HEMACIAS,-8.21742,-35.65480,4.4
1169,2026-09-23T00:07:00-03:00,HEMACIAS,-8.21390,-35.63746,4.1
1169,2026-09-23T00:12:00-03:00,HEMACIAS,-8.21035,-35.61955,4.5
1169,2026-09-23T00:17:00-03:00,HEMACIAS,-8.20797,-35.60157,4.1
1169,2026-09-23T00:22:00-03:00,HEMACIAS,-8.20516,-35.58309,3.7
1169,2026-09-23T00:27:00-03:00,HEMACIAS,-8.20084,-35.56574,3.7
1170,2026-09-23T02:03:00-03:00,PLASMA,-8.04817,-34.87745,-30.7
1170,2026-09-23T02:08:00-03:00,PLASMA,-8.05517,-34.89543,-31.1
1170,2026-09-23T02:13:00-03:00,PLASMA,-8.06493,-34.91269,-29.1
1170,2026-09-23T02:18:00-03:00,PLASMA,-8.07429,-34.93358,-28.2
1170,2026-09-23T02:23:00-03:00,PLASMA,-8.08504,-34.95136,-30.8
1170,2026-09-23T02:28:00-03:00,PLASMA,-8.09174,-34.97123,-29.1
1170,2026-09-23T02:33:00-03:00,PLASMA,-8.09954,-34.98909,-30.7
1170,2026-09-23T02:38:00-03:00,PLASMA,-8.11020,-35.00688,-30.4
1171,2026-09-23T11:29:00-03:00,PLAQUETAS,-8.04788,-34.87760,21.9
1171,2026-09-23T11:34:00-03:00,PLAQUETAS,-8.03468,-34.87667,21.4
1171,2026-09-23T11:39:00-03:00,PLAQUETAS,-8.02370,-34.87672,21.9
1171,2026-09-23T11:44:00-03:00,PLAQUETAS,-8.01257,-34.87582,21.9
1171,2026-09-23T11:49:00-03:00,PLAQUETAS,-7.99874,-34.87533,21.3
1171,2026-09-23T11:54:00-03:00,PLAQUETAS,-7.98689,-34.87509,21.7
1171,2026-09-23T11:59:00-03:00,PLAQUETAS,-7.97428,-34.87499,21.9
1171,2026-09-23T12:04:00-03:00,PLAQUETAS,-7.96423,-34.87480,22.2
1171,2026-09-23T12:09:00-03:00,PLAQUETAS,-7.95015,-34.87221,22.4
1172,2026-09-23T08:47:00-03:00,HEMACIAS,-8.27612,-35.98257,3.9
1172,2026-09-23T08:52:00-03:00,HEMACIAS,-8.27960,-35.97737,3.9
1172,2026-09-23T08:57:00-03:00,HEMACIAS,-8.28168,-35.97289,3.3
1172,2026-09-23T09:02:00-03:00,HEMACIAS,-8.28558,-35.97082,4.1
1173,2026-09-23T08:19:00-03:00,HEMACIAS,-8.27610,-35.98134,3.7
1173,2026-09-23T08:24:00-03:00,HEMACIAS,-8.27148,-35.95971,3.8
1173,2026-09-23T08:29:00-03:00,HEMACIAS,-8.26868,-35.93936,3.9
1173,2026-09-23T08:34:00-03:00,HEMACIAS,-8.26400,-35.91520,4.3
1173,2026-09-23T08:39:00-03:00,HEMACIAS,-8.26087,-35.89466,3.6
1173,2026-09-23T08:44:00-03:00,HEMACIAS,-8.25601,-35.87460,3.6
1173,2026-09-23T08:49:00-03:00,HEMACIAS,-8.25351,-35.85104,3.8
1173,2026-09-23T08:54:00-03:00,HEMACIAS,-8.24942,-35.82892,4.0
1173,2026-09-23T08:59:00-03:00,HEMACIAS,-8.24696,-35.80815,3.6
1173,2026-09-23T09:04:00-03:00,HEMACIAS,-8.24095,-35.78756,3.7
1173,2026-09-23T09:09:00-03:00,HEMACIAS,-8.23750,-35.76479,4.2
1173,2026-09-23T09:14:00-03:00,HEMACIAS,-8.23198,-35.74330,4.3
1173,2026-09-23T09:19:00-03:00,HEMACIAS,-8.22893,-35.72053,3.9
1173,2026-09-23T09:24:00-03:00,HEMACIAS,-8.22568,-35.70013,3.2
1173,2026-09-23T09:29:00-03:00,HEMACIAS,-8.22144,-35.67720,3.7
1173,2026-09-23T09:34:00-03:00,HEMACIAS,-8.21807,-35.65699,3.2
1173,2026-09-23T09:39:00-03:00,HEMACIAS,-8.21405,-35.63361,3.0
1173,2026-09-23T09:44:00-03:00,HEMACIAS,-8.21017,-35.61227,3.3
1173,2026-09-23T09:49:00-03:00,HEMACIAS,-8.20782,-35.59087,3.5
1173,2026-09-23T09:54:00-03:00,HEMACIAS,-8.20223,-35.56726,3.4
1174,2026-09-23T21:23:00-03:00,PLAQUETAS,-8.27460,-35.98174,22.7
1174,2026-09-23T21:28:00-03:00,PLAQUETAS,-8.27225,-35.96007,22.0
1174,2026-09-23T21:33:00-03:00,PLAQUETAS,-8.26690,-35.93631,22.4
1174,2026-09-23T21:38:00-03:00,PLAQUETAS,-8.26370,-35.91219,21.7
1174,2026-09-23T21:43:00-03:00,PLAQUETAS,-8.25835,-35.88899,21.8
1174,2026-09-23T21:48:00-03:00,PLAQUETAS,-8.25538,-35.86641,21.8
1174,2026-09-23T21:53:00-03:00,PLAQUETAS,-8.25156,-35.84314,22.0
1174,2026-09-23T21:58:00-03:00,PLAQUETAS,-8.24733,-35.81956,21.9
1174,2026-09-23T22:03:00-03:00,PLAQUETAS,-8.24296,-35.79674,21.9
1174,2026-09-23T22:08:00-03:00,PLAQUETAS,-8.23894,-35.77324,21.6
1174,2026-09-23T22:13:00-03:00,PLAQUETAS,-8.23506,-35.75052,22.2
1174,2026-09-23T22:18:00-03:00,PLAQUETAS,-8.23107,-35.72764,22.4
1174,2026-09-23T22:23:00-03:00,PLAQUETAS,-8.22608,-35.70324,21.7
1174,2026-09-23T22:28:00-03:00,PLAQUETAS,-8.22166,-35.68129,21.2
1174,2026-09-23T22:33:00-03:00,PLAQUETAS,-8.21884,-35.65632,21.1
1174,2026-09-23T22:38:00-03:00,PLAQUETAS,-8.21423,-35.63388,21.4
1174,2026-09-23T22:43:00-03:00,PLAQUETAS,-8.21076,-35.61181,21.5
1174,2026-09-23T22:48:00-03:00,PLAQUETAS,-8.20324,-35.58746,22.1
1174,2026-09-23T22:53:00-03:00,PLAQUETAS,-8.20120,-35.56470,22.0
1175,2026-09-23T12:33:00-03:00,CRIOPRECIPITADO,-8.27557,-35.98090,-31.1
1175,2026-09-23T12:38:00-03:00,CRIOPRECIPITADO,-8.27452,-35.96582,-30.2
1175,2026-09-23T12:43:00-03:00,CRIOPRECIPITADO,-8.26951,-35.94990,-29.0
1175,2026-09-23T12:48:00-03:00,CRIOPRECIPITADO,-8.26765,-35.93521,-28.3
1175,2026-09-23T12:53:00-03:00,CRIOPRECIPITADO,-8.26553,-35.91834,-27.9
1175,2026-09-23T12:58:00-03:00,CRIOPRECIPITADO,-8.26227,-35.90239,-28.7
1175,2026-09-23T13:03:00-03:00,CRIOPRECIPITADO,-8.25869,-35.88782,-28.2
1175,2026-09-23T13:08:00-03:00,CRIOPRECIPITADO,-8.25694,-35.87181,-27.3
1175,2026-09-23T13:13:00-03:00,CRIOPRECIPITADO,-8.25211,-35.85616,-29.1
1175,2026-09-23T13:18:00-03:00,CRIOPRECIPITADO,-8.25107,-35.84072,-28.6
1175,2026-09-23T13:23:00-03:00,CRIOPRECIPITADO,-8.25031,-35.82578,-29.4
1175,2026-09-23T13:28:00-03:00,CRIOPRECIPITADO,-8.24428,-35.80959,-28.1
1175,2026-09-23T13:33:00-03:00,CRIOPRECIPITADO,-8.24309,-35.79362,-31.1
1175,2026-09-23T13:38:00-03:00,CRIOPRECIPITADO,-8.24103,-35.77886,-31.3
1175,2026-09-23T13:43:00-03:00,CRIOPRECIPITADO,-8.23621,-35.76234,-30.4
1175,2026-09-23T13:48:00-03:00,CRIOPRECIPITADO,-8.23320,-35.74856,-30.4
1175,2026-09-23T13:53:00-03:00,CRIOPRECIPITADO,-8.23024,-35.73115,-30.2
1175,2026-09-23T13:58:00-03:00,CRIOPRECIPITADO,-8.22749,-35.71518,-29.9
1175,2026-09-23T14:03:00-03:00,CRIOPRECIPITADO,-8.22520,-35.69802,-28.9
1175,2026-09-23T14:08:00-03:00,CRIOPRECIPITADO,-8.22331,-35.68373,-28.6
1175,2026-09-23T14:13:00-03:00,CRIOPRECIPITADO,-8.21996,-35.66874,-30.0
1175,2026-09-23T14:18:00-03:00,CRIOPRECIPITADO,-8.21813,-35.65256,-31.2
1175,2026-09-23T14:23:00-03:00,CRIOPRECIPITADO,-8.21557,-35.63743,-30.1
1175,2026-09-23T14:28:00-03:00,CRIOPRECIPITADO,-8.21203,-35.62279,-30.2
1175,2026-09-23T14:33:00-03:00,CRIOPRECIPITADO,-8.20972,-35.60433,-30.9
1175,2026-09-23T14:38:00-03:00,CRIOPRECIPITADO,-8.20545,-35.59088,-29.3
1175,2026-09-23T14:43:00-03:00,CRIOPRECIPITADO,-8.20241,-35.57359,-30.0
1176,2026-09-23T11:17:00-03:00,HEMACIAS,-8.27663,-35.98272,3.6
1176,2026-09-23T11:22:00-03:00,HEMACIAS,-8.28097,-35.97520,3.0
1177,2026-09-23T11:33:00-03:00,PLASMA,-8.04661,-34.87753,-31.1
1177,2026-09-23T11:38:00-03:00,PLASMA,-8.04939,-34.87868,-30.4
1177,2026-09-23T11:43:00-03:00,PLASMA,-8.05031,-34.88038,-28.5
1177,2026-09-23T11:48:00-03:00,PLASMA,-8.05075,-34.88147,-28.4
1177,2026-09-23T11:53:00-03:00,PLASMA,-8.05121,-34.88165,-28.5
1177,2026-09-23T11:58:00-03:00,PLASMA,-8.05166,-34.88420,-29.8
1178,2026-09-23T16:40:00-03:00,HEMACIAS,-8.04880,-34.87840,3.0
1178,2026-09-23T16:45:00-03:00,HEMACIAS,-8.05317,-34.89123,3.6
1178,2026-09-23T16:50:00-03:00,HEMACIAS,-8.05868,-34.90383,4.3
1178,2026-09-23T16:55:00-03:00,HEMACIAS,-8.06400,-34.91374,4.2
1178,2026-09-23T17:00:00-03:00,HEMACIAS,-8.07249,-34.92656,3.8
1178,2026-09-23T17:05:00-03:00,HEMACIAS,-8.07556,-34.94001,3.8
1178,2026-09-23T17:10:00-03:00,HEMACIAS,-8.08209,-34.95314,3.8
1178,2026-09-23T17:15:00-03:00,HEMACIAS,-8.09047,-34.96488,3.8
1178,2026-09-23T17:20:00-03:00,HEMACIAS,-8.09612,-34.97748,4.1
1178,2026-09-23T17:25:00-03:00,HEMACIAS,-8.09952,-34.98910,3.6
1178,2026-09-23T17:30:00-03:00,HEMACIAS,-8.10816,-35.00344,4.0
1178,2026-09-23T17:35:00-03:00,HEMACIAS,-8.11132,-35.01573,4.4
1179,2026-09-24T00:12:00-03:00,HEMACIAS,-8.27491,-35.98369,4.0
1179,2026-09-24T00:17:00-03:00,HEMACIAS,-8.27298,-35.96522,3.8
1179,2026-09-24T00:22:00-03:00,HEMACIAS,-8.27050,-35.94662,3.4
1179,2026-09-24T00:27:00-03:00,HEMACIAS,-8.26699,-35.93005,3.7
1179,2026-09-24T00:32:00-03:00,HEMACIAS,-8.26293,-35.91136,4.3
1179,2026-09-24T00:37:00-03:00,HEMACIAS,-8.26118,-35.89454,4.0
1179,2026-09-24T00:42:00-03:00,HEMACIAS,-8.25871,-35.87869,5.0
1179,2026-09-24T00:47:00-03:00,HEMACIAS,-8.25328,-35.85854,4.2
1179,2026-09-24T00:52:00-03:00,HEMACIAS,-8.25152,-35.84259,4.4
1179,2026-09-24T00:57:00-03:00,HEMACIAS,-8.24829,-35.82544,4.7
1179,2026-09-24T01:02:00-03:00,HEMACIAS,-8.24365,-35.80830,4.4
1179,2026-09-24T01:07:00-03:00,HEMACIAS,-8.24121,-35.79207,4.2
1179,2026-09-24T01:12:00-03:00,HEMACIAS,-8.23823,-35.77461,4.3
1179,2026-09-24T01:17:00-03:00,HEMACIAS,-8.23578,-35.75703,4.0
1179,2026-09-24T01:22:00-03:00,HEMACIAS,-8.23225,-35.73740,4.3
1179,2026-09-24T01:27:00-03:00,HEMACIAS,-8.23017,-35.72114,3.8
1179,2026-09-24T01:32:00-03:00,HEMACIAS,-8.22700,-35.70518,4.2
1179,2026-09-24T01:37:00-03:00,HEMACIAS,-8.22488,-35.68680,3.6
1179,2026-09-24T01:42:00-03:00,HEMACIAS,-8.21971,-35.66953,3.9
1179,2026-09-24T01:47:00-03:00,HEMACIAS,-8.21649,-35.65157,4.8
1179,2026-09-24T01:52:00-03:00,HEMACIAS,-8.21206,-35.63428,4.7
1179,2026-09-24T01:57:00-03:00,HEMACIAS,-8.21022,-35.61517,3.7
1179,2026-09-24T02:02:00-03:00,HEMACIAS,-8.20756,-35.59871,4.4
1179,2026-09-24T02:07:00-03:00,HEMACIAS,-8.20476,-35.58407,3.9
1179,2026-09-24T02:12:00-03:00,HEMACIAS,-8.20097,-35.56559,4.4
1180,2026-09-23T20:10:00-03:00,HEMACIAS,-8.27508,-35.98217,3.8
1180,2026-09-23T20:15:00-03:00,HEMACIAS,-8.27897,-35.97944,3.0
1180,2026-09-23T20:20:00-03:00,HEMACIAS,-8.28102,-35.97402,3.7
1180,2026-09-23T20:25:00-03:00,HEMACIAS,-8.28493,-35.96962,4.3
1181,2026-09-23T19:40:00-03:00,PLAQUETAS,-8.04810,-34.87883,22.4
1181,2026-09-23T19:45:00-03:00,PLAQUETAS,-8.05062,-34.88062,22.1
1181,2026-09-23T19:50:00-03:00,PLAQUETAS,-8.05199,-34.88227,22.2
1182,2026-09-23T22:22:00-03:00,HEMACIAS,-8.04673,-34.87740,4.4
1182,2026-09-23T22:27:00-03:00,HEMACIAS,-8.04971,-34.88063,4.6
1182,2026-09-23T22:32:00-03:00,HEMACIAS,-8.05102,-34.88205,4.1
1182,2026-09-23T22:37:00-03:00,HEMACIAS,-8.05396,-34.88510,4.0
1183,2026-09-24T01:42:00-03:00,HEMACIAS,-8.04640,-34.87688,4.0
1183,2026-09-24T01:47:00-03:00,HEMACIAS,-8.03725,-34.86986,3.8
1183,2026-09-24T01:52:00-03:00,HEMACIAS,-8.02514,-34.86598,4.3
1183,2026-09-24T01:57:00-03:00,HEMACIAS,-8.01499,-34.85942,4.4
1185,2026-09-24T13:36:00-03:00,HEMACIAS,-8.27573,-35.98083,3.8
1185,2026-09-24T13:41:00-03:00,HEMACIAS,-8.27224,-35.96234,3.6
1185,2026-09-24T13:46:00-03:00,HEMACIAS,-8.26693,-35.94243,3.9
1185,2026-09-24T13:51:00-03:00,HEMACIAS,-8.26319,-35.92491,3.8
1185,2026-09-24T13:56:00-03:00,HEMACIAS,-8.25880,-35.90627,4.1
1185,2026-09-24T14:01:00-03:00,HEMACIAS,-8.25278,-35.88612,4.4
1185,2026-09-24T14:06:00-03:00,HEMACIAS,-8.24707,-35.86635,4.2
1185,2026-09-24T14:11:00-03:00,HEMACIAS,-8.24409,-35.84912,4.0
1185,2026-09-24T14:16:00-03:00,HEMACIAS,-8.23866,-35.82898,3.7
1185,2026-09-24T14:21:00-03:00,HEMACIAS,-8.23523,-35.81107,3.5
1185,2026-09-24T14:26:00-03:00,HEMACIAS,-8.23189,-35.79210,3.6
1185,2026-09-24T14:31:00-03:00,HEMACIAS,-8.22643,-35.77400,3.3
1185,2026-09-24T14:36:00-03:00,HEMACIAS,-8.22270,-35.75343,4.0
1185,2026-09-24T14:41:00-03:00,HEMACIAS,-8.21738,-35.73498,4.2
1185,2026-09-24T14:46:00-03:00,HEMACIAS,-8.21261,-35.71634,3.6
1185,2026-09-24T14:51:00-03:00,HEMACIAS,-8.20829,-35.69624,3.7
1185,2026-09-24T14:56:00-03:00,HEMACIAS,-8.20450,-35.67834,4.1
1185,2026-09-24T15:01:00-03:00,HEMACIAS,-8.19937,-35.66112,3.4
1185,2026-09-24T15:06:00-03:00,HEMACIAS,-8.19603,-35.64115,3.5
1185,2026-09-24T15:11:00-03:00,HEMACIAS,-8.19125,-35.62148,3.1
1185,2026-09-24T15:16:00-03:00,HEMACIAS,-8.18567,-35.60324,3.1
1185,2026-09-24T15:21:00-03:00,HEMACIAS,-8.18226,-35.58286,3.2
1185,2026-09-24T15:26:00-03:00,HEMACIAS,-8.17803,-35.56424,3.9
1185,2026-09-24T15:31:00-03:00,HEMACIAS,-8.17147,-35.54535,3.7
1185,2026-09-24T15:36:00-03:00,HEMACIAS,-8.16860,-35.52499,4.0
1185,2026-09-24T15:41:00-03:00,HEMACIAS,-8.16225,-35.50823,3.8
1185,2026-09-24T15:46:00-03:00,HEMACIAS,-8.16045,-35.48911,3.9
1185,2026-09-24T15:51:00-03:00,HEMACIAS,-8.15375,-35.47103,3.9
1185,2026-09-24T15:56:00-03:00,HEMACIAS,-8.14996,-35.45140,3.4
1185,2026-09-24T16:01:00-03:00,HEMACIAS,-8.14582,-35.43118,4.2
1185,2026-09-24T16:06:00-03:00,HEMACIAS,-8.14084,-35.41242,3.8
1185,2026-09-24T16:11:00-03:00,HEMACIAS,-8.13612,-35.39367,3.6
1185,2026-09-24T16:16:00-03:00,HEMACIAS,-8.13125,-35.37540,4.0
1185,2026-09-24T16:21:00-03:00,HEMACIAS,-8.12729,-35.35403,3.9
1185,2026-09-24T16:26:00-03:00,HEMACIAS,-8.12295,-35.33840,3.6
1185,2026-09-24T16:31:00-03:00,HEMACIAS,-8.11812,-35.31760,3.4
1185,2026-09-24T16:36:00-03:00,HEMACIAS,-8.11349,-35.29781,3.8
1185,2026-09-24T16:41:00-03:00,HEMACIAS,-8.10943,-35.27954,3.8
1185,2026-09-24T16:46:00-03:00,HEMACIAS,-8.10515,-35.26136,3.9
1185,2026-09-24T16:51:00-03:00,HEMACIAS,-8.10206,-35.24262,3.3
1185,2026-09-24T16:56:00-03:00,HEMACIAS,-8.09476,-35.22270,3.1
1185,2026-09-24T17:01:00-03:00,HEMACIAS,-8.09206,-35.20463,3.7
1185,2026-09-24T17:06:00-03:00,HEMACIAS,-8.08650,-35.18632,4.3
1185,2026-09-24T17:11:00-03:00,HEMACIAS,-8.08239,-35.16576,4.3
1185,2026-09-24T17:16:00-03:00,HEMACIAS,-8.07812,-35.14642,4.0
1185,2026-09-24T17:21:00-03:00,HEMACIAS,-8.07302,-35.12815,4.3
1185,2026-09-24T17:26:00-03:00,HEMACIAS,-8.06806,-35.10981,4.4
1185,2026-09-24T17:31:00-03:00,HEMACIAS,-8.06657,-35.09121,4.7
1185,2026-09-24T17:36:00-03:00,HEMACIAS,-8.06040,-35.07113,4.6
1185,2026-09-24T17:41:00-03:00,HEMACIAS,-8.05432,-35.05206,5.2
1185,2026-09-24T17:46:00-03:00,HEMACIAS,-8.04995,-35.03268,4.8
1185,2026-09-24T17:51:00-03:00,HEMACIAS,-8.04638,-35.01465,4.5
1185,2026-09-24T17:56:00-03:00,HEMACIAS,-8.04077,-34.99573,4.5
1185,2026-09-24T18:01:00-03:00,HEMACIAS,-8.03816,-34.97574,4.4
1185,2026-09-24T18:06:00-03:00,HEMACIAS,-8.03162,-34.95690,4.3
1185,2026-09-24T18:11:00-03:00,HEMACIAS,-8.02856,-34.93824,4.5
1185,2026-09-24T18:16:00-03:00,HEMACIAS,-8.02526,-34.91971,4.1
1185,2026-09-24T18:21:00-03:00,HEMACIAS,-8.02035,-34.90107,3.8
1185,2026-09-24T18:26:00-03:00,HEMACIAS,-8.01491,-34.87989,3.8
1185,2026-09-24T18:31:00-03:00,HEMACIAS,-8.01164,-34.86166,3.4
1186,2026-09-24T08:10:00-03:00,PLASMA,-8.04722,-34.87784,-30.1
1186,2026-09-24T08:15:00-03:00,PLASMA,-8.04231,-34.89656,-28.7
1186,2026-09-24T08:20:00-03:00,PLASMA,-8.03905,-34.91328,-30.8
1186,2026-09-24T08:25:00-03:00,PLASMA,-8.03440,-34.93172,-30.7
1186,2026-09-24T08:30:00-03:00,PLASMA,-8.03162,-34.95061,-29.4
1186,2026-09-24T08:35:00-03:00,PLASMA,-8.02526,-34.97048,-30.8
1187,2026-09-24T07:14:00-03:00,HEMACIAS,-8.04732,-34.87781,3.3
1187,2026-09-24T07:19:00-03:00,HEMACIAS,-8.04632,-34.88659,3.6
1187,2026-09-24T07:24:00-03:00,HEMACIAS,-8.04376,-34.89768,3.7
1187,2026-09-24T07:29:00-03:00,HEMACIAS,-8.04000,-34.90727,3.3
1187,2026-09-24T07:34:00-03:00,HEMACIAS,-8.03797,-34.91727,3.8
1187,2026-09-24T07:39:00-03:00,HEMACIAS,-8.03556,-34.92588,3.8
1187,2026-09-24T07:44:00-03:00,HEMACIAS,-8.03230,-34.93731,3.7
1187,2026-09-24T07:49:00-03:00,HEMACIAS,-8.02941,-34.94688,4.1
1187,2026-09-24T07:54:00-03:00,HEMACIAS,-8.02910,-34.95589,4.0
1187,2026-09-24T07:59:00-03:00,HEMACIAS,-8.02679,-34.96672,4.0
1187,2026-09-24T08:04:00-03:00,HEMACIAS,-8.02286,-34.97703,4.4
1188,2026-09-24T11:52:00-03:00,HEMACIAS,-8.04775,-34.87606,4.0
1188,2026-09-24T11:57:00-03:00,HEMACIAS,-8.03560,-34.87757,4.8
1188,2026-09-24T12:02:00-03:00,HEMACIAS,-8.02204,-34.87616,5.2
1188,2026-09-24T12:07:00-03:00,HEMACIAS,-8.01043,-34.87501,5.0
1188,2026-09-24T12:12:00-03:00,HEMACIAS,-7.99657,-34.87402,4.7
1188,2026-09-24T12:17:00-03:00,HEMACIAS,-7.98274,-34.87498,4.5
1188,2026-09-24T12:22:00-03:00,HEMACIAS,-7.97270,-34.87401,3.9
1188,2026-09-24T12:27:00-03:00,HEMACIAS,-7.95766,-34.87262,5.0
1188,2026-09-24T12:32:00-03:00,HEMACIAS,-7.94814,-34.87409,5.0
1189,2026-09-24T10:57:00-03:00,PLASMA,-8.27707,-35.98104,-31.0
1189,2026-09-24T11:02:00-03:00,PLASMA,-8.27903,-35.97766,-29.3
1189,2026-09-24T11:07:00-03:00,PLASMA,-8.28277,-35.97298,-28.8
1190,2026-09-24T11:24:00-03:00,HEMACIAS,-8.04724,-34.87659,3.8
1190,2026-09-24T11:29:00-03:00,HEMACIAS,-8.03656,-34.87126,4.5
1190,2026-09-24T11:34:00-03:00,HEMACIAS,-8.02604,-34.86577,4.2
1190,2026-09-24T11:39:00-03:00,HEMACIAS,-8.01523,-34.85825,4.7
1191,2026-09-24T15:45:00-03:00,PLASMA,-8.04745,-34.87763,-30.4
1191,2026-09-24T15:50:00-03:00,PLASMA,-8.05268,-34.88056,-31.2
1191,2026-09-24T15:55:00-03:00,PLASMA,-8.05410,-34.88470,-31.8
1192,2026-09-24T22:27:00-03:00,HEMACIAS,-8.04833,-34.87803,3.9
1192,2026-09-24T22:32:00-03:00,HEMACIAS,-8.01350,-34.87471,4.0
1192,2026-09-24T22:37:00-03:00,HEMACIAS,-7.97529,-34.87367,3.7
1192,2026-09-24T22:42:00-03:00,HEMACIAS,-7.93943,-34.87174,3.9
1193,2026-09-24T12:03:00-03:00,PLAQUETAS,-8.04827,-34.87834,22.0
1193,2026-09-24T12:08:00-03:00,PLAQUETAS,-8.05149,-34.87912,22.1
1193,2026-09-24T12:13:00-03:00,PLAQUETAS,-8.05057,-34.88242,21.9
1193,2026-09-24T12:18:00-03:00,PLAQUETAS,-8.05306,-34.88575,21.5
1194,2026-09-24T12:03:00-03:00,PLAQUETAS,-8.04712,-34.87651,22.2
1194,2026-09-24T12:08:00-03:00,PLAQUETAS,-8.04622,-34.88712,22.1
1194,2026-09-24T12:13:00-03:00,PLAQUETAS,-8.04137,-34.90260,22.4
1194,2026-09-24T12:18:00-03:00,PLAQUETAS,-8.03964,-34.91382,23.0
1194,2026-09-24T12:23:00-03:00,PLAQUETAS,-8.03601,-34.92504,22.8
1194,2026-09-24T12:28:00-03:00,PLAQUETAS,-8.03286,-34.93920,22.9
1194,2026-09-24T12:33:00-03:00,PLAQUETAS,-8.02956,-34.95177,22.3
1194,2026-09-24T12:38:00-03:00,PLAQUETAS,-8.02771,-34.96469,21.9
1194,2026-09-24T12:43:00-03:00,PLAQUETAS,-8.02359,-34.97543,22.1
1195,2026-09-24T16:37:00-03:00,HEMACIAS,-8.04881,-34.87620,4.4
1195,2026-09-24T16:42:00-03:00,HEMACIAS,-8.05102,-34.88033,5.1
1195,2026-09-24T16:47:00-03:00,HEMACIAS,-8.05168,-34.88473,4.8
1196,2026-09-24T22:51:00-03:00,PLAQUETAS,-8.04695,-34.87675,22.3
1196,2026-09-24T22:56:00-03:00,PLAQUETAS,-8.05274,-34.88548,21.9
1196,2026-09-24T23:01:00-03:00,PLAQUETAS,-8.06053,-34.89445,21.7
1197,2026-09-25T07:13:00-03:00,PLASMA,-8.27604,-35.98272,-28.5
1197,2026-09-25T07:18:00-03:00,PLASMA,-8.27758,-35.97524,-28.1
1197,2026-09-25T07:23:00-03:00,PLASMA,-8.28340,-35.97081,-29.5
1198,2026-09-24T17:56:00-03:00,CRIOPRECIPITADO,-8.27615,-35.98264,-29.4
1198,2026-09-24T18:01:00-03:00,CRIOPRECIPITADO,-8.27408,-35.96499,-32.2
1198,2026-09-24T18:06:00-03:00,CRIOPRECIPITADO,-8.26762,-35.94797,-31.4
1198,2026-09-24T18:11:00-03:00,CRIOPRECIPITADO,-8.26600,-35.93029,-30.9
1198,2026-09-24T18:16:00-03:00,CRIOPRECIPITADO,-8.26228,-35.91167,-31.8
1198,2026-09-24T18:21:00-03:00,CRIOPRECIPITADO,-8.25866,-35.89562,-31.8
1198,2026-09-24T18:26:00-03:00,CRIOPRECIPITADO,-8.25668,-35.88001,-31.3
1198,2026-09-24T18:31:00-03:00,CRIOPRECIPITADO,-8.25141,-35.86119,-32.1
1198,2026-09-24T18:36:00-03:00,CRIOPRECIPITADO,-8.24851,-35.84542,-30.6
1198,2026-09-24T18:41:00-03:00,CRIOPRECIPITADO,-8.24527,-35.82712,-29.5
1198,2026-09-24T18:46:00-03:00,CRIOPRECIPITADO,-8.24182,-35.80945,-30.2
1198,2026-09-24T18:51:00-03:00,CRIOPRECIPITADO,-8.23829,-35.79030,-28.9
1198,2026-09-24T18:56:00-03:00,CRIOPRECIPITADO,-8.23472,-35.77575,-31.0
1198,2026-09-24T19:01:00-03:00,CRIOPRECIPITADO,-8.23091,-35.75962,-30.2
1198,2026-09-24T19:06:00-03:00,CRIOPRECIPITADO,-8.22755,-35.74001,-30.9
1198,2026-09-24T19:11:00-03:00,CRIOPRECIPITADO,-8.22502,-35.72530,-30.6
1198,2026-09-24T19:16:00-03:00,CRIOPRECIPITADO,-8.22058,-35.70751,-29.8
1198,2026-09-24T19:21:00-03:00,CRIOPRECIPITADO,-8.21763,-35.69077,-28.8
1198,2026-09-24T19:26:00-03:00,CRIOPRECIPITADO,-8.21471,-35.67247,-29.0
1198,2026-09-24T19:31:00-03:00,CRIOPRECIPITADO,-8.21017,-35.65571,-28.7
1198,2026-09-24T19:36:00-03:00,CRIOPRECIPITADO,-8.20574,-35.63849,-27.5
1198,2026-09-24T19:41:00-03:00,CRIOPRECIPITADO,-8.20371,-35.62273,-29.8
1198,2026-09-24T19:46:00-03:00,CRIOPRECIPITADO,-8.19965,-35.60232,-28.1
1198,2026-09-24T19:51:00-03:00,CRIOPRECIPITADO,-8.19444,-35.58619,-28.7
1198,2026-09-24T19:56:00-03:00,CRIOPRECIPITADO,-8.19206,-35.57000,-29.2
1198,2026-09-24T20:01:00-03:00,CRIOPRECIPITADO,-8.18807,-35.55245,-29.4
1198,2026-09-24T20:06:00-03:00,CRIOPRECIPITADO,-8.18601,-35.53503,-28.0
1198,2026-09-24T20:11:00-03:00,CRIOPRECIPITADO,-8.18254,-35.51804,-28.9
1198,2026-09-24T20:16:00-03:00,CRIOPRECIPITADO,-8.17913,-35.50078,-28.5
1198,2026-09-24T20:21:00-03:00,CRIOPRECIPITADO,-8.17507,-35.48314,-29.6
1198,2026-09-24T20:26:00-03:00,CRIOPRECIPITADO,-8.17204,-35.46602,-30.5
1198,2026-09-24T20:31:00-03:00,CRIOPRECIPITADO,-8.16808,-35.44900,-32.4
1198,2026-09-24T20:36:00-03:00,CRIOPRECIPITADO,-8.16446,-35.43079,-32.3
1198,2026-09-24T20:41:00-03:00,CRIOPRECIPITADO,-8.16060,-35.41342,-32.0
1198,2026-09-24T20:46:00-03:00,CRIOPRECIPITADO,-8.15697,-35.39754,-29.7
1198,2026-09-24T20:51:00-03:00,CRIOPRECIPITADO,-8.15425,-35.37894,-27.6
1198,2026-09-24T20:56:00-03:00,CRIOPRECIPITADO,-8.14980,-35.36320,-27.8
1198,2026-09-24T21:01:00-03:00,CRIOPRECIPITADO,-8.14665,-35.34568,-28.4
1198,2026-09-24T21:06:00-03:00,CRIOPRECIPITADO,-8.14391,-35.33015,-28.4
1198,2026-09-24T21:11:00-03:00,CRIOPRECIPITADO,-8.14004,-35.31175,-29.5
1198,2026-09-24T21:16:00-03:00,CRIOPRECIPITADO,-8.13590,-35.29327,-30.8
1198,2026-09-24T21:21:00-03:00,CRIOPRECIPITADO,-8.13333,-35.27705,-30.9
1198,2026-09-24T21:26:00-03:00,CRIOPRECIPITADO,-8.13000,-35.25906,-32.8
1198,2026-09-24T21:31:00-03:00,CRIOPRECIPITADO,-8.12672,-35.24300,-31.5
1198,2026-09-24T21:36:00-03:00,CRIOPRECIPITADO,-8.12422,-35.22502,-30.3
1198,2026-09-24T21:41:00-03:00,CRIOPRECIPITADO,-8.11830,-35.20770,-30.6
1198,2026-09-24T21:46:00-03:00,CRIOPRECIPITADO,-8.11691,-35.19213,-29.7
1198,2026-09-24T21:51:00-03:00,CRIOPRECIPITADO,-8.11319,-35.17474,-28.0
1198,2026-09-24T21:56:00-03:00,CRIOPRECIPITADO,-8.10858,-35.15689,-27.1
1198,2026-09-24T22:01:00-03:00,CRIOPRECIPITADO,-8.10589,-35.13947,-26.8
1198,2026-09-24T22:06:00-03:00,CRIOPRECIPITADO,-8.10316,-35.12030,-28.5
1198,2026-09-24T22:11:00-03:00,CRIOPRECIPITADO,-8.09921,-35.10420,-28.2
1198,2026-09-24T22:16:00-03:00,CRIOPRECIPITADO,-8.09618,-35.08851,-28.7
1198,2026-09-24T22:21:00-03:00,CRIOPRECIPITADO,-8.09162,-35.06821,-28.2
1198,2026-09-24T22:26:00-03:00,CRIOPRECIPITADO,-8.08863,-35.05263,-28.4
1198,2026-09-24T22:31:00-03:00,CRIOPRECIPITADO,-8.08410,-35.03809,-28.8
1198,2026-09-24T22:36:00-03:00,CRIOPRECIPITADO,-8.08192,-35.01945,-30.8
1198,2026-09-24T22:41:00-03:00,CRIOPRECIPITADO,-8.07766,-35.00164,-29.9
1198,2026-09-24T22:46:00-03:00,CRIOPRECIPITADO,-8.07261,-34.98337,-30.8
1198,2026-09-24T22:51:00-03:00,CRIOPRECIPITADO,-8.07062,-34.96907,-30.9
1198,2026-09-24T22:56:00-03:00,CRIOPRECIPITADO,-8.06798,-34.95061,-31.2
1198,2026-09-24T23:01:00-03:00,CRIOPRECIPITADO,-8.06332,-34.93290,-30.1
1198,2026-09-24T23:06:00-03:00,CRIOPRECIPITADO,-8.06016,-34.91556,-31.0
1198,2026-09-24T23:11:00-03:00,CRIOPRECIPITADO,-8.05742,-34.89825,-30.6
1200,2026-09-25T09:54:00-03:00,HEMACIAS,-8.04839,-34.87652,4.3
1200,2026-09-25T09:59:00-03:00,HEMACIAS,-8.05071,-34.88039,4.5
1200,2026-09-25T10:04:00-03:00,HEMACIAS,-8.05207,-34.88327,4.2
1201,2026-09-25T02:46:00-03:00,HEMACIAS,-8.04673,-34.87767,4.6
1201,2026-09-25T02:51:00-03:00,HEMACIAS,-8.05670,-34.89603,4.1
1201,2026-09-25T02:56:00-03:00,HEMACIAS,-8.06382,-34.91125,4.2
1201,2026-09-25T03:01:00-03:00,HEMACIAS,-8.07325,-34.93024,4.3
1201,2026-09-25T03:06:00-03:00,HEMACIAS,-8.08003,-34.94781,4.4
1201,2026-09-25T03:11:00-03:00,HEMACIAS,-8.08882,-34.96584,4.5
1201,2026-09-25T03:16:00-03:00,HEMACIAS,-8.09642,-34.98234,3.7
1201,2026-09-25T03:21:00-03:00,HEMACIAS,-8.10617,-34.99995,4.0
1202,2026-09-25T08:17:00-03:00,CRIOPRECIPITADO,-8.04748,-34.87649,-29.6
1202,2026-09-25T08:22:00-03:00,CRIOPRECIPITADO,-8.05023,-34.88300,-28.7
1202,2026-09-25T08:27:00-03:00,CRIOPRECIPITADO,-8.05621,-34.88805,-28.5
1202,2026-09-25T08:32:00-03:00,CRIOPRECIPITADO,-8.06087,-34.89513,-28.5
1203,2026-09-25T17:15:00-03:00,PLASMA,-8.04849,-34.87585,-31.3
1203,2026-09-25T17:20:00-03:00,PLASMA,-8.05113,-34.88378,-31.7
1204,2026-09-25T14:09:00-03:00,HEMACIAS,-8.04704,-34.87600,4.1
1204,2026-09-25T14:14:00-03:00,HEMACIAS,-8.03671,-34.87022,4.0
1204,2026-09-25T14:19:00-03:00,HEMACIAS,-8.02474,-34.86514,4.8
1204,2026-09-25T14:24:00-03:00,HEMACIAS,-8.01374,-34.85856,5.3
1205,2026-09-25T23:42:00-03:00,HEMACIAS,-8.04725,-34.87808,4.7
1205,2026-09-25T23:47:00-03:00,HEMACIAS,-8.05385,-34.88668,4.7
1205,2026-09-25T23:52:00-03:00,HEMACIAS,-8.05917,-34.89308,4.4
1206,2026-09-25T17:51:00-03:00,PLAQUETAS,-8.04820,-34.87574,22.3
1206,2026-09-25T17:56:00-03:00,PLAQUETAS,-8.03838,-34.87191,22.3
1206,2026-09-25T18:01:00-03:00,PLAQUETAS,-8.03200,-34.86800,22.2
1206,2026-09-25T18:06:00-03:00,PLAQUETAS,-8.02494,-34.86445,21.6
1206,2026-09-25T18:11:00-03:00,PLAQUETAS,-8.01661,-34.85995,22.3
1206,2026-09-25T18:16:00-03:00,PLAQUETAS,-8.00870,-34.85541,22.1
1208,2026-09-25T23:58:00-03:00,PLAQUETAS,-8.04737,-34.87706,22.4
1208,2026-09-26T00:03:00-03:00,PLAQUETAS,-8.04933,-34.87946,22.8
1208,2026-09-26T00:08:00-03:00,PLAQUETAS,-8.05176,-34.88236,22.5
1208,2026-09-26T00:13:00-03:00,PLAQUETAS,-8.05121,-34.88429,22.4
1210,2026-09-26T03:55:00-03:00,PLASMA,-8.04791,-34.87556,-29.6
1210,2026-09-26T04:00:00-03:00,PLASMA,-8.03007,-34.87671,-28.5
1210,2026-09-26T04:05:00-03:00,PLASMA,-8.01030,-34.87565,-28.3
1210,2026-09-26T04:10:00-03:00,PLASMA,-7.99477,-34.87367,-27.2
1210,2026-09-26T04:15:00-03:00,PLASMA,-7.97816,-34.87486,-28.4
1210,2026-09-26T04:20:00-03:00,PLASMA,-7.96002,-34.87356,-26.6
1210,2026-09-26T04:25:00-03:00,PLASMA,-7.94137,-34.87292,-28.3
1211,2026-09-26T08:29:00-03:00,PLASMA,-8.27702,-35.98208,-30.2
1211,2026-09-26T08:34:00-03:00,PLASMA,-8.27135,-35.95574,-29.7
1211,2026-09-26T08:39:00-03:00,PLASMA,-8.26648,-35.92784,-30.0
1211,2026-09-26T08:44:00-03:00,PLASMA,-8.26041,-35.90324,-30.5
1211,2026-09-26T08:49:00-03:00,PLASMA,-8.25468,-35.87578,-30.6
1211,2026-09-26T08:54:00-03:00,PLASMA,-8.24883,-35.84987,-31.1
1211,2026-09-26T08:59:00-03:00,PLASMA,-8.24251,-35.82365,-32.2
1211,2026-09-26T09:04:00-03:00,PLASMA,-8.23835,-35.79537,-29.8
1211,2026-09-26T09:09:00-03:00,PLASMA,-8.23357,-35.76956,-32.1
1211,2026-09-26T09:14:00-03:00,PLASMA,-8.22917,-35.74362,-31.9
1211,2026-09-26T09:19:00-03:00,PLASMA,-8.22098,-35.71777,-31.0
1211,2026-09-26T09:24:00-03:00,PLASMA,-8.21639,-35.69055,-31.1
1211,2026-09-26T09:29:00-03:00,PLASMA,-8.21180,-35.66429,-29.3
1211,2026-09-26T09:34:00-03:00,PLASMA,-8.20649,-35.63815,-27.9
1211,2026-09-26T09:39:00-03:00,PLASMA,-8.20092,-35.60943,-29.1
1211,2026-09-26T09:44:00-03:00,PLASMA,-8.19621,-35.58362,-29.5
1211,2026-09-26T09:49:00-03:00,PLASMA,-8.19042,-35.55888,-29.8
1211,2026-09-26T09:54:00-03:00,PLASMA,-8.18446,-35.53332,-30.4
1211,2026-09-26T09:59:00-03:00,PLASMA,-8.17999,-35.50382,-30.1
1211,2026-09-26T10:04:00-03:00,PLASMA,-8.17339,-35.47865,-29.4
1211,2026-09-26T10:09:00-03:00,PLASMA,-8.16903,-35.45248,-28.7
1211,2026-09-26T10:14:00-03:00,PLASMA,-8.16390,-35.42365,-30.1
1211,2026-09-26T10:19:00-03:00,PLASMA,-8.15813,-35.39961,-28.2
1211,2026-09-26T10:24:00-03:00,PLASMA,-8.15298,-35.37295,-26.8
1211,2026-09-26T10:29:00-03:00,PLASMA,-8.14826,-35.34612,-26.8
1211,2026-09-26T10:34:00-03:00,PLASMA,-8.14091,-35.31908,-26.1
1211,2026-09-26T10:39:00-03:00,PLASMA,-8.13799,-35.29305,-28.5
1211,2026-09-26T10:44:00-03:00,PLASMA,-8.13217,-35.26719,-28.7
1211,2026-09-26T10:49:00-03:00,PLASMA,-8.12591,-35.24126,-28.9
1211,2026-09-26T10:54:00-03:00,PLASMA,-8.12041,-35.21368,-29.4
1211,2026-09-26T10:59:00-03:00,PLASMA,-8.11521,-35.18681,-28.6
1211,2026-09-26T11:04:00-03:00,PLASMA,-8.11016,-35.16025,-27.5
1211,2026-09-26T11:09:00-03:00,PLASMA,-8.10319,-35.13422,-30.6
1211,2026-09-26T11:14:00-03:00,PLASMA,-8.09989,-35.10801,-30.6
1211,2026-09-26T11:19:00-03:00,PLASMA,-8.09324,-35.08102,-30.9
1211,2026-09-26T11:24:00-03:00,PLASMA,-8.08898,-35.05580,-31.8
1211,2026-09-26T11:29:00-03:00,PLASMA,-8.08309,-35.02774,-31.0
1211,2026-09-26T11:34:00-03:00,PLASMA,-8.07676,-35.00032,-32.4
1211,2026-09-26T11:39:00-03:00,PLASMA,-8.07184,-34.97369,-31.0
1211,2026-09-26T11:44:00-03:00,PLASMA,-8.06728,-34.94855,-31.1
1211,2026-09-26T11:49:00-03:00,PLASMA,-8.06216,-34.92207,-29.5
1211,2026-09-26T11:54:00-03:00,PLASMA,-8.05665,-34.89499,-30.6
1212,2026-09-26T04:39:00-03:00,PLAQUETAS,-8.04834,-34.87613,21.9
1212,2026-09-26T04:44:00-03:00,PLAQUETAS,-8.05183,-34.88411,22.0
1212,2026-09-26T04:49:00-03:00,PLAQUETAS,-8.05743,-34.89193,22.2
1213,2026-09-26T05:49:00-03:00,PLAQUETAS,-8.04675,-34.87621,22.0
1213,2026-09-26T05:54:00-03:00,PLAQUETAS,-8.05108,-34.88220,22.3
1213,2026-09-26T05:59:00-03:00,PLAQUETAS,-8.05553,-34.88752,22.6
1213,2026-09-26T06:04:00-03:00,PLAQUETAS,-8.05822,-34.89237,28.5
1213,2026-09-26T06:09:00-03:00,PLAQUETAS,-8.06023,-34.89850,28.8
1214,2026-09-26T07:47:00-03:00,HEMACIAS,-8.04687,-34.87566,4.5
1214,2026-09-26T07:52:00-03:00,HEMACIAS,-8.05317,-34.88243,4.0
1214,2026-09-26T07:57:00-03:00,HEMACIAS,-8.05898,-34.89140,3.8
1214,2026-09-26T08:02:00-03:00,HEMACIAS,-8.06336,-34.89786,4.1
1215,2026-09-26T12:19:00-03:00,HEMACIAS,-8.04713,-34.87532,4.6
1215,2026-09-26T12:24:00-03:00,HEMACIAS,-8.03097,-34.87798,4.7
1215,2026-09-26T12:29:00-03:00,HEMACIAS,-8.01446,-34.87720,4.2
1215,2026-09-26T12:34:00-03:00,HEMACIAS,-7.99730,-34.87481,3.4
1215,2026-09-26T12:39:00-03:00,HEMACIAS,-7.98141,-34.87477,3.7
1215,2026-09-26T12:44:00-03:00,HEMACIAS,-7.96287,-34.87516,3.5
1215,2026-09-26T12:49:00-03:00,HEMACIAS,-7.94736,-34.87302,3.8
1217,2026-09-26T22:52:00-03:00,PLAQUETAS,-8.27559,-35.98112,23.0
1217,2026-09-26T22:57:00-03:00,PLAQUETAS,-8.27864,-35.97704,28.2
1217,2026-09-26T23:02:00-03:00,PLAQUETAS,-8.28308,-35.97290,27.9
1218,2026-09-26T21:21:00-03:00,HEMACIAS,-8.04842,-34.87675,3.9
1218,2026-09-26T21:26:00-03:00,HEMACIAS,-8.02710,-34.87656,4.2
1218,2026-09-26T21:31:00-03:00,HEMACIAS,-8.00884,-34.87497,4.6
1218,2026-09-26T21:36:00-03:00,HEMACIAS,-7.98854,-34.87347,4.6
1218,2026-09-26T21:41:00-03:00,HEMACIAS,-7.96678,-34.87402,4.3
1218,2026-09-26T21:46:00-03:00,HEMACIAS,-7.94950,-34.87355,4.0
1219,2026-09-27T01:21:00-03:00,PLAQUETAS,-8.04760,-34.87760,22.1
1219,2026-09-27T01:26:00-03:00,PLAQUETAS,-8.05082,-34.88001,22.3
1219,2026-09-27T01:31:00-03:00,PLAQUETAS,-8.05227,-34.88271,22.4
1220,2026-09-26T16:35:00-03:00,PLAQUETAS,-8.04831,-34.87733,22.0
1220,2026-09-26T16:40:00-03:00,PLAQUETAS,-8.03413,-34.87528,21.6
1220,2026-09-26T16:45:00-03:00,PLAQUETAS,-8.02137,-34.87616,21.6
1220,2026-09-26T16:50:00-03:00,PLAQUETAS,-8.00738,-34.87571,21.2
1220,2026-09-26T16:55:00-03:00,PLAQUETAS,-7.99516,-34.87448,21.9
1220,2026-09-26T17:00:00-03:00,PLAQUETAS,-7.98051,-34.87501,21.8
1220,2026-09-26T17:05:00-03:00,PLAQUETAS,-7.96639,-34.87335,21.8
1220,2026-09-26T17:10:00-03:00,PLAQUETAS,-7.95517,-34.87212,21.8
1220,2026-09-26T17:15:00-03:00,PLAQUETAS,-7.94028,-34.87291,22.1
1221,2026-09-26T17:21:00-03:00,HEMACIAS,-8.04771,-34.87737,3.8
1221,2026-09-26T17:26:00-03:00,HEMACIAS,-8.05023,-34.88737,3.9
1221,2026-09-26T17:31:00-03:00,HEMACIAS,-8.05229,-34.89717,3.7
1221,2026-09-26T17:36:00-03:00,HEMACIAS,-8.05309,-34.90711,3.6
1221,2026-09-26T17:41:00-03:00,HEMACIAS,-8.05777,-34.91678,3.1
1221,2026-09-26T17:46:00-03:00,HEMACIAS,-8.05804,-34.92473,3.4
1221,2026-09-26T17:51:00-03:00,HEMACIAS,-8.06077,-34.93685,3.4
1221,2026-09-26T17:56:00-03:00,HEMACIAS,-8.06257,-34.94650,3.5
1221,2026-09-26T18:01:00-03:00,HEMACIAS,-8.06508,-34.95501,3.5
1221,2026-09-26T18:06:00-03:00,HEMACIAS,-8.06639,-34.96614,4.0
1221,2026-09-26T18:11:00-03:00,HEMACIAS,-8.06956,-34.97480,4.2
1221,2026-09-26T18:16:00-03:00,HEMACIAS,-8.07213,-34.98453,3.8
1221,2026-09-26T18:21:00-03:00,HEMACIAS,-8.07472,-34.99464,4.0
1221,2026-09-26T18:26:00-03:00,HEMACIAS,-8.07620,-35.00484,3.8
1221,2026-09-26T18:31:00-03:00,HEMACIAS,-8.07817,-35.01342,3.6
1221,2026-09-26T18:36:00-03:00,HEMACIAS,-8.08177,-35.02486,3.9
1221,2026-09-26T18:41:00-03:00,HEMACIAS,-8.08197,-35.03538,3.8
1221,2026-09-26T18:46:00-03:00,HEMACIAS,-8.08389,-35.04383,3.7
1221,2026-09-26T18:51:00-03:00,HEMACIAS,-8.08686,-35.05418,4.0
1221,2026-09-26T18:56:00-03:00,HEMACIAS,-8.08858,-35.06425,3.8
1221,2026-09-26T19:01:00-03:00,HEMACIAS,-8.09178,-35.07332,3.8
1221,2026-09-26T19:06:00-03:00,HEMACIAS,-8.09451,-35.08305,3.9
1221,2026-09-26T19:11:00-03:00,HEMACIAS,-8.09643,-35.09323,4.2
1221,2026-09-26T19:16:00-03:00,HEMACIAS,-8.09839,-35.10240,3.9
1221,2026-09-26T19:21:00-03:00,HEMACIAS,-8.10096,-35.11257,3.6
1221,2026-09-26T19:26:00-03:00,HEMACIAS,-8.10365,-35.12280,3.9
1221,2026-09-26T19:31:00-03:00,HEMACIAS,-8.10388,-35.13283,4.1
1221,2026-09-26T19:36:00-03:00,HEMACIAS,-8.10811,-35.14206,3.7
1221,2026-09-26T19:41:00-03:00,HEMACIAS,-8.11001,-35.15258,4.2
1221,2026-09-26T19:46:00-03:00,HEMACIAS,-8.11224,-35.16253,4.6
1221,2026-09-26T19:51:00-03:00,HEMACIAS,-8.11387,-35.17319,4.1
1221,2026-09-26T19:56:00-03:00,HEMACIAS,-8.11701,-35.18134,4.5
1221,2026-09-26T20:01:00-03:00,HEMACIAS,-8.11767,-35.19176,4.5
1221,2026-09-26T20:06:00-03:00,HEMACIAS,-8.11978,-35.20140,3.7
1221,2026-09-26T20:11:00-03:00,HEMACIAS,-8.12291,-35.21070,4.3
1221,2026-09-26T20:16:00-03:00,HEMACIAS,-8.12424,-35.21973,3.8
1221,2026-09-26T20:21:00-03:00,HEMACIAS,-8.12637,-35.22966,4.0
1221,2026-09-26T20:26:00-03:00,HEMACIAS,-8.12848,-35.24003,3.8
1221,2026-09-26T20:31:00-03:00,HEMACIAS,-8.13030,-35.25156,3.5
1221,2026-09-26T20:36:00-03:00,HEMACIAS,-8.13263,-35.26101,3.6
1221,2026-09-26T20:41:00-03:00,HEMACIAS,-8.13550,-35.27035,3.7
1221,2026-09-26T20:46:00-03:00,HEMACIAS,-8.13729,-35.27924,3.7
1221,2026-09-26T20:51:00-03:00,HEMACIAS,-8.13912,-35.29056,3.2
1221,2026-09-26T20:56:00-03:00,HEMACIAS,-8.14346,-35.29926,3.1
1221,2026-09-26T21:01:00-03:00,HEMACIAS,-8.14358,-35.30987,3.5
1221,2026-09-26T21:06:00-03:00,HEMACIAS,-8.14472,-35.31952,3.3
1221,2026-09-26T21:11:00-03:00,HEMACIAS,-8.14873,-35.32926,3.5
1221,2026-09-26T21:16:00-03:00,HEMACIAS,-8.15070,-35.33723,3.6
1221,2026-09-26T21:21:00-03:00,HEMACIAS,-8.15385,-35.34827,3.5
1221,2026-09-26T21:26:00-03:00,HEMACIAS,-8.15458,-35.35862,4.3
1221,2026-09-26T21:31:00-03:00,HEMACIAS,-8.15706,-35.36859,4.2
1221,2026-09-26T21:36:00-03:00,HEMACIAS,-8.15994,-35.37864,4.1
1221,2026-09-26T21:41:00-03:00,HEMACIAS,-8.16269,-35.38888,4.1
1221,2026-09-26T21:46:00-03:00,HEMACIAS,-8.16426,-35.39762,4.4
1221,2026-09-26T21:51:00-03:00,HEMACIAS,-8.16651,-35.40871,4.7
1221,2026-09-26T21:56:00-03:00,HEMACIAS,-8.16754,-35.41748,4.8
1221,2026-09-26T22:01:00-03:00,HEMACIAS,-8.17094,-35.42797,4.8
1221,2026-09-26T22:06:00-03:00,HEMACIAS,-8.17206,-35.43717,5.2
1221,2026-09-26T22:11:00-03:00,HEMACIAS,-8.17589,-35.44612,5.0
1221,2026-09-26T22:16:00-03:00,HEMACIAS,-8.17832,-35.45643,5.1
1221,2026-09-26T22:21:00-03:00,HEMACIAS,-8.18004,-35.46749,5.2
1221,2026-09-26T22:26:00-03:00,HEMACIAS,-8.18117,-35.47530,5.2
1221,2026-09-26T22:31:00-03:00,HEMACIAS,-8.18318,-35.48604,5.2
1221,2026-09-26T22:36:00-03:00,HEMACIAS,-8.18677,-35.49613,4.9
1221,2026-09-26T22:41:00-03:00,HEMACIAS,-8.18823,-35.50499,4.7
1221,2026-09-26T22:46:00-03:00,HEMACIAS,-8.19105,-35.51561,4.6
1221,2026-09-26T22:51:00-03:00,HEMACIAS,-8.19338,-35.52555,4.2
1221,2026-09-26T22:56:00-03:00,HEMACIAS,-8.19412,-35.53563,3.9
1221,2026-09-26T23:01:00-03:00,HEMACIAS,-8.19640,-35.54707,3.9
1221,2026-09-26T23:06:00-03:00,HEMACIAS,-8.19885,-35.55522,3.6
1221,2026-09-26T23:11:00-03:00,HEMACIAS,-8.20204,-35.56445,3.8
1222,2026-09-26T16:50:00-03:00,HEMACIAS,-8.04731,-34.87711,3.6
1222,2026-09-26T16:55:00-03:00,HEMACIAS,-8.05021,-34.88017,3.6
1222,2026-09-26T17:00:00-03:00,HEMACIAS,-8.05359,-34.88376,4.0
1223,2026-09-27T02:54:00-03:00,HEMACIAS,-8.04789,-34.87719,4.3
1223,2026-09-27T02:59:00-03:00,HEMACIAS,-8.05148,-34.87899,3.8
1223,2026-09-27T03:04:00-03:00,HEMACIAS,-8.05326,-34.88369,4.0
1224,2026-09-27T11:31:00-03:00,HEMACIAS,-8.27582,-35.98309,4.8
1224,2026-09-27T11:36:00-03:00,HEMACIAS,-8.27846,-35.97908,4.1
1224,2026-09-27T11:41:00-03:00,HEMACIAS,-8.28200,-35.97357,4.3
1225,2026-09-27T09:04:00-03:00,HEMACIAS,-8.04731,-34.87660,4.3
1225,2026-09-27T09:09:00-03:00,HEMACIAS,-8.03540,-34.87048,3.8
1225,2026-09-27T09:14:00-03:00,HEMACIAS,-8.02503,-34.86391,3.6
1225,2026-09-27T09:19:00-03:00,HEMACIAS,-8.01348,-34.85781,3.8
1226,2026-09-27T10:35:00-03:00,HEMACIAS,-8.04845,-34.87761,4.0
1226,2026-09-27T10:40:00-03:00,HEMACIAS,-8.05561,-34.89253,3.7
1226,2026-09-27T10:45:00-03:00,HEMACIAS,-8.06252,-34.90729,3.7
1226,2026-09-27T10:50:00-03:00,HEMACIAS,-8.07257,-34.92381,3.9
1226,2026-09-27T10:55:00-03:00,HEMACIAS,-8.07672,-34.93935,4.0
1226,2026-09-27T11:00:00-03:00,HEMACIAS,-8.08505,-34.95572,4.0
1226,2026-09-27T11:05:00-03:00,HEMACIAS,-8.09162,-34.97027,3.7
1226,2026-09-27T11:10:00-03:00,HEMACIAS,-8.09877,-34.98539,3.4
1226,2026-09-27T11:15:00-03:00,HEMACIAS,-8.10605,-35.00181,3.4
1228,2026-09-27T11:54:00-03:00,HEMACIAS,-8.04751,-34.87781,4.1
1228,2026-09-27T11:59:00-03:00,HEMACIAS,-8.03708,-34.87677,4.3
1228,2026-09-27T12:04:00-03:00,HEMACIAS,-8.02507,-34.87790,4.8
1228,2026-09-27T12:09:00-03:00,HEMACIAS,-8.01489,-34.87700,4.7
1228,2026-09-27T12:14:00-03:00,HEMACIAS,-8.00549,-34.87499,4.5
1228,2026-09-27T12:19:00-03:00,HEMACIAS,-7.99236,-34.87434,4.2
1228,2026-09-27T12:24:00-03:00,HEMACIAS,-7.98031,-34.87334,4.4
1228,2026-09-27T12:29:00-03:00,HEMACIAS,-7.96982,-34.87406,4.1
1228,2026-09-27T12:34:00-03:00,HEMACIAS,-7.95773,-34.87265,3.7
1228,2026-09-27T12:39:00-03:00,HEMACIAS,-7.94764,-34.87308,3.7
1229,2026-09-27T09:16:00-03:00,PLASMA,-8.27442,-35.98381,-30.5
1229,2026-09-27T09:21:00-03:00,PLASMA,-8.27271,-35.96088,-30.4
1229,2026-09-27T09:26:00-03:00,PLASMA,-8.26811,-35.94036,-30.2
1229,2026-09-27T09:31:00-03:00,PLASMA,-8.26525,-35.91708,-30.7
1229,2026-09-27T09:36:00-03:00,PLASMA,-8.26172,-35.89584,-31.3
1229,2026-09-27T09:41:00-03:00,PLASMA,-8.25788,-35.87370,-31.0
1229,2026-09-27T09:46:00-03:00,PLASMA,-8.25470,-35.85384,-29.3
1229,2026-09-27T09:51:00-03:00,PLASMA,-8.25000,-35.83110,-29.0
1229,2026-09-27T09:56:00-03:00,PLASMA,-8.24492,-35.80898,-28.7
1229,2026-09-27T10:01:00-03:00,PLASMA,-8.24086,-35.78781,-29.0
1229,2026-09-27T10:06:00-03:00,PLASMA,-8.23768,-35.76714,-27.2
1229,2026-09-27T10:11:00-03:00,PLASMA,-8.23370,-35.74371,-26.9
1229,2026-09-27T10:16:00-03:00,PLASMA,-8.23117,-35.72560,-29.0
1229,2026-09-27T10:21:00-03:00,PLASMA,-8.22621,-35.70179,-28.8
1229,2026-09-27T10:26:00-03:00,PLASMA,-8.22261,-35.68225,-29.6
1229,2026-09-27T10:31:00-03:00,PLASMA,-8.21804,-35.66063,-29.1
1229,2026-09-27T10:36:00-03:00,PLASMA,-8.21475,-35.63779,-29.5
1229,2026-09-27T10:41:00-03:00,PLASMA,-8.21139,-35.61652,-30.0
1229,2026-09-27T10:46:00-03:00,PLASMA,-8.20665,-35.59581,-30.3
1229,2026-09-27T10:51:00-03:00,PLASMA,-8.20264,-35.57418,-30.8
1230,2026-09-28T06:33:00-03:00,HEMACIAS,-8.04929,-34.87797,4.7
1230,2026-09-28T06:38:00-03:00,HEMACIAS,-8.05176,-34.88438,4.5
1230,2026-09-28T06:43:00-03:00,HEMACIAS,-8.05846,-34.89306,5.0
1230,2026-09-28T06:48:00-03:00,HEMACIAS,-8.06284,-34.89861,5.1
1231,2026-09-27T15:56:00-03:00,HEMACIAS,-8.04819,-34.87608,3.3
1231,2026-09-27T16:01:00-03:00,HEMACIAS,-8.05232,-34.88159,3.8
1231,2026-09-27T16:06:00-03:00,HEMACIAS,-8.05522,-34.88845,3.8
1231,2026-09-27T16:11:00-03:00,HEMACIAS,-8.06097,-34.89530,3.9
1232,2026-09-27T17:23:00-03:00,HEMACIAS,-8.27686,-35.98180,3.9
1232,2026-09-27T17:28:00-03:00,HEMACIAS,-8.26873,-35.95846,4.2
1232,2026-09-27T17:33:00-03:00,HEMACIAS,-8.26234,-35.93604,3.6
1232,2026-09-27T17:38:00-03:00,HEMACIAS,-8.25565,-35.91331,3.8
1232,2026-09-27T17:43:00-03:00,HEMACIAS,-8.24805,-35.89044,4.0
1232,2026-09-27T17:48:00-03:00,HEMACIAS,-8.24088,-35.86579,4.6
1232,2026-09-27T17:53:00-03:00,HEMACIAS,-8.23426,-35.84270,4.4
1232,2026-09-27T17:58:00-03:00,HEMACIAS,-8.22695,-35.82022,4.0
1232,2026-09-27T18:03:00-03:00,HEMACIAS,-8.22027,-35.79850,4.0
1232,2026-09-27T18:08:00-03:00,HEMACIAS,-8.21367,-35.77627,4.0
1232,2026-09-27T18:13:00-03:00,HEMACIAS,-8.20658,-35.75404,3.8
1232,2026-09-27T18:18:00-03:00,HEMACIAS,-8.20083,-35.73028,3.4
1232,2026-09-27T18:23:00-03:00,HEMACIAS,-8.19219,-35.70800,4.0
1232,2026-09-27T18:28:00-03:00,HEMACIAS,-8.18675,-35.68233,3.9
1232,2026-09-27T18:33:00-03:00,HEMACIAS,-8.18105,-35.66115,3.2
1232,2026-09-27T18:38:00-03:00,HEMACIAS,-8.17218,-35.63709,3.0
1232,2026-09-27T18:43:00-03:00,HEMACIAS,-8.16563,-35.61631,2.8
1232,2026-09-27T18:48:00-03:00,HEMACIAS,-8.15829,-35.59183,3.4
1232,2026-09-27T18:53:00-03:00,HEMACIAS,-8.15129,-35.56913,3.6
1232,2026-09-27T18:58:00-03:00,HEMACIAS,-8.14465,-35.54512,3.1
1232,2026-09-27T19:03:00-03:00,HEMACIAS,-8.13812,-35.52167,3.4
1232,2026-09-27T19:08:00-03:00,HEMACIAS,-8.13053,-35.49935,3.5
1232,2026-09-27T19:13:00-03:00,HEMACIAS,-8.12386,-35.47798,4.0
1232,2026-09-27T19:18:00-03:00,HEMACIAS,-8.11623,-35.45385,4.1
1232,2026-09-27T19:23:00-03:00,HEMACIAS,-8.10964,-35.43218,3.8
1232,2026-09-27T19:28:00-03:00,HEMACIAS,-8.10373,-35.40812,4.4
1232,2026-09-27T19:33:00-03:00,HEMACIAS,-8.09608,-35.38620,4.4
1232,2026-09-27T19:38:00-03:00,HEMACIAS,-8.09082,-35.36312,3.7
1232,2026-09-27T19:43:00-03:00,HEMACIAS,-8.08085,-35.34088,3.6
1232,2026-09-27T19:48:00-03:00,HEMACIAS,-8.07501,-35.31861,4.2
1232,2026-09-27T19:53:00-03:00,HEMACIAS,-8.06837,-35.29195,4.0
1232,2026-09-27T19:58:00-03:00,HEMACIAS,-8.06150,-35.27014,3.7
1232,2026-09-27T20:03:00-03:00,HEMACIAS,-8.05668,-35.25039,4.2
1232,2026-09-27T20:08:00-03:00,HEMACIAS,-8.04869,-35.22524,3.9
1232,2026-09-27T20:13:00-03:00,HEMACIAS,-8.04000,-35.20208,3.3
1232,2026-09-27T20:18:00-03:00,HEMACIAS,-8.03444,-35.17906,2.9
1232,2026-09-27T20:23:00-03:00,HEMACIAS,-8.02537,-35.15700,3.5
1232,2026-09-27T20:28:00-03:00,HEMACIAS,-8.02022,-35.13532,3.9
1232,2026-09-27T20:33:00-03:00,HEMACIAS,-8.01268,-35.11121,4.1
1232,2026-09-27T20:38:00-03:00,HEMACIAS,-8.00652,-35.08873,4.3
1232,2026-09-27T20:43:00-03:00,HEMACIAS,-7.99745,-35.06484,4.3
1232,2026-09-27T20:48:00-03:00,HEMACIAS,-7.99181,-35.04261,4.2
1232,2026-09-27T20:53:00-03:00,HEMACIAS,-7.98562,-35.01999,4.2
1232,2026-09-27T20:58:00-03:00,HEMACIAS,-7.97837,-34.99673,3.8
1232,2026-09-27T21:03:00-03:00,HEMACIAS,-7.97147,-34.97449,4.1
1232,2026-09-27T21:08:00-03:00,HEMACIAS,-7.96377,-34.95031,4.3
1232,2026-09-27T21:13:00-03:00,HEMACIAS,-7.95598,-34.92837,4.2
1232,2026-09-27T21:18:00-03:00,HEMACIAS,-7.95082,-34.90502,4.2
1232,2026-09-27T21:23:00-03:00,HEMACIAS,-7.94435,-34.88065,4.3
1233,2026-09-27T17:20:00-03:00,HEMACIAS,-8.04700,-34.87798,3.5
1233,2026-09-27T17:25:00-03:00,HEMACIAS,-8.05741,-34.89833,3.3
1233,2026-09-27T17:30:00-03:00,HEMACIAS,-8.06691,-34.91597,3.2
1233,2026-09-27T17:35:00-03:00,HEMACIAS,-8.07492,-34.93543,3.5
1233,2026-09-27T17:40:00-03:00,HEMACIAS,-8.08473,-34.95540,3.5
1233,2026-09-27T17:45:00-03:00,HEMACIAS,-8.09492,-34.97508,3.2
1233,2026-09-27T17:50:00-03:00,HEMACIAS,-8.10317,-34.99586,3.2
1233,2026-09-27T17:55:00-03:00,HEMACIAS,-8.11199,-35.01627,3.4
1234,2026-09-28T06:11:00-03:00,HEMACIAS,-8.27444,-35.98234,4.0
1234,2026-09-28T06:16:00-03:00,HEMACIAS,-8.27630,-35.98236,3.6
1234,2026-09-28T06:21:00-03:00,HEMACIAS,-8.27680,-35.98122,3.5
1234,2026-09-28T06:26:00-03:00,HEMACIAS,-8.27593,-35.98159,3.9
1234,2026-09-28T06:31:00-03:00,HEMACIAS,-8.27860,-35.98156,4.0
1234,2026-09-28T06:36:00-03:00,HEMACIAS,-8.27580,-35.97914,4.1
1234,2026-09-28T06:41:00-03:00,HEMACIAS,-8.27811,-35.97998,3.7
1234,2026-09-28T06:46:00-03:00,HEMACIAS,-8.27633,-35.97964,4.1
1234,2026-09-28T06:51:00-03:00,HEMACIAS,-8.27816,-35.97986,3.9
1234,2026-09-28T06:56:00-03:00,HEMACIAS,-8.27867,-35.97860,4.0
1234,2026-09-28T07:01:00-03:00,HEMACIAS,-8.27683,-35.97780,3.7
1234,2026-09-28T07:06:00-03:00,HEMACIAS,-8.27811,-35.97823,3.5
1234,2026-09-28T07:11:00-03:00,HEMACIAS,-8.27880,-35.97700,3.4
1234,2026-09-28T07:16:00-03:00,HEMACIAS,-8.28040,-35.97781,3.8
1234,2026-09-28T07:21:00-03:00,HEMACIAS,-8.27847,-35.97860,3.7
1234,2026-09-28T07:26:00-03:00,HEMACIAS,-8.27884,-35.97627,4.3
1234,2026-09-28T07:31:00-03:00,HEMACIAS,-8.28007,-35.97713,4.2
1234,2026-09-28T07:36:00-03:00,HEMACIAS,-8.27957,-35.97765,4.3
1234,2026-09-28T07:41:00-03:00,HEMACIAS,-8.27889,-35.97656,3.7
1234,2026-09-28T07:46:00-03:00,HEMACIAS,-8.28183,-35.97450,3.2
1234,2026-09-28T07:51:00-03:00,HEMACIAS,-8.28018,-35.97596,3.8
1234,2026-09-28T07:56:00-03:00,HEMACIAS,-8.28113,-35.97542,4.3
1234,2026-09-28T08:01:00-03:00,HEMACIAS,-8.28185,-35.97490,4.3
1234,2026-09-28T08:06:00-03:00,HEMACIAS,-8.28060,-35.97359,4.3
1234,2026-09-28T08:11:00-03:00,HEMACIAS,-8.28235,-35.97436,3.9
1234,2026-09-28T08:16:00-03:00,HEMACIAS,-8.28202,-35.97262,3.8
1234,2026-09-28T08:21:00-03:00,HEMACIAS,-8.28401,-35.97240,3.6
1234,2026-09-28T08:26:00-03:00,HEMACIAS,-8.28183,-35.97325,3.4
1234,2026-09-28T08:31:00-03:00,HEMACIAS,-8.28226,-35.97403,3.7
1234,2026-09-28T08:36:00-03:00,HEMACIAS,-8.28478,-35.97465,4.2
1234,2026-09-28T08:41:00-03:00,HEMACIAS,-8.28424,-35.97274,3.9
1234,2026-09-28T08:46:00-03:00,HEMACIAS,-8.28395,-35.97132,3.8
1234,2026-09-28T08:51:00-03:00,HEMACIAS,-8.28387,-35.97217,4.0
1234,2026-09-28T08:56:00-03:00,HEMACIAS,-8.28215,-35.97136,3.8
1234,2026-09-28T09:01:00-03:00,HEMACIAS,-8.28446,-35.97054,4.3
1234,2026-09-28T09:06:00-03:00,HEMACIAS,-8.28267,-35.97108,4.3
1234,2026-09-28T09:11:00-03:00,HEMACIAS,-8.28443,-35.96884,4.6
1235,2026-09-28T09:47:00-03:00,HEMACIAS,-8.04798,-34.87715,3.9
1235,2026-09-28T09:52:00-03:00,HEMACIAS,-8.03716,-34.87737,4.3
1235,2026-09-28T09:57:00-03:00,HEMACIAS,-8.02431,-34.87598,4.1
1235,2026-09-28T10:02:00-03:00,HEMACIAS,-8.01213,-34.87489,4.5
1235,2026-09-28T10:07:00-03:00,HEMACIAS,-8.00088,-34.87433,4.7
1235,2026-09-28T10:12:00-03:00,HEMACIAS,-7.99019,-34.87592,4.1
1235,2026-09-28T10:17:00-03:00,HEMACIAS,-7.97820,-34.87228,4.6
1235,2026-09-28T10:22:00-03:00,HEMACIAS,-7.96518,-34.87451,10.5
1235,2026-09-28T10:27:00-03:00,HEMACIAS,-7.95492,-34.87280,10.5
1235,2026-09-28T10:32:00-03:00,HEMACIAS,-7.94374,-34.87233,9.9
1236,2026-09-28T10:18:00-03:00,HEMACIAS,-8.04623,-34.87764,4.2
1236,2026-09-28T10:23:00-03:00,HEMACIAS,-8.05711,-34.89692,4.1
1236,2026-09-28T10:28:00-03:00,HEMACIAS,-8.06785,-34.91865,4.3
1236,2026-09-28T10:33:00-03:00,HEMACIAS,-8.07766,-34.93925,4.6
1236,2026-09-28T10:38:00-03:00,HEMACIAS,-8.08738,-34.96056,4.4
1236,2026-09-28T10:43:00-03:00,HEMACIAS,-8.09805,-34.98059,4.2
1236,2026-09-28T10:48:00-03:00,HEMACIAS,-8.10641,-35.00184,3.8
1237,2026-09-28T09:20:00-03:00,HEMACIAS,-8.04742,-34.87666,3.8
1237,2026-09-28T09:25:00-03:00,HEMACIAS,-8.04982,-34.87893,4.0
1237,2026-09-28T09:30:00-03:00,HEMACIAS,-8.05291,-34.88376,3.7
1238,2026-09-28T19:06:00-03:00,HEMACIAS,-8.04756,-34.87576,3.9
1238,2026-09-28T19:11:00-03:00,HEMACIAS,-8.04963,-34.88055,4.0
1238,2026-09-28T19:16:00-03:00,HEMACIAS,-8.05216,-34.88524,4.2
1239,2026-09-28T14:15:00-03:00,HEMACIAS,-8.04856,-34.87833,4.0
1239,2026-09-28T14:20:00-03:00,HEMACIAS,-8.05031,-34.89071,4.0
1239,2026-09-28T14:25:00-03:00,HEMACIAS,-8.05260,-34.90471,4.3
1239,2026-09-28T14:30:00-03:00,HEMACIAS,-8.05658,-34.91854,4.0
1239,2026-09-28T14:35:00-03:00,HEMACIAS,-8.05999,-34.93356,4.3
1239,2026-09-28T14:40:00-03:00,HEMACIAS,-8.06370,-34.94687,4.5
1239,2026-09-28T14:45:00-03:00,HEMACIAS,-8.06700,-34.96140,4.9
1239,2026-09-28T14:50:00-03:00,HEMACIAS,-8.06969,-34.97611,4.8
1239,2026-09-28T14:55:00-03:00,HEMACIAS,-8.07352,-34.99158,4.6
1239,2026-09-28T15:00:00-03:00,HEMACIAS,-8.07599,-35.00384,4.3
1239,2026-09-28T15:05:00-03:00,HEMACIAS,-8.08085,-35.01860,4.3
1239,2026-09-28T15:10:00-03:00,HEMACIAS,-8.08094,-35.03297,4.0
1239,2026-09-28T15:15:00-03:00,HEMACIAS,-8.08672,-35.04753,4.3
1239,2026-09-28T15:20:00-03:00,HEMACIAS,-8.08781,-35.05994,4.2
1239,2026-09-28T15:25:00-03:00,HEMACIAS,-8.09214,-35.07641,3.2
1239,2026-09-28T15:30:00-03:00,HEMACIAS,-8.09502,-35.09011,3.8
1239,2026-09-28T15:35:00-03:00,HEMACIAS,-8.09838,-35.10318,3.2
1239,2026-09-28T15:40:00-03:00,HEMACIAS,-8.10257,-35.11850,3.9
1239,2026-09-28T15:45:00-03:00,HEMACIAS,-8.10441,-35.13124,3.2
1239,2026-09-28T15:50:00-03:00,HEMACIAS,-8.10714,-35.14567,2.8
1239,2026-09-28T15:55:00-03:00,HEMACIAS,-8.11195,-35.15960,2.9
1239,2026-09-28T16:00:00-03:00,HEMACIAS,-8.11373,-35.17351,2.9
1239,2026-09-28T16:05:00-03:00,HEMACIAS,-8.11592,-35.18912,3.4
1239,2026-09-28T16:10:00-03:00,HEMACIAS,-8.12059,-35.20195,2.8
1239,2026-09-28T16:15:00-03:00,HEMACIAS,-8.12326,-35.21729,2.6
1239,2026-09-28T16:20:00-03:00,HEMACIAS,-8.12586,-35.23141,3.1
1239,2026-09-28T16:25:00-03:00,HEMACIAS,-8.12894,-35.24615,3.4
1239,2026-09-28T16:30:00-03:00,HEMACIAS,-8.13204,-35.25764,3.4
1239,2026-09-28T16:35:00-03:00,HEMACIAS,-8.13612,-35.27432,3.5
1239,2026-09-28T16:40:00-03:00,HEMACIAS,-8.14021,-35.28830,3.7
1239,2026-09-28T16:45:00-03:00,HEMACIAS,-8.14313,-35.30254,3.9
1239,2026-09-28T16:50:00-03:00,HEMACIAS,-8.14504,-35.31634,4.3
1239,2026-09-28T16:55:00-03:00,HEMACIAS,-8.14821,-35.33036,4.0
1239,2026-09-28T17:00:00-03:00,HEMACIAS,-8.15327,-35.34486,3.6
1239,2026-09-28T17:05:00-03:00,HEMACIAS,-8.15448,-35.35799,3.4
1239,2026-09-28T17:10:00-03:00,HEMACIAS,-8.15837,-35.37289,3.5
1239,2026-09-28T17:15:00-03:00,HEMACIAS,-8.16120,-35.38597,4.0
1239,2026-09-28T17:20:00-03:00,HEMACIAS,-8.16528,-35.40015,4.4
1239,2026-09-28T17:25:00-03:00,HEMACIAS,-8.16739,-35.41435,4.1
1239,2026-09-28T17:30:00-03:00,HEMACIAS,-8.17090,-35.43013,4.0
1239,2026-09-28T17:35:00-03:00,HEMACIAS,-8.17617,-35.44335,4.1
1239,2026-09-28T17:40:00-03:00,HEMACIAS,-8.17737,-35.45747,3.9
1239,2026-09-28T17:45:00-03:00,HEMACIAS,-8.18041,-35.47170,3.9
1239,2026-09-28T17:50:00-03:00,HEMACIAS,-8.18186,-35.48677,3.8
1239,2026-09-28T17:55:00-03:00,HEMACIAS,-8.18767,-35.49862,3.7
1239,2026-09-28T18:00:00-03:00,HEMACIAS,-8.19004,-35.51494,3.7
1239,2026-09-28T18:05:00-03:00,HEMACIAS,-8.19339,-35.52710,3.8
1239,2026-09-28T18:10:00-03:00,HEMACIAS,-8.19512,-35.54181,4.3
1239,2026-09-28T18:15:00-03:00,HEMACIAS,-8.20177,-35.55679,3.6
1240,2026-09-28T22:11:00-03:00,HEMACIAS,-8.04858,-34.87745,3.8
1240,2026-09-28T22:16:00-03:00,HEMACIAS,-8.05267,-34.88397,4.4
1240,2026-09-28T22:21:00-03:00,HEMACIAS,-8.05661,-34.88884,4.3
1240,2026-09-28T22:26:00-03:00,HEMACIAS,-8.06044,-34.89630,3.7
1241,2026-09-28T18:56:00-03:00,HEMACIAS,-8.04669,-34.87511,3.7
1241,2026-09-28T19:01:00-03:00,HEMACIAS,-8.05306,-34.88357,4.0
1241,2026-09-28T19:06:00-03:00,HEMACIAS,-8.05817,-34.89303,4.2
1242,2026-09-28T18:30:00-03:00,CRIOPRECIPITADO,-8.27623,-35.98156,-28.3
1242,2026-09-28T18:35:00-03:00,CRIOPRECIPITADO,-8.27884,-35.97622,-27.2
1242,2026-09-28T18:40:00-03:00,CRIOPRECIPITADO,-8.28414,-35.97241,-28.4
1243,2026-09-29T02:39:00-03:00,PLAQUETAS,-8.27752,-35.98330,22.4
1243,2026-09-29T02:44:00-03:00,PLAQUETAS,-8.27209,-35.96045,22.2
1243,2026-09-29T02:49:00-03:00,PLAQUETAS,-8.26863,-35.94131,22.0
1243,2026-09-29T02:54:00-03:00,PLAQUETAS,-8.26330,-35.91936,22.0
1243,2026-09-29T02:59:00-03:00,PLAQUETAS,-8.26124,-35.89897,21.6
1243,2026-09-29T03:04:00-03:00,PLAQUETAS,-8.25841,-35.87936,21.3
1243,2026-09-29T03:09:00-03:00,PLAQUETAS,-8.25432,-35.85781,20.9
1243,2026-09-29T03:14:00-03:00,PLAQUETAS,-8.24878,-35.83814,21.8
1243,2026-09-29T03:19:00-03:00,PLAQUETAS,-8.24655,-35.81690,21.8
1243,2026-09-29T03:24:00-03:00,PLAQUETAS,-8.24241,-35.79639,21.5
1243,2026-09-29T03:29:00-03:00,PLAQUETAS,-8.23869,-35.77723,21.7
1243,2026-09-29T03:34:00-03:00,PLAQUETAS,-8.23602,-35.75510,21.3
1243,2026-09-29T03:39:00-03:00,PLAQUETAS,-8.23249,-35.73529,20.8
1243,2026-09-29T03:44:00-03:00,PLAQUETAS,-8.22799,-35.71377,21.3
1243,2026-09-29T03:49:00-03:00,PLAQUETAS,-8.22370,-35.69223,21.4
1243,2026-09-29T03:54:00-03:00,PLAQUETAS,-8.22096,-35.67195,21.6
1243,2026-09-29T03:59:00-03:00,PLAQUETAS,-8.21630,-35.65243,20.9
1243,2026-09-29T04:04:00-03:00,PLAQUETAS,-8.21245,-35.63062,21.0
1243,2026-09-29T04:09:00-03:00,PLAQUETAS,-8.20852,-35.61086,20.8
1243,2026-09-29T04:14:00-03:00,PLAQUETAS,-8.20582,-35.59016,20.9
1243,2026-09-29T04:19:00-03:00,PLAQUETAS,-8.20163,-35.56931,20.6
1244,2026-09-29T14:07:00-03:00,HEMACIAS,-8.27685,-35.98252,3.5
1244,2026-09-29T14:12:00-03:00,HEMACIAS,-8.27069,-35.95962,3.7
1244,2026-09-29T14:17:00-03:00,HEMACIAS,-8.26894,-35.93737,3.5
1244,2026-09-29T14:22:00-03:00,HEMACIAS,-8.26374,-35.91526,3.7
1244,2026-09-29T14:27:00-03:00,HEMACIAS,-8.25791,-35.89125,3.6
1244,2026-09-29T14:32:00-03:00,HEMACIAS,-8.25409,-35.87122,4.2
1244,2026-09-29T14:37:00-03:00,HEMACIAS,-8.25083,-35.84807,4.2
1244,2026-09-29T14:42:00-03:00,HEMACIAS,-8.24592,-35.82479,3.6
1244,2026-09-29T14:47:00-03:00,HEMACIAS,-8.24210,-35.80499,3.4
1244,2026-09-29T14:52:00-03:00,HEMACIAS,-8.23653,-35.78215,3.7
1244,2026-09-29T14:57:00-03:00,HEMACIAS,-8.23329,-35.76034,3.9
1244,2026-09-29T15:02:00-03:00,HEMACIAS,-8.22841,-35.73820,3.9
1244,2026-09-29T15:07:00-03:00,HEMACIAS,-8.22449,-35.71444,3.4
1244,2026-09-29T15:12:00-03:00,HEMACIAS,-8.22043,-35.69269,3.7
1244,2026-09-29T15:17:00-03:00,HEMACIAS,-8.21524,-35.67011,3.9
1244,2026-09-29T15:22:00-03:00,HEMACIAS,-8.21043,-35.64887,3.6
1244,2026-09-29T15:27:00-03:00,HEMACIAS,-8.20594,-35.62607,4.5
1244,2026-09-29T15:32:00-03:00,HEMACIAS,-8.20140,-35.60496,4.2
1244,2026-09-29T15:37:00-03:00,HEMACIAS,-8.19858,-35.58154,4.5
1244,2026-09-29T15:42:00-03:00,HEMACIAS,-8.19348,-35.55993,4.3
1244,2026-09-29T15:47:00-03:00,HEMACIAS,-8.18781,-35.53826,4.8
1244,2026-09-29T15:52:00-03:00,HEMACIAS,-8.18390,-35.51591,4.6
1244,2026-09-29T15:57:00-03:00,HEMACIAS,-8.18030,-35.49252,3.9
1244,2026-09-29T16:02:00-03:00,HEMACIAS,-8.17561,-35.47140,4.0
1244,2026-09-29T16:07:00-03:00,HEMACIAS,-8.17167,-35.44969,3.9
1244,2026-09-29T16:12:00-03:00,HEMACIAS,-8.16773,-35.42611,3.4
1244,2026-09-29T16:17:00-03:00,HEMACIAS,-8.16255,-35.40456,4.1
1244,2026-09-29T16:22:00-03:00,HEMACIAS,-8.15979,-35.38376,3.4
1244,2026-09-29T16:27:00-03:00,HEMACIAS,-8.15341,-35.36135,3.6
1244,2026-09-29T16:32:00-03:00,HEMACIAS,-8.14940,-35.33915,3.7
1244,2026-09-29T16:37:00-03:00,HEMACIAS,-8.14502,-35.31525,4.1
1244,2026-09-29T16:42:00-03:00,HEMACIAS,-8.13909,-35.29450,4.0
1244,2026-09-29T16:47:00-03:00,HEMACIAS,-8.13662,-35.27238,3.4
1244,2026-09-29T16:52:00-03:00,HEMACIAS,-8.13239,-35.24819,3.4
1244,2026-09-29T16:57:00-03:00,HEMACIAS,-8.12925,-35.22698,3.8
1244,2026-09-29T17:02:00-03:00,HEMACIAS,-8.12304,-35.20411,4.0
1244,2026-09-29T17:07:00-03:00,HEMACIAS,-8.11856,-35.18237,4.1
1244,2026-09-29T17:12:00-03:00,HEMACIAS,-8.11513,-35.16105,3.9
1244,2026-09-29T17:17:00-03:00,HEMACIAS,-8.10919,-35.13860,3.6
1244,2026-09-29T17:22:00-03:00,HEMACIAS,-8.10453,-35.11613,3.9
1244,2026-09-29T17:27:00-03:00,HEMACIAS,-8.10177,-35.09585,4.1
1244,2026-09-29T17:32:00-03:00,HEMACIAS,-8.09718,-35.07272,4.3
1244,2026-09-29T17:37:00-03:00,HEMACIAS,-8.09200,-35.05010,4.4
1244,2026-09-29T17:42:00-03:00,HEMACIAS,-8.08813,-35.02764,4.1
1244,2026-09-29T17:47:00-03:00,HEMACIAS,-8.08469,-35.00514,3.9
1244,2026-09-29T17:52:00-03:00,HEMACIAS,-8.07872,-34.98232,3.8
1244,2026-09-29T17:57:00-03:00,HEMACIAS,-8.07597,-34.96120,4.0
1244,2026-09-29T18:02:00-03:00,HEMACIAS,-8.07100,-34.93853,4.2
1244,2026-09-29T18:07:00-03:00,HEMACIAS,-8.06655,-34.91626,4.3
1245,2026-09-29T08:16:00-03:00,HEMACIAS,-8.27682,-35.98358,4.4
1245,2026-09-29T08:21:00-03:00,HEMACIAS,-8.27278,-35.96259,4.1
1245,2026-09-29T08:26:00-03:00,HEMACIAS,-8.26867,-35.94398,4.2
1245,2026-09-29T08:31:00-03:00,HEMACIAS,-8.26609,-35.92396,4.3
1245,2026-09-29T08:36:00-03:00,HEMACIAS,-8.26209,-35.90594,4.3
1245,2026-09-29T08:41:00-03:00,HEMACIAS,-8.26000,-35.88519,4.5
1245,2026-09-29T08:46:00-03:00,HEMACIAS,-8.25558,-35.86561,4.9
1245,2026-09-29T08:51:00-03:00,HEMACIAS,-8.25129,-35.84628,4.1
1245,2026-09-29T08:56:00-03:00,HEMACIAS,-8.24828,-35.82795,3.7
1245,2026-09-29T09:01:00-03:00,HEMACIAS,-8.24516,-35.80796,3.7
1245,2026-09-29T09:06:00-03:00,HEMACIAS,-8.24214,-35.78915,4.3
1245,2026-09-29T09:11:00-03:00,HEMACIAS,-8.23880,-35.77097,4.2
1245,2026-09-29T09:16:00-03:00,HEMACIAS,-8.23401,-35.75041,4.4
1245,2026-09-29T09:21:00-03:00,HEMACIAS,-8.23136,-35.73241,4.1
1245,2026-09-29T09:26:00-03:00,HEMACIAS,-8.22606,-35.71245,4.3
1245,2026-09-29T09:31:00-03:00,HEMACIAS,-8.22458,-35.69258,4.5
1245,2026-09-29T09:36:00-03:00,HEMACIAS,-8.21929,-35.67341,4.1
1245,2026-09-29T09:41:00-03:00,HEMACIAS,-8.21795,-35.65426,3.4
1245,2026-09-29T09:46:00-03:00,HEMACIAS,-8.21424,-35.63582,3.9
1245,2026-09-29T09:51:00-03:00,HEMACIAS,-8.21098,-35.61400,3.4
1245,2026-09-29T09:56:00-03:00,HEMACIAS,-8.20656,-35.59621,3.7
1245,2026-09-29T10:01:00-03:00,HEMACIAS,-8.20309,-35.57423,3.8
1246,2026-09-29T08:30:00-03:00,PLASMA,-8.04686,-34.87620,-30.9
1246,2026-09-29T08:35:00-03:00,PLASMA,-8.04954,-34.87873,-30.3
1246,2026-09-29T08:40:00-03:00,PLASMA,-8.05197,-34.88345,-32.1
1247,2026-09-29T13:42:00-03:00,HEMACIAS,-8.04728,-34.87630,3.8
1247,2026-09-29T13:47:00-03:00,HEMACIAS,-8.05275,-34.88258,3.9
1247,2026-09-29T13:52:00-03:00,HEMACIAS,-8.05743,-34.89043,3.8
1247,2026-09-29T13:57:00-03:00,HEMACIAS,-8.06218,-34.89543,3.3
1248,2026-09-29T14:49:00-03:00,HEMACIAS,-8.04777,-34.87788,4.0
1248,2026-09-29T14:54:00-03:00,HEMACIAS,-8.05363,-34.88533,4.2
1248,2026-09-29T14:59:00-03:00,HEMACIAS,-8.05879,-34.89113,4.8
1248,2026-09-29T15:04:00-03:00,HEMACIAS,-8.06237,-34.89871,4.6
1249,2026-09-30T07:24:00-03:00,PLASMA,-8.27656,-35.98228,-28.9
1249,2026-09-30T07:29:00-03:00,PLASMA,-8.27077,-35.96286,-28.0
1249,2026-09-30T07:34:00-03:00,PLASMA,-8.26571,-35.94242,-30.1
1249,2026-09-30T07:39:00-03:00,PLASMA,-8.26209,-35.92238,-30.4
1249,2026-09-30T07:44:00-03:00,PLASMA,-8.25590,-35.90306,-29.3
1249,2026-09-30T07:49:00-03:00,PLASMA,-8.25200,-35.88203,-32.2
1249,2026-09-30T07:54:00-03:00,PLASMA,-8.24533,-35.86421,-32.4
1249,2026-09-30T07:59:00-03:00,PLASMA,-8.24288,-35.84439,-31.8
1249,2026-09-30T08:04:00-03:00,PLASMA,-8.23569,-35.82417,-31.4
1249,2026-09-30T08:09:00-03:00,PLASMA,-8.23036,-35.80433,-31.1
1249,2026-09-30T08:14:00-03:00,PLASMA,-8.22672,-35.78432,-32.0
1249,2026-09-30T08:19:00-03:00,PLASMA,-8.22179,-35.76431,-33.0
1249,2026-09-30T08:24:00-03:00,PLASMA,-8.21655,-35.74582,-32.1
1249,2026-09-30T08:29:00-03:00,PLASMA,-8.21207,-35.72650,-32.9
1249,2026-09-30T08:34:00-03:00,PLASMA,-8.20542,-35.70816,-31.7
1249,2026-09-30T08:39:00-03:00,PLASMA,-8.20331,-35.68683,-30.5
1249,2026-09-30T08:44:00-03:00,PLASMA,-8.19686,-35.66684,-30.8
1249,2026-09-30T08:49:00-03:00,PLASMA,-8.19169,-35.64803,-29.9
1249,2026-09-30T08:54:00-03:00,PLASMA,-8.18635,-35.62678,-30.0
1249,2026-09-30T08:59:00-03:00,PLASMA,-8.18287,-35.60706,-30.1
1249,2026-09-30T09:04:00-03:00,PLASMA,-8.17827,-35.58884,-30.7
1249,2026-09-30T09:09:00-03:00,PLASMA,-8.17079,-35.56831,-32.9
1249,2026-09-30T09:14:00-03:00,PLASMA,-8.16722,-35.54834,-31.3
1249,2026-09-30T09:19:00-03:00,PLASMA,-8.16314,-35.52959,-31.2
1249,2026-09-30T09:24:00-03:00,PLASMA,-8.15721,-35.50937,-30.0
1249,2026-09-30T09:29:00-03:00,PLASMA,-8.15461,-35.48955,-30.5
1249,2026-09-30T09:34:00-03:00,PLASMA,-8.14727,-35.47072,-32.1
1249,2026-09-30T09:39:00-03:00,PLASMA,-8.14225,-35.44990,-31.1
1249,2026-09-30T09:44:00-03:00,PLASMA,-8.13709,-35.42965,-31.0
1249,2026-09-30T09:49:00-03:00,PLASMA,-8.13112,-35.41033,-32.8
1249,2026-09-30T09:54:00-03:00,PLASMA,-8.12855,-35.39287,-33.3
1249,2026-09-30T09:59:00-03:00,PLASMA,-8.12204,-35.37117,-31.5
1249,2026-09-30T10:04:00-03:00,PLASMA,-8.11640,-35.35239,-31.5
1249,2026-09-30T10:09:00-03:00,PLASMA,-8.11283,-35.33239,-30.6
1249,2026-09-30T10:14:00-03:00,PLASMA,-8.10887,-35.31279,-28.9
1249,2026-09-30T10:19:00-03:00,PLASMA,-8.10325,-35.29370,-28.2
1249,2026-09-30T10:24:00-03:00,PLASMA,-8.09669,-35.27415,-28.8
1249,2026-09-30T10:29:00-03:00,PLASMA,-8.09276,-35.25295,-27.6
1249,2026-09-30T10:34:00-03:00,PLASMA,-8.08698,-35.23546,-27.0
1249,2026-09-30T10:39:00-03:00,PLASMA,-8.08251,-35.21409,-28.5
1249,2026-09-30T10:44:00-03:00,PLASMA,-8.07716,-35.19310,-28.5
1249,2026-09-30T10:49:00-03:00,PLASMA,-8.07163,-35.17502,-30.2
1249,2026-09-30T10:54:00-03:00,PLASMA,-8.06916,-35.15577,-30.7
1249,2026-09-30T10:59:00-03:00,PLASMA,-8.06435,-35.13549,-31.1
1249,2026-09-30T11:04:00-03:00,PLASMA,-8.05842,-35.11728,-28.9
1249,2026-09-30T11:09:00-03:00,PLASMA,-8.05325,-35.09528,-27.9
1249,2026-09-30T11:14:00-03:00,PLASMA,-8.04832,-35.07792,-28.6
1249,2026-09-30T11:19:00-03:00,PLASMA,-8.04292,-35.05560,-30.5
1249,2026-09-30T11:24:00-03:00,PLASMA,-8.03779,-35.03548,-29.6
1249,2026-09-30T11:29:00-03:00,PLASMA,-8.03506,-35.01873,-29.9
1249,2026-09-30T11:34:00-03:00,PLASMA,-8.02912,-34.99787,-29.5
1249,2026-09-30T11:39:00-03:00,PLASMA,-8.02395,-34.97781,-30.8
1250,2026-09-29T19:27:00-03:00,HEMACIAS,-8.04871,-34.87779,3.4
1250,2026-09-29T19:32:00-03:00,HEMACIAS,-8.05079,-34.88316,3.6
1250,2026-09-29T19:37:00-03:00,HEMACIAS,-8.05516,-34.88878,3.9
1250,2026-09-29T19:42:00-03:00,HEMACIAS,-8.05818,-34.89359,4.1
1250,2026-09-29T19:47:00-03:00,HEMACIAS,-8.06188,-34.89974,3.7
1252,2026-09-29T16:42:00-03:00,HEMACIAS,-8.04686,-34.87744,4.0
1252,2026-09-29T16:47:00-03:00,HEMACIAS,-8.04941,-34.87979,4.5
1252,2026-09-29T16:52:00-03:00,HEMACIAS,-8.05279,-34.88139,4.3
1252,2026-09-29T16:57:00-03:00,HEMACIAS,-8.05348,-34.88470,3.8
1254,2026-09-29T22:36:00-03:00,PLAQUETAS,-8.04733,-34.87513,21.6
1254,2026-09-29T22:41:00-03:00,PLAQUETAS,-8.05171,-34.88244,21.6
1254,2026-09-29T22:46:00-03:00,PLAQUETAS,-8.05671,-34.88841,21.9
1254,2026-09-29T22:51:00-03:00,PLAQUETAS,-8.06123,-34.89445,22.0
1255,2026-09-30T04:40:00-03:00,HEMACIAS,-8.04820,-34.87693,3.3
1255,2026-09-30T04:45:00-03:00,HEMACIAS,-8.05265,-34.88320,3.1
1255,2026-09-30T04:50:00-03:00,HEMACIAS,-8.05850,-34.89148,3.2
1255,2026-09-30T04:55:00-03:00,HEMACIAS,-8.06324,-34.90019,3.5
1256,2026-09-29T19:05:00-03:00,HEMACIAS,-8.04682,-34.87744,4.1
1256,2026-09-29T19:10:00-03:00,HEMACIAS,-8.05218,-34.88480,4.0
1256,2026-09-29T19:15:00-03:00,HEMACIAS,-8.05933,-34.89199,3.9
1257,2026-09-30T07:47:00-03:00,HEMACIAS,-8.04741,-34.87575,3.7
1257,2026-09-30T07:52:00-03:00,HEMACIAS,-8.05126,-34.88151,3.2
1257,2026-09-30T07:57:00-03:00,HEMACIAS,-8.05392,-34.88533,3.4
1257,2026-09-30T08:02:00-03:00,HEMACIAS,-8.05681,-34.89072,3.0
1257,2026-09-30T08:07:00-03:00,HEMACIAS,-8.05776,-34.89382,3.8
1257,2026-09-30T08:12:00-03:00,HEMACIAS,-8.06292,-34.89940,4.1
1258,2026-09-30T09:27:00-03:00,HEMACIAS,-8.27551,-35.97989,3.4
1258,2026-09-30T09:32:00-03:00,HEMACIAS,-8.27317,-35.96535,3.1
1258,2026-09-30T09:37:00-03:00,HEMACIAS,-8.26987,-35.94928,3.0
1258,2026-09-30T09:42:00-03:00,HEMACIAS,-8.26746,-35.93245,3.8
1258,2026-09-30T09:47:00-03:00,HEMACIAS,-8.26266,-35.91563,3.8
1258,2026-09-30T09:52:00-03:00,HEMACIAS,-8.25999,-35.90008,3.8
1258,2026-09-30T09:57:00-03:00,HEMACIAS,-8.25654,-35.88250,3.7
1258,2026-09-30T10:02:00-03:00,HEMACIAS,-8.25441,-35.86548,3.5
1258,2026-09-30T10:07:00-03:00,HEMACIAS,-8.25086,-35.85000,3.6
1258,2026-09-30T10:12:00-03:00,HEMACIAS,-8.24715,-35.83202,3.2
1258,2026-09-30T10:17:00-03:00,HEMACIAS,-8.24385,-35.81736,3.6
1258,2026-09-30T10:22:00-03:00,HEMACIAS,-8.24070,-35.80114,4.1
1258,2026-09-30T10:27:00-03:00,HEMACIAS,-8.23713,-35.78292,4.1
1258,2026-09-30T10:32:00-03:00,HEMACIAS,-8.23400,-35.76799,4.3
1258,2026-09-30T10:37:00-03:00,HEMACIAS,-8.23041,-35.75069,3.9
1258,2026-09-30T10:42:00-03:00,HEMACIAS,-8.22740,-35.73465,3.7
1258,2026-09-30T10:47:00-03:00,HEMACIAS,-8.22326,-35.71809,3.5
1258,2026-09-30T10:52:00-03:00,HEMACIAS,-8.22190,-35.70037,4.0
1258,2026-09-30T10:57:00-03:00,HEMACIAS,-8.21684,-35.68342,4.0
1258,2026-09-30T11:02:00-03:00,HEMACIAS,-8.21417,-35.66916,4.6
1258,2026-09-30T11:07:00-03:00,HEMACIAS,-8.21143,-35.65260,5.0
1258,2026-09-30T11:12:00-03:00,HEMACIAS,-8.20647,-35.63528,4.3
1258,2026-09-30T11:17:00-03:00,HEMACIAS,-8.20334,-35.61858,4.0
1258,2026-09-30T11:22:00-03:00,HEMACIAS,-8.19984,-35.60347,3.9
1258,2026-09-30T11:27:00-03:00,HEMACIAS,-8.19906,-35.58716,3.6
1258,2026-09-30T11:32:00-03:00,HEMACIAS,-8.19569,-35.56998,4.1
1258,2026-09-30T11:37:00-03:00,HEMACIAS,-8.19095,-35.55407,4.1
1258,2026-09-30T11:42:00-03:00,HEMACIAS,-8.18739,-35.53649,3.8
1258,2026-09-30T11:47:00-03:00,HEMACIAS,-8.18440,-35.52011,3.9
1258,2026-09-30T11:52:00-03:00,HEMACIAS,-8.18230,-35.50306,3.8
1258,2026-09-30T11:57:00-03:00,HEMACIAS,-8.17765,-35.48635,3.9
1258,2026-09-30T12:02:00-03:00,HEMACIAS,-8.17603,-35.47004,3.9
1258,2026-09-30T12:07:00-03:00,HEMACIAS,-8.17290,-35.45376,4.7
1258,2026-09-30T12:12:00-03:00,HEMACIAS,-8.16665,-35.43778,4.2
1258,2026-09-30T12:17:00-03:00,HEMACIAS,-8.16589,-35.42015,4.0
1258,2026-09-30T12:22:00-03:00,HEMACIAS,-8.16249,-35.40258,4.1
1258,2026-09-30T12:27:00-03:00,HEMACIAS,-8.15916,-35.38787,4.3
1258,2026-09-30T12:32:00-03:00,HEMACIAS,-8.15514,-35.37185,4.2
1258,2026-09-30T12:37:00-03:00,HEMACIAS,-8.15382,-35.35360,3.9
1258,2026-09-30T12:42:00-03:00,HEMACIAS,-8.15024,-35.33865,3.9
1258,2026-09-30T12:47:00-03:00,HEMACIAS,-8.14725,-35.32015,4.0
1258,2026-09-30T12:52:00-03:00,HEMACIAS,-8.14335,-35.30521,4.4
1258,2026-09-30T12:57:00-03:00,HEMACIAS,-8.13967,-35.28864,4.7
1258,2026-09-30T13:02:00-03:00,HEMACIAS,-8.13740,-35.27228,4.3
1258,2026-09-30T13:07:00-03:00,HEMACIAS,-8.13239,-35.25546,4.7
1258,2026-09-30T13:12:00-03:00,HEMACIAS,-8.12865,-35.23800,4.5
1258,2026-09-30T13:17:00-03:00,HEMACIAS,-8.12639,-35.22195,4.3
1258,2026-09-30T13:22:00-03:00,HEMACIAS,-8.12250,-35.20511,4.3
1258,2026-09-30T13:27:00-03:00,HEMACIAS,-8.12185,-35.18795,4.1
1258,2026-09-30T13:32:00-03:00,HEMACIAS,-8.11573,-35.17259,4.6
1258,2026-09-30T13:37:00-03:00,HEMACIAS,-8.11396,-35.15608,4.4
1258,2026-09-30T13:42:00-03:00,HEMACIAS,-8.11075,-35.13953,4.0
1258,2026-09-30T13:47:00-03:00,HEMACIAS,-8.10720,-35.12451,4.3
1258,2026-09-30T13:52:00-03:00,HEMACIAS,-8.10419,-35.10629,4.1
1258,2026-09-30T13:57:00-03:00,HEMACIAS,-8.10147,-35.09147,3.8
1258,2026-09-30T14:02:00-03:00,HEMACIAS,-8.09730,-35.07458,3.7
1258,2026-09-30T14:07:00-03:00,HEMACIAS,-8.09556,-35.05708,4.3
1258,2026-09-30T14:12:00-03:00,HEMACIAS,-8.09197,-35.04188,4.3
1258,2026-09-30T14:17:00-03:00,HEMACIAS,-8.08763,-35.02460,3.9
1258,2026-09-30T14:22:00-03:00,HEMACIAS,-8.08569,-35.00878,3.8
1258,2026-09-30T14:27:00-03:00,HEMACIAS,-8.08056,-34.99219,3.7
1258,2026-09-30T14:32:00-03:00,HEMACIAS,-8.07778,-34.97481,4.4
1258,2026-09-30T14:37:00-03:00,HEMACIAS,-8.07406,-34.95946,4.9
1258,2026-09-30T14:42:00-03:00,HEMACIAS,-8.07090,-34.94220,4.3
1258,2026-09-30T14:47:00-03:00,HEMACIAS,-8.06792,-34.92487,4.1
1258,2026-09-30T14:52:00-03:00,HEMACIAS,-8.06499,-34.90971,3.8
1259,2026-09-30T09:14:00-03:00,PLAQUETAS,-8.27443,-35.98169,21.6
1259,2026-09-30T09:19:00-03:00,PLAQUETAS,-8.27796,-35.97830,21.6
1259,2026-09-30T09:24:00-03:00,PLAQUETAS,-8.28140,-35.97560,22.1
1259,2026-09-30T09:29:00-03:00,PLAQUETAS,-8.28464,-35.97053,22.9
1260,2026-09-30T14:25:00-03:00,HEMACIAS,-8.04827,-34.87645,4.6
1260,2026-09-30T14:30:00-03:00,HEMACIAS,-8.05292,-34.88417,3.8
1260,2026-09-30T14:35:00-03:00,HEMACIAS,-8.05739,-34.89151,4.0
1260,2026-09-30T14:40:00-03:00,HEMACIAS,-8.06253,-34.89878,4.0
1261,2026-09-30T14:30:00-03:00,HEMACIAS,-8.04764,-34.87706,4.3
1261,2026-09-30T14:35:00-03:00,HEMACIAS,-8.03958,-34.87222,4.3
1261,2026-09-30T14:40:00-03:00,HEMACIAS,-8.03064,-34.86795,4.2
1261,2026-09-30T14:45:00-03:00,HEMACIAS,-8.02190,-34.86232,4.2
1261,2026-09-30T14:50:00-03:00,HEMACIAS,-8.01467,-34.85869,4.4
1262,2026-09-30T09:50:00-03:00,HEMACIAS,-8.04748,-34.87630,4.1
1262,2026-09-30T09:55:00-03:00,HEMACIAS,-8.03350,-34.87731,4.2
1262,2026-09-30T10:00:00-03:00,HEMACIAS,-8.02038,-34.87588,5.0
1262,2026-09-30T10:05:00-03:00,HEMACIAS,-8.00857,-34.87458,4.9
1262,2026-09-30T10:10:00-03:00,HEMACIAS,-7.99441,-34.87507,5.0
1262,2026-09-30T10:15:00-03:00,HEMACIAS,-7.98107,-34.87420,4.5
1262,2026-09-30T10:20:00-03:00,HEMACIAS,-7.96765,-34.87450,4.5
1262,2026-09-30T10:25:00-03:00,HEMACIAS,-7.95447,-34.87258,4.6
1262,2026-09-30T10:30:00-03:00,HEMACIAS,-7.94171,-34.87322,5.0
1264,2026-09-30T12:59:00-03:00,CRIOPRECIPITADO,-8.04618,-34.87513,-31.5
1264,2026-09-30T13:04:00-03:00,CRIOPRECIPITADO,-8.02478,-34.87775,-32.7
1264,2026-09-30T13:09:00-03:00,CRIOPRECIPITADO,-8.00258,-34.87639,-32.5
1264,2026-09-30T13:14:00-03:00,CRIOPRECIPITADO,-7.98155,-34.87354,-32.7
1264,2026-09-30T13:19:00-03:00,CRIOPRECIPITADO,-7.95974,-34.87410,-32.8
1265,2026-09-30T13:48:00-03:00,HEMACIAS,-8.04953,-34.87611,4.0
1265,2026-09-30T13:53:00-03:00,HEMACIAS,-8.02307,-34.87469,3.9
1265,2026-09-30T13:58:00-03:00,HEMACIAS,-7.99793,-34.87403,4.7
1265,2026-09-30T14:03:00-03:00,HEMACIAS,-7.97584,-34.87353,4.1
1265,2026-09-30T14:08:00-03:00,HEMACIAS,-7.95194,-34.87290,3.8
1266,2026-09-30T12:48:00-03:00,HEMACIAS,-8.04670,-34.87676,3.6
1266,2026-09-30T12:53:00-03:00,HEMACIAS,-8.04701,-34.87628,3.9
1266,2026-09-30T12:58:00-03:00,HEMACIAS,-8.04489,-34.87569,4.6
1266,2026-09-30T13:03:00-03:00,HEMACIAS,-8.04255,-34.87491,4.5
1266,2026-09-30T13:08:00-03:00,HEMACIAS,-8.04061,-34.87296,3.7
1266,2026-09-30T13:13:00-03:00,HEMACIAS,-8.03829,-34.87131,3.5
1266,2026-09-30T13:18:00-03:00,HEMACIAS,-8.03609,-34.87028,3.9
1266,2026-09-30T13:23:00-03:00,HEMACIAS,-8.03621,-34.87010,4.3
1266,2026-09-30T13:28:00-03:00,HEMACIAS,-8.03302,-34.86933,4.2
1266,2026-09-30T13:33:00-03:00,HEMACIAS,-8.03217,-34.86700,4.0
1266,2026-09-30T13:38:00-03:00,HEMACIAS,-8.02900,-34.86803,3.0
1266,2026-09-30T13:43:00-03:00,HEMACIAS,-8.02761,-34.86734,3.8
1266,2026-09-30T13:48:00-03:00,HEMACIAS,-8.02477,-34.86393,3.6
1266,2026-09-30T13:53:00-03:00,HEMACIAS,-8.02302,-34.86433,3.5
1266,2026-09-30T13:58:00-03:00,HEMACIAS,-8.02113,-34.86251,3.9
1266,2026-09-30T14:03:00-03:00,HEMACIAS,-8.01894,-34.86124,4.4
1266,2026-09-30T14:08:00-03:00,HEMACIAS,-8.01783,-34.86054,3.8
1266,2026-09-30T14:13:00-03:00,HEMACIAS,-8.01467,-34.85885,3.8
1266,2026-09-30T14:18:00-03:00,HEMACIAS,-8.01537,-34.85770,4.2
1266,2026-09-30T14:23:00-03:00,HEMACIAS,-8.01184,-34.85680,4.4
1266,2026-09-30T14:28:00-03:00,HEMACIAS,-8.00992,-34.85548,4.3
